PC0,PC1,PC2
5.59819257133074,2.70377370138667,2.6015193110133685
5.650946353030519,2.684461620499307,2.598329118040096
5.775298414343099,2.61597956774664,2.7167744393544466
5.824376477984923,2.552121479643899,2.8311725592286114
5.744583157066928,2.5210599237212157,2.81981002738668
6.253217631144428,2.3697344600002124,3.144150702674266
6.139406828127432,2.318424049218743,3.0614461737755936
5.997089667376748,2.5156474010400705,2.8758346536049437
6.181671939097318,2.4436510514012393,3.0368799464304876
5.965540664294085,2.4197441531707864,3.130058609113679
5.905075890514327,2.251863774491891,3.3176562017367233
5.988551037057293,2.1349774628165443,3.537074652728266
6.261732117389508,2.2748691967246364,3.1278436582067624
6.140906954877547,2.257995479945988,2.9792882626253165
6.0588897303668645,2.2506451635461397,2.969284865547975
6.079563860118659,2.2557986708860724,3.0285939608620436
6.365511209916828,2.3861594549531997,3.1985359947315266
6.366743587517364,2.2822569498678336,3.2474793911093855
6.37878539663655,2.1502751151735366,3.26276900166993
6.634162613301044,1.138569748398963,3.1835352491824027
6.906233551792736,0.3470029499242236,3.053205684155748
6.795634056008019,0.7082299613706252,3.0601144433477634
6.693162609489579,0.941005769219404,3.4056713439180992
6.686830676825013,0.9342320525507443,3.4174635315907107
6.868632201812799,0.8756954230734625,3.5790077478486104
6.762194851540829,1.1116933468698005,3.829866927849224
6.914939890697736,1.0679393347191217,4.063200524930255
6.794856071364143,0.8980088477918362,3.9528942930397997
6.617182879028943,0.9174021952235826,3.5901887010111486
6.404331528813721,0.9687468673902955,3.2344719324926823
6.184400554887033,1.0143806671331566,2.986646919725632
6.061111598101597,1.0711988543603053,2.8175851159881073
6.01266827976357,1.0915507021717474,2.6983816096464874
6.025484978415822,1.1010278251935652,2.6558066968941536
6.030563856821856,1.092683808546815,2.701302674700147
6.082917320681481,0.8878286600236491,2.7790227139823216
6.228499677924468,0.6723419304925514,2.836893988806594
6.78887800276118,0.884718006551137,3.175353060406422
6.850003219722191,1.1276300832525006,3.04503834035886
6.950438611151693,1.2807116262876785,2.809838070827508
6.998486292973668,1.4092307573648866,2.4931008528603287
6.967501294464894,1.4655562439702092,2.225176469577521
6.885192864925685,1.494728190040385,2.1074877564623105
6.634203528759025,1.7244603847088267,2.149303517630756
6.330226386029218,2.087784736940896,2.311302545543052
6.4150341995040225,2.0916217405326223,2.7037386806288373
6.667605873740876,2.1199553599043455,3.064813164959167
6.790819172217333,2.243327866250015,3.04193062877684
6.732623611357884,2.3997855514994977,2.7468196262168907
6.61417819486311,2.522962499998724,2.4801714782137836
6.725519667444471,2.4706828204203637,2.5232099212023367
6.931147901365266,2.2409235269316063,2.6203046222058988
7.164320854348965,2.045617489549135,2.7126958108363866
7.328845622550317,1.949809935132456,2.8502602854814976
7.3243059703780515,1.9342748076395448,2.998213916215805
7.183422105753163,1.926490303220011,3.023600738643343
7.012546604930696,1.9859799338137776,2.8907608046090907
6.973338034220957,2.0511391156179752,2.890045087633381
7.097309303133156,2.000549887645964,3.14115011588815
7.2362430300423375,1.8566943575058303,3.4795503756152772
7.239686072577725,1.773799549266594,3.642183477118118
7.096216557746427,1.7893901725758878,3.4961218061633668
7.014550251957439,1.7192490471364437,3.27248849230322
7.938154556218015,1.4886801542900692,3.776455152645794
7.995709885631452,1.3324002292449106,4.020029730062597
8.009792020296864,1.1976873155500742,4.151947631580045
8.010577939120537,1.11952323459954,4.081033388166639
7.883291546125515,1.0260510193793286,3.9183097064801533
7.744164464623518,0.8135212425245322,3.8979435542729526
5.909281067408132,0.11997352279399857,3.1452373257527895
6.010855496319217,0.046884245901152234,3.2094550897461964
5.6015979376213325,0.6654076327066064,3.0614598954814496
4.824438729695764,0.7029775028806987,2.972730926260052
4.55443859920807,0.5927697591248434,3.138468108647209
5.553271764339917,0.6945831463592427,3.2111105933809942
5.200000841684955,0.7749627491185592,3.0532665422993213
3.6631996514391223,0.0756865412586227,2.1743943467473685
3.5531757480203727,-0.027121052221273024,2.2153241640932344
4.596139115462778,0.12605841454018768,3.528014976982815
4.780965178134137,0.001422743759967465,3.88861171662338
5.212073524081146,-0.08808065039363137,3.7251947175642917
5.359849188184199,0.42703115777039097,2.80539124595473
5.199024926263577,0.5002765851092555,2.984752196979684
5.096486531635499,0.48593433119187474,3.376026676472599
5.376166463216475,0.36677778265419386,3.702898317950903
5.757463488721235,0.16133181401698604,3.8190411435321407
6.363335720099009,-0.005990571539889471,3.143183958319594
6.35046292792841,-0.07923112825600588,3.1509615289862984
6.1627855915381815,-0.22980907442632006,3.6482025685421937
6.350440378026293,-0.29161839953912316,3.546518242105331
5.297743864485662,-0.11245116280178795,2.688896593765846
5.281657440828171,-0.19753360978849918,2.7461131265936665
5.739347725256533,-0.33594268044204084,2.9514279904299983
4.920078982561891,0.18616116091503063,3.089293309497619
4.8711087461389235,0.19395046835580193,3.335957355392355
4.886200988115694,0.07678575380402282,3.2901106330031284
4.978791888229628,-0.03730528728468666,3.105896564105003
5.331517711847075,-0.07945944486663911,3.0885086781385844
5.316129307962696,-0.36328629513915384,3.570877877941177
5.805580420920616,-0.3494294396634991,4.177599561978587
6.320944077708557,-0.33572089216583584,4.071716064194909
6.554880431903911,0.16469897144680853,2.7244632412351075
6.661333510159308,0.1430500163990345,2.6624012906165575
6.676213913923083,0.4359858101879939,3.2288218394729435
6.839213801194915,0.38328180634500847,3.4781433442697853
7.528290560251683,0.5873788944763181,3.8517993677077675
6.016651678704432,0.7320215227176575,3.827129177876055
4.8151660569429175,0.20243487616473851,3.029770334211442
4.704944090063858,0.1104937274153507,3.486301429086981
5.315758117520525,-0.08009389039424264,3.9516949059809545
5.872816160230854,-0.1461398494269187,3.900852565132983
6.300333460879869,-0.07101472960871345,3.6641817078032464
5.488985092143685,0.32416427547772936,3.0949189390947036
5.07438185087027,0.39354119314134534,3.136940078654812
4.871415675102368,0.3017260900587919,3.275842379472964
5.818242780692061,0.610920425362992,3.00047040365635
5.670862676639664,0.5177633597726236,3.350483068336136
5.427878716519006,0.4290068633584377,3.5065943084515894
5.393595941296414,0.35462611435427943,3.6097791671699557
4.708856758081158,0.13775640825830754,2.551663447516471
5.1151027238760145,0.10570065355693939,2.6894108014256335
4.834105349275838,0.18641398936998357,2.0817568545409797
5.064610001772075,0.08152375873858858,2.0622954862168204
6.209689875298196,0.31723956669687087,4.311783449796276
5.816731118690778,0.4089729659135636,4.0195580126252635
5.807272315373075,0.4451492390315396,4.158695671164001
5.634567130756994,0.0430005812777314,3.380927514687578
5.132350676994842,0.010680888963877594,2.4273899999286757
5.19296988257856,-0.0058984068039829776,1.8964904253131312
5.714576893081594,0.019017772834282683,2.173424338605749
6.704674960441483,0.8478460335334114,3.904680813909283
7.016836942796357,0.8858933112002418,3.8470153160040286
6.278959174553052,1.4632173247611393,2.8956819187041836
5.98646357388492,1.2168992688875535,2.790326404948545
5.912902362522191,0.7452631698077767,2.766399309535604
5.54657207245334,1.0606887941497196,3.5814693529982535
5.15107598189804,1.0602653496605836,3.1720969081638306
5.186118849402712,0.9664349548098161,3.268502585914249
3.7296884153619416,1.2300885421302477,3.071355160191369
3.9594471360856076,1.0962207857745205,3.2241400585851068
5.223271859956359,0.87079830258974,3.8000225105511047
6.593299831747656,0.5216671026741995,2.8109115003245697
6.575905198565142,0.506602435162631,3.089741238972124
4.757985685610769,0.609767298874629,2.7958274050664045
4.7345403682009435,0.5158193992308917,2.437862073678846
4.803681384184458,0.4373612885770162,2.2001757767473324
7.027779956254029,1.4738470618336645,4.642427772188337
6.8531660333356,1.3339868611417682,4.4993687391054085
6.8039774061079585,1.3838349964522647,4.325567086857832
6.656334837479007,1.3587395941286045,4.155656946541254
6.557321987664199,1.316902832816419,4.040203157473899
6.54590450933861,1.2105251992029389,4.058228349942365
6.536431327024379,1.1158754913316324,4.162923181312667
6.6107373399371685,1.2528604103540957,4.347965426720484
7.2781156954750035,1.2520115237627498,4.660560898811723
7.205767880565167,1.3686629393847893,4.577275987889814
7.0454337894044174,1.6186344567031388,4.604797799463944
7.030731449740761,1.6865115819134935,4.443214341076705
7.002891337851604,1.6089439035037936,4.253188381320517
6.9413226060778666,1.511913719673869,4.228942556672773
6.960460826697346,1.481101079194075,4.387285592382769
6.856403043503992,1.4622330590011199,4.458435704337726
6.671932601931836,1.4572359157723616,4.359595978324431
6.639527239902021,1.4415562506624366,4.051263924367393
6.413568086669036,1.3788284047586252,3.858669809232856
6.355834412793137,1.427208319745882,4.019851493309412
6.508674784861657,1.5423336874884266,4.4123304933698
6.230667643390899,0.23877986326773196,3.485121900528294
5.740946254660981,0.5367679488585819,2.9406679129912323
5.312669902956142,0.7074844847541402,2.4209179419225477
5.2750495042551675,0.7862351863912563,2.1119340024524145
5.606833383341117,0.8462950384550685,2.121488225791973
6.174052763806854,1.035194566342855,2.501356494884071
3.0696121049199023,0.7673966763843586,1.5980561872916326
3.199053144662998,0.8487576973948991,1.485832786054458
3.802353814586402,0.9564253137154202,1.5889933362819901
5.087402474984182,1.0844193038650225,2.134018659858593
5.984179423671387,1.1595807378630314,2.635648746631321
6.551026331264062,1.2766510831717717,3.148045265634561
4.489025013280612,0.6773562502839544,1.8871569658731615
4.941452563778669,0.5433548506863786,1.933939907825831
5.529952689030597,0.3545960965986236,2.330261533811274
5.936819916620891,0.048031051329246885,2.732866460710498
4.339588018193981,0.039252615578108586,1.6200669926820703
3.7579835033499456,0.7577133625339788,1.8126668171915394
2.8155586437700992,1.046055104280826,1.7400895746155802
2.623020590815941,1.0384402574739662,1.9936063570597438
2.916588938786534,0.9943966060863381,2.372328353106248
3.4052163919075262,0.9221105279156573,2.5238052759802336
4.560432370666645,0.12347506599516617,2.611122732652469
3.952401111379997,0.10986596335891176,1.3202711708443216
3.864607432471904,0.12220929120082451,1.239725801461418
3.9396440687497125,0.13072255599093063,1.1977256491495316
4.008783531715233,0.1524394932080133,1.096274481885748
4.058292656579196,0.1610034711768189,0.9157942404885752
3.9886004329085116,0.1427475840896142,0.7105141544530981
3.846013676893039,0.23427701076828633,0.6002662909738387
3.689666500401847,0.4067707280047409,0.6153775652323186
3.6690290193306945,0.4714505192455982,0.6921728899097919
3.62706019570071,0.510077561611373,0.5851690640528189
3.5488171865658718,0.5845230850452177,0.3686976043434639
3.525908679731004,0.618099975371434,0.28238395270876465
3.6492032634590115,0.4199456336076303,0.36067630136608375
3.63179329377152,0.14828549275088118,0.9008616351632694
3.713711522232567,0.12751233553280028,0.960728315192904
3.7474974731897226,0.10290267456052005,0.936167927416295
3.704058493276872,0.0792193583496897,0.8257231665378597
3.626578357574158,0.06914703211800835,0.821534503176611
4.128701238772816,0.08750356609474258,1.9286859026480636
4.113989797658571,0.11996359847766477,1.661472062444871
4.155007327842587,0.1292989435421396,1.583521214593249
4.241536100244306,-0.00599477310266356,1.6393501364183287
4.136508610171318,-0.09649267208684946,0.8327019748930193
3.998197186302291,0.10703143752889513,0.6374045643295847
3.907978600381043,0.180759609533369,0.5951674972136048
3.7916299158831928,0.24637358206619983,0.44060572905046314
3.665051295952165,0.2601983867337647,0.2256734674305434
3.5751222867911716,0.3325186959133447,0.050589061838046595
3.4217147579014124,0.5165851442280599,-0.056508458863700164
3.3678218151869257,0.49349415957572307,-0.01592840439131859
3.3111645925732565,0.46207477144864406,0.09656955752285085
3.2381820562596464,0.4646299401993697,0.2313274087499895
3.2585356623685295,0.46731319165073965,0.45589145176760126
3.3683463067720694,0.5036804512812066,0.6617571303320202
3.382684212463709,0.6618566826531447,0.6306740487331847
3.3092758594402265,0.8098182815715184,0.45362559114591283
3.251731575917039,0.8444090161588367,0.3461868085771663
3.3038922481942685,0.8107088153779411,0.495711102039218
3.4388622079394002,0.7722372454973429,0.7825484545133071
3.5183436986245122,0.6888590489334553,0.9831360828406351
3.595098837351331,0.5834091101354048,1.145287917622206
3.6305425928192614,0.5029372471363366,1.1878737128424177
3.657837621797515,0.4972875977399918,1.111640175118385
3.677717271590801,0.5245397015500657,0.9504396575526304
3.6551924141292274,0.5355970262853436,0.6544998679685382
3.6460903018478805,0.5356134344154097,0.46829117914507407
3.624352574836418,0.5278928352987997,0.36688191204742593
3.5833815485525773,0.490055785007746,0.32720348159690554
3.611436108603218,0.45188520596667964,0.33282288047789804
3.7310891318910926,0.4334516712633979,0.3595686537410077
3.881115854100705,0.4295514937174806,0.42912927369183906
4.001458333733602,0.46825587271811986,0.5830735944928004
4.120165594621443,0.584300025109575,0.8626947718804641
4.147240070522217,0.7339706315432727,1.1572500728216595
4.09835231168836,0.8341402608781608,1.3480712450043446
4.011292182682245,0.8567124596331844,1.5341308823883733
4.131196779510194,0.9020263677637999,1.8604277897328814
4.657071787381949,0.993002001011678,2.376614681500705
4.584557731131569,1.3548389606283298,2.1136594039451535
5.302821326327329,1.4759959127555478,2.41520191941447
5.77979571891555,1.6854641910307775,2.87243970241884
6.319452542447252,1.8618037443933926,3.583684223441103
6.7417300961936935,1.9486098813417487,4.118002246246401
6.833702231400786,1.88896999320064,4.184288906393993
5.107365781433698,1.45122926179139,3.1446116654268814
5.31888556974005,1.4078633661759252,3.2279786494519693
5.558263503426996,1.369288269103562,3.4831142731811386
5.760173384923383,1.2402595918408081,4.116660853606653
5.673285503164983,1.033676875899309,4.053992634840117
5.554832780033016,1.0172918392784145,3.9260270016534564
5.64144268705875,0.9389814708758554,3.8463335157221303
5.36959382288489,1.0643546270538558,3.6657748933336776
5.484583210176428,1.1635696757364078,3.489562595323603
5.937192805025564,1.8106951352290748,3.7217018671217335
5.9414158763076586,1.811128245089458,3.717947486441104
6.230608521267833,1.8789190159567353,3.9849178719235647
6.548375478606606,1.8707275691738254,4.023412148062596
4.567843939367853,1.3644492970982018,2.764079016020962
4.504352774878435,1.163318180208761,2.603876200472481
4.889173239732048,1.0290220497044544,2.78550559291812
5.375259749923658,0.952381788846772,3.033259710723672
2.368171405296204,1.5464426301792302,1.6532296432538014
2.0668774864192816,1.8022026734069472,1.8067994481948582
2.502605826500139,1.9287394774027102,1.968087614340892
4.667737447971775,1.9403951636421832,2.5437765549192264
4.147724700398348,1.5165329276469777,2.755599835880107
3.8859373119980125,1.5707963749088727,2.557366232116392
3.4945920453233428,1.6693486987718764,2.2083859609494776
3.42049567720226,1.283934587533337,1.9895995079271849
2.5409662484086373,1.3944948142836697,1.5677124583640214
2.3950441785806142,1.3058237125055474,1.602767429837135
2.7393809353496623,1.3381002736005514,1.9281390763998258
4.395422839704508,1.3765205448416804,2.8796189741074056
5.266026993244534,1.3573269302328483,3.376002547670906
5.6262567944452,1.2728065453186883,3.329031883927766
3.199461972984691,1.0127922752126348,1.3893276793131075
3.6951280512577878,0.910683075502095,1.712225758442381
4.221653546266999,0.9603402190777808,2.2567418239220958
5.050209124668153,0.9209783151203308,3.2686820464211817
6.106051143183,0.8615739819194832,3.551674242964104
6.011251112022405,0.9972166307584803,3.448695634051487
6.060211269418525,1.1393147328726951,3.4933802026385927
6.2827326365426295,1.2028557986807529,3.8008778485906425
6.396690550090354,1.1816714502018781,3.9671537779650166
5.884484213760361,1.0753068840561457,3.8220879918166744
5.860726064310894,1.0345554089822375,3.7332553615249457
5.747556260213281,1.2067726966996921,3.310560138562642
6.163256065603498,0.8550167886081297,2.906659612658632
6.227881358188717,0.9039515993216464,2.9593450310174965
5.035532476805518,1.5658822619004467,2.631593894228639
4.78144693557248,1.353832840786475,2.5509943391073073
4.855951238513185,1.0377976347421798,2.625972967974337
5.1441340399832605,0.8243100119166742,2.8688579939583305
5.367144727082481,1.6940716925311023,2.918347307276803
4.10254136177692,2.248817247605348,2.8343461351780492
3.877277074808637,2.1461259329748335,2.5848398336323046
4.001847443751426,2.097194097716695,2.4332983796100045
4.522867644135576,2.208770926054595,2.581865291869176
6.3365465810803805,2.210991429968578,2.87356811312786
6.073281193178364,1.7426171895438467,3.214034282596504
5.738520883208918,1.4983959791092185,3.617436271079975
5.077111822257687,1.1897935892798324,3.462696892459814
4.536220068393526,0.6473710028625069,2.9610177044962454
4.009318873836727,0.5179089274002068,2.4663618961896865
3.7815167883758325,0.5128601322220705,2.250384203194087
3.8160122920591095,0.48240967248954847,2.2397736036284934
3.9147702200362295,0.43379824015769053,2.233354246156757
3.9963917902329515,0.32556634813178437,2.2677105225332004
4.1820621450774125,0.14702741207336123,2.3994006429783727
4.259808083866293,0.044278437129356064,2.3238474566601233
4.55775604003823,-0.021628299933781445,2.0926880448727454
4.745257135959011,-0.08724665801197454,1.861473162491096
4.77342260580717,-0.10772734689762378,1.7622473998365868
5.049653079375279,-0.029805538147493694,2.068072202541479
4.855861543685783,0.08958862122246249,2.2134073088646193
4.796685431067933,0.22296925181426838,2.2500956747671204
4.455072212830142,0.5014546099441495,2.166520997005507
4.190425933248943,0.6845562222149134,2.2450487949148674
3.988931115968641,0.7054588722153626,2.377529632663651
3.6774293870308346,0.6941706366852647,2.235377315561614
3.743774942137829,0.6939342043836103,2.1326385020452996
3.934866291735922,0.6919518181703268,2.147518796446675
4.25225974786272,0.6431933160049903,2.3710699892006217
4.527957613621704,0.5967004862083425,2.624736214291477
4.431729549580046,0.5898746194644165,2.5606766510463332
4.311326949260726,0.6165880386683846,2.214037390054673
4.1816789756369435,0.6553996236161936,1.6103685849037588
4.076510022864015,0.6776160498172482,1.1561700024609476
4.233292626524335,0.7577117163705991,1.3028356053835832
4.54654170489802,0.9268252761788346,1.6649153918808501
4.46939440981933,0.9959779057334358,1.7004087901650602
4.525589586553914,0.9284482602198629,1.5225307705633893
4.1781646797385035,0.7883445816178739,1.211684000076984
3.8167021258225704,0.7304076513128677,1.1427701621582909
3.7986978716696704,0.7281255837337517,1.3073337386948014
3.7303606732945993,0.7124976692161928,1.3746447807628386
3.726847854161469,0.6785436079378353,1.3428570412915755
4.019330732266953,0.6391405276723332,1.4978197986294473
4.156784321592466,0.6324721241765017,1.8019544123569189
4.201032414717618,0.6351057924391659,2.1790414742489546
4.176221352416777,0.6337053227503786,2.472745896257524
4.107582060695165,0.6409878481793501,2.4143612344930663
3.919652779573478,0.7140697602358863,2.0402477289375165
3.8291750429434117,0.7806975018008309,1.7616355263302244
3.633092735282929,0.8947349120949418,1.4320872137877554
3.483972838720789,0.9752430951167252,1.2431895945926377
3.29845419705662,0.9832368391119373,1.1888963641679415
3.158186519436535,0.9423663186229811,1.2614896053906872
3.394919926143913,0.9075917246475832,1.3946356145983638
3.6862481208112854,0.85716756273702,1.5547515876122595
3.9169930924982546,0.7619734806123789,1.746520671914156
3.8864322955479844,0.6792509591551528,1.7166169686881103
3.939032255264816,0.6538765255572935,1.7691095442385447
3.8792230099210743,0.6534943465385918,2.1006033938683846
4.038215818189518,0.6352702120432764,2.7536539470129417
4.108202711238143,0.6228264543937629,2.967917166574476
4.012471057455172,0.6815719532988442,2.493476850249037
3.894314733987761,0.8083992139611829,1.8280771154391893
3.6515419582495543,0.8563172439911158,1.2902588507399904
3.5660664778229414,0.8745882777462177,1.0236142875438192
3.4817301519993933,0.8441637563489296,0.8977708182547185
3.3763959842104128,0.790410177893767,0.8202455903877263
3.483163935872193,0.7890034816935846,0.8350934017429372
3.5679247377874423,0.8248392877259084,0.7895254212856299
3.755823595003812,0.8866677890366312,0.919950066887212
3.8627079797028503,0.94115605218601,1.4226772468704192
3.889535777334722,0.9862905199057147,2.1252958151336374
3.8817975309460433,1.0260859204347514,2.422894470680621
3.6309773791077595,0.9899595286967713,2.0623713249452282
3.4028278170235544,1.032311183948424,1.533377837073743
3.244628800005323,1.0744493632181378,1.3138152695380656
3.020326250799302,1.0146608379289268,1.3843465665378534
2.905465108160015,0.9542263400114057,1.6184365890871841
2.9071089847756832,0.9453864513422794,1.8328933172451636
2.944890807237248,1.0361304903382103,1.8871696053385136
3.0733788217534475,1.1277291360444843,1.943164380285077
3.233979343699744,1.0836081793263794,2.018583183250538
3.309095666429172,0.9499268043000922,2.0042301241572016
3.2313071571633154,0.8454768015266173,1.8406008204985616
3.0186103711525383,0.8477474465626764,1.5177677389348798
3.051941572447856,0.8840654036305523,1.3152946773589964
3.075258728798663,0.8587418482149558,1.3226618660991711
3.1315430544174245,0.7985170355900213,1.3714241584300992
3.2330668275092815,0.7433027077756267,1.375392168468014
3.2066026734084545,0.7204261419778053,1.3499857366359578
3.175824587035831,0.6996016506112647,1.3855369587227582
3.078122367331555,0.723806414005206,1.4912438341285281
3.033558653507821,0.7917767155107267,1.6957076057496683
3.176377101067924,0.8249089074692606,1.8798932637779182
3.6293309813098307,0.768852250032271,1.941737137508344
4.238339879898129,0.6625776106336206,2.1655915330608333
4.53118158755341,0.6787844520502634,2.532210236312344
4.529191349049656,0.6257033969819654,2.7933363380373804
4.664178639200557,0.5540880401693951,2.847347811003765
4.79312445004435,0.8007670859217006,2.66252370745586
4.673121720884164,1.2206181064372459,2.290794197620222
4.087316281004993,1.3760615070551812,1.6687176048364514
2.893537090545195,1.506499010751309,1.110824537830633
2.0820395122160558,1.4759285804027062,0.8865747000561355
2.34507081561411,1.4197996305508578,1.0210414898710207
2.7555172384598485,1.330070164697982,1.5202294841799768
3.55939626265531,1.0841032608043077,1.9794145683450732
1.4010549484765087,1.2124291167593981,1.111583464986816
0.3011753855424246,1.3543298523058336,0.8015828738203294
0.1819413036858546,1.2984294970605776,0.2776111247922272
0.9772591158680975,1.0850559641952409,0.1543241028283673
2.0418023440291564,0.811846036386279,0.682425919874572
2.8179601100721814,0.6480528571636448,1.2982279720376433
3.1983687890571435,0.6382550449920147,1.584433535841127
3.2750348915207406,0.7121646944739808,1.5321761120334276
3.110251125196757,0.7132604482533904,1.3472331680749967
2.719580821812462,0.8537521858652154,1.236900318601091
1.831086206057263,1.0902935340603301,1.0906507681464306
-0.06723623093729111,1.386489267380023,1.333064275640764
-2.8604566761837087,1.6986584680019858,2.4126951604607756
-2.7729637947756225,1.6748727813935724,1.4929988908265512
-1.1049657734470262,1.4666877974332615,0.48831183852657023
0.14640633436608586,1.2777818902361984,0.11047105308910475
1.0558380808826602,1.123144079734894,0.18046651330227614
1.8172412219765428,1.0042787556264074,0.4590019075591233
2.2586296638947174,0.9533958201147124,0.6357546863040249
2.335417008977423,0.9594449754884585,0.6567766730776675
2.424215114691682,0.9511395526253598,0.7619159305592031
2.583089004365851,0.9017601837313844,0.8957473849378067
2.634037369915639,0.8897468324595169,0.8518610732788998
2.653475590768122,0.9267635995413349,0.746888914770352
2.7742394175680514,0.8942041520421847,0.8752407549989801
2.955424464131936,0.7433040199346496,1.1344607361526509
3.113842038744703,0.5777701692737046,1.2151958601331414
3.4727461211075874,0.42079211192179966,1.8713831739130162
3.3845883356325266,0.41808614490766693,1.4687287536191371
3.286393815599528,0.4463761861167795,1.4450192035164164
3.4464454836885228,0.45614937352680335,2.3158165319874344
3.1704456457642634,0.5297624966433181,2.492419001409531
3.1714622763550406,0.45750085959380515,2.6666734561936227
3.6590719453167866,0.07080333304746346,2.103964939894483
3.691196854186937,0.09422963823421644,2.370720524656647
3.6833812763254343,0.15145079123518249,2.552365935692912
4.2220285272577005,0.37572169362394137,2.2436947030640693
3.9584490877261063,0.2871002818007797,1.7292688691778906
3.5972909958642965,0.20715285151109325,1.4409864583895409
3.1518552546044547,0.14128322628136264,1.397974134571724
3.098982778403613,0.46516415523801136,2.1932486858245985
3.0206094315145733,0.3981483986742739,1.8067153544229637
3.365183839744758,0.19374586289396037,2.7423494101949477
3.3678027074283907,0.6472362941681057,2.389361916892096
4.0693593394757315,0.6464283765780511,2.031898965013366
4.7165514543572575,0.6539528375257215,2.104275045359662
4.693916385374919,0.5854062747767328,2.6093339941714797
4.881235399263608,0.5615381478893328,3.2626415970519984
4.743567330820707,0.675151010998503,2.988753624368685
4.412964438349221,0.6424117536719236,2.9539734357065566
4.001268307337535,0.48422426945114694,2.9624461376472886
3.6577684754516206,0.3717652242208164,2.934956387820605
3.4484321087164784,0.2774249637598043,2.580736797682393
3.4880208012682528,0.2947363068084869,2.0234860330473214
3.651072581430765,0.38427837243335017,1.6335662225626149
3.9989536064053275,0.5044821785011797,1.8004170367255752
4.003155958436067,0.5503495846830768,2.167472523518171
3.9227409316345807,0.5566776585985884,2.5928136315871555
3.866854105710193,0.5346853426112382,2.9260265297716255
4.232749112491543,0.6544938330480347,2.7870868983827037
4.378960741108179,0.7602240389359287,2.8484772498435227
4.333017692559284,0.813304882734713,3.2238131396202654
4.442237692060174,0.5503819053326975,3.1610474781849187
4.293787162804994,0.5117719166306413,2.893174112661262
4.2831431057548395,0.6157330072987222,2.831601769188255
4.080779805427246,0.6993386171224987,2.7190902588593957
3.7629563315460697,0.5751377115024214,2.2262663580992155
3.3567233633158406,0.3672310264719436,1.526499363447149
3.3442605253449216,0.2522300849748548,1.35522988643528
3.3463158529835684,0.2448199182824552,1.6435318079267036
3.418359969053053,0.2756165747129155,2.1045743279145004
3.5899314510284537,0.3188417632823501,2.4414856581190394
4.079952567910149,0.32214939111078283,2.76094360388323
4.0075321282371155,0.292996992764001,2.843057116205112
3.951173367915562,0.5106973505453994,2.9724714992197088
4.039461520398906,0.6436277558087172,2.9869331997677486
3.621851602277573,0.6392566249293535,2.565686200599066
3.4750340829187727,0.6053368640986909,2.415898382413231
3.3724259964584156,0.5537317358657293,2.677521032869789
4.106024533997129,0.4223875083409287,2.832652324223438
4.603988229968333,0.4548423648803963,2.5862093661899173
4.98374553760907,0.5754439217876683,2.6516137809864015
5.119548582989856,0.7090461145171888,2.6879155935254646
4.932776370230401,0.8259163972870813,2.380596472480709
4.681505629407024,0.9076092139925999,2.1858072558969353
4.291839612980513,0.8851634503681366,2.4431596931498367
4.187407702964548,0.7342969365366653,3.0385210550868087
3.6817337371786305,0.5578580267602747,3.039922252335517
3.4878218894415993,0.49863565046078434,2.3555789025132294
3.2182962348843502,0.4752937066879119,1.5338740216260818
2.8631777930570803,0.48510419641615843,0.9832739792172142
2.7505898669783018,0.4826811562449359,0.9244221887524078
2.8837351029084095,0.25156584502727974,1.073061188785888
3.2358997793930455,0.24566093146822512,1.3261297080579102
3.46681607603749,0.22707201573770783,1.7246326855001728
3.646195490865291,0.21984792555050928,2.345482292548638
3.4469527346856954,0.7176208447830684,1.8037430097567164
3.343801274896855,0.815961990433343,1.4135786324936965
3.1186603273497897,0.837754979167626,0.9839264107708116
2.9408748072310944,0.7834652984201782,0.8109587977512714
2.97725874211475,0.7450696307536482,0.9654029966383453
3.1103432757896523,0.7052234914922164,1.2930202393292543
3.1931723000677446,0.6681618642883886,1.7974976543176884
3.322010812709187,0.5934229388994531,2.445971822425173
3.306535804274033,0.4737245451599814,2.8367715605453014
3.421903211643502,0.4030376492109101,2.739628425159785
3.6194443291875156,0.41999690859831323,2.3061337745446746
3.8179734254085744,0.47196924602823076,2.259400407182403
4.148229573921348,0.5478360961657311,2.901788772509652
3.65554388295135,0.6054297243098871,2.8038390403496027
3.235874215080729,0.5455066100252357,2.006100396505936
2.9552268889137956,0.5747083972074397,1.397768660502836
2.776712794997888,0.6106593874774898,1.0088531973447015
2.7206366431762308,0.6288862988399665,1.0285490846343903
2.822313222105186,0.6229426400610092,1.4255790874953673
2.938781998453298,0.6101466152185268,1.7338282301099648
3.312710847993862,0.6117014850175465,1.8094745774964522
3.392887819713704,0.5608781881352151,1.5058337818046001
3.4316195372087193,0.43015350598338775,1.5498921430196948
3.6727357076062064,0.37391392029979015,2.2003383936386336
4.645189313370111,0.49780136728448704,2.1652975085940693
4.320919948741299,0.4387618327950563,1.5912862097683265
3.6024008349704,0.38536135279099554,1.1660020932289012
3.768011778620175,0.3626042886098093,2.738931832936079
4.220021564271021,0.38705389650246214,2.1127309615641274
4.442622326205892,0.4016408766080456,1.6987446198013152
4.506090180289641,0.4252649393947489,1.6383072074069291
4.328767561033901,0.5076560083874826,1.663875766621339
4.091235358361463,0.587506841406474,1.6497425423782186
4.101154976968575,0.5869007578098252,1.8217156774052126
3.91326212257826,0.4772649000933685,1.9946520490369675
3.729235491873861,0.3033815651600154,2.2372709237551147
3.3429476997091303,0.23364056529644675,2.1632551200845995
3.034601341807522,0.24768901292107742,1.7862710264889783
3.00434997957647,0.2770029697837508,1.467549289210808
3.095490606355902,0.2987010369390614,1.1704252360990886
3.1857932960275974,0.28079193072813274,0.9335454437083771
3.150542303912336,0.2805933598344768,0.7000328654646943
3.1931141763265263,0.3269112662196297,0.6129578916402011
3.0563755734997455,0.37160701133708757,0.5777184672966884
3.069038989011743,0.39919016167774607,0.7604241993779106
3.3440828858027882,0.414898695136243,1.1511673217143277
3.5373522102711936,0.4422362180249747,1.3235554466183272
3.5841230796477275,0.49201505063486356,1.2016227499810426
3.5623303131703303,0.5266182447576548,0.9759068640254612
3.2402199288914373,0.5116186008992128,0.6876322967102624
3.196070419548854,0.4899529502178239,0.6186932814463797
3.233486776329667,0.514908065400219,0.6561951171282928
3.3520383202582846,0.5169804747909705,1.0857911135503093
3.7108322459835916,0.5020746337701109,1.9344265840151966
4.085968350991637,0.4602107548904013,2.6512718979118
4.247759616737918,0.4568822502507757,2.6137795246954387
3.979174056301096,0.46481946584535305,2.0478256435097135
3.7405241068149855,0.4804894065183134,1.7522815908825475
3.5345604757450406,0.4385762090862146,2.003592607504599
3.987353242053891,1.2668651367890913,2.8791628767379978
3.822894037741248,1.369963482295694,2.6467885872274564
3.888210460488793,1.411729055474942,2.6377907472835402
4.867520543524306,1.471210103013978,2.9316839758429216
4.958933785782823,1.524898582152932,2.9848041284050626
4.472985999089979,1.5354129506820182,3.1151700386949472
4.096033300350607,1.4522951672827744,3.4096313771208697
2.5067932885248925,0.4767584806324791,1.7339644994637067
2.592711094130959,0.5204005219842314,1.568214979883886
2.8181017438007996,0.6312938694475521,1.7250265112159444
3.102711467961945,0.7805024035860895,2.0003899214182077
3.0877091903114864,0.7952577746972236,2.0162856429602676
2.6108402969636377,0.8171522528814514,1.646321575429305
1.9929425613644165,0.9461864520746354,0.9986119787569718
1.61959012381249,1.0879862463887997,0.3570552892901409
1.38669388722585,1.173695185531762,-0.10931951390404707
1.1385912475019917,1.3238138915558506,-0.4121945767996337
0.9995659621260745,1.3767884811202502,-0.5847061196753377
0.930388779190096,1.4252434088958954,-0.6863450155838194
0.9498993663960162,1.4411799226548598,-0.6992252531823256
1.0243466073163923,1.4509939585715497,-0.6627694326199545
1.1375089914499326,1.4619853444693778,-0.5905481772543703
1.262141673468025,1.4647188497559507,-0.49350552277897586
1.2489122825408936,1.4858028486132906,-0.4444622155471063
1.1141480229563518,1.5031099608842773,-0.42781543224350904
0.9471380872046514,1.519354334691065,-0.4169181185312632
0.855150842646503,1.5157120243573223,-0.37378625647374863
0.8305489287113476,1.5081352452759984,-0.3015858956565
0.7960301678471954,1.4768864762806915,-0.1541903181663074
0.7299410849019669,1.4418065612121158,0.04670745536044028
0.502103042841762,1.4469118657899316,0.10972992652566399
-0.03140122150769279,1.4978233936414267,0.017098331311159162
-0.7842066920875655,1.6087704726764207,0.008571102449581201
-1.5753765661558816,1.7426403349351576,0.11547210775508766
-2.1808645294159628,1.8698630183111309,0.24258478079978113
-2.6133700351520304,1.9577952868423736,0.4465521293246183
-3.1134975106118463,2.0181520830954565,0.7041013276305051
-3.554989196349575,2.056278372443953,1.0106467936493604
-3.8543052654760386,2.092040061315932,1.2269694811522602
-3.725774290746497,2.0937460594409134,1.1867595926629029
-3.049113860995304,2.0884082116440004,0.7853373157629785
-2.167796686379914,2.112694928764099,0.2518061727719359
-1.528585202277186,2.0688775741403083,0.008231134344632945
-1.2981170038584506,1.9833858148836994,0.0409617706557052
-1.3199184377432256,1.8655056008506592,0.18966282946749924
-1.5494361060168973,1.8162180812031365,0.38697793718267265
-1.9456560036335375,1.8198850053254298,0.6297474815016053
-2.4494988597681724,1.8621099536504033,0.8519702553996088
-3.0110977544027735,1.9398632187046458,0.994285716272351
-3.451145711437752,2.040776098598047,1.0723078392832148
-3.6551190234727913,2.1437235827015044,1.07920829018603
-3.6024315196507173,2.2254151109570484,1.0298468077141503
-3.5782389204663496,2.2662191633945032,1.0235987628469834
-3.8352966552228356,2.2765873810858026,1.2353794384758803
-4.215633072120751,2.250314972752281,1.5670857225042385
-4.181377416111737,2.173169037755101,1.5909073093718598
-3.6835687528057623,2.0868227052510746,1.2266762341211586
-3.212536216520215,2.0276983120240835,0.8815852574352598
-2.987208515949613,2.013222600570388,0.6563936566384548
-2.7797944332314506,1.9892234595220342,0.45381944096372606
-2.4929021089445844,1.9376640306241781,0.2952245178802351
-2.3342363784462434,1.9282097428496188,0.2001184115056494
-2.639985905260567,1.9753418136489815,0.32705214587576525
-3.4302724675067178,2.0480433994898317,0.7369352669378959
-4.048293414126171,2.1042285211992775,1.058316541373899
-4.175905678519636,2.128817388631153,1.0515776085251969
-4.0958562149077595,2.132539759699376,1.0023759806042436
-3.9487053866508255,2.100200035157858,1.0160621874106261
-3.6561440109719787,2.0797379399097347,0.9311451095535649
-3.3422836402264156,2.070576874881411,0.7159363215285195
-3.1956341986258274,2.0216270342333176,0.5586781177671677
-3.1416548223419327,1.9686648792477752,0.4751394242512008
-3.0571331115950966,1.9358551391529992,0.4159125014584839
-3.071392980186259,1.9553229081903485,0.46618967546979745
-3.2938131087812685,2.0159837946767234,0.5867156845419526
-3.5941971289922785,2.07764556848219,0.6841647369037136
-3.757762672046584,2.0867626566765174,0.7279675895711375
-3.6534307068599543,2.035246387984163,0.6606175807902032
-3.2063241425237425,1.9643036540777974,0.44371496592057624
-2.6437857092134145,1.8958756850149847,0.172702147908968
-2.2892710260370612,1.845716522585763,0.04497496513611824
-2.2293951585574967,1.8284206500724969,0.0478721815837863
-2.3049135777931125,1.824521718091164,0.05105593179728832
-2.3780440308917483,1.8290653520713498,0.028896403187860274
-2.460618038491315,1.849962540140944,0.0407602970241038
-2.5414147366093607,1.8894347890418532,0.05741375775052852
-2.535759060765484,1.9039379542626984,-0.00868293709480274
-2.456582853852866,1.8877346003365105,-0.08972286058077464
-2.414795125457436,1.8533024450620355,-0.0637714136757944
-2.487770039206748,1.861702911360446,0.05325145114646408
-2.6768950475831885,1.8874709764714048,0.2141948457504265
-2.97573785601359,1.9275341586529477,0.40523032498133044
-3.3032280625725114,1.9535276982134309,0.6666517336678569
-3.51534964470814,1.9799882536046032,0.9137592944162269
-3.4828438561644273,1.9745302803600695,1.03342836017621
-3.3314756385441364,1.9443115521618486,0.9980085970439792
-3.2010621705187674,1.9775108990575645,0.8581493910227788
-3.0255771885729867,1.98392810153683,0.6677056346951412
-2.8526415876829407,1.976141995682003,0.4662514504867616
-2.748265876396019,1.9313115235462188,0.3686622970468151
-2.8007656646291093,1.916121430388752,0.34943158324299145
-2.9025161179011216,1.9051461858367436,0.38643855110390557
-2.974578625632998,1.9344542784885876,0.42777559648947333
-2.9373239730201304,1.9526153374776798,0.4226658087114565
-2.7553027641504246,1.9482230263731821,0.3695818429436979
-2.598567637081639,1.9125840642083924,0.37559325734557775
-2.564435458325968,1.8688926163789414,0.43557507999019446
-2.5734972117591344,1.8466538953320746,0.43477104032023467
-2.5657838658973726,1.848795825162697,0.3553328836886471
-2.464831251223806,1.8393224184363912,0.25422631931464185
-2.3390744650202966,1.8374687520554753,0.17021561545580635
-2.302326135983579,1.8455551614796495,0.11234351248134247
-2.3743580747271475,1.8574461444641657,0.08681057714230184
-2.612068728834233,1.8726880669289767,0.1876942176717113
-3.0386382912367274,1.889975175491304,0.49213364467950016
-3.4919230489608646,1.9584310253751593,0.8150399131644531
-3.6316295503811027,2.002296456057269,0.9115343483788358
-3.418128794280143,2.0160853026305325,0.7964623173557865
-3.0497111488119026,1.9755593925097281,0.6069389914751911
-2.6379074428913767,1.9015112589801046,0.4174220701442135
-2.4315426587469147,1.8450397535831846,0.31537596516495114
-2.4263153235194213,1.824981993366472,0.29338812470980563
-2.3209303443347635,1.7898117308795907,0.19780936768770666
-2.059430313572911,1.7705339829427087,0.07609902748273305
-1.8818486248589605,1.7249127986743193,0.11108054056616509
-1.9960148303749332,1.7408210675784963,0.21505634092684456
-2.2860361134204297,1.7441902010232515,0.33278418407011456
-2.6555637473084954,1.7990890789801426,0.40465601877160007
-2.8623714363309642,1.8213245204614599,0.4525723280255515
-2.8311984392239964,1.8300640078764259,0.43534226097668377
-2.7551919726575593,1.8206050003515897,0.41201483509566694
-2.76270634058031,1.8156020456941853,0.4848010355188392
-2.8974305282861748,1.8072397875433934,0.6493984352178547
-3.0678262998360246,1.8096098483402216,0.7644072564451292
-3.1411298720396976,1.8562050691848906,0.695655591570633
-3.0478648498691836,1.9049689491536803,0.5520249458380154
-2.9330850132209805,1.942272741775363,0.4773628269336649
-2.9125621546997684,1.988739118560829,0.49670046784868604
-3.0184705908522176,1.99866114674996,0.5891576115987296
-3.422902009244733,2.0376837457353507,0.877739597864946
-4.004075558078943,2.0517095159686085,1.3607183910339635
-4.275570824463024,2.04880162577753,1.601961835257576
-4.03747293840397,2.083993062767095,1.3717307596643475
-3.5887597544680454,2.059462484354084,1.0502814902379098
-3.222883123246049,2.04789599849033,0.9465958012117179
-2.962242962889162,1.9854138595110438,1.0645919270988504
-2.8857393938251366,1.992299453234002,1.2091814562333816
-2.9707713737126418,2.0011175633159968,1.340827385112341
-3.1436588305741044,2.031934929449278,1.475099481659482
-3.2771839379812224,2.0205790125881586,1.5865440919657599
-3.413388360225909,1.9927617344349222,1.605421568120213
-3.5844397559546355,2.016725720385987,1.6167900598939609
-3.7530898342236187,2.0063916304310254,1.7170820576117813
-3.8181418419772353,2.0375456094276805,1.8203697625507063
-3.8866772952703466,2.0931204312174003,1.8899812773890943
-4.0983960965943425,2.180431610092024,1.9166054462934576
-4.322833188480203,2.215912130899911,1.9182925278299794
-4.330392630317838,2.179948474029447,1.838881681506364
-4.104272168407303,2.125716814951295,1.6433262875867631
-3.8488018003740945,2.0890295847481757,1.5127043941934302
-3.6354521093056706,2.0625398003781967,1.4245431275218194
-3.4156135710633606,2.0223247952402663,1.3098537559257861
-3.2127210095749636,1.9754516994846665,1.2465032294569671
-3.169753395072163,1.9199656804663348,1.3015664232143225
-3.3794537234885857,1.9093042540459444,1.4343291326704504
-3.78075275011693,1.9519508658245248,1.5519280740088335
-4.207743103494779,2.0976033873145212,1.676287858796117
-4.534815987975645,2.2016806117496657,1.8364812276565934
-4.789320641599771,2.243976851912328,2.0451088551124106
-4.926031146900288,2.225731738487254,2.2464203122008786
-4.915362615997056,2.231389304477869,2.2447579386321594
-4.682887745253695,2.1939919834223183,2.024118941805774
-4.380653513085685,2.1365317594605755,1.6410196486126631
-3.9187042953855906,2.0770588584296323,1.1526429778006007
-3.3063773596587085,2.0236088463902044,0.6287855651833562
-2.72840481175588,1.9200987292415403,0.325379392819733
-2.3135863666144814,1.7980450795608716,0.3143937202486641
-2.089143219033223,1.7152330838956753,0.3273859751823575
-1.988529189299614,1.6779860339997312,0.23518847353927244
-1.9919711903562514,1.6858836317815873,0.09829132971776093
-2.102679077406534,1.7019902162551659,0.03903547964741134
-2.2343734489750693,1.750906125004755,0.062281610124658875
-2.4188942025989792,1.826822398038685,0.04557926695518319
-2.607510666823171,1.8825501650914496,0.09795799158262107
-2.874430680405497,1.9066310722956272,0.31177106189539133
-3.2333449873405598,1.9472718825301627,0.6134557703633927
-3.58558967044998,2.0204399842691774,0.8580374819627845
-3.8950647519534685,2.081903910966527,0.971929865267442
-4.010769330400824,2.0692165845467314,0.9899979886054229
-3.7487449105010993,1.9976847411655545,0.8198717882914006
-3.165805395417169,1.9114659366530036,0.47699988054092646
-2.5368032729849626,1.8361316486163763,0.2073893909113146
-2.0469854291744203,1.7662293963521813,0.0638731589754299
-1.7373185819908556,1.7132968132563138,-0.01831536612038231
-1.5850334386076028,1.6771189869356575,-0.09809445932795859
-1.5116615895649261,1.663005471755224,-0.1911869173289058
-1.5282957685531937,1.6909720392613081,-0.2011885936181503
-1.7294001275228783,1.690701138221366,-0.03795447669806313
-2.1917557136048633,1.7301666685621684,0.2313476579790001
-2.6962269777027847,1.7787456576628324,0.4532972156652107
-3.0214219208340953,1.8525874635486816,0.4688087111078562
-3.1046537875246822,1.9014810694322883,0.3998779587286046
-3.1478807876778188,1.92135578785634,0.4469377680874476
-3.3382172477608862,1.9075396309355959,0.6799698042212906
-3.4117354606267654,1.9063840719796339,0.8545481052975827
-3.218873542090689,1.9094529111249596,0.8478949411066179
-2.9471886257638857,1.877711598784144,0.8106851868209071
-2.806222059082943,1.8449928307430188,0.8712264584192058
-2.870877074801987,1.82363239901318,0.9983922548083791
-2.9881531555536247,1.8694880805070289,1.0019546046306425
-3.0129798625427866,1.881034839570164,0.902831521396725
-2.868143178842206,1.864842058805256,0.8487706621689342
-2.6489887904391214,1.8187322466904996,0.8435501272399978
-2.4754725878354464,1.8043184002799952,0.8461950572403689
-2.3710234179955365,1.8106104060300763,0.8437718291507706
-2.3052972492566406,1.7775286143489297,0.79518639682781
-2.2959527948076217,1.735945186978879,0.7135325408763877
-2.2636762778312485,1.690959632235252,0.6198359075491131
-2.2530260282935632,1.6944892766051909,0.5606660527752558
-2.2353612924858686,1.6915050921284478,0.5816214267411167
-2.216114268257424,1.6847244863928739,0.6017541034935012
-2.188136052599357,1.6696950679408247,0.6013217714690748
-2.1423123653252842,1.6469960757725732,0.6134833730983189
-2.048492368337679,1.6496860320503164,0.6372347068879652
-1.9467206896768636,1.681018891332903,0.6047089359245162
-1.8400844575501134,1.7243295648248076,0.4853920786952571
-1.7908052027635604,1.7731627358395512,0.4090466878405891
-1.8122696038399257,1.7856014750953808,0.4455004364963154
-1.8554490701446968,1.7715140589239935,0.5314353571148678
-1.8819405319861993,1.7161296155159338,0.6264771103894322
-1.8698206354445226,1.6560087360122768,0.7110751813195303
-1.8078973397857894,1.611669256858825,0.7559743230431492
-1.6775790124572654,1.5951519686488753,0.7929669389309774
-1.5311629308839656,1.599922115434613,0.7584457954155575
-1.4899454610043898,1.6129512913436155,0.6754057883249719
-1.5342384911217024,1.6111826488935541,0.6262851897774003
-1.5963141589480903,1.6057959647039686,0.5944533587419129
-1.6055925585286548,1.6088049565422722,0.6316148235954098
-1.570645447215658,1.6309866572501908,0.7056235130924411
-1.490949643692951,1.6234970292723263,0.7608554793781056
-1.4080923645054977,1.5907771614369792,0.7363803748681467
-1.3151188609948927,1.5775119432487994,0.642441509672341
-1.197304429532353,1.5768132222168754,0.46241514964230346
-1.0083509749743722,1.5482517563587908,0.35977641503210495
-0.8744689697727571,1.477728295646576,0.4083836911934125
-0.8594400640890837,1.453183386538968,0.48817800020799684
-1.0131043862568863,1.5125230482980054,0.45893941083413475
-1.320027108557999,1.61190531917126,0.2727157803072413
-1.675209002415267,1.6807221637868732,0.12322110679979748
-1.9512725653698255,1.6919684413909601,0.12102012898529496
-1.9237977596104534,1.6514414687055756,0.1304699001340351
-1.7088745925111586,1.6361681002587194,0.17014910060087907
-1.5440106426057922,1.62603217277867,0.2165881790126003
-1.5672378671204457,1.6520509742011775,0.14090037594700916
-1.6215112833014547,1.6836994873136963,0.1462060252345786
-1.5948644006584625,1.6883098403746626,0.3263269255281725
-1.4830408764594407,1.6559417549927415,0.5514202734351223
-1.4697545435985275,1.641706181163747,0.5568929186993601
-1.5474506848469503,1.655998069112465,0.4619136126922876
-1.7502888102099647,1.6875552148063988,0.4092947626184155
-2.010083933396217,1.7095885194131748,0.4807645270816948
-2.3503587352000577,1.7651153707695597,0.5754371839656842
-2.588902789457084,1.8060448514879017,0.691810573449382
-2.65108183650653,1.8225032378462853,0.743697616983609
-2.497497622610834,1.7948955213833098,0.8442934158568665
-2.2575675416999545,1.7587000483303712,0.962457227429988
-2.014276418362919,1.7215507296489314,0.9154773408339838
-1.8201842996342452,1.6726245008923721,0.7602457877775967
-1.7859829814934154,1.6565222377268376,0.6511767378291607
-1.8283533713260476,1.6704603400011109,0.673759813827833
-1.926233335973244,1.7157538574244577,0.7418092120730325
-1.8855350434140186,1.7073436017270733,0.7057630550729146
-1.9008627910266072,1.6688955965347534,0.583635966424546
-1.9187458640417534,1.639846347940391,0.534660109094428
-2.070552133611437,1.6416319414948246,0.6573036202520589
-2.196442953725863,1.6268643126348143,0.9722608012018001
-2.311046450007022,1.6205045045498931,1.1678335115071858
-2.377526117466592,1.6379873407453052,1.3194396912920698
-2.5697630341230777,1.6778658062829497,1.5822674680414623
-2.638466891013273,1.6641781883688913,1.964878731093413
-2.697261308628058,1.6458230144200476,2.319834619208323
-2.6867449434458357,1.6684966751413668,2.581149769057959
-2.6713743478386545,1.7016661196376757,2.513445096781264
-2.623449378103991,1.71305068342397,2.177923756533614
-2.7336192043622423,1.7092182799023385,1.988653714068743
-2.8522136111579237,1.7008956839357074,2.0782722743432065
-2.8309573851003633,1.6921982742869581,2.116328455726224
-2.625092428592676,1.6617347970682192,2.071306523574562
-2.4240968698901058,1.609201636519269,2.0607705910484437
-2.221046616611955,1.5577284539931728,2.103484621840969
-1.9771548145719402,1.5123275640265765,2.0477693160319466
-1.7442848178569028,1.472232402849203,1.9550777464396065
-1.558414805122768,1.4176576605775655,1.9946709131826355
-1.448201932698076,1.369718879945358,2.0887078410853
-1.3920934106623164,1.3628574751904285,2.054236184101272
-1.4065297547462587,1.3533803013248527,1.976377575395865
-1.8727288860169231,2.753079446650272,-0.6300390798127541
-1.6599145150882066,2.489710662729215,-0.6772385750364791
-1.525203106577389,2.516763930784277,-0.8297503817564627
-1.4613698755705438,2.668980240788453,-1.0005669673494213
-1.7368731633214356,2.5219208513533227,-1.3638015857470644
-1.7823704973363328,2.4978297926804047,-1.2737856836243833
-2.566073624530888,2.6833048308153926,-0.7911297218760788
-2.5493135966736973,2.4753122746144816,-0.6323907191548892
-2.4041087826551557,2.3423498571216177,-0.6320666990160477
-2.2661451707808227,2.254091905075664,-0.7835054230515841
-2.1421407333107947,2.114542440421152,-0.969514268693325
-2.0975920375261006,2.0241181036743736,-1.1188268161735357
-2.0738394268443425,2.0062164514570577,-1.1715730466579182
-2.0514140614242966,2.0230692380065625,-1.1797184613353329
-2.05767688531589,2.0647590085544376,-1.1729316842365975
-2.069536244282589,2.096579322166338,-1.1104135611456132
-2.1411131291331578,2.1351876017214204,-1.0223997100617264
-2.223818868339942,2.1325249187839996,-0.9425783264298351
-2.2602433396932304,2.1103950704395493,-0.9141830219128364
-2.246175081984516,2.0776572339818964,-0.9058127983625693
-2.2510999709719512,2.0336166655017314,-0.8627052596835645
-2.314556688729944,1.9948759547473365,-0.7631736289485224
-2.4497134665032765,1.997165346035024,-0.5912179976274925
-2.699059831198115,2.018685335468283,-0.35662951805754844
-2.9688055357993037,2.055273980686657,-0.15215647591716838
-3.168555790215522,2.0695343601438028,-0.11676266038684116
-3.152231008675984,2.0731888630430313,-0.2604660902816647
-2.9669798579071363,2.0708538905438965,-0.5087169728605927
-2.7654741878571905,2.061730427893508,-0.7797775602634401
-2.5861440423912776,2.0234678057494304,-0.9117309170166769
-2.6550360976584964,2.026068198749256,-0.8463960120640852
-2.8171245195906134,2.0133495090122397,-0.6532880979712075
-2.819870370640173,1.9836052323358386,-0.6198491244139539
-2.630749504078754,1.9239974914552498,-0.8024270343616899
-2.4627297512652504,1.8864604736030284,-0.9347172252567625
-2.422228827378564,1.8966452479900242,-0.909585675719468
-2.4690745054580456,1.9342450503968212,-0.8494959074113738
-2.5737201853062297,1.9657452794825225,-0.8114613944249359
-2.590265333404653,1.9167879036859505,-0.7782372174817699
-2.5245398890439343,1.878926420853205,-0.8272728240377978
-2.4293186741468307,1.8687241187575916,-0.9243769952692562
-2.352902052152651,1.9011692783570855,-0.9578233804421125
-2.421054657375888,1.9728048545590275,-0.9295142685438179
-2.599648384972382,1.9966556729734615,-0.923612646335006
-2.615044265022621,2.002167677831129,-1.033384202563926
-2.3648483341465507,1.977551312170993,-1.170375771478213
-2.2195713757475293,1.9225056104209277,-1.2349912170036912
-2.1931351901410703,1.8916869160017027,-1.1632030012932795
-2.199246482962675,1.8508243078070319,-1.0930303236928998
-2.115965011539387,1.8658420988065674,-1.1525145598035256
-2.0164615239156705,1.8955124596462707,-1.2625898415006345
-1.9964676921205924,1.926756384005902,-1.3053083164099772
-2.0280306377128934,1.9489602872797493,-1.2308715651789657
-2.1037007271933494,1.954598384310473,-1.1216866945025954
-2.1048533715648325,1.9410106464123862,-1.0038377909409304
-2.050747880689689,1.9430463711932717,-0.9233316538641417
-2.016250659698142,1.9564341759884172,-0.9481779263224518
-1.9826734019119396,2.006686347072193,-1.0653747384728125
-1.9175533353078495,2.0365846899420554,-1.1641279231442143
-1.9349439087780131,2.035991217510675,-1.1831075498607797
-2.0053743919841174,2.021665049217079,-1.0956676455390626
-2.103218725631256,2.027419565362216,-1.0176516561004028
-2.0887364741523067,1.9835296048511655,-0.9720331052850082
-2.01169420556351,1.9207449057903914,-0.9376981062890307
-1.9773736338133916,1.8721053557349554,-0.861270064898487
-2.030839717324014,1.8972026625771183,-0.8333472421356224
-2.1178957355147956,1.9506123588495106,-0.9170381441993466
-2.0953959869561736,1.9534022851495396,-1.020540357442653
-1.9780441983623467,1.8728769158331111,-1.0604182470567587
-1.9448860892674502,1.783126245462689,-1.0534701396154875
-1.916937314092725,1.742024243432329,-0.9800018528788492
-1.8916875535492739,1.7344598232486734,-0.9357743602084228
-1.7763803714583526,1.7398233270694903,-0.939564590212878
-1.7443784380036729,1.733629886221986,-1.0107270327888553
-1.745031850691402,1.7604085373282237,-1.0939877220709437
-1.6597121133562032,1.718396867145609,-1.123508648940466
-1.6666757275709496,1.6814134378731114,-1.1755045065818084
-1.6203517715982299,1.6620941356342742,-1.1993425201122143
-1.4587376950801563,1.6795827322479802,-1.2837832231919595
-1.3819688320094958,1.6756459023040768,-1.4535340909662873
-1.3226303884971764,1.6504040618791853,-1.437154798589926
-1.3394541986495225,1.6242050473145784,-1.297264142015618
-1.3599154394471222,1.6386328617914538,-1.2222687747350687
-1.419758595347338,1.6865955883274066,-1.2566188065612016
-1.422365622966279,1.7556679829748565,-1.204471501704794
-1.4794321740052525,1.8067494461008775,-1.0713726069016956
-1.6410331200287545,1.8313877350418615,-0.9204945891191181
-1.7068628130648182,1.837265938516704,-0.7514359831200869
-1.715281110915468,1.7769054804892355,-0.7331176410867288
-1.59056614182075,1.7512824715538158,-0.8529436343533882
-1.4879329405125463,1.7174002943300373,-0.983916658181628
-1.417263146699686,1.7158078334731734,-1.0484979455699566
-1.3794610044147708,1.7639036105026278,-1.0966811351345627
-1.3653152850245815,1.7790861538923026,-1.1015437080806303
-1.3970208593015232,1.7731659586707744,-1.0404323588958724
-1.3172767776123229,1.7561817773097184,-0.9582368120372359
-1.347617535156441,1.7636115529917968,-1.072253836833711
-1.0696026380730368,1.6529633755217068,-1.1593063659414349
-0.9262510529939669,1.6662016722793047,-1.2453372067915056
-0.8455979464680121,1.6877298305433592,-1.188032452939977
-0.8858273629111886,1.665922924605814,-1.1408929644846442
-1.0303288949703926,1.5693694617962353,-1.1443708603084741
-1.062465125440301,1.5455107205842276,-1.101964733744261
-1.2067435882306916,1.5689646419045657,-1.1060566009804338
-1.281926906736191,1.6164488345059023,-0.9975624884645573
-1.2445632386455348,1.5645186874680816,-0.8158542901414227
-1.2626014109560793,1.598764712886898,-0.8092905683996817
-1.1479993768671786,1.5507068318811545,-0.8617889209405254
-1.0904368407699576,1.5853540733481388,-1.000675069995285
-1.1018051010712981,1.5719465817924883,-1.1770321886954502
-1.0623268971760937,1.6106521929214141,-1.2550345460319832
-1.1634583638516418,1.6057120587072706,-1.2422689510223979
-1.2398889952280625,1.6241354544177002,-1.1749034921543036
-1.3707442903933742,1.6477533772561082,-1.1180077967897357
-1.4750817296677858,1.6520571789793044,-1.0657189785047418
-1.4641090243569237,1.655019406294236,-1.0005671928973008
-1.3246980244759305,1.6640634083585104,-0.9644532611355298
-1.2261754635693916,1.6775077158007614,-1.0545981297688485
-1.070248700677157,1.6703570207497822,-1.1238756399295664
-1.0064848917456883,1.6186005861825499,-1.1342583560691033
-1.0348630227379025,1.5439691493792014,-1.153651644548778
-1.0193923101878526,1.474310649261908,-1.1429497656057859
-0.9334495155244108,1.4492165462238755,-1.1356719331293883
-0.8761807550022667,1.4709326901304907,-1.1390965003624907
-0.9473155863027021,1.519125710776073,-1.114153594725179
-0.924231617616563,1.5379769120248474,-1.042240467013752
-0.8307074111483396,1.5043944662735795,-1.0502352915167783
-0.7637585585973453,1.38624974005419,-1.0919445151061957
-0.731503009938913,1.3085924832412414,-1.0864316925062425
-0.8860209897410802,1.3004643568047916,-1.1025860350631091
-1.0321579579042686,1.3176363300005924,-1.1799358810670553
-0.8813924544073427,1.3111859339844152,-1.2400633247495443
-0.7725249591657971,1.287358639504345,-1.2614145511618042
-0.687352846182616,1.2759129070763537,-1.1835136470079166
-0.7358232018424842,1.330351668442583,-1.0823712180366012
-0.9210824514547883,1.4249994938293267,-1.0303976941458644
-1.1262486108783818,1.4740225683963866,-1.0049754055152496
-1.0748691298763282,1.47141497855985,-0.9831181890607317
-0.9271557833312928,1.4101861634194668,-1.0730817209970835
-0.7650619685583046,1.3623738183457412,-1.1230440517107207
-0.6643827685544806,1.3555154199349584,-1.0155310965420417
-0.6932176105667346,1.3743691416523487,-0.8846273636649712
-0.6265387022674174,1.381650165671198,-0.777461902161091
-0.6050293805784778,1.3776713918564227,-0.8072057165519388
-0.5824377447003825,1.3746080928467252,-0.8724928000186378
-0.5189695830038231,1.3585818835143928,-0.915445363373612
-0.48346387535076957,1.3222223522117866,-0.9683769975951037
-0.40535315009000883,1.2737296578367168,-0.9889146274108223
-0.46878506847398194,1.235430322974115,-1.060438603563878
-0.5636006657291784,1.2135136162802265,-1.130008880978923
-0.6938748721445306,1.2106342171117643,-1.1835032438077204
-0.7145950305649743,1.2117230833421715,-1.1763233673620193
-0.6589987443426234,1.2176013113685622,-1.1056826847329395
-0.7861850497576197,1.228909992558627,-1.071067730916625
-0.9489084223045129,1.2518397435752169,-1.040883205715641
-1.0964575444305844,1.2871980408997814,-1.1222081503672068
-1.2448864227368868,1.3277969538257852,-1.3006808957484657
-1.3026583393523443,1.3661913083035222,-1.3676110557864698
-1.3185042280192432,1.3951969996125362,-1.3651288346450092
-1.3435079355516013,1.3971182926292853,-1.3895455944697235
-1.3292020653425929,1.35953898481779,-1.4376395446630184
-1.2122183404149627,1.3358391189494183,-1.4481444275825253
-1.0838515193482092,1.3281177147263064,-1.4618510388083361
-1.0219297776730418,1.3297726017091172,-1.4378245989905079
-1.0006723240629256,1.3298188065195857,-1.3396590613087949
-1.0350552555615837,1.3449074422601495,-1.2416017615833743
-1.061351182422578,1.3557841161980528,-1.204067359566208
-1.2238480947480277,1.3209184892956072,-1.1882072131015966
-1.2589825783291795,1.2352368344255658,-1.1014966909477875
-1.2651648485460205,1.1968325684682712,-1.0814889845365578
-1.370470132090105,1.2317130342210434,-1.155313525449428
-1.4625200120298445,1.2989481740266442,-1.1498723514604279
-1.440724336405278,1.3414231518209034,-1.1280211533776583
-1.5068024181103215,1.3419131196071683,-1.1452172131328142
-1.5245377192573037,1.3349559073203217,-1.054764732717171
-1.5504387297121665,1.3154415589777109,-0.9629614517343482
-1.6183266876933473,1.3167644853421225,-0.857623452147674
-1.7513067810223313,1.354931899272849,-0.6999135268649344
-1.9627786469990132,1.386250938155272,-0.6629595128653752
-2.0370825739315293,1.4311759961637072,-0.8488166669985643
-2.0562892026254276,1.4276761732723464,-1.0384746883770999
-2.0116292107891973,1.423497061450586,-1.0540906869338018
-1.9860858232815706,1.4119297832323079,-0.963251768009017
-2.0893068477608336,1.425388905498387,-0.8842579517224682
-2.1692178138954197,1.447299537598378,-0.8003257315101173
-2.205718662542987,1.4266728232623909,-0.7187888435392601
-2.0831097964003153,1.35471596708631,-0.7487652935848746
-1.8520826554912837,1.3071650451486538,-0.8414780669403954
-1.6063219065496526,1.324686701895074,-0.9739304147785192
-1.3507551110397056,1.3338893371470315,-1.0775586831302248
-1.1129178710638592,1.3469060251188654,-1.1426153127580634
-0.9992668863806035,1.3198610555946784,-1.1692698976330782
-0.8577370970106893,1.273286742096171,-1.0826877166400646
-0.8441569409534306,1.2445922601477046,-0.9644848549847033
-0.8424601024170895,1.2570802828298022,-0.8177838262197278
-0.9706249342738049,1.332593996014093,-0.6948603490614993
-1.1960252604344446,1.3863922620984708,-0.5864574470358594
-1.096324665311898,1.411220041517467,-0.7229907479280737
-0.966125837054474,1.4306279822267511,-0.9815303472123417
-0.9424931477374293,1.431634129815185,-1.0734528121915934
-0.7598681476766324,1.4195340378387986,-1.0183452301147116
-0.7775558837242587,1.520672306032511,-0.9307837006482432
-0.904130294248676,1.6462685703747761,-0.8824412597441063
-1.029754416431521,1.668288260014055,-0.8814902317839631
-1.022640977935182,1.6794962483537068,-0.9762860701408156
-0.8265226464924929,1.7150968747626087,-1.0734307644420147
-0.6868015627476663,1.746104559567664,-1.098465981307598
-0.6124930221498518,1.7926491668749935,-1.0289410698921113
-0.5707646095298446,1.896121580874193,-0.9537979607233337
-0.4807968480261401,1.9367865195259353,-0.8944711371814614
-0.42129990058112715,1.8099207478859716,-0.7502476668455459
-0.3289082584485934,1.6938364834885113,-0.608903706508301
-0.391966308895103,1.6681666750520832,-0.6942793026715519
-0.3606515578325534,1.6732424037213625,-0.8315673139881635
-0.2716486896516704,1.643079477415724,-0.834499556339945
-0.14060930865967544,1.6978236089679972,-0.8451868737054654
-0.12553776995117424,1.77498019966418,-0.8838832611825396
-0.21089458659924207,1.8299003947826158,-0.9762593953641998
-0.36012305456555055,1.7276573340190933,-1.0041571036252426
-0.3536049878087022,1.6373837572745833,-0.9533692054582711
-0.45775651014648017,1.5722576240462554,-0.9063033895887015
-0.44380404858262795,1.5885938351864526,-0.8583929940843541
-0.29947065899584474,1.5886754496976074,-0.7897444238024446
-0.30242357010625603,1.5812953063268191,-0.8428942363957395
-0.3230733263055091,1.6280788514380842,-0.8550118895418539
-0.39714375952377834,1.6791767028853068,-0.8803686074699641
-0.5332245351252803,1.6985935780785881,-0.9135183886902175
-0.588340221303733,1.64107329906039,-0.9132645608868787
-0.717348250558956,1.5893156490922598,-0.9451782136492192
-0.7751889402688893,1.557209603932399,-1.0049149714166068
-0.8074159405052925,1.5370433737438078,-1.120584368273028
-0.7180490577376715,1.5170850559627003,-1.169352202384225
-0.5649001931069104,1.4720172088412489,-1.1559899257421773
-0.5304613798114642,1.4278345823549594,-1.1119961947329182
-0.5462389864853686,1.4107854766042716,-1.0911556201390482
-0.6562548808023133,1.4082760765810516,-1.0692289982027199
-0.8181100465083803,1.4058375336400484,-1.0325743346194223
-0.8786518122356896,1.3794488734970294,-0.9619326894312232
-0.8232388155141479,1.3594638205060765,-0.9356539409497973
-0.7981891672604694,1.369454316586745,-0.986657005130623
-0.9159652656436734,1.4181799799890729,-1.0066804958725262
-0.9325734583053452,1.423700409666036,-0.9001606617042532
-0.8160132465988453,1.3506392811226056,-0.858521369688471
-0.7114874437161478,1.2725536326809326,-0.950915284311007
-0.7264490412200522,1.2713509371492313,-1.0697134592353612
-0.8403565138919715,1.3070776872902985,-1.1523377843653704
-0.9121808027208803,1.317636829688874,-1.1826642115734067
-0.8968180489844774,1.2735400507418009,-1.1729905020881706
-0.9200492428866083,1.2465991902517004,-1.13676877332722
-0.9562580401718004,1.2549476294079684,-1.0460644683014588
-0.9115430590450192,1.2739239529883524,-0.9584390958133294
-0.8727064494099804,1.292035855500004,-0.9590867134212676
-0.9561855639422503,1.4367808666114168,-1.072618120113586
-0.9819470018669095,1.480471326017462,-1.1481530449487962
-1.0105661608753134,1.4366083157352603,-1.1987754283204373
-0.9576069906950682,1.3763247460520767,-1.1955917409705379
-0.7251708898009335,1.3403280620472076,-1.145514204794257
-0.5452296097213035,1.330597404651302,-1.0898466144647745
-0.49632981786534336,1.4235080856966404,-1.115401455540917
-0.5034241188018013,1.4851200764416335,-1.2179553742693108
-0.49381338049031437,1.5110015408667021,-1.278719829256043
-0.48144547583807257,1.5162590931488835,-1.3208661407285869
-0.5344078445108553,1.5074494581886189,-1.3611103991210973
-0.6484485880961376,1.505080820509825,-1.4107359253061846
-0.8151962656895907,1.4995276295163182,-1.448581548480491
-0.9143217532356819,1.4277439440095847,-1.443735084752938
-0.9257281477683017,1.3745714274175105,-1.4095075472467975
-0.8788963761371049,1.4031140911383246,-1.3756286038598773
-0.8943191386248568,1.45517304950274,-1.319235321501739
-1.0653655652327185,1.441840389904597,-1.1637523948029016
-1.2939109879884938,1.3324871011623483,-0.9329345267652749
-1.4218501837426096,1.227402139640821,-0.8305784139261617
-1.3739230390415254,1.1939431055363334,-0.8703861073713027
-1.352474320661102,1.2107577785099757,-0.9264264515774899
-1.3696078519012973,1.2271747512376103,-0.9813690181982716
-1.3851014967771658,1.246281270531768,-1.0742739501886138
-1.299069899168958,1.25663937150196,-1.1935076645142217
-1.1702922444572612,1.2487988490009734,-1.2549909995993043
-1.1477431819658732,1.2247890815388383,-1.2228768271507213
-1.169743515249874,1.1971816213247284,-1.130768037553506
-1.2022610020540396,1.2299632190093381,-1.0564230781418542
-1.2232318565255484,1.2732333047676547,-1.0049357242766486
-1.303199516060757,1.3000640314113903,-0.9252169431157764
-1.5118967385233042,1.3424120249212492,-0.7534041499799448
-1.851360023510631,1.3748392129774605,-0.5262126650163417
-2.0528076498228054,1.3568011684382009,-0.4380741794603127
-1.8759960664551572,1.3298577138344845,-0.6222511166661919
-1.6730723112928927,1.346000450291052,-0.8926387444162006
-1.6234694686859288,1.3999447073234574,-1.0613104200296424
-1.705166727464922,1.4346313752600934,-1.156122545840814
-1.8232170372884,1.4288720646666426,-1.1833137437337005
-1.8579576828857525,1.4381125386593963,-1.1758596584415233
-1.7193356616172317,1.4397763144122817,-1.2015313545633735
-1.537322533718848,1.4286344452726927,-1.2909761046125112
-1.4675609075878795,1.4066102331509334,-1.3764147760785748
-1.4464167111831836,1.3737252570653358,-1.4050473619298511
-1.3602759687280912,1.349985168338598,-1.4062813793428688
-1.3069758164129728,1.3428960137490948,-1.3718268271516074
-1.381028912499246,1.359348401173701,-1.2721251150855004
-1.5227271225838084,1.368118682597918,-1.0793384405488222
-1.6820466372638339,1.3340727976611775,-0.8983074541724799
-1.7364917153294115,1.3092347760475445,-0.8504804156489748
-1.6195406836343131,1.3274543853689367,-0.9055958166624776
-1.5104554897272808,1.3385710309872398,-0.9382665085507015
-1.5228774857621579,1.3320498347532153,-0.8981921566615365
-1.6726490833998966,1.326551166420712,-0.8333465723809348
-1.8301848415734772,1.2603925228702355,-0.818983397364471
-1.8201983937516473,1.2671783172055813,-0.9444772952406386
-1.6031577481324122,1.2508171589034618,-1.0929041113926257
-1.3705586074459477,1.2439216444886456,-1.1678897310034504
-1.3271026793085305,1.2665587085041308,-1.1100430671909969
-1.4648331592074064,1.297396017896582,-0.9670458310693959
-1.6953478980410788,1.350944610574486,-0.8504593858519564
-1.869962982864359,1.431774999145186,-0.8181262242548254
-1.8422284457899158,1.5223315107685136,-0.8526224116358968
-1.7206505579557003,1.5555572499592125,-0.9142284533656357
-1.6207677704197359,1.5277905525657631,-0.9719789352235061
-1.5078799052317713,1.478356261247658,-1.0039342589928817
-1.4627956257516583,1.5088929181632973,-0.9529025781260647
-1.5377677057108101,1.5890614543883315,-0.8437504744749375
-1.573610091834232,1.617732910843197,-0.7342931980586996
-1.56527973520756,1.607256985115866,-0.717665845375836
-1.4977794505787538,1.5992188239061407,-0.857365938220037
-1.2792515564464852,1.5512015197873104,-1.0157054299698443
-1.052145153528966,1.5214416098714743,-1.1405182521027313
-0.8920296813215064,1.503697442045216,-1.2013419351785282
-0.7972406190887641,1.5125288586839936,-1.2393725186847016
-0.8463098389810557,1.5694076824325538,-1.3479102350963659
-0.8378468408072373,1.6208104644328554,-1.4336832264774766
-0.7395139935600457,1.6253200184438763,-1.419873400284963
-0.5294169677658319,1.571484980007453,-1.2858377880331109
-0.30533741153285704,1.4969532399747785,-1.1240151932908575
-0.27789763834250947,1.4835964210525405,-1.1082099229034685
-0.28004604370332375,1.4659920665513866,-1.141548507337804
-0.24377902395862944,1.4725199655709629,-1.150740017948871
-0.20329903578442618,1.511917262959876,-1.1323782600439252
-0.24542525894895917,1.5478861114003981,-1.090301668250237
-0.3606161104961741,1.5900779910224256,-1.021428498294266
-0.557659410585883,1.7193974380089068,-0.9878399229754037
-0.646001465665852,1.8138892252469367,-0.9750843427422687
-0.6005916731836985,1.7905920263601618,-0.9648583260525617
-0.6372492216127178,1.7694589624320498,-0.9868981974244182
-0.7235633049325568,1.7570402636708162,-0.9884647511221408
-0.766718398167401,1.722454915135355,-0.9291425103164905
-0.759182096241294,1.589313917203694,-0.8469821678962606
-0.7793054034998069,1.4679034456396531,-0.7756553015387837
-0.9522658326645652,1.485842836957096,-0.7527130303527385
-1.1489300963023747,1.5348932061269798,-0.7900507665903168
-1.1511455026492559,1.5539506342013376,-0.9083367567548252
-0.8656138605924053,1.5169296272574473,-0.9911428528029784
-0.6298223532257957,1.4407837420270972,-1.0560837305975725
-0.5566793576168029,1.4374550348652577,-1.1083267318434304
-0.6398332313091404,1.518957912257614,-1.113909024365945
-0.6993677246908234,1.5474327464477389,-0.9882549533762187
-0.6026613195924317,1.5297457655861755,-0.8013714820384024
-0.49283543510665057,1.5182287546399418,-0.7710040766532268
-0.4880688271962866,1.4915072111451133,-0.9244782104771909
-0.5233946263313779,1.4437741195041105,-1.0808245526375284
-0.496327454079756,1.3804318839882481,-1.123558727085506
-0.42354705420915745,1.3691161409529127,-1.0960709924151155
-0.3858704280597852,1.381233050350497,-1.055752323653465
-0.40351714320842913,1.4082848652194062,-1.03391025052665
-0.4461785750477487,1.4379802258957521,-1.0478195486630573
-0.5175225369826323,1.467017904619537,-1.052144412421011
-0.5817601724300427,1.4717556859942214,-1.0269472683405667
-0.6047406945477433,1.4352612178493955,-1.0111611796130835
-0.5731845746946571,1.3948396542828694,-1.0310493556079652
-0.596500448036595,1.3779968067242263,-1.0754954395544005
-0.7088361403200614,1.411357103733705,-1.0736730585932546
-0.980533499051083,1.4919537853783222,-1.0846607129180401
-1.1928276279743308,1.5773080007435545,-1.1365822446531626
-1.1245909211928498,1.617072467614443,-1.1836190455796078
-0.9180896405611539,1.5142676428531596,-1.1937480762702428
-0.7819037074406433,1.4353512691808745,-1.183649322276785
-0.8011497024210033,1.3697118191823185,-1.1811123098411018
-0.850832845846225,1.3357059429993268,-1.210655930753922
-0.7932357611853985,1.3618917358349947,-1.259247836978503
-0.8165573437991249,1.486700069627595,-1.3275774906912603
-0.8549594686027142,1.5636934049412494,-1.3056249504480677
-0.8331512522454465,1.533572196686813,-1.1507453526208042
-0.7547568720757402,1.4778332004229788,-0.9686169022077673
-0.7033366559575082,1.4617316830315514,-0.8980532536289877
-0.6631260912727301,1.425287685017829,-0.9044443508878891
-0.6450766639550751,1.373516473489871,-0.9559488717856144
-0.6426468441391152,1.3298882083819248,-1.0238890247743737
-0.6462063169973435,1.3409888469174203,-1.0942640886854964
-0.6302895189470209,1.4034311018192447,-1.1438428899609736
-0.6095514712305716,1.4744771154928913,-1.1848075304054377
-0.5997847260398914,1.5297232357295723,-1.2296158172856635
-0.622638958664885,1.5713845154983526,-1.2556801540616145
-0.6667746580683033,1.591469329096356,-1.2248486750164735
-0.6793367272787781,1.577007368229943,-1.1447364532388842
-0.6574743818613563,1.5547111126876725,-1.0780878248128363
-0.6212968360489244,1.5159414478101012,-1.0639706495479886
-0.6373701084629886,1.4664124355390362,-1.1385889599209587
-0.6634666775554117,1.391040850295527,-1.2743351364713424
-0.6367848978822204,1.352103594153695,-1.422572431470925
-0.6677384361275086,1.3654193629830385,-1.5489950299219346
-0.6725435423107378,1.3962155523255888,-1.561298125440771
-0.640908314164201,1.4230953369864396,-1.4728340257037518
-0.617115489569871,1.404142539438733,-1.3355041238203433
-0.5834044018765973,1.3941237251593974,-1.2116672607004124
-0.6051675522021808,1.367706052430315,-1.18313193842044
-0.6931213580829404,1.333638139892954,-1.2485483114448708
-0.7718497860355017,1.310571141851923,-1.2757230710906038
-0.791597709687144,1.3176661662424642,-1.1936326840462903
-0.9229839000766811,1.3564770033979328,-1.1398781421984145
-1.102488162507768,1.3920972239530596,-1.1255884704826402
-1.314402734383371,1.398130427463936,-1.1843649101469083
-1.3530964155609875,1.3708267749318483,-1.2435281384669794
-1.3196031705641926,1.3544633503105743,-1.2750742961705028
-1.4324635505390952,1.34683560624052,-1.2975875418871217
-1.5486645664737264,1.345906956087844,-1.2812115418359702
-1.667532759577649,1.3311167908133015,-1.2688720979297217
-1.6906279673324796,1.3082610764733247,-1.2653562332316786
-1.615316256097839,1.2817530949055924,-1.2662419972414882
-1.5915945246893177,1.2613670253982896,-1.2915500135534697
-1.541025441332508,1.2611055273847307,-1.292445449501036
-1.5318188325126716,1.2872967480127033,-1.2710512515932233
-1.5998358640898747,1.303136395518812,-1.2302403182173685
-1.728169864065573,1.3244789934404526,-1.100496093729023
-2.0827939885853723,1.345689407295355,-0.8298591971437633
-2.5825799103931466,1.3689639696862852,-0.46701566977678216
-2.8519734005556336,1.3927442836056256,-0.2833127334372014
-2.9018104913463576,1.4613245916404562,-0.5082423565051902
-2.739734247734774,1.5521987721884378,-0.7662327963468089
-2.622942376856012,1.5002566819012462,-0.8627005654010796
-2.49855373450918,1.315922775568944,-0.8841368917175465
-2.380446453037367,1.2278350257294588,-0.9480447044044019
-2.3198719870348237,1.196550764143886,-1.040776708757718
-2.2228185721977303,1.1587023161821564,-1.0544830885683876
-2.2645399347538246,1.1360319246651787,-1.0582904587079331
-2.2626847444745435,1.1439306231196933,-1.061089862895522
-2.211985471177173,1.17771307423179,-1.1046665607188368
-2.2843325320535444,1.230640709901893,-1.1410885784008131
-2.4722536899194174,1.284499928251903,-1.0310541359378567
-2.8096482175804867,1.3521114713308124,-0.8315409472285894
-2.974299455818001,1.37555219225795,-0.7280652159314991
-2.824227415276283,1.3563249945463651,-0.7696516305731952
-2.569272541121533,1.3093313728788072,-0.8662164111238184
-2.3402863975150345,1.243674590969101,-0.924213072946306
-2.3401393205198917,1.2282797670461347,-0.9381791438716954
-2.5304212932157633,1.2676588477015023,-0.8676344643861044
-2.9167289408847066,1.3618842853791686,-0.7235938708177638
-3.323917324344322,1.4300039538745362,-0.5471236300649045
-3.611753703090497,1.5350425178718965,-0.4230908419182251
-3.6596656985664713,1.4834550728646636,-0.3344034462440991
-3.5981658544884243,1.4660487933711959,-0.32986035320118356
-3.5698991134820752,1.5068634990298169,-0.32310062847686216
-3.608908651308438,1.581431225030022,-0.3080104368214978
-3.864447570302722,1.6311458446237808,-0.17185118314781672
-4.3072544119038945,1.6110554546475808,0.1222147293190441
-4.572632221218402,1.6152791807217322,0.3055542444087241
-4.466509231610423,1.6005717324808213,0.20180982767968958
-4.2268361478258925,1.638385783816233,0.046378157911633765
-4.172251614634318,1.632180697107179,0.04494714736022139
-4.356883087594856,1.6602246089035797,0.1511766499591969
-4.704296056469956,1.6841376020639485,0.3735485699249826
-5.216445293330829,1.7293888941702578,0.6638293664363584
-5.446354187553808,1.7035670371795582,0.7647834622694981
-5.053906115227614,1.6771698148452658,0.3816956205124744
-4.378871132776649,1.620637536229503,-0.051257144532622555
-3.887999721973465,1.6119899082097116,-0.2713192194190871
-3.4935223589871014,1.5564551313912747,-0.4040354831685261
-3.2752021309088537,1.5756371636031985,-0.5465620602513624
-3.3151716733160113,1.5901159631867587,-0.5970486894889242
-3.586854515808773,1.5980121589858278,-0.36343236916774313
-4.016019491572455,1.534103967193325,0.0003123293868738965
-4.1110530215268835,1.4459860688405233,0.0968377387893473
-3.4672254111274614,1.343652777192832,-0.2766125505693177
-2.6488204763168715,1.278483103498862,-0.8166876254778197
-2.219777794695952,1.2601826406388597,-1.0931354437115082
-2.135503038513636,1.27952285597188,-1.1229955858084504
-2.201480143342937,1.2957616072126439,-1.0767649793034517
-2.342683167999449,1.313462255665007,-1.1037335580227339
-2.470533328915871,1.3675043594099123,-1.1722900632293716
-2.5395207081113327,1.4025581678902628,-1.1879447499022673
-2.6301634520609345,1.4571897489320869,-1.1385044306093925
-2.881173469145152,1.4769135217190255,-0.9796285839068177
-3.2755250340493802,1.522691315778232,-0.6805418021380603
-3.6169915351702393,1.5547712788210344,-0.4680910048627739
-3.714379401563783,1.6334895884882827,-0.481634721721468
-3.7265839313027125,1.713719573364442,-0.49686205456793076
-3.751395535744922,1.7582048425165961,-0.5104756985945519
-3.6618859318135404,1.6934962382992507,-0.49982187796669636
-3.626277541268714,1.6266510318443235,-0.47364154006441744
-3.467384651675889,1.6385904758278174,-0.49041663011114617
-3.163300674157568,1.656079380013123,-0.6310515752685784
-2.880432327168992,1.6295553989188836,-0.8104203909698756
-2.71315326419712,1.5354128785993668,-0.8033406056183189
-2.9912434368639347,1.541532510860169,-0.6690142058667224
-3.383647915223522,1.5751127094387198,-0.49530105808420466
-3.3141629900240788,1.6527130349036543,-0.6163171228459805
-2.908156272809556,1.6434914608007043,-0.8700557764325013
-2.630980769989087,1.6618082419749485,-0.9521763806898901
-2.600476105419486,1.6084504879674482,-0.8493587769892583
-2.868240767648365,1.6014388076165769,-0.7321502994618716
-3.167365813197173,1.618797430126737,-0.6477106454251009
-3.3439746034465054,1.6644014397667195,-0.6451499113161133
-3.485829535244229,1.7308710747924436,-0.6479841239611009
-3.7109696228934133,1.7126126979835816,-0.5576411039943386
-3.9272182746497313,1.6980048860008987,-0.3922523858130848
-4.019664192174238,1.6823804862091731,-0.2732427130349747
-3.9001069028963036,1.6940897962771415,-0.22334838782660418
-3.6658428847143023,1.6551601102768234,-0.27383519330325395
-3.484676295306466,1.6559745497183247,-0.4115196210793983
-3.4056464484241795,1.70368749173256,-0.4434147950554387
-3.381644652514374,1.726568840230138,-0.46421835487854923
-3.308625505866764,1.6296588922138515,-0.3863997741098777
-3.395792748232301,1.5730290064795067,-0.3095916143943871
-3.579563280932998,1.5777916643127419,-0.25388977924474143
-3.5937193461659667,1.5811276328214907,-0.30548241037192636
-3.5178761580674216,1.5811013125191613,-0.44662793199012946
-3.5307212977137734,1.5851687302368325,-0.48266010116473707
-3.591837305584191,1.5876705267882893,-0.3096975117915836
-3.6767467174566284,1.5708710741011507,-0.14801888398747295
-3.674022214839558,1.559084645757885,-0.11551187672501483
-3.8192625371553137,1.6798573979497102,-0.052624603214225206
-3.824118108103656,1.686398887600811,0.0073573885109345025
-3.6552193790184946,1.6249282030851702,-0.08500082141446008
-3.410696176459784,1.571045615294472,-0.20972249648130747
-3.3653911472214255,1.5533531003191696,-0.30313719771882636
-3.422341512525844,1.5280270894284553,-0.3147243181254152
-3.4500460117219847,1.4952181138993597,-0.3493690247492921
-3.3011558420812093,1.4943282390065966,-0.4239110603661821
-3.0012618176082717,1.5233497195869055,-0.5211814844644818
-2.8632673041437964,1.503578581973437,-0.46489529773051225
-2.9749205247001087,1.5351087777424088,-0.34235377505895975
-3.2209171659519216,1.612166910954583,-0.16146317524145243
-3.616616101397246,1.7411529226321711,-0.008332528938907163
-4.135789847873689,1.8243352831213695,0.21855809346681002
-4.65784033159986,1.803519037036632,0.5242764086512536
-4.939723075455537,1.7762111639043479,0.6822706793979659
-4.847694235318856,1.7070066443393392,0.6160863401118701
-4.633403080549642,1.7162640135856257,0.44482538234062197
-4.356259749558129,1.7535415595484607,0.28904350533429546
-4.043715838929138,1.9019355043618267,0.09621445405927208
-3.701968868841095,1.823564117487483,0.027864934017664766
-3.536038460491949,1.7361979664851652,-5.9152744972767684e-05
-3.6204469390151393,1.6411879043231885,0.08114618968689284
-3.6763308881992085,1.6040766528168378,0.10563078921583832
-3.4763902914282814,1.6215979292295986,0.016640782293579175
-3.2140396837707996,1.5998898717407177,-0.08184983534298303
-3.0386360957508844,1.582077757167352,-0.10368242648948753
-2.930678178951498,1.558187980992673,-0.06197872673822766
-2.878030391040597,1.6662820856574767,-0.18175835479041846
-2.8633079053336696,1.6824917368384442,-0.34521564844976
-2.824904512768572,1.6422450992871644,-0.4976599835560812
-2.777089275931025,1.616402423081689,-0.5989927506840476
-2.642166565501085,1.602910675937971,-0.6767010948438068
-2.4936406817725603,1.5960427224876919,-0.7009526976427217
-2.4171507413295688,1.5450447225404118,-0.7164184119732003
-2.3889041030095575,1.4964389487458853,-0.7551611322518953
-2.410498224206132,1.4922471972218474,-0.8008988146648107
-2.3294777758115117,1.5039676786999714,-0.8204842177776268
-2.2237952858361165,1.5750295638148282,-0.8475268297950652
-2.105589611306116,1.6241909194688664,-0.8883230533952096
-2.004096183073703,1.6239848997650241,-0.9160905466314234
-1.9178445245742126,1.5788410051190926,-0.9611605728200362
-1.842171694756025,1.4878735364845532,-0.9630482524463567
-1.7945670649237835,1.4432469798267051,-0.9870964538984925
-1.739490190060291,1.4243268089540961,-1.0100943923461103
-1.716685516771151,1.4435679149691427,-1.0118760593154528
-1.836659132673627,1.5215716300896873,-1.0154159233527769
-2.092292796278159,1.5723561002176185,-0.9996466100640435
-2.327540291359143,1.5939960527144166,-0.975458406129979
-2.562874420463913,1.5858703701098456,-0.9626503422508335
-2.7658153228977143,1.6337662903683148,-0.903340119168107
-2.917297852481252,1.678679798251162,-0.8212364477314558
-2.8872948494239172,1.7100790037051246,-0.7616534219650254
-2.8343442024580034,1.7003549816042993,-0.6634870022570474
-2.8277594065448524,1.6591826952419197,-0.6126928930009741
-3.0386772505368795,1.6347482582687076,-0.46885932601060903
-3.342404943459327,1.6093702363835245,-0.2636906104085514
-3.4409311019804143,1.6101899850223336,-0.241010937527155
-3.177251072317504,1.5594806019713128,-0.41187442344213565
-2.892836287058182,1.517065508753779,-0.4565345086331103
-2.8411948496055555,1.466722578986485,-0.36411228825599307
-3.061501115811208,1.4570057925959274,-0.3203317358565338
-3.316367514513299,1.482202969878437,-0.3863064227353333
-3.25238503846048,1.470663004120733,-0.5821202229854875
-3.0314158374186952,1.4497317382848676,-0.5590851065676634
-3.0106117628874314,1.4232496803625616,-0.4379325814380463
-3.176005912351081,1.4608360408310155,-0.396075587575811
-3.4542421421744196,1.498987291218544,-0.32816783587138676
-3.491322370159418,1.5568608277354712,-0.29652241617439146
-3.436652380088465,1.5432692011595257,-0.23965699248832226
-3.3013729690809317,1.5182968664081056,-0.3100396969672614
-3.16996802194574,1.5208386413525947,-0.4865837821554844
-3.0194513696162804,1.5302070867425097,-0.6284929945035828
-2.9748205078412298,1.5389385198260086,-0.6790889093443128
-3.065522343005407,1.4884992941058064,-0.5497010304759578
-3.266131229854252,1.4708071559008502,-0.36402929106143
-3.431886489503808,1.4949305429416515,-0.2921600639129983
-3.391859307299077,1.4973009958289945,-0.43032184772181037
-3.1213805725323764,1.5163891937903382,-0.701049562127453
-2.8535489351081975,1.5184510852050206,-0.7330453197168517
-2.561400236541684,1.465667357302896,-0.6854154022908909
-2.416739488836916,1.4156800649449974,-0.6151038596888624
-2.5606373574839294,1.358241683500327,-0.48427517288702265
-2.865986000242657,1.3874342267310236,-0.3658697583238372
-3.1364841849594653,1.414807009702162,-0.2739116770221189
-3.1869931986542874,1.4226600685098394,-0.2858601738026994
-3.0528476902419808,1.4308153203986669,-0.4530481379889074
-2.8727089862239246,1.422618059564812,-0.6636490151288416
-2.829748416237402,1.403342652871091,-0.7405393268090065
-2.7704707420293917,1.3856416745003328,-0.7256950052019003
-2.7543231948242233,1.3851365426298414,-0.7335525864564717
-2.7308147184776472,1.4379741612506793,-0.7448867829525277
-2.6960012962985402,1.5110030334367435,-0.732534840329292
-2.655466707920396,1.5832454631357156,-0.7036645213374496
-2.760166568627167,1.6126872377188677,-0.6310677749181274
-2.9519242895263096,1.5872942536955292,-0.461706585763581
-3.162612478676807,1.558814214596055,-0.2567802624766022
-3.3237044278384937,1.581666754016835,-0.23001919002931126
-3.3173280906028224,1.6013141659679866,-0.31277686537399746
-3.2204186167059445,1.564960707799248,-0.4194138042681144
-3.109778881455266,1.51992172921631,-0.46136112067571955
-3.040993835832094,1.4868414087344515,-0.5115381852268759
-2.9364971607310597,1.4888724104996716,-0.694586365935918
-2.8606668259691976,1.474740123417826,-0.7451010757059194
-2.9279839877997733,1.501616972910258,-0.6774804075036964
-3.109251827536842,1.5692063689228761,-0.5273714219851879
-3.42700728995984,1.6061656485902414,-0.3475079978601149
-3.634376029180812,1.6151012405808298,-0.16164184172204918
-3.6595490397690607,1.620123528762067,0.01817890470968424
-3.6651175185566593,1.6724170198047876,0.0985102667633156
-3.8068500291349614,1.7213131387132474,0.11632342147038209
-3.903362315531184,1.6919411333323637,-0.01260129972947798
-4.078818435309558,1.6562159136779644,-0.012885092382252019
-4.2041776376115925,1.680729121261843,0.16484562189032856
-4.331544909090401,1.7381768735197458,0.2997343255842862
-4.3571310008727275,1.8276291265910805,0.3643503113644499
-4.304262081513828,1.8369751940381358,0.3832735198093056
-4.199819135920001,1.7707827595421162,0.3209667525470535
-4.122490984827256,1.6873045781267118,0.2248022619907071
-4.116461186271875,1.6099111477377124,0.11671650508237169
-4.124097426486553,1.5441999204213817,-0.00853919857518328
-3.9908131349298936,1.500804366682519,-0.2219650562935389
-3.7836702208834416,1.476081761355296,-0.41445782861784514
-3.578269615350752,1.4439886189648836,-0.4849376022685357
-3.437856005488355,1.3745494752123955,-0.4397317325776742
-3.3613739177603303,1.2866437635738674,-0.3095967900100977
-3.2422863905613366,1.2516199755355677,-0.31036729263898294
-3.215998333132886,1.3003602553632354,-0.4547778308855683
-3.175256109323176,1.3915847766870046,-0.6046303763681581
-3.362262086078183,1.4467392410063271,-0.5035514334927421
-3.5979197244744983,1.4832141757930004,-0.33151268175018817
-3.901372640506584,1.4877986076090826,-0.15720923572488718
-4.104609475213519,1.4878407026539255,-0.08618715383651097
-4.270546373695324,1.4706299698208345,0.0020987039556107307
-4.295537369419526,1.4494882211222602,0.09866801802433972
-4.2217983097186025,1.4401277221027153,0.0799439575781489
-4.039841582732859,1.4359576258198097,-0.046465099481283995
-3.80224363339836,1.3986227889544882,-0.20948682965357485
-3.6044222113065674,1.3738852845324199,-0.3894889949141911
-3.45550986169443,1.3811042692085538,-0.5576248081505553
-3.3875762985896873,1.4133192701753734,-0.6621609329400522
-3.382304115888818,1.447984674420753,-0.6724581612418367
-3.5334232543519124,1.482957595855933,-0.5247441076833365
-3.783879279703031,1.522083060586423,-0.28800501752580243
-4.022513965010521,1.5584293981884774,-0.047799830909234876
-4.135635374546275,1.5947750325384364,0.07073283453717757
-4.317107759894007,1.6380035987854271,0.21612432219396846
-4.624875519567624,1.6386913619438939,0.45898106747180295
-4.837056885654903,1.6283129474287155,0.5613173968486448
-4.766107223791114,1.6456726791710403,0.3891586762770137
-4.513192684416207,1.6574397753618493,0.20978468675679626
-4.312532964351972,1.653652070401426,0.1722671700132062
-4.239975033719965,1.6325911828305382,0.1848476638818991
-4.422463355789087,1.6151932373957143,0.3359104042326157
-4.7896426820572975,1.6173944819727055,0.6056896851516766
-5.1836758113194135,1.6662897840108941,0.8790143737041712
-5.581593828995159,1.7650639617274428,1.1523925292266086
-5.848897570163173,1.870953994643788,1.2946041596946807
-6.168526959123437,1.9019984885359391,1.4989527408137278
-6.06147713109569,2.12317698014021,1.711578232116823
-5.3283899570850535,1.6211186503176798,0.8934149274662948
-4.379344292158601,1.6186894822207332,0.32035727882683435
-3.8864863002458856,1.6302291632666832,0.13838012230007604
-3.9559055930265203,1.6468915234360404,0.31734833644808386
-4.6104519997280295,1.6605514353084159,0.7814562002745894
-5.246575209042673,1.5852934232428129,0.7640667408691416
-4.377273490602068,1.5556455247729006,0.026848480977385413
-3.562774959254081,1.656550116103865,-0.4214416851072487
-3.0583645526938112,1.750537638206691,-0.4917289886688984
-2.960095385203408,1.6714200819388594,-0.32094555290042415
-3.356520904088285,1.485497336674679,-0.003914217026398404
-4.005106149560296,1.4051263721139449,0.27203235821056215
-4.194508051390447,1.4222013950916463,0.13910599728648
-3.6775691469148395,1.4000274519496283,-0.34469116934557253
-3.005843775287413,1.3539500009470513,-0.7414619427314884
-2.514572777926476,1.3304717235999093,-0.9078229831726827
-2.1845748191106207,1.305669308419339,-0.9146829017008974
-2.1432410847176415,1.2733510068243687,-0.846812041013109
-2.3881682693285393,1.237893745566741,-0.724138748461678
-2.5908160174965897,1.2135967354323596,-0.6120722574633078
-2.679414976690069,1.2174592325770772,-0.6151004725258298
-2.741744939322917,1.2564726522153047,-0.6707474542666013
-2.7534554452938496,1.2978286362170879,-0.802167133068804
-2.695211307274823,1.3087917703116578,-0.9708146368961316
-2.5870089022047544,1.3065944095670794,-1.0659393398903783
-2.5508802285711965,1.2533997220807105,-1.06544420823555
-2.605926512965144,1.181666752743142,-0.9800513838464393
-2.62775218231872,1.1226006607564798,-0.9366577143366942
-2.532742830269765,1.1219629665022457,-0.9561929603113887
-2.379088394302829,1.1386958380734273,-0.9490576968042093
-2.331893492336979,1.151555492916338,-0.8984676836755999
-2.418544708042144,1.1919539187277939,-0.7998781225725154
-2.726264787049985,1.2508675756221588,-0.6846245363272095
-3.243774169795861,1.3234728332444572,-0.5379740463622732
-3.72303142058387,1.3672986109444458,-0.3934834645911266
-3.9113627191696203,1.3579609866510693,-0.38215299759600774
-3.7782206217158003,1.3405794564675708,-0.49094522130125484
-3.5588714895411404,1.3516244409203104,-0.5343265855871298
-3.409808398452712,1.3937237833330838,-0.5595922882365012
-3.3300533311548626,1.4193243286938584,-0.6573592153409787
-3.323330478970751,1.3908721291868855,-0.6871776278802534
-3.5740965983598443,1.362719793548193,-0.6087125903999422
-3.9438837884981544,1.338401116286223,-0.4199793071331531
-4.043210836526862,1.3067271389112802,-0.3371810476618928
-3.7520399379119116,1.2774022557524254,-0.4747687349953005
-3.4744252737289902,1.2683544089058196,-0.5828347936822538
-3.5209089825778412,1.2604104875707252,-0.5148559589328849
-3.738640638570135,1.2640381328230188,-0.43595180676201456
-3.773472186942206,1.2575766900951197,-0.538528192582083
-3.586111381681076,1.2985381326715864,-0.77172297356542
-3.4016008398315676,1.2917100101451113,-0.846589343557236
-3.426814285621222,1.2976620918033124,-0.6942419861021855
-3.649122165424528,1.2926996934875963,-0.43800330859414416
-4.009518762503625,1.2600803256680464,-0.22303642551907252
-4.321175097157016,1.257544249184454,-0.17558351628973748
-4.315028396728591,1.253222814720145,-0.36556959071200845
-3.951626696791077,1.2273704763137707,-0.6869886028746337
-3.449972777093063,1.177632257346346,-1.006158137218541
-2.9555810610372233,1.1246618825797652,-1.2849565627697304
-2.587561370886707,1.0652978590988231,-1.4672819473097323
-2.4699591670300247,0.9603574377566875,-1.4716137036473833
-2.585119263183896,0.898511068441951,-1.3177879957414074
-2.810062374977245,0.8586947089662577,-1.1071916992535975
-3.069025332385316,0.8446165610086614,-0.9032186611514859
-3.1962140166000768,0.8534324607301056,-0.7230766644778304
-3.130943564528427,0.8615347279211002,-0.7004721603481374
-3.022397099675929,0.9061262432726646,-0.8181926032017713
-3.0300293361041306,1.0408826066505639,-0.8450841481581064
-3.2136718975872816,1.12937880096296,-0.6570649644079544
-3.591064059359074,1.1291421894393845,-0.3440464038693809
-3.9299653544616406,1.1216332788194665,-0.1444768826414908
-3.9962870860046875,1.1356152811571067,-0.2678950911119525
-3.8289720473949567,1.215173269476655,-0.5553440564619964
-3.55435886713731,1.259850312749117,-0.6346717182177787
-3.4454999456948263,1.2755356460806404,-0.5740123354138267
-3.452225437334461,1.278091904744076,-0.49240924726860047
-3.620778404745438,1.2648817983858545,-0.44972198562261917
-3.7714389588405886,1.222358401434362,-0.5126422172740627
-3.703913322455287,1.2411632135775688,-0.6977039967825185
-3.4915012060517063,1.2979632984174014,-0.9326320790821883
-3.2000480084269647,1.3851182677305964,-1.086572054188233
-2.9386720820229,1.3150139560693543,-1.090038982954341
-2.6846513491606,1.214201574836525,-1.0864458087175608
-2.4337405642682963,1.1366299492444727,-1.1357458655269348
-2.201671648068571,1.1275318227457098,-1.1761113822036684
-2.023344057471638,1.1708410131044775,-1.1831330393453585
-1.871541958270507,1.1914479478833748,-1.1864334014094005
-1.735830383423009,1.184434519092007,-1.2646713399625786
-1.6229006441596243,1.168881799277387,-1.3797892418560829
-1.4386374463100025,1.1746818872460358,-1.3996758415209267
-1.19771493932923,1.163765887016186,-1.3458255695767105
-0.9885748257097144,1.19663435516763,-1.3180030158080738
-0.8548559138724764,1.2191410644815224,-1.3164354181080975
-0.8574046260320214,1.2537455075947623,-1.3404214594502182
-0.8957356127199928,1.2118467728019806,-1.3056229576699372
-0.9048910584217054,1.2070269444140544,-1.2504490001545407
-0.8841226739326116,1.1883329498636213,-1.1925900594062333
-0.8394434611738996,1.1638598518027794,-1.1121408504782877
-0.8045722954163953,1.1325732076841573,-1.0283646013556604
-0.7663445654620632,1.3131149892819771,-1.0356344043390424
-0.7476830730293499,1.4302141169983043,-1.0522610064101994
-0.843836076089646,1.5211958218347084,-1.0610460317121144
-0.8011357042681989,1.4298543806053,-0.9282605803240005
-0.8829344822190672,1.3973189607501606,-0.9371563350377956
-0.9574907947477296,1.351648771840212,-1.0174250903248023
-1.02294221474036,1.336204694077571,-1.0860632783968016
-1.043861226996035,1.3401503898501237,-1.136084971570716
-1.0080928752424918,1.3391718962613635,-1.1693326729352285
-0.9004047344949635,1.3638399023066228,-1.1460618363416382
-0.7624908162524792,1.4088629710423537,-1.0734268117346615
-0.7382882496657196,1.3991202905329834,-1.0615011395016671
-0.771817272224625,1.3970458850130254,-1.12618457845032
-0.8759336099583487,1.3966305407439326,-1.2240120525102909
-1.0027338115773434,1.3763085917947144,-1.2359835501649006
-0.9993128074401441,1.303511236692723,-1.090922530660964
-0.9929883443674112,1.303805702472682,-0.9639269305077416
-0.9564454426599031,1.3451455075827181,-0.9550672506903423
-0.835232949917796,1.3533333914464758,-0.9592684083448677
-0.7359285877021146,1.3481015451854979,-0.9813796884654306
-0.6642279198845675,1.307480736007017,-1.047658384189191
-0.6871116281874883,1.229539229377054,-1.1430418704798104
-0.7270696751768791,1.1388046385231911,-1.2204576304690589
-0.6892932145860261,1.1176991782329644,-1.2160855096307623
-0.5877386299180376,1.144722097149647,-1.1406255721492924
-0.5453046374642273,1.1676286494463033,-1.03568034306215
-0.6186668186632527,1.1377576851123308,-0.9822913469648631
-0.729675419015184,1.082542078911398,-1.0106393238884472
-0.8512026059754623,1.1143705079113468,-1.0897352023327975
-0.9392723521366088,1.1988731762701683,-1.1687832401297018
-1.0008705934177706,1.3674944955318349,-1.2753243145432167
-1.0515300512945867,1.4069866244645055,-1.3510430386368815
-1.0386625850032252,1.3935127822013076,-1.4239466291674738
-0.7454688709984985,1.3453004466666258,-1.4607616484729207
-0.4948276005591827,1.2392036133816502,-1.5149403279741438
-0.22983675945705503,1.1293573947225852,-1.4669641835808385
-0.129738204496147,0.993716948089277,-1.3825895482189798
-0.19843465783666223,0.979998527985945,-1.3996264689365356
-0.2530493335388433,1.0045638278297115,-1.4427778174858723
-0.40829301469907264,1.039155855070232,-1.5535429465424933
-0.5231345666835528,1.0010084092908114,-1.6254285906987316
-0.5599967921277286,0.9080041769420004,-1.6198121730039343
-0.5682110153863893,0.8509615848574668,-1.5731896154980405
-0.5656831810843251,0.8316629662644043,-1.5586610432659949
-0.5604839374525606,0.837228993722633,-1.5450449648128948
-0.5674147535366654,0.8481047899861917,-1.5185596979488616
-0.5072299353331406,0.8840832834427497,-1.4739739020024656
-0.4333171034486562,0.8626354413512991,-1.4398480968630127
-0.4152778366498618,0.7915937804441433,-1.443147767650771
-0.3549372612902471,0.7000622719056245,-1.462660772831364
-0.2956997324719434,0.6552774137939738,-1.518720275634305
-0.18519545191002978,1.046558331798728,-1.1595941227762008
-0.3612824096010227,1.0045329997436874,-1.3193706279386246
-0.5682358759646372,0.9858913045170371,-1.3867654390210316
-0.5855596573685445,0.9639081395958087,-1.2811594584912487
-0.5285202211425021,0.9700672135335543,-1.1218779777437902
-0.6254857947530963,1.0386357309373038,-1.1067252887097923
-0.8749800154905464,1.1061120650475524,-1.1361815719837718
-1.0539803502072953,1.1772675467467035,-1.2046175490449438
-1.112059433731446,1.2450064262030385,-1.2529666402051636
-1.0181974195449492,1.2537465567492174,-1.189816243198152
-0.8069271714287856,1.2333223180819772,-1.0875179411081164
-0.660127310210981,1.193156522470995,-1.1332698942648383
-0.5606419552694275,1.1930620882208247,-1.2775813866411518
-0.5814534879110156,1.1265351994417965,-1.4656150034714452
-0.6066703985336411,1.0226512786029043,-1.6725569221709826
-0.6516227640378282,0.999129905064514,-1.7351919586615376
-0.7249336603018971,1.0297140944531722,-1.661125650321972
-0.7027573296410017,1.0750688201451688,-1.5783720184260825
-0.7177028816473273,1.055845735226631,-1.620990999843373
-0.7145777831553423,1.0212086519345471,-1.6782332673253701
-0.6992449299105323,0.986896407794988,-1.6868755240520354
-0.6814719216226586,0.9783233972527559,-1.6167352788056142
-0.664674135868585,0.9779052257468593,-1.5205751706584467
-0.6695808051964961,0.9781030152357875,-1.4919819413841136
-0.7075043373731279,0.9848584750203604,-1.485852531138772
-0.7870654730159247,0.9880090558082681,-1.53676956366248
-0.9075973270300346,0.9787506478006055,-1.6076868290233461
-0.9700273045066706,0.9273379695868665,-1.6180909111346409
-0.9957368757572992,0.9299571151882704,-1.5820404299342037
-0.9634270743595104,0.9981062190649463,-1.502343669426849
-0.9183062613778693,1.0273419561587278,-1.4429301053737253
-0.8167425369112304,0.986766791143049,-1.4259843764138949
-0.7003470990645438,0.9279368309775687,-1.4378556732946635
-0.7229872566295407,0.9762679746620745,-1.5182793344059622
-0.8614231435373074,1.0485934741734966,-1.5234317174643806
-0.9876706539430362,1.0917941387278034,-1.4825344354234427
-1.1520086592486591,1.1571364179351198,-1.47340929176212
-1.0875106654540565,1.175869039669008,-1.407300856992264
-0.9507684361035235,1.1295137981631678,-1.345258615367353
-0.7288014272972057,1.0145127544883954,-1.3433030836574407
-0.6037104729833723,0.9258008549388674,-1.4657333204258813
-0.629051787785744,0.8762298592145655,-1.5643669318704518
-0.6772659130074145,0.8539839364914916,-1.5511520021985594
-0.7595240087476448,0.8333641599890487,-1.4978266752520721
-0.8605817678227462,0.8115799753185826,-1.5066169392095066
-0.8837978639625663,0.7888916939830162,-1.541653194192086
-0.8923927204812352,0.7942920000959687,-1.533487146980318
-0.8838842276571508,0.8098191902350144,-1.4757553362899347
-0.9128826571658989,0.8156363869274376,-1.4034453785917824
-0.943652449199205,0.8095788188864321,-1.394824276358921
-0.9353748708685568,0.8342549049601912,-1.465721760481321
-0.9107368248048874,0.8453986685580571,-1.4493340610807406
-0.8888463291875881,0.8367527506572128,-1.297627839260586
-0.9205743441124887,0.8258240615681994,-1.2141470183836085
-0.9064843935862481,0.8086793207318418,-1.2838270299232994
-0.7848971959962769,0.7537077581063399,-1.3761251116655975
-0.6423450701781862,0.7130378538510002,-1.4041568440117955
-0.5371513486159655,0.7226121800431777,-1.3555078724724254
-0.49349681395428063,0.8057804140214596,-1.342334335291738
-0.573150928728393,0.8463359650110092,-1.3949746480404217
-0.713680633692733,0.8845954477355794,-1.430351170685641
-0.9598258609467597,0.9360690745290133,-1.42247111807742
-1.068155056113251,1.0184977014950454,-1.456637557326341
-1.0494389964701147,1.0052769224869682,-1.5107958332782534
-0.9607479019645679,1.0041784335573105,-1.4687995450706357
-0.7183836816689889,0.9630409804466266,-1.3625709564356348
-0.5923721798250642,0.9232010322160449,-1.3549500347604926
-0.542224924535279,0.8632675687958958,-1.3301482466895391
-0.4775827991034121,0.801524266881037,-1.3225551822290786
-0.577747967860019,0.7744284749240078,-1.443182657239016
-0.7563443348724638,0.7972106352809007,-1.6341502531281993
-0.9655616916281761,0.8744193992994076,-1.6948947446268992
-1.1333298123371986,0.9884975775627107,-1.6277415923726024
-1.1467533787134552,1.0103542524095168,-1.536586182694702
-1.064106626206901,0.9851358371850001,-1.4980054680738053
-0.9748803553184036,0.9369842863703067,-1.5110401157387692
-0.9753128446415049,0.8695875381140505,-1.5512200145283732
-0.965953315013844,0.8547578898352596,-1.579841457511649
-1.0270895869302947,0.8790528862412732,-1.603500256032505
-1.1660599762255086,0.8977771006842583,-1.5515639509574957
-1.223437412984479,0.856767212914398,-1.4264163322109382
-1.265143565068007,0.8616895339883309,-1.4068006040311625
-1.2562240776591969,0.8923073027370372,-1.398683978689889
-1.2503744927796685,0.9109580887614365,-1.4322519241759157
-1.2710003885426808,0.8959343534965851,-1.488672624966432
-1.2723567123804094,0.8848944255667448,-1.6033685563057831
-1.3739581090172668,0.9195483176274821,-1.6236360560662806
-1.4559786444438056,0.8891075147173513,-1.4518703647418765
-1.5136439556804464,0.8400236579784133,-1.340905213978856
-1.5708066873086666,0.837763722910234,-1.3310449960156605
-1.6015122241056376,0.8742129473724025,-1.389634916514566
-1.6792770702978295,0.9268609484118808,-1.3847459072573873
-1.7719115563126644,0.949518827068138,-1.3600427179035797
-1.7356192380546438,0.9203797742680723,-1.3428986557460758
-1.5724242487450817,0.8752793328485121,-1.3513087094038603
-1.46153842192471,0.8585017712957875,-1.3656965306148645
-1.5150457240851543,0.9185738839928868,-1.3379520916273533
-1.6260676233658231,0.930425508435405,-1.2938419822279223
-1.8021908822078743,0.9225958448134524,-1.3043577736939223
-1.9420509770471006,0.925115459233401,-1.2870121103030867
-2.029057147323113,0.951037555184729,-1.2537407827462363
-2.0548820263292216,0.9334715429470886,-1.2070067212677258
-1.9560800039788666,0.885206079407345,-1.2454968261944728
-1.7807593608911048,0.823993498129562,-1.315905687947612
-1.6573813934940353,0.7982994660295899,-1.3404558222526208
-1.5813276820967208,0.7676027241290313,-1.2517746369266418
-1.4789571741762764,0.7401272567820104,-1.2030534234829742
-1.4613560705301303,0.7432540072573816,-1.2573281885471495
-1.378282862980951,0.7703524182603219,-1.3423594071601277
-1.3103793084879685,0.7808865075292988,-1.3752565932334946
-1.334643515292057,0.7988309938567321,-1.3167742833873646
-1.411082658912272,0.8281987966258758,-1.235596489341216
-1.4857359748618775,0.8410497850820826,-1.1949088108606303
-1.4234778074057544,0.8130367323891508,-1.153272573401289
-1.277783297996043,0.7641035651508244,-1.1410582651699799
-1.2063494131409858,0.7523679914547853,-1.1646734593527743
-1.213239853377738,0.8203098146715017,-1.207659622204357
-1.240132329574881,0.8828032927540713,-1.2821594743134828
-1.2044148168370474,0.872898638612748,-1.342513056436848
-1.1414483892527745,0.8447388040765972,-1.3765610751863029
-1.104646800641481,0.8232104438366377,-1.4065156125391478
-1.1157016291237651,0.8133489881657187,-1.4508628048307526
-1.1394989766343597,0.8074036551500496,-1.4880249709515208
-1.1718263693886677,0.7928606709241826,-1.4933327902115177
-1.1742723544703628,0.7785734391881228,-1.4769714670814547
-1.1937275111263914,0.7738543934886853,-1.4459401026882308
-1.1765181967685092,0.7739544447717245,-1.4620561257204117
-1.1475081540495076,0.8001467652544485,-1.5255289069347424
-1.064762016466752,0.8230062098446546,-1.5288912578688258
-0.9387340121907725,0.8241894759606984,-1.4471948760324838
-0.8640228170041472,0.8007538906277594,-1.3757024252181191
-0.8660375264227376,0.7673724066005297,-1.3880953408444145
-0.926200888091198,0.7406656524252441,-1.423968376877322
-1.0113355039655463,0.7402109755312625,-1.503158222340473
-1.131524812580944,0.792609459655594,-1.5907205023300148
-1.2132631096658903,0.8750368461379366,-1.645186966585152
-1.2625068095989518,0.8946487189342942,-1.6822839735497874
-1.3146208525930152,0.863311674928351,-1.6987302377820932
-1.3797964188708145,0.8394580193865732,-1.6967259436279898
-1.4092057266589513,0.8295109172041351,-1.6699365372101507
-1.4229188927683765,0.8267101964166681,-1.5804436022477
-1.4578667899342699,0.8138082972484356,-1.4591050565209043
-1.4774175373424954,0.7624576848607909,-1.335225664175893
-1.3916508351517654,0.7014783078222652,-1.3309549471526052
-1.330019020359314,0.6949590829629089,-1.4440313310059376
-1.3713875774207491,0.7413005378625308,-1.5654441608600502
-1.4098382556346938,0.7764035125214366,-1.6706265700544771
-1.4038287376425538,0.7506783445952133,-1.7510618948016434
-1.4550556467893998,0.7070523761296194,-1.7313862743391186
-1.5919856110527546,0.6936019018586043,-1.5634069347365893
-1.7093158096155512,0.7038151904179935,-1.3918036833752823
-1.7229576590062965,0.7077712336776586,-1.2987068459096058
-1.701541789914004,0.6885824773727767,-1.2610487568720017
-1.8010103570881748,0.6602934125599668,-1.180801108200615
-1.9662344961246723,0.6357108709137981,-1.0780571073614456
-2.000084730550023,0.593715619931214,-1.0745701782113442
-1.8619326310587936,0.5468253590925516,-1.1719296965248183
-1.7177587097121167,0.5150939848581639,-1.2367694332573977
-1.721864840654044,0.5001092566003327,-1.1558116255998918
-1.8623284684632213,0.510158160747911,-1.0144040351856138
-2.030338637071937,0.5254495301170071,-0.9527840811824052
-2.0923747635455023,0.5333297376111631,-1.0311781549943015
-2.075542480584711,0.5555452961258696,-1.1405941922473215
-2.1483809529800655,0.6433597057608088,-1.1234685811313079
-2.2781785004244237,0.7272969390853194,-1.0314068563964445
-2.3322668491861425,0.7484789059241541,-1.0133575391673086
-2.3425016113137107,0.7380882278874079,-1.0319249126837573
-2.3268590951696546,0.7334577169305933,-1.0378262579176445
-2.2879830962477787,0.7452291664101723,-1.0601566175188342
-2.2574760111107035,0.7675423226619634,-1.107568524036882
-2.2199777333986797,0.772089819002708,-1.0913541255538612
-2.158982697859684,0.7612567358071358,-0.9936168453716601
-2.127711987134895,0.770427907772899,-0.9200689084458532
-2.1639013792910045,0.777962013007478,-0.8688970698334455
-2.239712989924326,0.7793986569644682,-0.8313463665079778
-2.327679715358559,0.8171412003514384,-0.8984264855479317
-2.41063415888783,0.8718336313589905,-0.9897162788254191
-2.512292581815231,0.9213324087854041,-1.0003386370501928
-2.699080057924978,0.9466560739275802,-0.8737110017696343
-2.8915581657985086,0.9498833034575853,-0.6562380350687024
-2.8296014517498658,0.9056895079089211,-0.595270106590416
-2.5218581342163175,0.8254785259867585,-0.7224215590095194
-2.2512234734382286,0.77641060026873,-0.8452957407066677
-2.136070664703483,0.7346235377867177,-0.8569362333227354
-2.1070028429732055,0.5608998111305195,-0.7240175727731005
-2.760790402275814,0.4653906706030644,0.6107599609247547
-3.1103765283968694,0.8342733813320785,0.10267004706997312
-3.3674370261895032,0.8989239911694878,-0.25023768874688784
-3.641622846217821,0.9126572292863406,-0.09522134206374615
-3.868874365338153,0.9468126489587405,0.03802938921212037
-3.956827803453218,0.9753049636013297,0.003008776718707555
-3.9786965613095813,0.9857741859579646,-0.04706129806056342
-4.0237828251982455,0.9850974177348523,-0.0443082120214297
-4.02873565733679,0.9892868294598469,-0.033829502427651086
-4.000499024477809,0.9923424773945072,-0.06797384834006527
-3.9341956649496455,0.9947445685052259,-0.17634985990161545
-3.8126186338687584,1.0037807087317963,-0.34229803077223864
-3.656980434611205,1.0070754730342972,-0.47186505842911086
-3.5625017547607984,1.0082234503584444,-0.49320962461596796
-3.541978272401988,0.991492353651923,-0.40117202058209195
-3.4971083629446644,0.9586113629166859,-0.3304461442949055
-3.4125853232488415,0.9400068853021927,-0.31940617412666117
-3.395007184592837,0.9571619035363512,-0.29148052546228154
-3.423173996529248,1.003437731839247,-0.25101082435456434
-3.396231101612865,1.0345804682124518,-0.27995183849525124
-3.357797647346223,1.0499464271985386,-0.33969131469632696
-3.4307831601611385,1.0691382425745015,-0.3352497785723441
-3.587435511861042,1.0969736589864072,-0.22830363651057495
-3.690542012804399,1.1028737331037335,-0.10928642718251055
-3.6585885414451473,1.0865242076352184,-0.07323725639383355
-3.5519161596789233,1.0918768938386303,-0.0554470156240924
-3.5789383249289,1.137794017834485,-0.029770571944979594
-3.701781080927697,1.1937014697931805,0.004674411172007965
-3.843191484478967,1.232367316510233,0.008037429661217892
-3.9011863921573364,1.2337814237689455,-0.0781426761927221
-3.800158996662175,1.206819608721858,-0.2397309111010879
-3.6465076973373405,1.1838946546637252,-0.4002579950206774
-3.5365748031869155,1.1782952178404744,-0.5263994838635303
-3.488138878960068,1.1810092215235644,-0.6116132322764065
-3.4967151636750504,1.172568695978451,-0.6067846414142305
-3.562053807542011,1.159796648434194,-0.5114474979449898
-3.659030966688328,1.1713506605200465,-0.3804323423699282
-3.7798444420970436,1.2010061951666389,-0.24041533610956858
-3.9035701406931955,1.2310190689873686,-0.08640876858040437
-4.018131591154183,1.2508216426369478,0.026888889756705704
-4.033517642236736,1.252917395393117,0.026549752422330968
-3.904398561062784,1.2306967654686527,-0.13525216078836505
-3.680977596930867,1.202162385104566,-0.4073040852953322
-3.4967440322923866,1.1837821719117014,-0.669720360251224
-3.3777965521552926,1.1660551643194361,-0.8139232820988197
-3.2862974530297797,1.136260185492993,-0.85529212453659
-3.1606529786890123,1.1125130842234527,-0.8426147938612727
-3.0438697024286734,1.1154809376270272,-0.8462510153679034
-3.043620097598383,1.1094565451320222,-0.8700929740009435
-3.1732242956186325,1.0922816318765853,-0.77666701620332
-3.319470231147406,1.0622435789316862,-0.5248572716546955
-3.3886507500852927,0.9974056908818768,-0.3041845722159494
-3.276881215472061,0.9181821342741685,-0.25729246421815744
-3.002321797375676,0.851836611403598,-0.3889521504270484
-2.671792425544437,0.8089891356070719,-0.5770515468731708
-2.4840332417627207,0.7921922636083734,-0.7078949615122712
-2.5111477026662294,0.7913864206063835,-0.7204963757232931
-2.6631032145573754,0.7634595222649141,-0.6093485464066981
-2.829860354328852,0.7253649041495956,-0.4590364579164463
-2.9035378494093895,0.712576237329673,-0.35186718380036547
-2.989923061352238,0.7537499273166762,-0.30997066032783666
-3.1461035605753502,0.8137409824048063,-0.2655624597121483
-3.2502408892860823,0.8384983042007698,-0.21580350293671494
-3.3268720924108877,0.8469092601199668,-0.1935787597341402
-3.524948878173583,0.8966937544463567,-0.10667514814659644
-3.914444406705818,0.9858204386216866,0.1143576273417616
-4.358926105994194,1.0385115373585552,0.34551633250790664
-4.5648365655936916,1.023953224080948,0.4325693379378742
-4.550056341283343,0.9969014823547676,0.40251921078000846
-4.488819739273194,0.9900462987066145,0.36319510433929997
-4.495707289489976,1.02069331745528,0.381972006749058
-4.671976604690202,1.085931328575628,0.4986448873365023
-4.9580512156358205,1.1536139948600646,0.6753915011602569
-5.2713367134222535,1.176988707510673,0.8312318752912283
-5.467166626665989,1.1522505751376513,0.9258222834452199
-5.393120995656333,1.088136129897816,0.9406486880499411
-5.016401327730609,0.9818829752316829,0.7818533265492994
-4.41064048794053,0.8611268966832935,0.4475039301216066
-3.8800022906303773,0.7660271004098754,0.13132610429569447
-3.6587795512993164,0.7109786447953785,-0.04325557008180115
-3.5874935580791667,0.6779070999750945,-0.13894896256420342
-3.465443986339706,0.6584778647408793,-0.27313309783003553
-3.425062002683173,0.7016438404524591,-0.3680257633595712
-3.7800117283012757,0.8105414909188016,-0.10719912720194447
-4.4620394220874715,0.943939146705004,0.4265771073770587
-4.9009639613138525,1.022402419932729,0.6864432862224027
-5.025127183616129,1.0415845659279097,0.6675370511095902
-5.091799565979112,1.05948752066505,0.6816704288668807
-5.173341809353881,1.0791770739471365,0.6798882137643304
-5.28795020050547,1.1170366814895736,0.6857865860425644
-5.2683006764238955,1.1551839186063677,0.5973130118349009
-5.10302495486246,1.1574007698463304,0.37049028037703663
-5.053031052084869,1.1331957811650952,0.35656270226850423
-5.0198989001364795,1.0792698466935642,0.49263485184148853
-4.704202122535595,1.002379813136921,0.3752999082709771
-4.543270862051203,0.9956196395006781,0.2538678869775222
-5.043546856932279,1.0901512722600113,0.6052919932003655
-6.245402487984187,1.30094461962153,1.3041159012740378
-6.136004225381848,1.2960705468497713,1.2563438611646358
-6.198571563989838,1.339313150518809,1.3258533277225046
-4.959701406743805,0.8471963392076074,0.5993130153920767
-4.3723269326944285,0.7497639745762505,0.2156103782288257
-4.095343303767006,0.706153849986417,-0.07541408437225569
-3.897802982467294,0.7051271732225488,-0.3545901077066905
-3.5575826533689545,0.7290084757278079,-0.5390479738128787
-3.420755780036425,0.7629366112644789,-0.5511859603966496
-3.771492789487772,0.8083638265406258,-0.23527401414227966
-4.367833254137507,0.812800032809909,0.339252912615777
-4.704001164178936,0.7303902623753221,0.5670244838478413
-4.459045904340948,0.6598848528501908,0.4146719573255574
-3.999484196302594,0.6083330265325372,0.13770774539401784
-3.3613276956083067,0.5417525899389913,-0.24399485306013408
-2.7357174352652054,0.4587058177786561,-0.6744579946817417
-2.404626212225783,0.40124884962777985,-0.9760741058311823
-2.2407980477086453,0.36882066111225514,-1.0903825258788185
-2.200266981361126,0.32954796960522537,-1.0741699754117222
-2.2067681492678233,0.2835724436761277,-1.0644684024842488
-2.0249051727519256,0.22217592051933888,-1.1238338584067196
-1.7927300544170566,0.1624607838267713,-1.1821519019313298
-1.633434140350115,0.14988277709053313,-1.1855328450169194
-1.423267441904322,0.1550445074825015,-1.100471710822499
-1.2886567545256573,0.15237256932744347,-1.0911111777259357
-1.225756532149342,0.13721056191863104,-1.174043955405166
-1.1711708404994803,0.15272561917001684,-1.2197542961135384
-1.3729387593338789,0.19915917331299193,-1.274288029381063
-1.5952860384035064,0.2471100529387259,-1.1872268166020568
-1.8422773693789054,0.2726756177513319,-1.019656503734078
-2.145802779464519,0.27743014824472156,-0.8963251471274973
-2.302030640450099,0.28466951187932044,-0.814631860259865
-2.299620584072335,0.2745481922169093,-0.753196663356173
-2.0656233103509862,0.2152414441672382,-0.6867656964653923
-1.6383859608561655,0.11622087337552837,-0.7414403156766696
-1.1682924234995715,0.046695223044838655,-0.9115487926503932
-1.0839481733393115,0.05333187493074567,-1.1083743021308814
-1.2388884145889003,0.08125525228317994,-1.166782843490281
-1.3553379490676933,0.09192195758425095,-1.1055822853567399
-1.5708216027096324,0.13313028941100025,-1.1146095907179854
-1.701457271864862,0.22419541298791357,-1.0475117692835436
-1.8985136844217618,0.3024092871589048,-0.954623618174007
-2.0246406882054657,0.3509298338056393,-0.924821953583965
-2.1031643602261063,0.4129157417740962,-0.9394675578868823
-2.37366006630943,0.49638300575931327,-0.8349963721275753
-2.918388744938598,0.5962373737835884,-0.48973461758531894
-3.825046327723226,0.7277882315342725,0.08492882014123307
-4.860412261459988,0.8759819270265792,0.7605185549845417
-4.605110730447732,0.7540643394758301,0.530185790967148
-3.5514444923547717,0.5562118323147197,-0.06688892235864087
-2.5380956371579084,0.3624500703842879,-0.5649098012638819
-1.8682953765796404,0.21675274676618253,-0.8789639639214526
-1.483918095182286,0.13276257103851252,-0.9947805583524799
-1.235424923047955,0.04325464517355841,-0.9885966177443568
-1.1594164218903158,-0.007031999735941064,-0.9986304586633027
-1.1831705300058823,-0.04112143195016456,-1.007829605706089
-1.304540547244107,-0.048582367170414455,-1.0131284540595873
-1.4975290424756176,-0.008252492061028403,-1.0130867707280977
-1.792701099637319,0.05234754956644588,-0.9951069234121541
-2.0254936217227395,0.08791653591244133,-0.9311960019955189
-2.0386330504544423,0.10805445004114912,-0.8560593267036514
-1.9048055831808282,0.11494223650612967,-0.8520623667966029
-1.7411465989147088,0.13165745951420196,-0.8175385340804088
-1.3711223604857303,0.08881984984626413,-0.760911480547048
-0.6934750618319935,0.026476255688752566,-0.8598312230026957
-0.12719059793979542,0.0050567092494555954,-1.0143949442012135
-0.25928479694014106,0.10699770077022062,-1.1930528717605027
-0.7976751226714629,0.27059194914038776,-1.1648489228559706
-1.863529891560392,0.37193474617399147,-0.9725708570863758
-2.5794322183529323,0.35267780543614047,-0.6614572553098442
-2.4019434204808916,0.22462245626211877,-0.6199579482530655
-1.788308934939518,0.09978306939564337,-0.839659259307034
-1.2116770898775029,0.05392950438040916,-0.9630007864611076
-0.8628948028838698,0.05047860954974646,-0.9108630722115238
-0.6742811034276748,0.041334756440639955,-0.8346451108924077
-0.643711425444384,0.03981281110576681,-0.8173801064805476
-0.7369088804293531,0.10060832850336482,-0.8290479864829866
-0.9657715806422158,0.16857644337787187,-0.7851133119680387
-1.142197497628128,0.16848448299314867,-0.5772055474633001
-1.1684591533046542,0.14633581777088364,-0.3271380777127608
-1.1142791796869074,0.09938823106788883,-0.18659455989210832
-1.1999445045457962,0.06877688545563147,-0.20567488860884423
-1.2681651221635093,0.024949046663771894,-0.3028136621657597
-1.089460458941733,-0.05165002462833468,-0.49778865729398086
-0.7646667805698093,-0.11946364536702107,-0.7425372205974817
-0.46985187965550607,-0.10325313432690977,-0.8815778085123511
-0.3259244421546444,-0.01566712364775685,-0.9106035780795038
-0.26682400648389026,0.04524366971476708,-0.8700370799633644
-0.18015485731738484,0.055126854326085266,-0.7881040320217552
-0.054518092131788175,0.054893360712694246,-0.7700020810502068
-0.015541522687623344,0.06300474380441416,-0.8193410093995452
-0.2019856708266758,0.12071242079612933,-0.9583664474701816
-0.5111572793673401,0.1792581962460835,-1.0491448520531361
-0.7989774358572709,0.21841204531990482,-1.0689263573856584
-0.9747550283488863,0.21158503195968908,-1.0275708889396578
-1.0471056214631045,0.22865813540285995,-0.971879842607485
-1.136816501771955,0.23801009292153438,-0.9241568449693957
-1.2709646870540985,0.2780116464009357,-0.8773723024274187
-1.4034163796572354,0.3291147176567082,-0.8001760439411613
-1.5267689504903044,0.3920353563227748,-0.723864597430223
-1.6653893306439356,0.41047957116803313,-0.65050485853517
-1.8295977426955283,0.46539255526468476,-0.6040085520993416
-1.9985673970216977,0.5112608850962672,-0.5952722966280031
-2.1320797097137776,0.5490583722867917,-0.5933613655535528
-2.2225996399697703,0.5425267712855676,-0.5729423756786567
-2.0402021569534736,0.490002184679163,-0.5813370935700735
-1.6417556196594152,0.4157476266447902,-0.6953962567275841
-1.1622491264800574,0.33446991575740503,-0.7925902248766576
-0.7594522374774321,0.25783695240506,-0.7610545546152016
-0.5755143605518983,0.1982657118060309,-0.7128728812704191
-0.638386125630249,0.17849902899509634,-0.7674686305812801
-0.8262686381902902,0.15119514974443093,-0.8181967442362024
-1.0065736632761837,0.13567605824342535,-0.7987805731506485
-1.1502784536118877,0.16684117479764038,-0.8047327785124169
-1.2483977820583003,0.2247130417117833,-0.8594575827170271
-1.3879913605937817,0.24873732275957938,-0.8725506426133391
-1.5283053512219598,0.24510092107981243,-0.8458108949599505
-1.5261847082753504,0.21019202717316357,-0.8007086697317993
-1.4428753453222565,0.19257489308477502,-0.7632917530502972
-1.3081737122972552,0.16721960950097256,-0.7232761369561351
-1.0883835254003495,0.1702489716708197,-0.7991451770196194
-0.8378364801630517,0.13945234649258414,-0.9032472545316106
-0.6307979763206986,0.06535608128326065,-0.9970949360231531
-0.6089876140663064,-0.01874569419649219,-1.0572770106867622
-0.8515125893869544,-0.021857024249338716,-1.1026688119995292
-1.1455935097825687,0.039166087425962275,-1.0788992418528576
-1.46743726885979,0.10016922549974723,-1.1374062240695857
-1.8625130024615575,0.14781366092543705,-1.1446400856136252
-2.438957229563368,0.21389694516134666,-0.9358982223248301
-3.040703339858938,0.30700304736023165,-0.7135108824476311
-3.3427421886381934,0.33972972447643074,-0.6622720772100346
-3.1775370242660004,0.33377538509184085,-0.7883428783409759
-2.891513163313657,0.29593789547000854,-0.944763102518422
-2.605334428679646,0.26686577808257017,-1.0782290300291488
-2.395344819638316,0.2501733280446341,-1.1895142563139494
-2.111666668298722,0.20703663960488053,-1.263415780136415
-1.933605987675082,0.1586752907383477,-1.3225700774241973
-1.8540640210402224,0.1018371220881227,-1.291450753139995
-1.7965839455049404,0.048184511189412575,-1.2422190571233034
-1.7493429946917989,0.02146499819271699,-1.2527054283925598
-1.681175538878448,-0.01849676930659306,-1.2749066402273983
-1.5453163557696743,-0.06822122445173691,-1.260460082613028
-1.3404781940516144,-0.08734003995000565,-1.2285067383787072
-1.1996353376742037,-0.0682921051485537,-1.2454512454395905
-1.1732760894825849,-0.022121957908719417,-1.3077797298309228
-1.2804271544996144,0.013862214116290619,-1.3859812440350656
-1.475653962424364,0.044771617205786325,-1.4274248715745514
-1.6249481920281876,0.06652326641015288,-1.385512271228645
-1.7839245600466545,0.0716083756174674,-1.3088830439845514
-1.9066259284144234,0.0879423345725016,-1.2136097769295595
-2.0069435972445477,0.13388676551334483,-1.1401697902682733
-2.094883263722518,0.19207748861160834,-1.1315244444669956
-2.1878923444980414,0.2352574231118117,-1.1432092969989662
-2.2878440447535446,0.24079355842519162,-1.141936255978518
-2.3170875732582377,0.2052061529285698,-1.147581223444975
-2.228891159970167,0.14256734647421054,-1.170295272933076
-2.0507742843732486,0.08987183370370398,-1.2355231486526408
-1.8610756410908373,0.0743171558514093,-1.3142747614312573
-1.761645081931729,0.1041846620683219,-1.3519669173387714
-1.8656915182740803,0.15356413699312052,-1.3219544446500644
-2.1620627912603663,0.23094855682762036,-1.201027863340505
-2.437107716367945,0.34906141388376877,-1.099219947800669
-2.4083550188009966,0.49660162427989724,-1.1631032281623124
-2.210875527851531,0.5821140989896667,-1.2671646198880313
-2.079659602715995,0.6131665387644772,-1.3218975999298448
-1.9599963336090336,0.6166943699082553,-1.4383436119147643
-1.7604403055272446,0.5660261348781503,-1.6621233908565844
-1.4601732942674155,0.46707793088038974,-1.8588837575216273
-1.1945828137405874,0.37405644163382956,-1.8670308424707986
-1.0830823005330807,0.3036852919888251,-1.7171810571604738
-1.2800306146708058,0.2365702707251494,-1.5083667433915842
-1.5131446023582886,0.17461105506452754,-1.369103495790792
-1.4329020752090829,0.041946964761856616,-1.4411961077411009
-1.1998348939804204,-0.07330662087173725,-1.620838507215939
-0.9372498203434706,-0.18000277920278723,-1.6333494011534855
-0.6238900517232374,-0.3066123025217468,-1.4808174357119226
-0.3695898208731537,-0.36570527744882997,-1.2546734995392692
-0.3444357018320933,-0.3105735984279024,-1.0036060289811815
-0.515198937082931,-0.23556886092363033,-0.8057873388813691
-0.6682828237680914,-0.2448914193240322,-0.708609139003726
-0.6820495298017583,-0.24904442274418045,-0.7683502201705863
-0.6301271725257359,-0.24561668170803969,-0.8748535309888377
-0.522080484235763,-0.1749265479513483,-0.8932238172269185
-0.6139826832395172,-0.07731698317476747,-0.8585583959302556
-0.9714499252760621,-0.01842368491090539,-0.8522644008563226
-1.244052607553636,-0.05399047276672052,-0.9048382653935598
-1.250710442509659,-0.12575615348589492,-1.0496464218277453
-1.0514182639391456,-0.19468418559223616,-1.106869729106449
-0.9001953054232239,-0.232788512105502,-1.0831687464677766
-0.8415703043209132,-0.24633651915852103,-1.0542686653151327
-0.9167284505492711,-0.22629835766293915,-1.008506739401318
-1.1058796726340696,-0.17104398357246778,-0.9496740924292407
-1.3020371598934175,-0.07576585846945254,-0.9541033894553234
-1.3954970329600702,0.03316852753760587,-1.02860979542518
-1.3654493205959273,0.08868763261960079,-1.0542702596364284
-1.179896308952701,0.07199077141210536,-0.9593326506014205
-0.9897723559766616,0.0038323713718598626,-0.8437747562328766
-0.9406036631545927,-0.06287108752285948,-0.8149956469503211
-1.0685647113124095,-0.09343965261924903,-0.861225541486156
-1.40716356643263,-0.08675941320450836,-0.9330100248193606
-1.6514384569666194,-0.08081489597510819,-0.9655569174378265
-1.5027055122884085,-0.10960091240374391,-1.0148836306564768
-1.2007358483123654,-0.14408774131098662,-1.1018341753494523
-0.9972372387715007,-0.1512034726018367,-1.1434962980102392
-0.9245855630708926,-0.15626627527315912,-1.1340176632763501
-0.883138938695802,-0.18348204259506407,-1.0443088605081292
-0.8434290411579566,-0.17851394572951534,-0.9373339912485303
-0.9161954922227056,-0.15190430014054737,-0.8744013544003775
-1.249223835803377,-0.09912814964551968,-0.8654131418305778
-1.6324957219303753,-0.05810331221122027,-0.8750313379756022
-1.6874904476391692,-0.08508980300170008,-0.9205909956841307
-1.4686620954595602,-0.14740782196470198,-0.9913927526776344
-1.2640833021330127,-0.19493316169272307,-1.0082732565808947
-1.2672918935027226,-0.20630205868650414,-0.988613462891733
-1.4009631058670748,-0.20064298795554047,-0.9594794982367584
-1.6021904409111247,-0.13472742287646713,-0.9538710530918787
-2.0143963117405725,0.002526110784274179,-0.9010597025695324
-2.596819680781294,0.15634679578456442,-0.7365592365512942
-3.0636953086273437,0.25183203660840386,-0.5983848431790048
-3.1750289061697243,0.26157058694969004,-0.6547748497408105
-3.0250337561280807,0.23688048066621203,-0.813246103187183
-2.8519065452070134,0.19703430416353718,-0.9070475872186543
-2.706618742092921,0.13111445476875508,-0.9374189422704016
-2.4575599509361474,0.025903632023206186,-0.9543144457633556
-1.978629252675178,-0.0943691081640407,-0.9821957375703652
-1.3834665717933827,-0.19014050066493884,-0.9802903721207804
-0.85294316173544,-0.2610088713544637,-0.9020837756127396
-0.5411713819421374,-0.29271639874073097,-0.8118167432659954
-0.44899240952163905,-0.31177036605242286,-0.760435924193328
-0.46034889031456383,-0.31614782972298083,-0.767090272518389
-0.46800374865063904,-0.325979677712205,-0.7475047028106886
-0.44558566800298977,-0.344392559093755,-0.6936463433900447
-0.4348454695224073,-0.3389541534875246,-0.7183668750649567
-0.45236810252999526,-0.301471321392121,-0.8197003834299835
-0.5566562352760885,-0.2345851076454568,-1.005622664941102
-0.6759340844685772,-0.21129428298333452,-1.1206765901450686
-0.7406537486569904,-0.22134363525731474,-1.0952175832009878
-0.7486255647322626,-0.2596924962159137,-0.989329660370416
-0.7583579354489225,-0.3086977543185291,-0.9155632948809308
-0.7581269706693825,-0.32361083879492636,-0.9369408489046616
-0.7053752465015485,-0.3169996618103432,-0.9394489328740759
-0.5894878274732835,-0.31768345133225917,-0.8110959593532343
-0.4246631643245234,-0.3313442076313607,-0.5778568517910979
-0.29293141312228177,-0.29266093819218797,-0.43746498156647773
-0.2915417968157722,-0.20263014530597523,-0.4682104874773417
-0.41994733025375375,-0.13362376871388829,-0.5046359529617755
-0.698225649692806,-0.11242870052792737,-0.47464250898096727
-1.0474024846014927,-0.1085603143147232,-0.45135520624253533
-1.317883810048781,-0.09461720086267492,-0.5567366104818688
-1.4172250334595735,-0.07477594874309493,-0.7596557678715433
-1.275850422346926,-0.07309273865741407,-0.8952392151151278
-1.1546775484436367,-0.09627526305260992,-0.9646593686240374
-1.115886263603956,-0.13191321845122894,-0.9423814144468177
-1.138279436682102,-0.1585688944096082,-0.8978072094479216
-1.1784114999201356,-0.1990696698961667,-0.8798167572018718
-1.1090337482582817,-0.24653603725163237,-0.856029422932285
-0.8524196782379843,-0.30269177626745586,-0.7865818497051212
-0.51230421127148,-0.37977940542531524,-0.6954180645661817
-0.1838179662518323,-0.4338033901207888,-0.6196813644350827
0.05282532401937519,-0.46703625475692345,-0.5361884033483071
0.16724015328598643,-0.4686366399366797,-0.4430779223899472
0.18093994841167949,-0.4472703780110017,-0.363284863759064
0.12403452822273943,-0.4219253754077909,-0.35711533139311646
0.02534051578606407,-0.40629544801707873,-0.4538085540438323
-0.12124516337138837,-0.3917626280207407,-0.6108597019952898
-0.32285936439786844,-0.3552046718300641,-0.7693369737499062
-0.5782463654991847,-0.2973229689242169,-0.8624407164972402
-0.9040897630060614,-0.2290073794808543,-0.8679224821628447
-1.30117320999002,-0.1612844193586358,-0.8228470119782664
-1.729740423195944,-0.13772665714348542,-0.7510353468033167
-2.032220532979942,-0.14449464912894477,-0.6889366684070515
-2.056659335688935,-0.18819296506315272,-0.7727737688125855
-1.8063335861731027,-0.24629512097187056,-0.9779268414224922
-1.3612215919994135,-0.3200237770993022,-1.1215676507907688
-0.7879596757244385,-0.39985779362637663,-1.05428266375303
-0.2631843324231986,-0.415926672555809,-0.7770182500509617
0.0813765791211421,-0.3589629938215259,-0.44256400216690805
0.22984041212751224,-0.28049949306396293,-0.22413649012196218
0.14639060344481386,-0.22229186636445264,-0.21701911359657164
-0.015924175446434867,-0.17710781807156456,-0.27878342605131884
-0.126087714548122,-0.11702612020561494,-0.30025465703158777
-0.19468768448474194,-0.08784336128469765,-0.24502692539706797
-0.2658783605064051,-0.13212955446183908,-0.21030839692196127
-0.3634733296719114,-0.2389454991965719,-0.3804543193222131
-0.4166096090174861,-0.3473248967591741,-0.6936573478056598
-0.4739081359692662,-0.39376214045277125,-0.9655496544526261
-0.502930623419234,-0.377895804029217,-0.9968499546206887
-0.554945566955472,-0.31667892742126835,-0.8500543667369573
-0.6755153372440884,-0.26601073449375745,-0.73727228098282
-0.7758033984086258,-0.26845592953438874,-0.711263456069937
-0.8238215803360233,-0.28852240357586867,-0.7929887754006469
-0.7738985376771572,-0.3001762793175269,-0.8955327561355205
-0.6408716499788931,-0.3065490720745748,-0.893387969668181
-0.5260203813306952,-0.29714978674870834,-0.8209212395832743
-0.42037069724033116,-0.27280472376425635,-0.697424159434954
-0.3217945436058811,-0.2450955755173295,-0.5677396473191062
-0.22447297848615666,-0.21909217185677185,-0.5029661247704422
-0.1125159963878674,-0.23244700311239394,-0.45982504458696966
-0.01650712775630103,-0.26955969717338796,-0.3448908540472109
0.09643900076216204,-0.278389441512488,-0.12871357391726856
0.16328773413097047,-0.20546437831840395,0.009937873813661405
0.13041677654826273,-0.10459771880997341,-0.0462937715759654
0.07130101035112145,-0.05478739773493343,-0.15219937006664708
0.013727440214422772,-0.08165195745167303,-0.23159696606103686
-0.06510811131028095,-0.18918997986364544,-0.36139075410676375
-0.063117702385315,-0.2844014219491182,-0.5257348308599892
-0.02715927962465753,-0.2915756600348859,-0.6165079951648396
-0.059548403792512826,-0.17538522538525939,-0.5895700156401779
-0.38012577965160005,0.009888956575328659,-0.533041522694517
-1.1104959949774433,0.13877540507597796,-0.5438483961327203
-1.970160692348997,0.17471004444563973,-0.6220082179863071
-2.618887508088992,0.1756602854950739,-0.6956964133085147
-2.876606701896202,0.17022827477391198,-0.6812507707983104
-2.8553146300924714,0.14373365519423928,-0.626954040946177
-2.702984831679478,0.11527496383506179,-0.6684289052936574
-2.4502899182844735,0.06377660067662048,-0.7725028024583768
-2.0907851039377747,-0.03900749004233626,-0.8056327823790888
-1.769192366418821,-0.15158570678446032,-0.8135785767902965
-1.5647332740625977,-0.17009798137726115,-0.8557610606529421
-1.448484715454988,-0.08043634290526798,-0.8837884080161419
-1.3850028570916206,0.014844991819424674,-0.8388677339957128
-1.3436680271186505,0.0017481467732902102,-0.7646856183883403
-1.3300553116098508,-0.09574209917117517,-0.8033230634860237
-1.3796479489747713,-0.12505711965626395,-0.9709239593994468
-1.4849332503566386,-0.07142576578288488,-1.0751912635525567
-1.7145217663473604,0.00015353713057727803,-1.022532185119655
-1.9427991416778503,0.017983964719024605,-0.8882967342749758
-2.0889178712212852,-0.022809412591108528,-0.8471809949253846
-2.0835830791848617,-0.06938034809601151,-0.899178554646874
-1.954699757230998,-0.08676751001833152,-1.0057275080654489
-1.81346880481388,-0.05318680624538745,-1.1293530077404113
-1.6872605491023518,-0.03541103777045482,-1.1304958972877859
-1.7163808601482227,-0.014543802307879763,-1.0031821193123078
-1.851505878509815,0.03828581394321634,-0.8174656754115562
-2.105962006638665,0.17055385541145499,-0.7073176174784322
-2.5177230359727654,0.34312481041316517,-0.6400945466070131
-3.0649780283227743,0.4305421979644853,-0.4702703555189203
-3.463135075467179,0.4577357637104011,-0.295436028793018
-3.5156226908814276,0.41740902819500825,-0.2612441475112157
-3.3850446859955037,0.3890589364245163,-0.31447906746327153
-3.185082716597379,0.3131615980913808,-0.3717268490386566
-3.0894542373927893,0.2411251245341909,-0.43066869330100505
-3.0522992282283603,0.24206482767328036,-0.5384725024073168
-2.7195936287654865,0.2454440051731703,-0.786414058217892
-2.0962098120201866,0.22290117832803902,-1.1532653264356083
-1.461628323552708,0.05677035945548682,-1.356375179554916
-1.17773072032694,-0.08387128792786913,-1.3696343684770003
-1.285938424327113,-0.13360881365393565,-1.290698505827854
-1.687594257433106,-0.1361429565621742,-1.2062792740335158
-1.9222611156695595,-0.14915275033965367,-1.2110097839468434
-1.8279762659899919,-0.22783691948876858,-1.25211902314042
-1.6231848420913637,-0.3008173294085978,-1.2060438703001317
-1.5362780291411657,-0.3213801747014727,-1.0948978327659264
-1.6561506477861065,-0.26286047532051576,-1.0359921325659824
-1.8368979513955135,-0.17974745747856374,-1.0060413330254812
-2.0328013632329376,-0.08719861843974729,-1.0037770953273903
-2.1280163222276314,-0.026172394813123747,-0.9816951502396316
-2.1404535906740603,-0.06689315974388313,-0.9028309776261957
-2.1427058540635215,-0.1240101722539544,-0.7653294539163183
-2.146675754135383,-0.1597300788788386,-0.6635887179018151
-2.066678170382523,-0.1244912004649616,-0.7472647249478378
-1.936412523361419,-0.09504396006910283,-0.8952716757638517
-1.8617964156040718,-0.08463655140114457,-0.9630338146725764
-1.9842914855638396,-0.04495019106275846,-0.9587836961503448
-2.124264184576501,0.036684919121190936,-0.9997556234822355
-2.0376434905952814,0.044962237519243636,-1.1387735153777798
-1.6753421979304204,-0.026173247458414522,-1.199793491102978
-1.4049971153313094,-0.12078559247873584,-1.0645287987938943
-1.476089645458538,-0.20282501048034313,-0.8199776724710928
-1.7402568793264064,-0.2736699042658589,-0.6218589473412064
-1.9217057253174676,-0.3483235375562395,-0.5628414682130374
-1.8684796541901856,-0.3905835201216997,-0.6228425482191877
-1.7444007329689373,-0.35685792140906036,-0.6931873987697144
-1.7662903985963447,-0.264981164417772,-0.7641015968832812
-1.8632902382659788,-0.23492949524453002,-0.8475714432665455
-1.6019141237242511,-0.6758567785572601,-0.8875815028519232
-1.2964250769759451,-0.8523027507503946,-0.9393926901039668
-1.1030176682248019,-0.9117730712643779,-0.9161301285860866
-1.046878161634783,-0.907714426046576,-0.8354871757245516
-1.0660519416064225,-0.8900899720277295,-0.7204834248941872
-1.1312813722678912,-0.8651612463555787,-0.5670453117942394
-1.1749550954748036,-0.8245262317306683,-0.4606157947391784
-1.2158246768458343,-0.7948840490559851,-0.4843900835520216
-1.4364946480865206,-0.7347239766962084,-0.6284418731527951
-1.5780700255029885,-0.6874578103133226,-0.6960197529614841
-1.6181786286902933,-0.6997322074178931,-0.7271346382328017
-1.5367095993974407,-0.7398278127279043,-0.7855195088920988
-1.1917759668067593,-0.7767737166270727,-0.8200157060015197
-1.1292736704091315,-0.7048982042497994,-0.9951052793907126
-1.1545101400277042,-0.5576541867873566,-1.1270696223922994
-1.2023977238185448,-0.4815964196474045,-1.170203337594941
-1.238860490102241,-0.5191530275401662,-1.0921925925842413
-1.1339017401628526,-0.5517845775157539,-0.9148204882444771
-1.2739528299269982,-0.5632536523952362,-0.8084137588041048
-1.577416976295998,-0.5247836842014291,-0.7081209717073196
-1.6557846885337473,-0.5337776268217701,-0.6024736887941278
-1.4124117811662482,-0.6279632127499296,-0.5680033574796381
-0.9011286352752476,-0.6973645379846597,-0.51714132050303
-0.5770904512262204,-0.7363670035108912,-0.573282979717983
-0.4086040171519439,-0.7386706608520495,-0.6664530873384384
-0.19753164958885763,-0.7246308645927085,-0.6956568039805198
-0.019391120610718772,-0.6499205775360256,-0.7132011120553847
0.1848421153401518,-0.5622707160735116,-0.7155370036420832
0.1846286960554668,-0.5641457017222362,-0.7982780905708325
0.16810884001821633,-0.5834914838643224,-0.8477487461377915
0.13299143476524317,-0.5827871984030454,-0.7969178691348491
0.03443311763097691,-0.5578587003364432,-0.6943680879045039
-0.13269171736555613,-0.5031810452473028,-0.6629395276529301
-0.2821040662345186,-0.43758002448731104,-0.7020938236420644
-0.3349104489355985,-0.4170811742963043,-0.7489743932681099
-0.342572901451288,-0.44662461694092426,-0.7841749692406398
-0.33361813657685235,-0.4564466921061838,-0.8295450294947699
-0.3169550270691128,-0.46985145405899575,-0.8591239019127883
-0.3184553068355919,-0.47330566041858885,-0.8472645177990163
-0.2868740995058882,-0.47931829015899247,-0.775636361425136
-0.3004532248044651,-0.5193399371737961,-0.7226990933893583
-0.3602380490698208,-0.5103566233175224,-0.7382466663912267
-0.4417970639899496,-0.5240207892774225,-0.7790030053487276
-0.459082129549045,-0.5450176756606333,-0.8022237202273802
-0.49098391862578966,-0.5580603797713015,-0.7841908279758115
-0.5218118382392923,-0.5543521666260164,-0.6765242539198353
-0.5199948090331007,-0.5027424966518778,-0.5480072530171567
-0.40938435881819574,-0.5152271477012643,-0.44025512504186254
-0.35170295812663427,-0.5613595699176642,-0.46885971361469736
-0.3990055647140708,-0.632213452653091,-0.5467752226453751
-0.3568524172090783,-0.6595627972044773,-0.5406663917134786
0.12987888510833664,-0.5707334534889409,-0.37621799403190426
0.7310635884994093,-0.3933655718289916,-0.2665664086055485
1.0181615467744296,-0.019232366925779683,-0.3795980970309264
0.7116879023395843,-0.05631914664961881,-1.0872595011330675
0.35784940662276693,-0.20606818925165155,-1.0206345469018197
-0.004988350110907546,-0.10092128220700727,-0.7701389117161626
-0.4180132839595478,0.029654348754198326,-0.6898199159439682
-1.5492209132738624,-0.11420114835879841,-1.2289845229633345
-1.537997150776844,-0.08817453647919986,-1.2173479375722644
-1.3622547361813053,-0.11435758184642884,-1.1834561480356192
-1.1512890375271188,-0.1882842342730846,-1.1976717128698624
-0.9738105632896358,-0.1658117148260584,-1.2213123708798155
-1.000702526911235,0.02633246504644623,-1.3009346711653116
-1.0161934726292656,0.22901494222167154,-1.3979608346760408
-0.8742913740212686,0.35262850255762723,-1.5733646104803818
-0.7929251308766415,0.37560949093717033,-1.7560453079132217
-0.6614567971485574,0.32018270252685355,-1.734614128789326
-0.8290190283809612,0.23190048690617415,-1.6680023455898916
-1.001169963183739,0.2633757753808589,-1.5354451544025731
-1.0727418401436728,0.271506467079846,-1.3977723076326132
-1.2615293090890511,0.2787194286993233,-1.3512594368330062
-1.2281319284701258,0.23173864860406496,-1.2278343717607683
-1.1270605691684086,0.2443808628298179,-1.1774884670461996
-0.9593433883569634,0.3222192339365234,-1.2731798899583222
-0.8635728125879818,0.5011280281582313,-1.4259568477192126
-0.7997045911585777,0.5151603183249871,-1.423176653148418
-0.8076695218189162,0.3058573120886296,-1.3295655202809114
-0.720195150508185,0.08266030216412325,-1.2121758259317825
-0.41906949670859517,-0.16089231037232601,-1.2290407497464786
0.08652247008532563,-0.34517517119231395,-1.2461203537303518
0.2142225926558053,0.3339681483525596,-0.4622962642776981
-0.16204272119003268,0.2642926808470973,-0.9264936713860119
-0.3848475948932783,0.15027254815483365,-1.1567457562546792
-0.46132548622719816,0.05928988660868395,-1.164224601041695
-0.6499170213286515,0.17785476528618288,-1.1889256468934175
-0.7894716755661109,0.18653775060721342,-1.1462871597470718
-0.7440896621145772,0.0896777830406051,-1.0801756007158234
-0.7596520880645939,-0.04334422766212853,-1.0889354161923845
-0.9442128906236115,-0.021702778742647522,-1.1836296336993475
-1.202634530892474,0.0934148094107633,-1.2584099640802875
-1.4639628809721639,0.19345418586216184,-1.2785154281010815
-1.6203046587007108,0.23966410008016298,-1.3271216202821765
-1.5693726920191642,0.2649936358963583,-1.4039450429055478
-1.322260959356054,0.33955857161512837,-1.4726014456334227
-0.9753218858542869,0.49355333881057223,-1.4823248853820452
0.4293271505955648,0.5092905054934456,-0.3514100536446755
0.2648718067385317,0.3170004783299504,-0.3001863729962151
0.10366535873971634,0.2573222496630218,-0.3776347837326234
0.06035805664598901,0.21502072047846046,-0.4822483924126527
0.3096955390091248,-0.014649181380814936,-0.30810411095092566
1.0859251525706073,-0.5719932873604731,0.3258261586240407
2.019907591335765,-1.3449551809304847,1.0437773358249467
1.05440252604554,-0.7599187386281588,0.4099910165017819
1.0285558987531462,-0.8358776504231017,0.35863177338785385
1.1586142171765565,-1.010709415618357,0.3921946099554303
0.47343115971847705,-0.8180215100015681,-0.3118643651601095
0.5042243592371686,-0.9442837416465131,-0.4360004949095725
0.9325845966023332,-0.9974657250309474,0.4168481487529192
0.8882259687664051,-1.179080979459031,0.36562709359127143
0.9575705281782454,-1.2658856556802758,0.29021965035468406
1.2561356283627094,-1.2983915205572896,0.36796358919951744
0.3414286137860936,-0.8858447947237129,-0.7745557796875879
0.25098001049106017,-0.788094451966138,-0.777515171283256
0.1901919442856261,-0.7730905359695365,-0.670494884575646
0.06873989389836477,-0.7794025340092573,-0.6118663513797543
-0.07209637805238504,-0.8224952517364188,-0.6006808222747063
-0.11729290671637782,-0.8932879741348443,-0.6901429368678552
-0.007724635296553418,-0.9752195356460864,-0.8098224779354878
0.09301834979649577,-0.9774300974978988,-0.895037404018767
0.14282826543703667,-0.9166233804270388,-0.9358554386216613
0.19958617384091085,-0.9376555093582666,-0.8631998760681048
0.2361469448169788,-1.0104432018483778,-0.741279300275338
0.2396327553010435,-1.099478880443162,-0.6210781565096357
0.22323575022765516,-1.0975603213078688,-0.6241799255661064
0.20310614088069887,-1.042584118100124,-0.6880709980603891
0.1823228174785895,-0.9869213615394197,-0.7314036173207644
0.19513385350409204,-0.9973889588725162,-0.6920230749321629
0.19915209404079323,-1.0455760571448427,-0.6722667677702092
0.19102186022254097,-1.0793296259083331,-0.7116275200902633
0.23760172830681284,-1.1251686234934477,-0.7395190034421681
0.2884190885643243,-1.099955192619466,-0.782120057216097
0.3304145421321601,-1.0499457149369131,-0.7835449602974464
0.3882549162161803,-0.9911993327594409,-0.752360051801832
0.43610299677089714,-1.0129465621783809,-0.7271867116670288
0.4327309193175177,-1.0586939184351551,-0.7465536106620766
0.39461476077053603,-1.046310388166656,-0.8288959726266103
0.32726096856608117,-0.9760439976982537,-0.9014297540161369
0.2201333826364115,-0.9058536920483553,-0.9520454567648493
0.0754776761483481,-0.8835532299506441,-0.9774680298252371
-0.01022716523442563,-0.911195374660758,-0.9768905483186661
-0.027084529959596846,-0.9338554319021322,-1.026824252740147
-0.005075644609614311,-0.9269860563036363,-1.0543997957499411
0.04941307637081667,-0.9075192135603057,-0.9657504731329618
0.055348746470102864,-0.8546566468261042,-0.914276738440543
0.03782239584293178,-0.8010633951182675,-0.9428771283595478
-0.01626867193142438,-0.7566964625863679,-1.0685464827000875
-0.018990926674022284,-0.8466777770233475,-1.1707682287798484
0.011209358621620032,-0.9418021772449496,-1.1839435302774088
0.016819791357306255,-1.0072669211431755,-1.0854764187080448
0.032855971968756004,-1.0789741805745243,-0.9470652804378459
0.09222039123134394,-1.109049569444884,-0.8289239067963174
0.17640531658992042,-1.1318999659895708,-0.7214564328318618
0.20747417333447715,-1.0942791123463795,-0.6717189370076129
0.18511952911070073,-1.0335008406417923,-0.7494409779587425
0.16506155544715528,-1.0215137580340423,-0.8530056263912765
0.180600848049258,-1.039045558228736,-0.8637431952637811
0.18989813464764976,-1.0494538766951267,-0.8751714215612253
0.15124560970498416,-1.0133912414568047,-0.9448867826545243
0.0900813128127781,-0.9322776123503075,-1.0207471922891362
0.024430367018230374,-0.8823062428010809,-1.0515316668323709
-0.04682709665622525,-0.8981329016378066,-1.0675992080042926
-0.03610968000289385,-0.9634690761790292,-1.053147411832936
0.0708685281537329,-1.0419930786161344,-1.0111300936607286
0.19636009675509214,-1.049412833273059,-0.9735550960524997
0.2898989316030962,-1.0016424542393263,-0.9714169520818182
0.36125779436118677,-0.9981028329436035,-0.9850491835192061
0.4598808510391837,-1.1067574936233413,-0.940396837990816
0.5716124306843825,-1.2329887033227045,-0.9254370182080865
0.6308670535633711,-1.2845509815918437,-0.9196253522825819
0.6949142876477183,-1.3178966521728437,-0.841930976223973
0.7395577557066486,-1.327850267822367,-0.7239395793486354
0.7148108925659478,-1.301970929998033,-0.6700042908268617
0.5959979226004377,-1.260687949238299,-0.7035257399686321
0.38043447558187515,-1.2327382161342064,-0.7747072373883772
0.15112189292502465,-1.2263742307087173,-0.8428588606570374
-0.03753768389507986,-1.2244570960307812,-0.8599806678147687
-0.24753710516745206,-1.185226207824729,-0.835539980103878
-0.4351441092488715,-1.1329701102991439,-0.7406924596075132
-0.5357731836606973,-1.1309425433496718,-0.5942701177547184
-0.5226779799990675,-1.2443813915264608,-0.5109331873261936
-0.40909652549680087,-1.376474169478494,-0.5396728461876573
-0.2753658147678441,-1.4530567462384638,-0.6206159796842051
-0.10718510464732359,-1.50845268109864,-0.6089188403380447
0.04173325743867624,-1.5507058515071594,-0.5102654442464447
0.15631760412335297,-1.5763013740344658,-0.47479415733985175
0.3353178033103592,-1.611416881570617,-0.4886917919750806
0.48942857359966296,-1.7814108863704354,-0.5658194157717072
0.5423983129321868,-1.8166370353712862,-0.6788966775315555
0.589939496974989,-1.7498505802892843,-0.7291135710775124
0.5820058527697325,-1.7056135433955533,-0.7232247109169953
0.6362092773274342,-1.7105488393618096,-0.652949585700508
0.6125955195705546,-1.675778685059314,-0.6126165226302666
0.4359545844316373,-1.558754837630719,-0.594464688034588
0.23882914763179028,-1.3993948085315286,-0.49513596748269445
0.0009557336036407854,-1.084683233115224,-0.44030670091904706
-0.12135822356312408,-0.9077693718226807,-0.4661951866247012
-0.10992567384152055,-0.8973730369010728,-0.5506109795976651
-0.048403558114695405,-0.9218437679732081,-0.673864577875633
0.03050339567875066,-0.9626243002170113,-0.7991509695724774
0.09834125435984391,-0.8903248338059333,-0.9071648859260124
0.18775115036941756,-0.7681286710590152,-1.0067178303652586
0.3664849507300594,-0.7060615858838822,-1.0980194340083393
0.5712230591477737,-0.63290633294267,-1.1783268664681494
0.7019216960073709,-0.6057305961403913,-1.2341405509068366
0.7407197603403074,-0.6746360082725633,-1.260419333451685
0.6229356488179284,-0.765330361037844,-1.2548043099024488
0.395983211688015,-0.7807019541009567,-1.275622198700054
0.27698474161021885,-0.7261064421691914,-1.3601716934563617
0.3138163871702348,-0.6361947951873749,-1.4447200254394605
0.4274224984148878,-0.49830024493398273,-1.4843723690099397
0.5657263096499949,-0.28800939163333966,-1.4815334095787889
0.6906055210518561,-0.09451396306404955,-1.538336116068237
0.8030196521926231,-0.05985445278425743,-1.630735315565358
0.8439048715666085,-0.09991023804199185,-1.7300584569188349
0.817784158729985,-0.15806259769986697,-1.7857006427646354
0.7796608669608273,-0.2178755151311349,-1.7781711329266916
0.7903131002361917,-0.294230924419436,-1.7142737991321604
0.8069377087522115,-0.3787461740924966,-1.6248713954904925
0.7697512467604855,-0.4396540598296741,-1.5681923083143547
0.6921682477610219,-0.48309265420388764,-1.5746587283125624
0.6263043825349538,-0.5660986851211741,-1.6076347944868088
0.771928336549222,-0.9930123624149905,-1.4984087078215442
0.7066838891411602,-1.054471941750921,-1.467983232898739
0.4255259044129347,-0.7010112057726824,-1.5365724686033793
0.30231095357309523,-0.7670622600866512,-1.5311931248287918
0.19188166814257743,-0.87674964558876,-1.5369470430751393
0.07021473942716279,-0.9179327226531492,-1.6141159676692398
-0.14025271646044038,-0.888340119699643,-1.7829496981109103
-0.2855034708599289,-0.7709470364504928,-1.9019862632398676
-0.22869410744054158,-0.6573736019136496,-1.8855773321483893
-0.14115231987616078,-0.5583587483237347,-1.8748918652094142
0.0009101810312334877,-0.47965142805263483,-1.894335682356516
0.1899848714109105,-0.4691030457999115,-1.8877128901251978
0.3296667946442757,-0.5127269912375982,-1.824134757827269
0.37786571965480825,-0.5503529546326165,-1.7504574503799082
0.32435021164540356,-0.5745864832116463,-1.7154625315985808
0.20099814937688593,-0.5852953761273556,-1.6915343486644892
0.037803951702873324,-0.553371779074957,-1.6411682873251012
-0.10639724994315797,-0.4650986227900153,-1.5862620621138415
-0.1345800505349018,-0.3728732550230459,-1.578135108163704
0.03813069948428004,-0.3406633322733421,-1.5883217339265272
0.2585751620392393,-0.3222431658999226,-1.6013852777939785
0.500705624421968,-0.2880647414957141,-1.5631014368258187
0.6454170302843141,-0.2414825958148024,-1.5245247199239398
0.6757038607184567,-0.2101987833462788,-1.514113471306144
0.6178758812559622,-0.19412770022627662,-1.532903866666651
0.4956710605811389,-0.054414945850438386,-1.58686634125773
0.24468011546161114,0.2786761482586987,-1.6955331483531482
0.06094458410780559,0.39059258043231965,-1.7156950826765134
-0.07876527378246996,0.3344620135414352,-1.58705710776544
-0.26706853766618466,0.24763227640371455,-1.4042752945052506
-0.3686640166034087,0.20560336190296163,-1.320378541066731
-0.05542528120233445,-0.32925761161521483,-1.299923289976917
0.4153868230803582,-0.8550342365891725,-1.3136459288284361
0.6994639127737262,-0.8638650604016233,-1.3436485853337636
0.9729209284086514,-0.8501882033185242,-1.2982427484164174
1.2031573739029633,-0.8238248799895841,-1.2106132434257075
1.3178232894770139,-0.8191398176061347,-1.1357410053194141
1.2989406298806845,-0.8252161249385174,-1.062969580956626
1.1267582177055844,-0.7092181750023735,-0.9706564431353355
0.7098948513990739,-0.3245542219304011,-0.9225280721790042
0.32587755084234266,-0.18530710841809087,-0.8619331378442368
0.0416129978524132,-0.0990551597056827,-0.8131127622840154
-0.06582572320163069,-0.05403838041122483,-0.707953853419707
-0.1407546735885254,-0.018824780209057684,-0.5559032069937758
-0.28206807215187985,0.06098263853942941,-0.48556815198988756
-0.4837119670335329,0.22113735352350852,-0.5829019024023753
-0.6416791725096092,0.40106980323797264,-0.7182883436923541
-0.664930184624644,0.42111373126563006,-0.726816838135205
-0.6752358108818541,0.40313969785604303,-0.6756921105865659
-0.7206859786965221,0.41954293779117435,-0.6815692235063512
-0.9090422198983673,0.4701930331892653,-0.8030859082997277
-1.179442831052526,0.4647582431176938,-0.8915841908347094
-1.4304943216230415,0.36824735630717575,-0.857791972120338
-1.5449387526587506,0.2512875769173516,-0.8028546839201056
-1.4308886420989806,0.17964373547569734,-0.8623885997157409
-1.1342695949409924,0.15650284752510707,-1.0322039926833886
-0.7913635372042375,0.1693789459585599,-1.155029237611212
-0.4879939063430615,0.1922213930681743,-1.1298334376377521
-0.3037454654412912,0.23143471246130054,-1.0313944989776287
-0.29762012823738604,0.3021228129506694,-0.9499230057632103
-0.4649324879516918,0.3177250792777534,-0.918105753460308
-0.6942804751047048,0.3126333204081708,-0.912200811211764
-0.9238168556753663,0.29878254564607526,-0.9483696452541485
-0.9495236294122626,0.13302739159639743,-0.9489468497065969
-0.8282121666259332,-0.06547673652788324,-0.9011063142016317
-0.7555724654735655,-0.13994271774161388,-0.8771954429410055
-0.7540414780948205,-0.14645672268540633,-0.879458094019482
-0.7736178275831901,-0.14375233407676977,-0.8852404730868652
-0.8374556971318515,-0.1505598609287905,-0.9227096191004522
-0.902027767382366,-0.15188052969549115,-0.9733426149685648
-0.9020426786570341,-0.14217114402870085,-0.9964910605098121
-0.9010097116127856,-0.07318839428528331,-1.043972507991283
-0.8178197465362068,-0.01476574577549478,-1.1025946736967511
-0.7312270744573133,-0.03642617122769239,-1.2082099316883907
-0.5855507092639795,-0.06277568602429634,-1.2907067899173201
-0.40386015538682407,-0.06982723810470061,-1.2915296303863866
-0.22755234227406756,-0.06337551137468685,-1.2232957133201476
-0.1458038282878254,-0.014873412728871776,-1.1828278838153439
-0.11456051982226469,0.09234510947647004,-1.1749948155234962
-0.07971363887716851,0.12334572462397482,-1.1807563526234406
-0.034589854514479705,0.11826693235806597,-1.2037175258942092
0.019118759422167963,0.15009745820266138,-1.1788170017897963
0.0456949695375974,0.1654606396689158,-1.0804308694872342
0.0001964435316638146,0.1965161561160558,-1.0032595037542698
-0.08239551793096671,0.2385578872534957,-0.9680454775135925
-0.23169145849146947,0.2623696877445007,-0.9700191971513653
-0.332777159244653,0.2735891639200336,-0.9253363881132384
-0.3844688598049463,0.28814291603109854,-0.8616873980086952
-0.4128778558088267,0.2889802561106973,-0.8194216805761019
-0.4459610449913358,0.25661147636901166,-0.7840477640037133
-0.5115396969554677,0.19163035197463987,-0.7270199555677805
-0.6322723118323977,0.1489034090496111,-0.6444904560247988
-0.7986659051677887,0.17690872993099407,-0.5809970774703321
-0.9173019764325814,0.15900274581263504,-0.5670234373237878
-0.9226113104579841,0.10222563088061487,-0.5822472514113421
-0.8229007381388955,0.06257689294368081,-0.6203155283530838
-0.6242088557605755,0.026173121466321694,-0.6743376704375644
-0.4905090042582182,-0.00032845322801573355,-0.7555319790564886
-0.41356274360429546,0.00034441208836136255,-0.8118331976788057
-0.406728664676046,0.004858818587322832,-0.795517052806561
-0.5938747529535764,0.04959264724905627,-0.7583078907552853
-0.9454402998713535,0.11994124785360084,-0.6858074708389292
-1.315641738270535,0.2048626688527623,-0.49042284550028986
-1.998433915799593,0.3311128971441283,-0.20734446571326512
-3.1135150885168956,0.5274812826146169,0.3246451420410378
-4.492814112760457,0.7203130768723083,1.104818379227403
-4.870938451908838,0.7903388886991097,0.6916942875213631
-3.6300095925011573,0.7114122841640583,-0.03113907354610767
-2.735107501108049,0.5463856235186838,-0.25417922200298976
-2.0578466878218524,0.3186927911264216,-0.10292822769503299
-1.8633991309740927,0.16015382928380703,0.07623032436195408
-1.9447011402899808,0.1031192143486798,0.23560721402257734
-2.0948390342835523,0.08812553472820595,0.36844140904199413
-2.258919025314292,0.07013686753429393,0.4545731798962684
-2.2898945996824223,0.03587072877482377,0.49065357269115967
-2.132155191278916,-0.01973202584134038,0.331595765113409
-1.7800414389144648,0.016490181750128417,0.008512970202639648
-1.3566645257273149,0.0764964039523373,-0.3104033343130243
-1.0454807177849625,0.06733138426862174,-0.5448423513588904
-0.8287716719167847,0.08869421077500851,-0.6471847670426789
-0.822288556351412,0.13843818196363208,-0.6446784847104108
-1.0112352985161914,0.1958128792577787,-0.4945992825265709
-1.4341067525845645,0.23704559676364245,-0.26353025312475137
-2.0266612476522634,0.29129363120737933,-0.026231965809697957
-2.548761400803315,0.3584116938738119,0.14096610427113687
-2.720226492109562,0.4112689170189253,0.08293504064657382
-2.396850785683521,0.39832728657232547,-0.1813865526671906
-1.876191302831875,0.3637868528452592,-0.4193913739133084
-1.471019606786063,0.32303836604178077,-0.4770395919257119
-1.2443063342368939,0.2562584791682112,-0.4471495167427457
-1.1701884153315614,0.22304680266275134,-0.47047867082348643
-1.1464967130817412,0.22673975709146305,-0.5369202626862677
-1.2591899714729529,0.24811046792789063,-0.6188663228502218
-1.3582579090898956,0.24530652010880133,-0.6168451459445412
-1.3642828887526348,0.2123784434340356,-0.5780350634406752
-1.3293958500713599,0.18220688998259785,-0.5662411171034804
-1.3089025992843473,0.17586486761406614,-0.5672681953372692
-1.2454671941738018,0.17134291474739752,-0.5705971075645507
-1.217729504825238,0.14328638169763575,-0.6377092996071534
-1.091135161113626,0.11075195183952394,-0.7634632679742893
-0.9033088590881792,0.0880171081224789,-0.9140002636810431
-0.7599459020773836,0.06319015698210646,-1.0168531246477919
-0.6420265310752847,0.01688679844457696,-1.0276154331238427
-0.5423887816455626,-0.04245799765256095,-0.9914224613718429
-0.5007300525681563,-0.053348553572163775,-1.010408264786358
-0.4383140923474452,-0.028219967167287016,-1.0341868510265002
-0.3671289379632159,-0.04424396476724019,-1.0222265114273563
-0.2825765191879985,-0.08810928136768448,-0.9765164606122148
-0.2340478483395469,-0.1027089148665007,-0.9605141582641332
-0.21410843012009115,-0.07099561377424826,-1.0082889060105766
-0.14376195584463156,-0.1462545359543098,-1.0140315040917687
-0.0888913947204814,-0.2313906362727589,-0.9858407660351002
-0.10196917085584484,-0.23191726842772284,-0.9576008549992598
-0.14948066787694173,-0.19937388665924158,-0.9508403094224551
-0.2512693532518629,-0.14959518777036535,-1.005467192294757
-0.34548322655314656,-0.15024031316071532,-1.0201707369234423
-0.3843396794665559,-0.19401631041220085,-0.9851856069419301
-0.46866401747935116,-0.19577342279034327,-0.9665181858409178
-0.5158848875184884,-0.18654852480749654,-0.9331770344496283
-0.5050441845948628,-0.17607048625076205,-0.9064529740662169
-0.42594165060947864,-0.2270213088101167,-0.8591107157473786
-0.3655682605258564,-0.23929958608969917,-0.8469691371737208
-0.41689757252817233,-0.19473773351365692,-0.9295449028169982
-0.5110816161174558,-0.13350563136407462,-1.0479706374599667
-0.634101078975366,-0.07599212148426493,-1.134590601888956
-0.7896031000693939,-0.009834947688010822,-1.1716494990469117
-0.904000073485976,0.015619744287964183,-1.1061152038473319
-0.9903975839918204,-0.007751015105851677,-1.0060283089136943
-1.0711317653042198,-0.026255838351249405,-0.9524991795488986
-1.069573981097029,-0.087717589917947,-0.9357044937643983
-1.0325545898104689,-0.11896047891366623,-0.9386987760951694
-1.0049560130280677,-0.1271324224313658,-0.9166898758433419
-1.073432556563587,-0.09775194015836701,-0.931345358515679
-1.2228843085355154,-0.05226130497287319,-0.9531444866004147
-1.3643366891819346,-0.03498907028569757,-0.942872436313813
-1.3900012043020933,-0.0249081810805578,-0.9097340197460552
-1.3450671578595124,-0.02013528102075948,-0.8361915296898543
-1.3724803743913552,0.0182743600630166,-0.766672703921161
-1.4449252192214705,-0.030004824608080936,-0.6996280064836257
-1.3995498968697122,-0.14374121866654962,-0.6994541714487292
-1.2152584940366111,-0.2615176826346234,-0.8159008166428176
-0.9525981128530651,-0.36320438769560137,-0.9542408292495475
-0.7595392147678155,-0.3971922041900974,-1.03482695670277
-0.7170784654409698,-0.4037339548243687,-1.034547790588014
-0.8000919752502619,-0.3735737290414936,-1.0231310745590523
-0.924938532908831,-0.318048173418727,-1.0730707168398759
-1.015085608101076,-0.283598033558176,-1.1731250690706643
-1.013188056357634,-0.2766374115331063,-1.2230823003815645
-1.0046129613123225,-0.2438769961555098,-1.2371888945731593
-1.0440968021133417,-0.1731288570449612,-1.2494663752984798
-1.0807715971251959,-0.09897884087897335,-1.2456829732739387
-1.1207993934182698,-0.05343307111246924,-1.2366592144999522
-1.2942468628273285,-0.03523806287938127,-1.191817251686722
-1.6220084904458614,-0.04606098170702157,-1.0186084309394605
-1.8763335006723152,-0.09710593536761884,-0.7840733502822506
-1.6798819305987536,-0.20302497184576818,-0.7509410345217741
-1.0782998801556118,-0.32141331573851756,-0.8659413731416781
-0.5893148871181627,-0.40162983541720343,-0.9020956671415844
-0.33243602127361527,-0.4896631481692093,-0.9365136838084455
-0.4263388965910146,-0.5304902892575508,-1.1247739858690364
-0.7365099862789978,-0.4503686482564842,-1.313339414699809
-1.0787586370606053,-0.31534949952928143,-1.3734173421083962
-1.3051637061773558,-0.27014034877453696,-1.2447293201946603
-1.285872025472873,-0.30643028327116045,-1.039665841316915
-1.1682398905200946,-0.3303527471046614,-0.9718627970717895
-1.1208556810282493,-0.28282607552217115,-1.0540648017353342
-1.180661792955732,-0.17918136107840155,-1.1198395468706777
-1.30375978811605,-0.13623034050451266,-1.066454638306741
-1.3862642864609953,-0.17365100869376812,-0.9473968724745774
-1.3351279413545538,-0.26537401942897276,-0.8436188007726513
-1.2358584164467807,-0.3323280547327423,-0.8605904193928701
-1.1227570719903532,-0.3197170122097174,-0.9276918317506548
-1.1013222099147602,-0.2533437895115266,-1.0279341552352772
-1.0783531876722643,-0.1855309234037831,-1.121004236367217
-0.9495514272636392,-0.19143889708825598,-1.112812214203423
-0.8022547244660277,-0.27667833375026796,-1.0831520105686596
-0.6211059508395016,-0.3840767007214112,-1.0482138153700413
-0.5525793244866516,-0.4290415934126969,-1.0630265682390028
-0.5846095475557078,-0.4188538012477114,-1.0999355598571832
-0.6036431557538451,-0.42529008992763967,-1.06136606240375
-0.577982810266938,-0.4420665853740395,-1.014104352779973
-0.5810655805759588,-0.38881367608638934,-1.0554178322610406
-0.6581824968299053,-0.2604642284308686,-1.1413773700383565
-0.9043848218501397,-0.14179843178990129,-1.1124863159627878
-1.207006462127806,-0.027961252920738065,-0.9033092292973823
-1.4998152847357484,0.20890272947447697,-0.7808041437497825
-1.539617157563792,0.4752429166897266,-0.793988341637331
-1.4353882869287558,0.5514544946542866,-0.6536971146579975
-1.2731352181303346,0.4021003414407775,-0.3019286338928333
-1.0018881260355652,0.20483746386441593,-0.0246885656491316
-0.6989933829123381,0.07078795960346994,0.05957294410678574
-0.5313696739488734,-0.010427446212732481,0.013096064327821406
-0.5540586731719227,0.014705277619648608,-0.1234215806477874
-0.977012660617219,0.32331182738728964,-0.26606304924667323
0.41510212412526154,-0.5830601352273379,-0.5206519489812974
-0.1371445423000107,-0.8902230068795782,-0.685541561628207
-0.555139318185173,-0.979250294921993,-0.8414451995592798
-0.50084190237471,-1.0055803567952422,-0.9566684645924068
-0.2921532861172461,-0.9402456020373281,-1.1228866402036204
-0.13533064549962512,-0.8216566093257657,-1.281046983107789
-0.05873741911228615,-0.6992965538949738,-1.2241884792961806
-0.11717326795620613,-0.4935328880090309,-0.9142063162434414
-0.20572282275239018,-0.31870129483781684,-0.597482977259496
-0.30146947296824556,-0.18748809701273553,-0.4661899099798412
-0.3158718706662459,-0.11441586718055355,-0.37444767607197393
-0.280928514880093,-0.028011540119380868,-0.39574671884437523
-0.14160312724478516,-0.09862382253804904,-0.4802463196680285
0.029599066501595977,-0.26430520991388057,-0.6249326936214084
-1.0044198799630015,-0.6903676496749781,-0.6149308250561261
-1.4780614345531946,-0.44073187391741586,-0.4358671267865769
-1.3973133608168007,-0.09137923133040408,-0.5693650101239732
-0.8388448902157848,-0.23548822346912138,-0.8959631455624988
-0.3909551561003607,-0.5193443300189435,-1.2365358689122228
-0.2168337083014869,-0.6534117422474831,-1.4407312893954993
-0.26562825881933494,-0.6784639810860242,-1.493033387981276
-0.40300476037637684,-0.6169275035584365,-1.343740718892044
-0.5008836694252045,-0.49130322970060925,-1.121563487201096
-0.5560211753409691,-0.40916651234276047,-1.0367206803390654
-0.5198247681318745,-0.47041356542096435,-0.9638199453753551
-0.5767974985369043,-0.5372595727203493,-1.0092689616579127
-0.8166929208314649,-0.3958524515156649,-1.0923695302783905
-1.1588202572552826,-0.060915427190633586,-1.0511341850671336
-0.8409752390348024,-0.26805824048099164,-0.6655663710931142
-0.5505898704429162,-0.6379256333264259,-0.6885112981581704
-0.4401012489220396,-0.8123122533260327,-0.7500835506626861
-0.39453978608051304,-0.8542794385388647,-0.9476228249038104
-0.3785439563714405,-0.7945771483672899,-1.165967896863922
-0.41397448485746735,-0.6914792184899081,-1.255092467134747
-0.4629738485808733,-0.6042940202647415,-1.2203341387011577
-0.5261143715186615,-0.557490698173877,-1.1184879899975806
-0.601804006046494,-0.4848160123582955,-1.0605897226595637
-0.689319587643578,-0.435329261927545,-1.0651878418679261
-0.7613355492596356,-0.41216652508337914,-1.0640571018486462
-0.8083987356428151,-0.3916384899415507,-1.1221367813986645
-0.7968745673136739,-0.3925638603332792,-1.268730638826001
-0.7016372765999396,-0.4271296885259776,-1.3721206869157057
-0.6462255130918888,-0.5031904740966288,-1.3582946149461905
-0.5981613517669793,-0.535514802419247,-1.2769147459940489
-0.5229893657363076,-0.5004202115566879,-1.1671888217354907
-0.45510880876815357,-0.44572959506282456,-1.0636378198566414
-0.3710192349207631,-0.48844952943679615,-0.8980613028997381
-0.34550111185052257,-0.628367509360048,-0.7198570513817301
-0.331662285113689,-0.7832373082481517,-0.6732352230781837
-0.27779017963876357,-0.8797587188003959,-0.7493984867961818
-0.27282641575807376,-0.8557232004090819,-0.8320271458940314
-0.2950823764798759,-0.7735461617192989,-0.8074637176608997
-0.21057369528321138,-0.7021885803486648,-0.6971218964177736
-0.06629339676348224,-0.6764465960119556,-0.6542286655037207
-0.14306821833974886,-0.5510377205475612,-0.9068163890414852
-0.5005571682604231,-0.3268954823898597,-1.3757837542996045
-0.9013455518274976,-0.19621846933031908,-1.7636325788822051
-1.1958263338444024,-0.21687915217814832,-1.8696416488997174
-1.4928779547389057,-0.2791731018048308,-1.7979717919295657
-1.6999423781572893,-0.2776129148562213,-1.5540241988799919
-1.8525024462752604,-0.2304297310526014,-1.1385647160893684
-1.958156170802142,-0.1801588879737349,-0.8011366794509416
-1.7858882396768365,-0.1440577344173146,-0.7882084936612084
-1.4747681448470558,-0.1100731538193963,-1.0475078922259264
-1.2833127465580476,-0.10420048838039508,-1.207962682336704
-1.1185406477107136,-0.20345219498110992,-1.1071416530766671
-0.9472479338298484,-0.38986138636929735,-0.9499652133956368
-0.766447284460694,-0.5177747998326082,-0.8512183268579785
-0.6148506309757396,-0.6268806415213056,-0.8141568085318088
-0.5435147217989235,-0.6738965934427726,-0.8217984691776424
-0.4716932516353336,-0.6685649745773876,-0.8892161623145347
-0.35024698487649036,-0.6368386311549399,-1.0343083464933664
-0.2345668806843977,-0.5411950578506823,-1.213857035881667
-0.10403120753444671,-0.50862246854069,-1.3104099431903826
-0.03921073373431394,-0.516533468801535,-1.338547544174491
-0.043843045395092706,-0.5132334873016098,-1.2999074791739627
-0.04656457420450873,-0.5466442444959788,-1.1726247995512284
-0.03565396735150603,-0.606422707948579,-0.9746504591837913
-0.04256116757852996,-0.6411794989091752,-0.8519266484812551
-0.08023370146203108,-0.5792064006712075,-0.9619455603885353
-0.14515609187500486,-0.46953619082193077,-1.2015017336209068
-0.20919747892945081,-0.3899168089613887,-1.4135725078600891
-0.19539858280008623,-0.37168131998982123,-1.4838970662443234
-0.12522354958004436,-0.40742693676654756,-1.3793425098823178
-0.11274215547779518,-0.42694395828657006,-1.2583052279409117
-0.19761607583376772,-0.42413851810379777,-1.2294622735883056
-0.30926674875499766,-0.43675691295293834,-1.2692329761578345
-0.3511396814357344,-0.4653093458361809,-1.314668563884524
-0.27401131379166294,-0.48561325432483077,-1.3241706273125944
-0.01449904938873804,-0.5387360889469069,-1.3310244740512878
0.305016126702266,-0.5870135907292336,-1.3536765582923331
0.4666974551118409,-0.6158314349254318,-1.3475481066656738
0.47461415034580906,-0.6407898033698977,-1.3474547695651498
0.36769162347682444,-0.6184741039358399,-1.4015759777005083
0.20792484346540785,-0.5514827517908212,-1.5118766605370695
0.1009974344029208,-0.5281027495960604,-1.5755529280246794
-0.02509524854082616,-0.5261571298337352,-1.598587320890335
-0.13383530993349374,-0.5345451575785183,-1.5658711682311817
-0.16978367875747774,-0.6307793938202165,-1.4683808672946415
-0.24227979113871836,-0.7100593800404515,-1.3391239100270418
-0.2562640856046359,-0.739716615246392,-1.2358593665888502
-0.1490342853815291,-0.7310206778497871,-1.2551923161614948
0.009649708728288822,-0.7210173597727221,-1.3515769415153032
0.10788323022483073,-0.7387634589783795,-1.3757635559595955
0.0710351928830891,-0.7013502745450864,-1.2904525444206731
-0.02639664494694548,-0.5863246586372592,-1.094689818321253
-0.04732983416014614,-0.5179710369043171,-0.8931353020247367
0.08364260863083145,-0.5191313946619189,-0.8064424442614513
0.24323314530866783,-0.4991027257640021,-0.9306127555658277
0.7842916653000774,-1.0063687356945956,-1.3130775464510207
0.8902674208233907,-0.9489261922979884,-1.247707690184739
0.9181578865472605,-0.9304738945438863,-1.2480903374198549
0.8497615512379005,-0.906535523808516,-1.2943317722861922
0.6927440041673945,-0.8873059929166789,-1.3219334683300479
0.4623382154405169,-0.8493644677756085,-1.3513045580322574
0.2865861688689005,-0.833723756424486,-1.3216566499726154
0.13805346704405874,-0.8186758932727776,-1.262463519159758
0.006581115448454807,-0.7813159230462021,-1.2094229496134627
-0.08329688611506068,-0.7373502725538517,-1.1860518448400894
-0.1495162212076366,-0.6618268530215337,-1.1948294688863215
-0.16404220957031335,-0.5817061006310235,-1.209970642909643
-0.10202789000414561,-0.5317992104265816,-1.2223824014842979
0.0007511043452558838,-0.556616867195661,-1.1880951344744235
0.08054201047256562,-0.6203162078479305,-1.1360710980796498
0.12294277259992104,-0.6499845318072738,-1.1413733768841117
0.13332558922440663,-0.6328874381329448,-1.180049097858156
0.18227850079176017,-0.6089247276531284,-1.1301505025006982
0.24755385850170095,-0.6048743834927531,-1.0275556469004141
0.2778947973908739,-0.6307542488547132,-0.931458489934004
0.2754071066639515,-0.6416009539373614,-0.8981472994876891
0.24126251154675912,-0.6699250328447599,-0.9551399929273005
0.17921970079938332,-0.723187610356955,-1.0685478184553823
0.1322996890132645,-0.7174925665990548,-1.150528119571481
0.04126100274008601,-0.7037104014342566,-1.1774744614308716
-0.0267451692631927,-0.7054466270932883,-1.1402788536704718
-0.06644554857675505,-0.7261845368010411,-1.0816117897057274
-0.2370788656855949,-0.6476529364764456,-1.1178843642134981
-0.5210988577146732,-0.4477795077066346,-1.1936828303714462
-0.7812170017786149,-0.42040677811772703,-1.1569201424962037
-1.0613520091823265,-0.4257343972591431,-1.0147873554251756
-1.1407005210804855,-0.4698750815607276,-0.9195047655367841
-0.8299519265898704,-0.5191727407527509,-0.9556502314673351
-0.4471470864369482,-0.5492879411129125,-1.0501107395881752
-0.20576117562974675,-0.5329001962378521,-1.1159236251525764
-0.11814790355190478,-0.5050365110411258,-1.1676753592345164
-0.18554033112856771,-0.4768294139005896,-1.253552350456957
-0.23326156491836908,-0.4278835595786526,-1.2651217582184981
-0.2698108354914697,-0.4025118981116583,-1.1705559637613452
-0.2509118987463887,-0.3967871940524052,-1.0486288529432874
-0.16319295917523047,-0.48532186962368307,-1.022884778927681
-0.0018870254079427834,-0.616645472762282,-1.0947595854745804
0.1412613743820954,-0.726700708304762,-1.1458091762214087
0.1711234697908231,-0.781213780727046,-1.1286498115042014
0.11995104743577541,-0.829829772735769,-1.1028885297169215
0.01464676648020562,-0.8284756855159758,-1.135418205119601
-0.1625695937989779,-0.720438359048571,-1.2398171243313736
-0.2901567362682468,-0.6581975064508975,-1.3225171479755624
-0.36334243615291256,-0.6497619456652112,-1.3131282921490026
-0.3256774400106884,-0.6787978872184949,-1.2173519433199296
-0.22313409611033458,-0.7288358291987189,-1.1376172817671486
-0.11526570526862179,-0.8083749037015615,-1.1527522800713559
0.008717962091283078,-0.8316845269830356,-1.2025491553734182
0.14417462119541224,-0.8097198112448688,-1.1895013041277276
0.30353631931013386,-0.8182079898573696,-1.1187663796870473
0.3610439513664773,-0.8463171089290593,-1.0992626940758712
0.07158872316923227,-0.7936747342092944,-1.1950983120613674
-0.4309329756662198,-0.6757135429920291,-1.176648211561725
-0.7305306016411145,-0.5913618000209736,-0.9297516584000846
-0.6147051532686937,-0.5806733257625557,-0.6841240424456722
-0.22779290382628997,-0.6774272823437456,-0.5439328236897043
0.24466206726674375,-0.8537999461985832,-0.4726837431008366
0.6126580889524521,-0.998787252068624,-0.504566193577677
0.67250683965895,-1.0090267375194344,-0.6107600128633023
0.2752178363924443,-0.8064870829300229,-0.7238708083798279
0.17678706697743765,-0.7810639867900674,-0.8342172021541582
0.24357022014862334,-0.7623598320737056,-0.862340682420194
0.23840022196174893,-0.6932376008662391,-0.8873206553787848
0.2053203396974014,-0.6312501592268048,-0.9366964424365815
0.21165875242798587,-0.6243544215854114,-0.9936212997439424
0.29926274130959807,-0.7176567799789427,-1.00650682025185
0.3210536722181366,-0.8205070943440509,-1.0227597375369242
0.29696706834731307,-0.8533975636143762,-1.0391212048414602
0.23365984852264213,-0.6961003321885079,-1.1420845232868957
0.2037721445646113,-0.5673356754931864,-1.1526946631227557
0.19583547335779644,-0.70425082129549,-1.0980306550938423
0.08669983204029934,-0.8918276096346199,-1.0981608444450794
-0.1479467660371361,-0.9129589022433249,-1.2217591156544492
-0.32914014729534197,-0.8747946151159259,-1.355458542426226
-0.40463048495472864,-0.8882317025398377,-1.412314502268851
-0.3745085030863987,-0.8571726046412573,-1.3311267519208352
-0.3939876258406235,-0.6766241524818254,-1.2067761992880859
-0.26161255820852514,-0.5700309583776194,-1.0358200430134736
-0.041500126989812945,-0.5805292111529737,-0.888233325164981
0.18446939426642803,-0.6675855783187312,-0.757099950037028
0.2289208879033305,-0.7858900645381999,-0.6669541991915978
0.19842323085004135,-0.8856064733268576,-0.6117157493378167
-0.3665233792023812,-0.7970185514570055,-1.4227854989658388
-0.8118474257105501,-0.6454248692172675,-1.3955890305704852
-1.0135538077392985,-0.5664305862719016,-1.203734962530031
-0.7180683463653277,-0.548915918547389,-1.0089275844186287
-0.2874183314894326,-0.5931114335174522,-0.9728587318368725
-0.027378548667447378,-0.5982428486276754,-1.018888554461421
-0.025239281425923136,-0.32198051487812074,-1.0741782108236764
-0.13444686880819845,0.050532154418824776,-1.0330852256717895
-0.07634043958788207,0.10874791820011846,-0.830289665532386
-0.03437969199595679,0.04569312399319109,-0.8463791341853374
-0.07397542374668209,0.1138728626372245,-0.8941264144437768
0.11397768511885477,-0.14164884792532337,-0.715601036479072
0.3286004089314403,-0.3059433556411468,-0.47621645637071436
0.5302478171171763,-0.2896597570409407,-0.27246135193414645
0.28955434535232927,-0.45400568339355163,-0.7964870822538213
0.13113687752442008,-0.3732206674134561,-0.5581393148016972
0.26836299128315305,-0.6150251245144296,-0.37605562082570426
0.5383249245626762,-0.8133368270386451,-0.3386794571775269
0.6835525803586804,-0.8695596184448875,-0.3373404575771943
-0.11951994446146005,-0.9265831586671732,-1.0926927041536205
0.06534030472363068,-0.9083203638562349,-0.9179348943583553
0.19054893701946374,-0.9196801084717457,-0.8814650150876897
0.1303200915697932,-1.0074407416289621,-0.9602592290073949
-0.054538508378030565,-0.9588315024679431,-1.021790310322577
-0.44108866936407515,-0.915656917564054,-1.0831921232163835
-0.5798503245231698,-0.8761241112945851,-1.1023068727012444
-0.3579129813358406,-0.8326187941800202,-1.0737861284885062
-0.14709823338207997,-0.7093907321134785,-1.022992058100951
-0.31534733059556097,-0.5592322983595044,-0.9702472476199152
-0.6459380587595264,-0.4325874010527255,-0.814940410041964
-0.9487922069752843,-0.37597823755344656,-0.612372837988772
-1.046937563274473,-0.3430801097953011,-0.4691680419449596
-0.959832079949562,-0.33962160206014574,-0.4350137303061149
-0.6764844249142984,-0.3833509379794566,-0.4406811687282295
-0.3449354816015411,-0.43345494091094267,-0.5330466423836023
-0.1469171569113413,-0.43313667550548746,-0.7070573588972401
-0.06877485428818368,-0.3781369198460822,-0.8583211805584026
-0.0745642583652909,-0.32969921659613793,-0.8855569507487472
-0.10366824170653505,-0.29457953370876583,-0.8005909024330962
-0.20524302175114156,-0.25387213158136296,-0.7113443284675594
-0.4231340984876411,-0.2433511615156075,-0.6029009075202908
-1.0125931444037284,-0.25422484239892074,-0.4520658155882982
-1.6734656886037957,-0.31053146298938344,-0.1758879431903576
-1.872459534072879,-0.4306144476094838,-0.14058574094974194
-1.2606201676089839,-0.6432545815951851,-0.5270929629134021
-0.45555710396122345,-0.8236348056571008,-0.9388077934981616
-0.0786940513856189,-0.9582003675224908,-1.1662396835163131
0.09545747590001731,-1.0170875998962277,-1.1768956612797619
0.026391424957545387,-0.870545252839852,-0.88781725127362
0.1411027500407031,-0.8711423981714659,-0.9143847206100871
0.3112196051517637,-1.0469287604422826,-0.9895267863241127
0.3658751125216443,-1.1536294396734532,-1.1303583477196246
0.2619455224282336,-1.1245870182380235,-1.1904718632610265
0.12792923585026067,-1.048140530851598,-1.187146486300203
0.1261705696719627,-0.944924753317835,-1.2279416467009758
0.15033649490667614,-0.8857040948887415,-1.3310993584817872
0.07634950171673367,-0.9207095164268996,-1.3718468522538843
-0.08533163361956948,-0.8833085613843349,-1.315420455000257
-0.08406062673095804,-0.8972668780858662,-1.1733819587687626
0.07731715333075301,-0.9686632894089005,-1.095956601575449
0.24165600004149834,-0.9861651187520506,-1.0517167730910117
0.3626835697291052,-0.9894895090479162,-0.913045717395086
0.42283948922538905,-0.9298535901781512,-0.7644128684900287
0.5540738594164235,-0.9683533768146627,-0.6379053705951268
0.2260366074889247,-1.3433028999254788,-1.214304921477228
0.10848491551064918,-1.360671849533456,-1.0699351890418185
0.14258111929645603,-1.4290836214756641,-0.8712769561122494
0.22122758940222423,-1.4785024440060164,-0.7725129651463083
0.2775972321747099,-1.3253405943257812,-0.8613437011285185
0.25369905244848223,-1.202061765317878,-0.9765628172826888
0.258946774814433,-1.123409197967477,-0.9532004235045475
-0.09292620791247355,-0.6817910791692672,-1.3442926371052517
-0.15086097270012705,-0.6004900544395405,-1.4537802603634709
-0.1139574975248566,-0.6156704187533164,-1.4275101142096809
0.009529565145020277,-0.6994564576966886,-1.3379697927691645
0.14284861814195954,-0.8618269028317729,-1.273563858522351
0.22404538848765346,-1.0259998099593228,-1.202353335409717
0.2546251333234433,-1.1395557644149255,-1.1236922223719155
0.3368229398532906,-1.2377006581384435,-1.0484719661215536
0.45811544522017195,-1.2947225144939654,-0.9517856357929456
0.5140439823808495,-1.2499568688529872,-0.9391416422047326
0.5936672518696434,-1.2351848214552787,-1.0221118321197713
0.6213254578110742,-1.2655484516797466,-1.1477559660499324
0.5555633300663143,-1.2731076415376361,-1.2371254468063722
0.3643045022950397,-1.08251287061094,-1.3217891766803285
0.18821696825104212,-0.9653220882192568,-1.3338323128161944
0.09471743489841218,-0.8964011960130733,-1.3168410742529626
0.012296798293547016,-0.8386690564030738,-1.3031977492993663
-0.003104334778158832,-0.8049372257714192,-1.326438980428333
0.08235379593954312,-0.795650073402731,-1.2375663551229679
0.653308253068641,-1.6534602906458997,-0.7991940083451391
1.2688873614480563,-1.4429589195762405,-0.9889235518089413
1.1731688644611198,-1.237157628679267,-1.173040850388904
1.135563037312965,-1.0065701748343174,-1.2965308443264933
1.1354246656057303,-0.9082877737480135,-1.242432466758326
1.0712215261446978,-0.9035197358230739,-1.0768599768838492
-0.35468914393008744,-1.0199963528455018,-1.1868355787003806
-0.44387142406706254,-1.0413049618956778,-1.228414806527145
-0.21251948108934077,-0.9959681867297961,-1.2713506051365384
0.1712692629466422,-0.9344177723742795,-1.339695607017068
0.5745767956348689,-0.8743364919569071,-1.364750124100479
0.8030311124633605,-0.7704329890901085,-1.403637757593338
0.9546960721549604,-0.6891420288337653,-1.4563722681911986
1.1063806958957176,-0.6046418609040295,-1.5297954281015747
1.2642465656849728,-0.49251995775965274,-1.6189031005658248
1.346763738712262,-0.4076180881225825,-1.7342634381419468
1.4104340143480634,-0.43009666291557,-1.7403364203365572
1.4919068161678593,-0.6301418914241147,-1.6418747883815252
1.5305614447145703,-0.8228168326835074,-1.5953271767967576
1.5052763646627982,-0.877324191326142,-1.5657372768816358
1.3685142923498197,-0.7762923678094602,-1.6039020361856686
1.2466636558053994,-0.5773410780949791,-1.6829406797800033
1.2784048235341179,-0.47703715541000324,-1.7130582483742338
1.3080368663859945,-0.5313836262688867,-1.7429082748724258
1.1919110418681471,-0.6749013116697661,-1.8088368671005792
0.9857458059225647,-0.7596814324037726,-1.9049289243652685
0.77738020284371,-0.7341343363044649,-1.9921009541574688
0.6726125525652565,-0.6698854144292851,-2.0352219865620316
0.733398579627318,-0.5999291411475122,-2.078277757589913
0.937144744116308,-0.5969642201380037,-2.0930334527986894
1.0456506230452915,-0.6211345051566006,-2.087185440121059
1.058988531905444,-0.6069650893311213,-2.073187605539676
1.0386588271561625,-0.5702367060495501,-2.0819405444418857
1.0299208781365756,-0.5504348926382319,-2.101439742483051
1.050949738681125,-0.6193238161185953,-2.0312649758815158
1.0394422731541022,-0.7069978069351767,-1.9283964547933183
1.0180869743266479,-0.7541274485932521,-1.8763399219861954
0.9861179390299817,-0.7603725637593521,-1.913586520841236
1.0786743579304683,-0.8176481925801861,-1.9831021989093804
1.2597352755920506,-0.8465203815583437,-2.0658223137424985
1.3822633398538668,-0.8189306236814996,-2.133900344196174
1.459489069409212,-0.7932303278972616,-2.126830788919436
1.508575967180282,-0.8319338297871948,-2.049140070728691
1.4215207201867133,-0.6863256641701948,-2.08010248928265
1.3404094490350142,-0.6114525942970207,-2.140083841446526
1.3108463355521853,-0.6355426766135185,-2.1421849629267746
1.2771855598140303,-0.6289762781827103,-2.0634630826385894
1.2096605465860215,-0.6080684136108455,-2.0020695083498845
1.0975389605019028,-0.5135797216027614,-2.078699587699043
1.0299670336068314,-0.5096220072723552,-2.135469074296318
1.0557823124428092,-0.6318646922829665,-2.083247601205488
1.140307699838593,-0.8105993399386359,-1.9538179457503573
1.172145131777735,-0.8880162814291563,-1.9139095859291662
1.1526512516194807,-0.8505836635152138,-1.9723387017166447
1.1515299310276632,-0.782268615267434,-1.976090216349332
1.1594149982748714,-0.7873794370057743,-1.845680588087648
1.1041467501545046,-0.849053316987326,-1.67351103960662
1.0328234486650185,-0.9434534617818094,-1.5318571337473252
0.9827448772365297,-1.0531870474067908,-1.427954359325799
0.44003523599705907,-1.0240905990851528,-1.6189192036795426
0.5426175496134087,-1.2618399458531655,-1.550541590472653
0.7096577380666435,-1.5217990276626288,-1.4334073689459337
0.7588740290668969,-1.5741501641893598,-1.3495131707837982
0.83241703471291,-1.608094654228471,-1.2396104500981098
0.9073839986017637,-1.6261767456063516,-1.100419744796483
0.9109375728064149,-1.590190997146792,-1.0299345766421286
0.831546135654518,-1.4586210256722063,-1.0369586597888496
0.5600139767947819,-1.0102321066928674,-1.1329419765958497
0.4903449884383576,-0.9633024890813365,-1.166168491862849
0.5231371466740168,-0.9710582431347986,-1.1945442625465725
0.6070006965862346,-0.9856812499798681,-1.2072838215301187
0.7242671548599457,-1.0455553249988077,-1.1638142998572363
0.7589490169512055,-1.1069764688050074,-1.131477230030405
0.7175419854533993,-1.0558740978438559,-1.144335843659852
0.6506822382640616,-0.9532326449777325,-1.177958512351613
0.6382747915165337,-0.8595969360726314,-1.240584437682332
0.6611663223472054,-0.7967177954162552,-1.3082941314838392
0.6689385726319016,-0.7815815872749869,-1.3019564534869752
0.6493989920837794,-0.8542960516964084,-1.170290859108174
0.692198972779389,-1.001802950022048,-0.9717501605233942
0.8738164272545522,-1.4186344654900123,-1.4184695185667218
0.8752145697249134,-1.2310420258769494,-1.4245785416659724
0.8270388437059834,-1.1589030007220067,-1.390413092641714
0.7208061903640532,-1.1719893468527989,-1.2953441892266582
0.6824273167605844,-1.1738264865114714,-1.0755376366339597
0.7849356467595889,-1.1904771168893873,-0.8499076232161159
1.0265273628762375,-1.2672077172145855,-0.6822882218105166
1.2086461795969912,-1.3875338288934242,-0.6055123436868917
0.8444327959593647,-1.0520435638782155,-1.3899724671547242
0.9061491272899089,-1.0232655642178685,-1.3920546034657528
0.9689623390017983,-1.0179506871384392,-1.389536978661626
0.945822298778899,-0.9979784307118649,-1.4663028933778117
0.8639073280811509,-0.9231079162408788,-1.6139256480303477
0.8128043556605355,-0.8403084986483857,-1.7257374389963358
0.8549193111005633,-0.8092491819639986,-1.7285892144723742
0.9642766479732005,-0.8072479283946512,-1.6692300242822204
1.0676368826999458,-0.813658195713021,-1.618001627973363
1.100880165923735,-0.8215120713698597,-1.630409948905714
1.0776915888128338,-0.8254393166418178,-1.7075850416089162
1.0465010746201642,-0.8324738838075558,-1.762574663251392
1.088726369994696,-0.8597425307531219,-1.705471293803457
1.1721452877840959,-0.9169344183728462,-1.6115306748692988
1.167073228175741,-0.9324578536090289,-1.5532483905197842
1.0712769703778142,-0.9606798903199562,-1.5003960873533977
0.9429904858542388,-0.9889655075790151,-1.4382758823141903
0.8313698629124271,-1.0268690036952546,-1.3801499212869104
0.7865567405545479,-1.037156776868476,-1.372004539343198
0.7514820765683273,-0.9924304865791055,-1.4092541000104712
0.7107815827789493,-0.8859363990672692,-1.473520824737096
0.6883358828912521,-0.7043709983802087,-1.5180395310580308
0.7234960880760788,-0.5027624131579845,-1.4670537236753698
0.8501772841733929,-0.4258246448206067,-1.3061912648263896
0.9766279431185533,-0.5599048959508873,-1.1567020350372559
1.0069779401239114,-0.813928053870823,-1.1563233050775863
0.9291258015682489,-0.9706367112119998,-1.2578344619584496
0.8150697176355655,-1.005833028407277,-1.3141414686602615
0.736944558160078,-1.0180256831115115,-1.2640366006389747
0.7494120803975245,-1.043633378532464,-1.194200385338457
0.7703020979135133,-1.0693439103931766,-1.198072348227135
0.6918751269577272,-1.039765370949477,-1.2923378165966564
0.5445136135318686,-0.9618490961089331,-1.36955671942619
0.47767205791858225,-0.8458060061915059,-1.3953671049094007
0.5419891374876209,-0.7610331664975619,-1.4052111126989597
0.7051091153757398,-0.7337368558861281,-1.368698573229567
0.8421220288282056,-0.705320332199598,-1.2296429118853014
0.8800839004914937,-0.7755068948388857,-0.9909955075263892
0.8231281810984777,-0.9409976691611519,-0.7939948193101842
0.6817461989950847,-1.084180636049553,-0.7702385347151559
0.5440031443245453,-1.2483123889712648,-0.8400995587522768
0.4666546138193044,-1.3318653536431426,-0.8906373504708132
0.5455567197368402,-1.4030600040831231,-0.7832113512338649
0.7444299741177539,-1.4446755728597844,-0.5849727826131126
1.1402028594418077,-1.9689723288811678,-1.1181439009274095
1.2189275274548033,-1.8322092485562844,-1.236425895656431
1.374355972513586,-1.5426453041621653,-1.3660601059028847
1.5847005048359284,-1.266315947877368,-1.4407772666499
1.7709194855340558,-1.150605917308664,-1.453656977318091
1.8469167639267745,-1.1240622038654937,-1.4531595209844814
1.8632550515953794,-1.1181573502146431,-1.4583479585656591
1.8038349746750137,-1.0548550198196363,-1.5026422540781477
1.6112151631906126,-0.8071355749326322,-1.6460618570130794
1.4544851851139393,-0.5318151464268216,-1.8139347342751784
1.4617142345044631,-0.5145003318994069,-1.9057354975208827
1.4578316497217032,-0.5354985173030326,-1.924556143140059
1.379383094753224,-0.5785194211938877,-1.8669962764829486
1.2397976846751604,-0.6615727662552843,-1.7818027517684993
1.1470314650901057,-0.7999052031805842,-1.760776615850351
1.2469055448399917,-1.0719024177991288,-1.7799071515811113
1.3926274175178361,-1.1739293596416096,-1.7982549508950354
1.582857655025331,-1.2424696504314547,-1.734257806390962
1.7380960499591704,-1.372766352187457,-1.68673837799297
1.7444228943352507,-1.4417060761500218,-1.771458751606808
1.6955068413312853,-1.4087103813571042,-1.8956948118609576
1.6262067326873861,-1.1898526425346456,-1.9388459113233896
1.5698403841241704,-0.8657164021681228,-1.9149983212083943
1.6621353657336007,-0.7748239022388246,-1.832978779078359
1.7327680245133275,-0.8006632960622545,-1.735070103476072
1.7106067534653617,-0.8761034612493447,-1.6075261356241486
1.6353468441880694,-0.9642392752519447,-1.4627888565269624
1.5666384242167615,-1.0358958700900902,-1.3729745913985687
1.5471423156146087,-1.1390531090608733,-1.3565774278774352
1.5564776624759298,-1.30282893555044,-1.377972139094208
1.5545778355108373,-1.3525314346251864,-1.384590738851845
1.4856144810248757,-1.1794799605025852,-1.4024111317746633
1.4487244798629877,-0.9900692585949853,-1.4469980316889828
1.502420369373738,-0.9411871843097397,-1.4977197113462224
1.45351218544049,-0.888047150488765,-1.6478983741333546
1.2588293997049285,-0.7390523783903344,-1.8836271769169897
1.0517974422639222,-0.6771105029581479,-2.058585373179497
0.9009355018171553,-0.6906168987266095,-2.0528770926720066
0.7728407173582605,-0.8083157308988903,-1.89880880393768
0.7495065271592474,-0.9930123307264503,-1.7270187531284764
0.8674302671159575,-1.1272975331081654,-1.644225115960661
1.0567827108013121,-1.1733697378920376,-1.6042658459741086
1.3053526022344282,-1.0841653711362993,-1.5125023750307163
1.5281256871585331,-1.0450318982214228,-1.3935873209945977
1.6134138371781999,-0.9903429907927336,-1.3611702009003928
1.6156878346015717,-0.9431379647801158,-1.4139841579895553
1.5597513754967218,-0.9290125498698004,-1.4945870917193123
1.5523991917692537,-0.9532549426670014,-1.489972035456058
1.5779006122672736,-1.00658874222751,-1.3937776819717123
1.6033632704727865,-1.1515356542404303,-1.2800442647846322
1.497560826710668,-1.1944858325921803,-1.3071701355015979
1.317862828601367,-1.1758474492896633,-1.4562954712161158
1.1863547852035203,-1.0644754016197266,-1.633830653871022
1.183088925898986,-0.935882388821544,-1.7849445348407549
1.3940486793944051,-0.7727292580814407,-1.8253639127913566
1.707084574595024,-0.6972836208414901,-1.795043628696131
1.8558248859972155,-0.7339044888835091,-1.8086789017625766
1.8429399347696227,-0.7699490425357944,-1.8477798732732489
1.8266665140554124,-0.7786069717922213,-1.8480821246052692
1.9398284027875696,-0.8371175258747215,-1.7685015752561282
2.103746197306711,-0.9788517471519577,-1.6846436390882917
2.107763447190224,-0.9807592629864406,-1.6799292835935653
2.0223101063318225,-0.9891641085601218,-1.730617981185223
1.9064673296376073,-0.947843609631076,-1.8537925549390637
1.7729221942967257,-0.8738607172055997,-1.9776845374452108
1.665584108228089,-0.7905329977729146,-2.025977663776083
1.6109441181450734,-0.647012894716835,-2.005001988310809
1.6264909235413192,-0.5965764145744155,-1.9431365596797132
1.6430435814726605,-0.6157464112629187,-1.9038517053753041
1.5053005748859167,-0.6145978979256513,-1.939790829896778
1.3247589158281052,-0.5954482715690599,-1.9761114683282082
1.2162928862254927,-0.5712774961983438,-1.9690682602148322
1.2850555019802323,-0.5861442407133606,-1.8882664639373439
1.4197597910384163,-0.6245686706295596,-1.824023795003291
1.4511391387133252,-0.6321055357553986,-1.8792131211072423
1.3878271226311412,-0.6058751904088472,-2.0069471923027398
1.2280460818497232,-0.568861337591528,-2.1314931201915472
1.1200931773962481,-0.5974697242240726,-2.1726629190100106
1.057488689314822,-0.6321719086586232,-2.189908693616242
1.0647725022166592,-0.6523218419303648,-2.2231053660014375
1.1509474540145943,-0.6201979454438352,-2.2488745459826918
1.2652959428433836,-0.635921898284803,-2.1875102874473025
1.3941293517426054,-0.6748637653827336,-2.0066994014740174
1.4397809305485159,-0.7309722261828332,-1.7971960868184744
1.3308600425961108,-0.8496046251872853,-1.6398336088720749
1.0362850444963563,-0.9627340145236027,-1.5511825255797487
0.8012453544377595,-1.0555452323295313,-1.462736433241422
0.6519437381568044,-1.0947641887892465,-1.4452255179084357
0.6676736611976308,-1.1414181369094483,-1.4852447563770255
0.7981993370095432,-1.0738480990527974,-1.616560856685812
0.921087080965512,-0.962459039101786,-1.8136709145377607
1.0798348972977843,-0.8690495785461336,-1.9409376379674812
1.2875036534391462,-0.8187683727753643,-1.9527655196892557
1.5158619735335292,-0.8200413164989325,-1.8676327447248962
1.7355539374184656,-0.7899368220018796,-1.760512128171163
1.8058770089562073,-0.7619931370245464,-1.756774833200476
1.728134241313932,-0.6882822535933504,-1.8472645360939488
1.6009923673536912,-0.5916709361565722,-1.9394041928150811
1.4465259101291257,-0.4369091524327677,-1.9962828302818536
1.3250359487367258,-0.38839036588065656,-1.9416554587644559
1.0981077784427473,-0.32039340926087434,-1.8591978124177013
0.8252618183479968,-0.3271609088091334,-1.819155903443549
0.7130722380016313,-0.46985072267186023,-1.828480714142254
0.7186425297194843,-0.5514602757620264,-1.9153947702476053
0.8632431843898324,-0.5467121103988648,-1.9656382231392489
1.098894329116521,-0.45632685302424414,-1.9449525246083117
1.2960463430619449,-0.37672973374363783,-1.9107193704810903
1.4093237227197166,-0.4965487747871623,-1.8388457298869298
1.3895717839373178,-0.6580273451405022,-1.7913020671910045
1.2074083577612456,-0.723271337455944,-1.8165859868891387
0.9918392015685329,-0.6324949738731545,-1.8930807195993276
0.9033729342251949,-0.6534952286694709,-1.928567965422967
0.9262991240262591,-0.6745804102168574,-1.9323780255871705
0.993475282635893,-0.7467059006961833,-1.9075567236723656
1.0473151129324147,-0.8373937222854394,-1.902454493404212
1.0726491950648078,-0.9009173116746996,-1.89629573556498
1.0618987350154871,-0.8964816388715828,-1.8606875602053177
1.0460696112292367,-0.8932709257777997,-1.771561767060906
1.023424489772108,-0.9205063472718071,-1.6709052345242
0.9202452140401586,-0.9506866024583941,-1.6344792861474913
0.7741752208353061,-0.9070654548233579,-1.6853678711344602
0.6727911241899577,-0.7973468987578801,-1.80031426645238
0.7662595196971788,-0.7197116740359216,-1.9019796210524607
0.9986548809966485,-0.6517349336338163,-1.9642496398160607
1.276524429116612,-0.6099024686357762,-1.9566574452613024
1.3403742133791328,-0.5015716779126843,-1.979811922347499
1.191930081975793,-0.43232590827214784,-2.0149338244393418
0.9018996209527596,-0.4402544609030085,-2.04153926895375
0.5445172144156674,-0.488944995249235,-2.024201017289545
0.2564356675146311,-0.6447676855415114,-1.9507894517750597
0.09461069297072185,-0.7473153343535418,-1.9125848599207904
0.175909371264823,-0.8041153810770644,-1.8964594139399449
0.4194790011634493,-0.8335392687423334,-1.8987352286006987
0.6874698710574644,-0.8410710825487715,-1.9060613878105446
0.8711949088352517,-0.8524824501237332,-1.8978309932180208
1.0266008259937793,-0.9541210155395917,-1.7834444112596946
1.074955036261597,-1.0914406243023616,-1.6337640615356603
0.9953808199785424,-1.1580697642017275,-1.5482220614069244
0.9183822642009687,-1.0821445879960878,-1.5704381752529626
1.0135357605259077,-1.0322392862191356,-1.6046599697715533
1.1138873739187767,-1.0543550215521182,-1.6912254988894557
1.2496053202020776,-1.2077136224773688,-1.7622184668599072
1.376743884717732,-1.275788931856944,-1.811721517721489
1.501718948502972,-1.2583095552769912,-1.8766391128681026
1.5929110825453314,-1.2395527843772218,-1.9376716983950666
1.6308236088267838,-1.2315851819489747,-1.9683291556280826
1.666531623469744,-1.327825741304365,-1.9173658536753613
1.7107843164572192,-1.373703801422265,-1.8412391590737835
1.7565836985973107,-1.3524810057670782,-1.8248592646279183
1.8938352283591078,-1.3921925933046433,-1.796292155887262
2.0263818082871796,-1.495337294021378,-1.7098820993170842
2.100856385194009,-1.6285069539215014,-1.5206962630157483
2.037619621210483,-1.6393269954038379,-1.3617739708097234
1.8291050064040324,-1.4117624013017287,-1.3375582628200222
1.6009439549799662,-1.2898549156916144,-1.3752583559395302
1.377981942284563,-1.3851900093753586,-1.3607880683933753
1.105420555752726,-1.436434316528447,-1.3173116401131846
0.8434714125584414,-1.4051628275865504,-1.274146931399283
0.6256316583394332,-1.34147205853517,-1.281952247011627
0.45722291910688845,-1.0666001781946164,-1.2884643664477191
0.39688324487446985,-0.9088532908526501,-1.2937372540199894
0.34850165806120503,-0.8447500239732464,-1.3623896460752454
0.3922659801765963,-0.8531018844389981,-1.4363739349463875
0.513485090433576,-0.8681387749584575,-1.504918770804451
0.7083948029154141,-0.8930496419670276,-1.5199778028866548
1.0193798182341935,-1.101757071075851,-1.4631423143537285
1.3290315130911283,-1.3115994445644288,-1.3984522210993129
1.4855342831893645,-1.3292131948811585,-1.3545528982451822
1.5515869373347513,-1.2527209987727,-1.2871964846103212
1.4882228533972748,-1.2327745323809014,-1.2137699856518822
1.3577712680542817,-1.2437629183481629,-1.1787276252866563
1.21589069509191,-1.232514939087638,-1.2186822752522593
1.0269078990161058,-1.1279429759095558,-1.3531584719291303
0.8774116206271249,-0.8445608544668092,-1.5170074384523329
0.9273630163841272,-0.7908129540403953,-1.5867092768266386
0.9912473524852509,-0.7915443147945477,-1.622313628023217
0.9970845483005171,-0.7740638959866702,-1.6174210566007847
0.9578907051727996,-0.8004990870408389,-1.5493050905266699
0.9085262488736828,-0.8305397005211489,-1.4937833024813862
0.9033491051139829,-0.8790175860276677,-1.4756912605045285
0.9187914691058361,-0.9044911738670105,-1.5460679376172977
0.8736120722394612,-0.880604138457114,-1.6924456153677212
0.8893507613962096,-0.8218162014506941,-1.7776215396976813
0.9629256790213696,-0.7539749813233392,-1.830660978055374
1.0682988876413826,-0.7151531644123622,-1.849454885686968
1.20196777483486,-0.8897660427327458,-1.8425272492342106
1.2431381462615736,-1.0668115889086462,-1.8240180165518634
1.1117448477154255,-1.1385275688504453,-1.7579178114194864
0.8459581566153903,-1.133179880719506,-1.6642953838237138
0.5535769498836336,-1.015914115216984,-1.6567633822244503
0.30873263490695974,-1.0192559761011275,-1.724990236110967
0.19355195803811104,-0.9976952215643948,-1.7772941092200987
0.21746774193460794,-0.954870728827665,-1.7320726150678483
0.3567325340731728,-0.9489519627144857,-1.6521225778306803
0.5028175079499162,-0.9040132191651006,-1.61286807543325
0.6757830201412208,-0.8216487682171912,-1.6571479692920172
0.8378498783004925,-0.7559756738296158,-1.7950306155522648
0.9934489321077079,-0.7727968566955498,-1.927514187068944
1.113772434607719,-0.8292905581082894,-1.988263024049207
1.2443573575332125,-0.9409313802476174,-1.935712209281193
1.3860427539524658,-1.0790861545946604,-1.7565087420189343
1.4858204949252767,-1.226704533715758,-1.4944749194069038
1.5004817055744106,-1.347833161721862,-1.2721386338434915
1.4336924655188288,-1.4912052910241875,-1.0968996510485685
1.252882915577655,-1.6073098153954044,-0.9607611954502433
1.0177779980191912,-1.6751042647228798,-0.8838422972511527
0.8177997743871058,-1.7387430160462023,-0.9048214923582403
0.6768264571493648,-1.6849147226465842,-1.0232213422981271
0.6152653376867552,-1.5870774749119967,-1.1210648585812075
0.5335034078925851,-1.4777212176138388,-1.2296882125066873
0.5705289574710342,-1.4335334110382187,-1.2636862879682926
0.6769892504001482,-1.4812176464181517,-1.2435438182214484
0.8333620715903255,-1.5774967524561305,-1.1748688782498526
1.0080415703751893,-1.5769845727034708,-1.1028963249084576
1.1082985920274835,-1.4734020746331988,-1.063244510183655
1.1626347819398988,-1.3653750136102212,-1.1273601715265311
1.2219000753446476,-1.405730826819335,-1.278196193953093
1.1174710616341448,-1.3886254089165244,-1.5587753428902829
0.7863233322098523,-0.9831400794931785,-1.8560987585455664
0.45266823804004,-0.46141999960458735,-1.9879909047547095
0.5340997875858051,-0.5601110067320896,-1.8546933424708714
0.7450158642619574,-0.6883310466087699,-1.706359789081857
0.9233492736094447,-0.7290104597003025,-1.6798637421772618
1.0083048735862028,-0.6565738992409077,-1.8300256664054357
1.169754804953169,-0.6856988307776933,-1.9104853310955212
1.427427915899941,-0.8774026976903317,-1.831374401410309
1.5831957553277687,-0.9414951099390009,-1.7209395915505223
1.5861343234687686,-1.0198352313741672,-1.5558714339519983
1.5048048469956579,-1.1650601023463152,-1.386432607474764
1.3955199713641986,-1.2658693215377066,-1.274250877309661
1.2511812690541513,-1.3308903877345064,-1.2756165929230134
1.1178178708679667,-1.3442026873613966,-1.2978215072724937
0.974192666213703,-1.2729449110584123,-1.2889350757680353
0.910809585150338,-1.2493616424541685,-1.2465525573642668
0.9169515941574302,-1.2039827458673475,-1.2359416506126848
0.9282022111532728,-1.1614984694577597,-1.2415219524560452
0.9168294408218463,-1.1291729567049764,-1.2595064532595261
0.8194187909276596,-1.0365874000860962,-1.325717933757691
0.7864157019452824,-1.0396428776411546,-1.3094482591095231
0.8072799425324496,-1.135709736879753,-1.1677827734301063
0.8535903783727878,-1.2585435811980272,-0.9635611298463105
0.8373478248008169,-1.3411875414381458,-0.8000023141041315
0.8166455345229068,-1.3957485532896134,-0.6484998711827699
0.7878592938183381,-1.4939392240562306,-0.48777221695035017
0.9252503718403358,-1.6529715904922746,-0.31442751201861213
1.1198951367664474,-1.8862386783777605,-0.3315868181626648
1.2342988767920622,-1.9558981837882436,-0.5437095625118677
1.1235949353823305,-1.843303362871496,-0.822353813357604
0.9485353956206861,-1.6283699062043497,-0.9984005626706143
0.8340757482979885,-1.4730153503001344,-1.030966466624665
0.8531827463613525,-1.386653072444752,-1.02126586768218
0.8787585189537486,-1.3062021720362633,-1.1163522152806358
0.8460318035070787,-1.2220844436651515,-1.284675909159063
0.8388925558270163,-1.2303304597608327,-1.3587563732534909
0.8240376537195192,-1.2852892793346882,-1.3342489169716512
0.7909471215366141,-1.338118726738634,-1.2380735834773218
0.7550288651210135,-1.3899232205520697,-1.1435567587784612
0.7546999376827351,-1.4200425394780183,-1.182133702468141
0.9375261503834201,-1.6138128164263876,-1.246290595841268
1.314571141439832,-1.9819261442447957,-1.217071865469131
1.5736217452791414,-2.0598785791521386,-1.1577508901096174
1.7308278561636492,-2.010333074242616,-1.0697064976198423
1.796217227072271,-2.0098120425662844,-1.015889470151801
1.842738859170782,-2.0707917933127127,-0.9627276041334546
1.7087938571826249,-1.8489252380759171,-1.0764142227062081
1.5611425892485937,-1.6456972992960293,-1.179065313482583
1.4510149622666098,-1.618703809890374,-1.191586608061482
1.424460783648209,-1.680728962492254,-1.1603977996748098
1.4552885782788283,-1.7562082817436269,-1.1252755239994334
1.411361509308066,-1.7839004914288705,-1.0807841577956097
1.3081840157511038,-1.7122310057810817,-0.9648137448058768
1.1751894596949066,-1.5397456763689255,-0.9336052073628708
1.1066356749139221,-1.4278294144729102,-0.94748041676314
1.0721753063322015,-1.4093458488132693,-0.9568912008707814
1.0750914940433753,-1.4846172998309235,-0.8901125429863105
1.0505759486994048,-1.538957303894986,-0.8623889267424625
1.0120176557557448,-1.544567219606521,-0.9124451854760801
0.9221422852121832,-1.39702930488151,-1.0591060384285813
0.8570144698856735,-1.1919258749146828,-1.1808743024011525
0.9693971134230579,-1.119092372538981,-1.216633700754335
1.1910632123836913,-1.1173673861355689,-1.2293497727739267
1.405224247505604,-1.1489202921783315,-1.1895666928532436
1.5373858293872615,-1.1757238025788757,-1.1398812192950385
1.557697121798917,-1.1663879647335826,-1.0896659996335716
1.541124895305603,-1.252192430023214,-1.0336418766140913
1.470100835231143,-1.4248586118773328,-1.0264653906868761
1.3257183850888226,-1.4492525781244723,-1.0564582653969337
1.2702791714816422,-1.5221109371070698,-1.049521572840066
1.2922376074580642,-1.5469754332041168,-1.0245624743266353
1.3790303890714675,-1.5348554240190209,-0.9683781080508275
1.419414535183951,-1.4315254734764715,-0.9247241595487757
1.3493424501929991,-1.2846195144949688,-0.8758673498974868
1.23274242945519,-1.2656428571568192,-0.8249117821711954
1.129346262846973,-1.310999561561287,-0.7898757126092313
1.0375057911954155,-1.2844334432117228,-0.8153507410160569
0.9912893832489988,-1.1816852478426096,-0.9258885560813815
0.9774536859548625,-1.051719459873168,-1.1238893600326112
0.990674436437503,-0.9405779235613987,-1.3649012191986205
0.9973842174575319,-0.7931303502703038,-1.5880953544904364
1.0421442274346047,-0.7122115545804731,-1.7266245819714356
1.0660586535009127,-0.742782290492215,-1.835633465680392
1.0187538616437941,-0.8276921036217878,-1.9279161656929575
0.8713659590009818,-0.8784778785453539,-1.967140710511113
0.7706065828616959,-0.8849011641242642,-1.880963254523122
0.7902540358947565,-0.8387137538166084,-1.7468401317343125
0.9223463877164091,-0.7738293248487106,-1.6043436280472272
1.0866136895684417,-0.7760435833762964,-1.4203487472121274
1.1919939140612696,-0.825598586907732,-1.2654258892303527
1.1685353586088056,-0.893624174384096,-1.2193319757052656
1.0370134282513852,-0.9034325202822227,-1.2757992823920803
0.8995671737077566,-0.858129271805635,-1.3256181779004739
0.7636061967412541,-0.7640255804547222,-1.3432680145080256
0.5788181091582261,-0.7183062647752612,-1.3565049458511262
0.3725710409813531,-0.7257664820799176,-1.3667841653529342
0.17850918194439322,-0.7269758848785168,-1.3777812211208849
0.034455252870210236,-0.6825618303088324,-1.3318423967174113
0.055237335773214984,-0.6805242515142704,-1.139839340869415
0.14192638298554994,-0.807520334062845,-0.9929017914280915
0.2455075972434046,-0.9750074201615871,-1.0342451654708231
0.3539437448834495,-1.0572242279379558,-1.2014649723678121
0.480853006072472,-1.0765328792949862,-1.3344897519081547
0.6690829916646028,-1.1490524017918458,-1.3333172981758443
0.8922090883951502,-1.3042620012631942,-1.288451874189433
0.9742511354136966,-1.3508071516236544,-1.3316715434715114
1.000971205089013,-1.260235054128571,-1.4097561104048661
1.1378820510657268,-1.20979937343755,-1.3810117338212258
1.3334320323513589,-1.2469279952652552,-1.275675424618041
1.3579710531198248,-1.26750038466318,-1.2455102190046023
1.2218131364458311,-1.220445657208588,-1.3213543374967358
1.0588340970237604,-1.1569373650147297,-1.405986908124081
1.0252230506465425,-1.1394045183886248,-1.436855117364697
1.0838587916161828,-1.1066536000716096,-1.4512338255968675
1.1725862742422402,-1.1006026441793861,-1.4454037358589897
1.2547751613426568,-1.0872776092589516,-1.3730383165668465
1.3467835814871065,-1.088718235260813,-1.2104953300001606
1.3414617043541612,-1.0767182623479086,-1.0738135684596484
1.143354930708572,-1.073007781524619,-1.0599594476955605
0.7993710525293862,-1.082136037412044,-1.1351526076182945
0.3710436346147602,-1.0649248756795504,-1.237303885036848
0.10657541306128497,-1.0963332692329077,-1.289668959193533
0.10138332648632695,-1.155852647139771,-1.3097021242644882
0.2793361063442001,-1.2060954964818815,-1.293041365561352
0.5032273604489526,-1.161017806482089,-1.223696105849055
0.6618918334972966,-1.1196973936835597,-1.0901296692064042
0.833304271738796,-1.1930543818655055,-0.852082131925635
0.965688940878428,-1.4092755174465932,-0.6378484213254787
0.9905741491192053,-1.5945101837702067,-0.6064012019964967
0.8507074848664228,-1.6129084186634404,-0.7892202487467941
0.6780519765757995,-1.473111466235537,-1.0535110805460275
0.5742777909993106,-1.2099985116322691,-1.2843177011984532
0.5093137512897737,-1.0352288640523626,-1.4210730094892994
0.5314880187040575,-1.0277897973322865,-1.404276526156631
0.6213409181359453,-1.0941919805962097,-1.306487835693599
0.7044637142339338,-1.1471631453349378,-1.2539799825653766
0.7066050182733885,-1.152302754355402,-1.2924750324146874
0.6492150516531816,-1.1112554508394412,-1.387366266568353
0.6937322695966391,-1.19123145629768,-1.3846344343968235
0.784340793729312,-1.2800916703743086,-1.258685875011714
0.8430835782252405,-1.356910133058398,-1.0976025310984605
0.8501247634405207,-1.3766814041967506,-1.0065425270547623
0.7846900003778183,-1.3301238834226075,-1.0138974270911798
0.6818041744158243,-1.277534037711526,-1.080373960896148
0.6384958081430474,-1.2818392143307655,-1.1518086577028979
0.6440902400238531,-1.2643634530446344,-1.2651225644342425
0.702696165439934,-1.2091122266083625,-1.3926561807276918
0.8250199346665649,-1.2056217998815302,-1.4571826609626801
0.9707895973421309,-1.243883513701981,-1.4748669149743525
1.1185538079624593,-1.2392471243643988,-1.5113412187091415
1.2467913838649336,-1.2153375521167862,-1.6065145847719469
1.388852410870262,-1.1584526439900054,-1.7002517890841866
1.4824495713273291,-1.1077631709879716,-1.7440511770181204
1.4967909259376548,-1.0501219828947015,-1.727308406165576
1.4533267434658612,-0.9808973361520185,-1.6769076339950315
1.4042040090199666,-0.9531585316299146,-1.6210980574026292
1.3920981448189609,-0.9661407049879498,-1.579466681702252
1.3361321035767837,-0.8823513179365391,-1.588786075813872
1.3187378878266307,-0.8348935598189172,-1.6007568336016755
1.3561109127576298,-0.8482180825142478,-1.6017273977990312
1.3819488986645836,-0.8359011704669387,-1.6169332000358383
1.3304114600534875,-0.8267529824628445,-1.6551183888334984
1.175411048972294,-0.8166832451490319,-1.7317596076497486
0.9629746853027641,-0.768393373727826,-1.8021397760008817
0.794394072756415,-0.7194264362127328,-1.841229991798005
0.6855961927194785,-0.6711760170855382,-1.8706038913156016
0.5733841556013444,-0.6269035066076433,-1.8763490914607033
0.34367373654872796,-0.64945209708255,-1.845610659662561
0.06521662022736673,-0.6732344483415595,-1.7330003085095373
-0.07748008659743011,-0.6978021943876836,-1.6399207752919398
0.13319827089437045,-0.7093115781483731,-1.6506089690973682
0.5934154136038554,-0.6939675019620799,-1.6823253919629464
0.9913287865022782,-0.6346491189519328,-1.6688841291083758
1.1942720750234128,-0.6004755671433987,-1.6337170153891534
1.3036928075694807,-0.6637910861377082,-1.6049650052160003
1.2800716628277784,-0.7691616260803124,-1.640886606251334
1.0640517864983992,-0.7988197002956378,-1.7370728218789073
0.7887608870108983,-0.7767861485105494,-1.7645943228980703
0.5566560463340887,-0.7156738162324154,-1.7081917076460178
0.5303315436016256,-0.7208238185566509,-1.5958872744458585
0.6680321829771597,-0.8158369218259778,-1.4543402669130034
0.8677036890622009,-0.9782174667729213,-1.3301434345309406
1.0035727949664566,-1.1187903570277835,-1.3498026508227436
1.0555720654192522,-1.21509417448803,-1.5173294162504984
1.037903910785219,-1.1087984451196244,-1.7099909918690617
1.0263774860210517,-0.9570334896721442,-1.8343054868412034
1.0368054139532152,-0.853529729873828,-1.915331860160506
1.0109008471499983,-0.8619849502141523,-1.9668856916094604
0.8834766743599071,-0.9612522188616007,-1.9333027953258108
0.7008619114249942,-1.0931156783564409,-1.7619594518797224
0.5216290259563291,-1.1375633952589457,-1.518509169493572
0.4346260127399678,-1.2769575317250463,-1.2786023786630965
0.42251860733569846,-1.4117055921919885,-1.0437811827764343
0.459294643068181,-1.4994794447647029,-0.8327057926528008
0.5031192401519315,-1.560470345054126,-0.7518067696099827
0.8021635342928966,-1.5601736286456476,-1.0268998935484928
0.9850901894364985,-1.569394361912934,-1.0579853318434451
1.132107562768963,-1.5852884191888497,-1.0744227050932562
1.1256322039220428,-1.5693424623960672,-1.0740982847817924
0.9933420590350878,-1.5615110142262545,-1.0219996642922753
0.8461764341449268,-1.5800714813409498,-0.9713906312185244
0.76651190507888,-1.642917707053497,-0.9441077738655722
0.9242588263557203,-1.5454767897141692,-0.8375323166416141
0.8689272314168052,-1.4596963935190128,-0.792536515367384
0.776954661334258,-1.3769496624379647,-0.7523206667484057
0.729416864522119,-1.3660204414854082,-0.7099232300387
0.7406517563910966,-0.8708001029360466,-1.3664514865865311
0.8420587698671567,-0.724470351790432,-1.536295596222166
0.9795628763157658,-0.701401543671722,-1.6688438871717723
1.0706081610807623,-0.7047365989298603,-1.754683365592878
1.0779675084185354,-0.7152735661066812,-1.7534655218852888
0.9676880195315347,-0.7163603519377286,-1.6718744240877792
0.8166946726437888,-0.7132581346513646,-1.5226643865003269
0.6205235662004418,-0.6247867794427364,-1.4698933074366973
0.47949688153401854,-0.5812642098380373,-1.5923082324401434
0.5037979632848464,-0.5795074203087439,-1.7752196430478897
0.6258036860148158,-0.6771480596964287,-1.8759932682920657
0.6951112976926365,-0.7537434307411676,-1.8951409727314195
0.704081771367156,-0.8191646219523143,-1.8139770619750832
0.6416502048534318,-0.971567551956168,-1.673663690625344
0.6107334930993045,-1.110796188025351,-1.5484609818557051
0.5700483412797185,-1.0678913473807867,-1.558932514136691
0.6243279843537197,-0.9929928601301932,-1.6347271354351793
0.6954547439871069,-0.8764428248504874,-1.7549041732249366
0.7835094403409858,-0.8015365276367479,-1.8449114914048745
0.8720247581192987,-0.691579541091705,-1.8810262154735327
0.9406416453123786,-0.6605211153268901,-1.8631183678367977
1.021386703554649,-0.6056234021733753,-1.8623058567127204
1.1188778084380575,-0.6949905030182308,-1.8510007975477043
1.188672131911888,-0.7948685246229927,-1.8426035610407168
1.2148782178646276,-0.8053794086704001,-1.8663967727894406
1.1731502424547011,-0.6741939973688615,-1.9474677311319093
1.0766434638503892,-0.5801967747064334,-2.0251116273082936
0.9666900120949999,-0.5962459508320745,-2.0845704399746268
0.848931688600426,-0.6269126392829505,-2.130193535550102
0.7245666924130065,-0.6282400846473761,-2.0990741554102312
0.7386436637339008,-0.6710660888333364,-1.870328197539473
0.9665937796867798,-0.8698675931097928,-1.444004146312919
1.2275766615243595,-1.2018859611517563,-1.05233361422792
0.31515248871867907,-0.8787026843483772,-1.852827188317173
0.418510953931227,-0.7609010656751675,-1.9861280172089806
0.6119770676280192,-0.8814682247099851,-1.9817916232508583
0.6540657474758484,-0.8926751094019005,-2.039406321300743
0.510884544321645,-0.8170110426930973,-2.070509973116208
0.3679975563668718,-0.7206739049580505,-2.0257921874987583
0.37580287180261623,-0.7069953144720212,-1.9535127524366815
0.6695613999327918,-1.0250638472850286,-1.8212769018079171
0.9315351657433608,-1.240334241857685,-1.8165515197193838
1.1131083404276765,-1.2946645468638787,-1.8812479648167761
1.2075487722892255,-1.2646597958198165,-1.954881839170206
1.2594656280672893,-1.2071498632040671,-1.9837560716420044
1.358900581461733,-1.196203775039444,-1.908263645885071
1.335011073067218,-1.1823488145961643,-1.886669992810702
1.2476710531537567,-1.1735662259158557,-1.8995861091910011
1.0724540111107117,-1.0924288641671431,-1.9504512343158782
0.9690753649657472,-1.0585687804272188,-1.9492518239411754
0.9441701880776009,-1.0396982762269154,-1.9101461374121316
0.934971763839037,-1.0569727897249375,-1.8815567216922944
0.9134706969152883,-1.0268452265166974,-1.8833434646148492
0.9629741100096113,-1.0713315658368974,-1.9078517686765517
1.0982207810661093,-1.1653779712228,-1.9773331952153168
1.1698713397392029,-1.1735247235828232,-2.0110895428734303
1.1747360714307373,-1.139965477571124,-1.981615987744935
1.1794851808688986,-1.1130432767427147,-1.8982330723467327
1.173737611552764,-1.0249347363799404,-1.9055866984567849
1.228036973896609,-1.0512289685143719,-1.9800477850347031
1.2848357977143832,-1.0984565866786022,-2.069095487631498
1.0551009810306,-0.626556289152782,-2.2270811617790653
0.9190961612794969,-0.33711457800410954,-2.270428072268392
0.9210418390001495,-0.3849515208025332,-2.176771160771182
0.9389153734204442,-0.42766566794735367,-2.0504169503169463
0.9646100893375719,-0.4984983265542163,-1.9241982528714545
0.9581364789231929,-0.5883055363136089,-1.800656300686249
0.9718158038491915,-0.9056430488493122,-1.5926931861512972
0.918416093020525,-1.2436262622753842,-1.3641636111123554
0.8281718547354765,-1.4463987404598695,-1.1902929998575305
0.7077213692962928,-1.508190200552505,-1.119854962433832
0.6421665997235311,-1.4792272877162496,-1.0828514963686422
0.7270986991055676,-1.2398725210105312,-1.8245213456784322
0.7548933007076443,-1.194604990865209,-1.8991381710445623
0.8022395868246002,-1.1589337328952491,-1.8118133063363138
0.8860809162947462,-1.1797188549240525,-1.5566925127739533
0.9747933611369861,-1.240739571343313,-1.2687982965344349
1.0344707415684007,-1.29109010013998,-1.0427309258436617
1.0997080321350283,-1.3493082227044526,-0.7851338963644929
1.073988853966817,-1.399319241564894,-0.5622027821559904
0.42439448849646455,-1.0258903274226205,-1.6898422120165137
0.4172005241065717,-0.9486542265627426,-1.8688828697480195
0.585310460253033,-0.9451332247139292,-1.8373996762998195
0.7882483153850444,-0.8962966403413304,-1.7076936289160132
0.9305158647078847,-0.9973799343993774,-1.528732026789541
0.9760988927934947,-1.1810419630244577,-1.359551949397727
0.9807557130226389,-1.3595822717797745,-1.279333573839193
0.9273002299156714,-1.3918430152827366,-1.3209269888105981
0.8571315205164228,-1.3098433254558906,-1.4445246815610386
0.7126968700209477,-1.0969406101005486,-1.715145206599057
0.6059120127671068,-0.9032514195226597,-1.9171634699369222
0.6336288973875358,-0.8032547207483056,-1.9642774675034742
0.7061127728069734,-0.7700295542874671,-1.9010349778949134
0.7265382302639521,-0.6711958444343841,-1.8141473829583288
0.6949958615567485,-0.608559543523192,-1.7831960820141748
0.652473996190871,-0.6651320430590391,-1.7810649565193688
0.5594232903811678,-0.7554997274380121,-1.8307074655079434
0.4409055028043971,-0.7706397792186641,-1.851383605934852
0.4025010949454755,-0.8300971815756706,-1.6949800304868354
0.4580270827407368,-0.9589003757435359,-1.4942379099060514
0.5730263070702397,-1.162198812239586,-1.3220594428851262
0.6177546475486635,-1.34920398951166,-1.3122322932406552
0.6804879157905201,-1.3789491069331,-1.3729180182808713
0.7109905428747909,-1.218460264499872,-1.394541588384337
0.6813438975505536,-1.0274368400737488,-1.379108009250073
0.6695177116478614,-0.9311181360139346,-1.2871129040952076
0.7185607835073095,-1.0281065875600255,-1.2142070302570065
0.7225540675887941,-1.1031753197524503,-1.2931513557312957
0.6436996220206358,-0.951538713248087,-1.4403896650914312
0.5057919224531415,-0.51246694694023,-1.5876997588647508
0.4915012090940247,-0.1710592543775042,-1.686128784008142
0.44819097822151704,-0.02832875021426795,-1.7937223835056726
0.46656049532195876,-0.1817390086002367,-1.8053762552575436
0.4781311344713402,-0.34423138615060533,-1.8317775271060341
0.4675223133084112,-0.42445399888492374,-1.8896601912841013
0.4664553908748845,-0.4310659901040998,-1.954326406063621
0.47760323541587213,-0.43991720961936653,-1.9650890292971992
0.4696894891889719,-0.44538179726168514,-1.9460833178977617
0.4222478496198722,-0.5115183163787409,-1.9586092858495892
0.3110796204423842,-0.4983537357978314,-1.995001822536865
0.30118884328932727,-0.5097973108021328,-1.94701023761259
0.5758283887627974,-0.9788391837590829,-1.6360340188331435
0.7411426971408883,-1.1168431891724255,-1.2562768232038533
0.783679771386269,-1.2451890588003343,-1.006120020800186
0.6404387759194895,-1.3049210638856432,-1.1262509793308877
0.4560806542514497,-1.281085275064792,-1.4882890471489885
0.3827750885869936,-1.2428207592807305,-1.7563006239104115
0.386053380765406,-1.201991698302582,-1.939734496346916
0.4310589424970212,-1.0245231187185433,-2.0102258385562863
0.5908899295785568,-0.9099848062356182,-1.931566491936847
0.7466823154398807,-0.8749084601387916,-1.9009491042420563
0.8346901252479739,-0.8620705996629159,-1.9289669239636555
0.8472280827156786,-0.8746889367424547,-1.9816825902866615
0.8647153473508501,-0.9286423030211243,-1.977266724215864
0.86845011894343,-0.9608658620891387,-1.9423477695918854
0.8745464233541846,-0.9034592151704588,-1.9513955847340532
0.8754819716019036,-0.7840571330620496,-2.0059495168777253
0.9033520264550073,-0.7244131772207675,-2.0439341802712088
0.8799352807879942,-0.723554113112345,-2.071713669852261
0.7058766145275693,-0.6686023416746919,-2.029288141290863
0.4675416693279116,-0.635532808437296,-1.74350486644167
0.3558805926725096,-0.7126242618641204,-1.2078345949893239
0.4771672038556623,-0.9206879715660798,-0.6235232874718686
0.9213789220180897,-0.9843994690844026,-1.418929152784119
0.8956751763872307,-0.6998772921582438,-1.556147631601024
0.9822880177590927,-0.6644826000407359,-1.5634005475356203
1.0208794492615123,-0.8434551023706022,-1.499169798040143
0.9661290859878946,-0.98659180188268,-1.4679616458656541
0.8673025045523062,-0.9899129060578175,-1.5680018736694146
0.8344025514288592,-0.9183441789399964,-1.77817413955952
0.9323114368994257,-0.9175796040800137,-1.885400739990128
1.07767337969632,-0.9876281150395912,-1.842872900458304
1.2119871437838803,-1.022516954551411,-1.7015851937667195
1.2369162012631756,-0.9617408373918674,-1.6225226508357153
1.1229424159086845,-0.8197774572160149,-1.6792310088245472
0.9952996516014132,-0.6302388677923353,-1.7569098465716604
0.9304359918089046,-0.45721545692181076,-1.7823067960643062
0.9660233455106599,-0.3869718902290421,-1.728833124078003
1.0543376825955668,-0.4825272042682803,-1.645626891494776
1.0933148044874679,-0.5586855187332473,-1.6199084751213257
1.059338164668541,-0.5725459471193782,-1.6844787802458154
1.0615978119513096,-0.6131062370673026,-1.6910184122601999
1.019545645056285,-0.5827700231247944,-1.648735712203906
0.8298500501888052,-0.34432139969047465,-1.7190665553836715
0.6753643317129212,-0.24179382098964425,-2.015936219391051
0.7660529306652887,-0.5149746456024531,-2.0306846034640587
0.7609614241094133,-0.5858828847197006,-2.0344546619067643
0.7567831421148403,-0.5555075368902209,-1.99324788941483
0.7136951357785772,-0.43920109460635537,-1.9996032889476898
0.6252104154947179,-0.32391723216709045,-2.0916750701780367
0.5603319909742261,-0.27176182655977205,-2.171980230835931
0.5308972533659522,-0.3365401562489321,-2.194765828102558
0.509550137524357,-0.4781306474285058,-2.206239302152066
0.4920331432449892,-0.6178791564107603,-2.232434999348227
0.5572105947527118,-0.7920719555080941,-2.2074920163484464
0.7175700308724273,-1.0004690057157601,-2.0259949320529844
0.9029540687150247,-1.1975016330358756,-1.6735848968132854
0.9781309924634128,-1.2388237640253186,-1.3359072967613836
0.8934070077000581,-1.2888688317211392,-1.1792983739954055
0.7198855752585646,-1.346268896719361,-1.260591609149709
0.4758516712100295,-1.2444712229762818,-1.6517175173447334
0.3038204499774394,-1.0211169468140262,-2.049221523707934
0.2884555437619405,-0.697499332994327,-2.2178167331439997
0.34927389461161407,-0.46644079662324395,-2.28542189875059
0.49976714074353396,-0.5958079016453242,-2.238897722080878
0.5327147159189932,-0.7506754413445552,-2.1728846577348238
0.46842084999959344,-0.7917328289381361,-2.0985284981214813
0.353031679776801,-0.7344432740882122,-2.0566849170766988
0.1803879806838044,-0.6266856358343581,-2.0619608606708737
-0.06555956704173468,-0.4958004036818244,-2.0338401890640534
-0.2327461005260529,-0.5595968049979709,-1.976491314854934
-0.2915921214388967,-0.5786426663536589,-1.9898692029810876
-0.14268553600157968,-0.5812782926932814,-1.962006217071038
0.170172938776069,-0.6923212257952434,-1.672101983409903
0.49286780983654166,-0.9043006593719863,-1.253664557867472
0.6936749867791444,-1.0622109327592615,-1.0064427995388165
0.7807501178462981,-1.1780674820423698,-1.0388480737046033
0.7022452481877101,-1.2008907832562161,-1.280023248335041
0.571478317026425,-1.1832315504436581,-1.454683306181645
0.5325729724709064,-1.1689389005166344,-1.449776410827894
0.6631229382414238,-1.1565170688016588,-1.2386556288121702
0.8547427561513695,-1.1951182434497194,-1.002785264707667
1.0015496932363857,-1.2471578521896463,-0.9526533977671848
0.9845061600107186,-1.1947520094811699,-1.1208328914951682
0.8308437783019125,-1.0847106997656792,-1.3780285242365076
0.6846400713797486,-1.0032268442151169,-1.515004997670134
0.5979914533117356,-0.9357707522782511,-1.5194684340832645
0.5589954136309331,-0.8595488511017164,-1.4910796266327389
0.5426060291641863,-0.751555206688431,-1.5307789576073358
0.5811303403737703,-0.7414752824368777,-1.553414797306557
0.7172665823773772,-1.1871525421895615,-1.5611317759018264
0.6723605508376291,-1.1509958642931475,-1.7025794211100522
0.7423033854121842,-1.23240395562343,-1.697103542939223
0.8758711382236779,-1.4354634793762333,-1.634679785843223
0.9044378326075063,-1.461191413936049,-1.6263701835375188
0.8719252457103805,-1.4216261068916387,-1.67943397372686
0.8114181104497656,-1.3865598764050513,-1.7221642061405449
0.760992573511524,-1.3862050390153333,-1.6846842829712052
0.7174443589550007,-1.3863952575439336,-1.6563885520485693
0.6741117121124056,-1.3374308703170834,-1.7181782710075484
0.5806404591391608,-1.1062397249225266,-1.851141751204928
0.5734020529623124,-0.9782504176646213,-1.9199060519641211
0.604841191260846,-0.9269724688683436,-1.9603026833147754
0.6596870815616767,-0.8941570269526822,-2.0031170261356532
0.723716163916198,-0.8950881801528454,-2.027734012335286
0.8169779556284077,-1.0169115597502099,-1.9773236270958812
0.8915930194275642,-1.1783966433785156,-1.890440042792198
0.9370166151427398,-1.2179369420744688,-1.8498519414188175
1.0056115340793932,-1.1820956007481345,-1.8482017302816132
1.0775200155910651,-1.1710371893352083,-1.8325945307723728
1.0936910789893985,-1.2046717251496546,-1.7785713062099362
1.0733584267566691,-1.263110929374644,-1.6810985213744578
1.0394722844361444,-1.2923394190714417,-1.6457106821715115
0.9218595747478286,-1.1182338689163807,-1.736862848866335
0.8277718211491736,-0.9567673842869774,-1.860164232629117
0.7994057007007249,-0.894530235090526,-1.8804896027239348
0.8257491590426908,-0.8904765489839738,-1.803107633259789
0.8426795000385613,-0.9173268075110164,-1.729161202859575
0.7794954536568728,-0.9104312888058018,-1.7422395357362244
0.7262575767264053,-1.0008388984685403,-1.743282271173979
0.7762233814863685,-1.2515390080086344,-1.6164098064465104
0.8694350194427518,-1.53560770345597,-1.4954332596067537
0.8934830836810522,-1.6446124462758598,-1.462057715600796
0.9124091072398571,-1.7131604587568816,-1.428409944836667
0.9242319600698775,-1.7930242008040642,-1.3543013538706017
0.8858341621633353,-1.8595745544618698,-1.314010076651781
0.8127736500483976,-1.8738504503758087,-1.3415202831756685
0.7662744126012943,-1.8373405869174575,-1.40013725630414
0.7969804352840931,-1.7937554627515253,-1.4275550016135816
0.8439411476708657,-1.7178469395229523,-1.4462003250968305
0.8830761129901105,-1.6095233987912567,-1.503647345688916
0.910164145858609,-1.4907264246980994,-1.54922062776571
0.9643856318026899,-1.42225930178616,-1.53560160438532
1.0794340955472295,-1.44311430572933,-1.4621493306508422
1.1566919494743229,-1.498145286045494,-1.385360827617889
1.0583917278891954,-1.389672934391245,-1.3823134850480503
0.9377099133769558,-1.2758518566695962,-1.4252833786525747
0.8791395236200498,-1.2064978220235851,-1.528978454750473
0.8605535287838967,-1.1067977226584527,-1.6735110389969008
0.923026416675848,-1.0638197828964138,-1.7653194305507525
1.0686755092675855,-1.179005183035301,-1.7889263294596593
1.1786465412521636,-1.2607729391186848,-1.818028759872409
1.1568226826955286,-1.2328250671228416,-1.8480711370732144
1.0451292812183353,-1.2516297714920084,-1.8163249597235946
0.8957348815686157,-1.3462088765102287,-1.7181334604372867
0.7566681096044134,-1.4725576180298618,-1.6106411124125528
0.653265879513027,-1.4629384183400684,-1.5652702404190306
0.6039979333147739,-1.356088438610125,-1.583691184717652
0.6497092490889091,-1.2766390408664554,-1.621583933759444
0.7005980691470454,-1.2465662460404925,-1.6393929843832085
0.709168135246315,-1.242063187651959,-1.6307955995578354
0.7187962225251647,-1.2590675769970456,-1.598847978206385
0.7156996368436074,-1.287278896895267,-1.5624482105569566
0.7375520569219998,-1.3381720501875582,-1.4768507510605318
0.7400076290291056,-1.353874092066622,-1.3816837195730185
0.7112771919362917,-1.3225954993668907,-1.3594122389516832
0.6329543636319509,-1.2446075938170615,-1.4596225105732958
0.5313209200032477,-1.1763863555444136,-1.5777961514945602
0.48837102442378705,-1.2034757387417119,-1.6447523386336083
0.47150246411499697,-1.20640759698975,-1.7412416370975077
0.455834816331463,-1.2045389360685923,-1.8425001675253527
0.46901344208978774,-1.2001966255421617,-1.840925355284853
0.5271092245482307,-1.2184355002931868,-1.70868997759593
0.5428742391428842,-1.2376869161998332,-1.5652977366417051
0.5210255563065093,-1.2983674396060898,-1.4716372965764348
0.49014844429142584,-1.3724397399821544,-1.448402551940662
0.42144526885889594,-1.3713142588562157,-1.515739460962367
0.3810674631382328,-1.3069908176860001,-1.6100619100526952
0.41697245235467645,-1.2367905387102223,-1.680571725020839
0.4856055118649237,-1.2002298268405038,-1.7277903457117425
0.5382785435210306,-1.256324304292857,-1.7209688054370893
0.530755148046089,-1.3036747348581947,-1.6920536406036755
0.5212112810171403,-1.3771571585721636,-1.6326603212649644
0.5045491968708109,-1.4250422372379272,-1.5684876365041653
0.4916762866633561,-1.4716355873610711,-1.5045062905998166
0.47973698038256485,-1.4762911192301384,-1.4842133227489167
0.5083006310208257,-1.4674634383159808,-1.5157068331418446
0.5453337606369872,-1.4310460619013385,-1.5904237095217901
0.5539998634603749,-1.3718984983377893,-1.7131609430001447
0.5655072185802099,-1.2775687297580383,-1.9000168252315208
0.587296808537277,-1.1857950558316563,-2.0884515215866633
0.6336714753046633,-1.156409121663561,-2.156902432911223
0.7224601565849899,-1.2079066396921152,-2.0787160918855125
0.8400405283497013,-1.3185749605904675,-1.9337854679707518
0.8945948262101047,-1.3966434073863578,-1.8416708947840668
0.8738666234490479,-1.3689273249379048,-1.8408056047031256
0.844667872314995,-1.2825386392907885,-1.8550702076973389
0.8488585069805811,-1.25399102006868,-1.7825911391503912
0.8520758407973598,-1.300601408805557,-1.6707345682322738
0.7892470804277419,-1.3483694336910141,-1.6286009706174602
0.6890429479495684,-1.3712594452766997,-1.6741371079640446
0.6094552087387408,-1.3658120947460397,-1.73296988535378
0.5882755520131944,-1.3458353339665954,-1.7393801565909528
0.5803071437311796,-1.337873353931209,-1.725061125317816
0.5668393752644966,-1.369590899379681,-1.6928794038976973
0.5690965960287415,-1.3893912726124327,-1.647937552125102
0.5919036289531002,-1.35670418954581,-1.629222164574456
0.5695164565560703,-1.2819517522697148,-1.6950049769192228
0.533618477177155,-1.198843082639135,-1.7857239237008316
0.5018682172809239,-1.146338996451659,-1.8223708774357288
0.47695911073785646,-1.1257134726465639,-1.802098329216866
0.4668094593797641,-1.1320813618393573,-1.733557594685321
0.48274643659525734,-1.1422769988158836,-1.6462185224398498
0.5078803989896875,-1.1920601177025434,-1.5567957057186486
0.5202319675752589,-1.233632570716745,-1.500842128329018
0.5325171190275793,-1.2262634659438134,-1.5248796312475885
0.5516900966033336,-1.1692357412495724,-1.636012615220986
0.5703338726691367,-1.0875054579910897,-1.7662286924350132
0.619207172925126,-1.037255028277191,-1.809451733216193
0.6443634766698164,-1.0293337615013995,-1.7890372255489624
0.6061540731996602,-1.0297472706876978,-1.7670953080828513
0.5637486358297212,-1.088729558567897,-1.7536342904749753
0.5921565038182539,-1.2340171738949959,-1.7248012364129561
0.6455511183220288,-1.3709020275741024,-1.6631185210225137
0.6659503151684824,-1.3650659310932265,-1.6346614827189252
0.6283375580111503,-1.2688390932092086,-1.6982675775306917
0.5727609822701188,-1.1418277402958683,-1.8061040533766302
0.5855319757459444,-1.1577645918777357,-1.8202221160697045
0.5557206375023217,-1.247398742188143,-1.7635347290779777
0.4723570925903656,-1.3077136054798917,-1.6853061856791576
0.3685558849056871,-1.2717598343327103,-1.641404999258361
0.2872287060944706,-1.1940336155767173,-1.6571748440815663
0.2911346095153405,-1.211360994578639,-1.6855918846927425
0.3243273953614772,-1.2032375570793354,-1.7282219303328112
0.38849384091285216,-1.1637036139207728,-1.768596147406929
0.46847144856947115,-1.1458294411775547,-1.8100768355769832
0.5499996753222718,-1.1965105779638574,-1.8581458125661732
0.5771198125626208,-1.2302114084810483,-1.9088309777501897
0.5126079708396633,-1.3089913419157362,-1.9037669760970994
0.47228540165625865,-1.372446534654524,-1.78032567398002
0.4993843933378153,-1.399901296084016,-1.626447789763786
0.5994609717062469,-1.383905195335857,-1.576648520567636
0.7426043778369643,-1.3267172343918372,-1.6231826308396966
0.9496807304202216,-1.3373657589564458,-1.6179105878310605
1.2252539653491052,-1.4757588434435018,-1.531634442447926
1.3797490392864984,-1.460612304934003,-1.4805986755451903
1.426075537595108,-1.3968603941785376,-1.5163370523898272
1.3784663787032154,-1.347207548367129,-1.614450758898706
1.2735979419778898,-1.3203652703073703,-1.6835297702019856
1.167500876574838,-1.3537935272995232,-1.6705521769537384
0.86028127069213,-0.9704829395630118,-1.7526973208188652
0.6703338379901393,-0.736507370020062,-1.8374971650514227
0.6163326426310437,-0.727316973916377,-1.84648676515566
0.5864794402662913,-0.6722797295427806,-1.8266292427788795
0.651819873068945,-0.6486381664939792,-1.7520617768791493
0.783476858660879,-0.7150354950907755,-1.6579332928172124
0.9605232735735744,-0.9017921018221572,-1.5749681454499065
1.0361084452100386,-1.1483323221071964,-1.5418183162368198
1.0261847682735674,-1.287009821717185,-1.5489916948783793
0.9854081085858462,-1.2457729991811994,-1.5770265793070934
0.9888147599794131,-1.2195580305523364,-1.6255359139435845
0.9843280157620301,-1.17019167873417,-1.6942718232759335
0.9023313568150949,-1.0071502359546007,-1.7887810318658703
0.8090542607012992,-0.7810216586985725,-1.85937507435345
0.8431751671878469,-0.747433482573557,-1.8271028808724084
0.9228085223802857,-0.8135128599406316,-1.7911423041512593
0.9855978247595579,-0.9202394287966245,-1.7640678740781501
0.9296572831309079,-0.9675357670753516,-1.7856008800481067
0.8170574041257797,-0.9386052635369888,-1.8311872528776694
0.6645228136763176,-0.8212645805784021,-1.9321564672039193
0.5761811480547959,-0.6553268451537156,-2.004159355042318
0.5921612983475477,-0.5938213844597909,-1.9534101275550861
0.6525334818104349,-0.667458882521706,-1.8254714259167104
0.6935699954648965,-0.7773569616998559,-1.719630176569393
0.7145677284720432,-0.8497665492004799,-1.6702582809512574
0.7956395864392606,-1.0060617862362997,-1.6267751880720118
0.882472835039135,-1.1374492775064198,-1.6150775367383206
0.8804911997763947,-1.1207982339348068,-1.6420078187863143
0.8450314150281966,-1.0526206793060318,-1.6831919886151991
0.8177319718766956,-0.9963084688485382,-1.7293992420993476
0.8206868042836638,-0.9970742323608562,-1.7858160379641403
0.7960513001115475,-0.989499032374045,-1.8744883726327353
0.7214304605440839,-1.0017998506488577,-1.891109396311921
0.5963144146598912,-1.0077503883512064,-1.8396213423942616
0.5450368681053988,-1.0181236936217932,-1.7122347628466457
0.44773973531644823,-1.0582223603765537,-1.6195227421220086
0.4024919427574455,-1.1434743311439832,-1.5104911626617064
0.3224636110677548,-1.2556080689148663,-1.4183964368143254
0.2614379279666211,-1.3429763952915355,-1.327184950433602
0.262720990668408,-1.41436400929936,-1.2595838893825426
0.26828768583789975,-1.4395942376721877,-1.2351435551104029
0.3331617204311251,-1.4880322200244784,-1.199710120250053
0.44824834294669097,-1.4991138361723713,-1.1485700796015315
0.5918465452522046,-1.4426243024139804,-1.2139741074751196
0.6861644488429662,-1.2412868615386525,-1.4193504808814272
0.704359574787725,-1.0450045748770855,-1.609443722837561
0.7018688463146991,-0.8908189647019986,-1.7155299967041355
0.7313917215782217,-0.8228775468284916,-1.741525178698306
0.7872042510646352,-0.8308632976212386,-1.7384283716108255
0.849220694020959,-0.8918370841864507,-1.7018614592366257
0.8658787099666735,-1.0037422504002025,-1.6365869333238847
0.842785226347231,-1.169909861830789,-1.5028944489393192
0.7962083969559437,-1.4094654520727377,-1.3252265126226992
0.7259313103545931,-1.5192153883952588,-1.2043952892490366
0.6691193074514804,-1.547014704989983,-1.1700147747204581
0.6137883204156045,-1.5593645596121515,-1.1633655278016692
0.5893969321019746,-1.556808313566379,-1.1672060345236104
0.5692209087522403,-1.5404881881675745,-1.1609247823651836
0.5864611573231249,-1.5141018607549777,-1.1568392685592823
0.5827628484297446,-1.4514944268152603,-1.2248639042517147
0.5812878433556075,-1.4560582028942912,-1.254316359728816
0.5580893115749694,-1.4732247148704478,-1.223552001240872
0.5723608067901615,-1.534618650429844,-1.1016050399831407
0.5601248404845751,-1.5548624846069474,-1.0785637708238798
0.5192778657730742,-1.533528962362525,-1.1738738345878612
0.5235335014233543,-1.5427846765712379,-1.276422665125138
0.5965500657369581,-1.6081593485577097,-1.2568452761035547
0.6922637336602063,-1.6296571865232026,-1.2185856090401905
0.7744740229322429,-1.5889742770930098,-1.242976043495561
0.8155631471416945,-1.5480284722423248,-1.2860340323309902
0.8005428854751659,-1.523497751103119,-1.3486301492104604
0.7443189399350723,-1.5032635167868869,-1.4220530869426355
0.6561299869985067,-1.486111522905118,-1.5245312051154467
0.6239501522813155,-1.4455930292368262,-1.5671666301482992
0.5780016395970892,-1.3127307969964983,-1.5547008211665554
0.569983761580319,-1.231134516305753,-1.5083008387765464
0.6142589127451973,-1.314526201573656,-1.4131345689048491
0.5371929040553175,-1.3509916945100648,-1.313813734726445
0.3589672479638158,-1.262529281337086,-1.2375933516645123
0.22572221395109046,-1.271062560150902,-1.1907683300154526
0.18470371010421718,-1.2444045366780923,-1.240993296058391
0.1660351927350936,-1.1787952962033568,-1.37727989073762
0.1941871135933165,-1.1735745008057232,-1.4403074623457783
0.2693346693827414,-1.2868999215430366,-1.453520806783742
0.514750077138511,-1.707229522157967,-1.336852703345085
0.6483639384907322,-1.8663633343282398,-1.209191748716543
0.6816688707303998,-1.8426350077578617,-1.098660595331781
0.7107873256005429,-1.811975363526639,-0.9951806500598025
0.7189703070655818,-1.7388987180211828,-1.0287619481893815
0.7300595402855901,-1.686305952211766,-1.133245040881997
0.7395135785949941,-1.6435286452366868,-1.2676755926880585
0.8393069167416242,-1.6010526138567052,-1.3316422585103305
0.9913528016868899,-1.5758149381187192,-1.3162999946918963
1.143045918736115,-1.591114418019081,-1.2384749883338309
1.1935905993970415,-1.5773035461658453,-1.2524606759591548
1.1941722387918616,-1.554377296814573,-1.3244326518181833
1.1665610955519283,-1.5626465645909868,-1.3247719392077335
1.0922799021467056,-1.525556595186496,-1.2855527858431244
1.0282670604237227,-1.514583277735215,-1.2429992445321918
0.956825485563824,-1.5243116475951488,-1.2494433104902263
0.920726851624348,-1.5656935901075923,-1.1485217041744271
0.9456318156341926,-1.642245791363547,-0.9315811505122416
1.0102836865575167,-1.7871184615466562,-0.6576554696108727
0.5002682814508196,-2.1759787124057035,-0.7917835373472547
0.6661363445300731,-2.1519609974035694,-0.8883290955516644
0.9047389403849325,-2.1753907653240687,-0.8279182026299265
1.1697729618948165,-2.2225386159708127,-0.5966646538505136
1.3719834829194233,-2.2903634839346916,-0.35550896121210646
1.0900208081305947,-1.8607911688732501,-0.7973400377497837
1.1776588830332586,-1.9899039410310049,-0.739579695459894
1.260191680181212,-2.0459547176920916,-0.6880546305367855
1.2852535683962496,-2.0222107573306243,-0.7190850058470893
1.2928264042068627,-2.01825867737497,-0.7360930365932966
1.2852598942594498,-2.0281673227602597,-0.7220326928270163
1.2022744852265186,-1.999197854178312,-0.7701708188669835
1.114712324047233,-1.9247413613680118,-0.8458235635400907
1.0564288230873042,-1.8157172298091402,-0.9019129400509179
1.0695618815112946,-1.7594788654754745,-0.8691991541105853
1.0648219584627834,-1.7807455422403062,-0.8414677804318815
1.0452959263290262,-1.8684497509924778,-0.8365688804460187
1.3297208021228282,-2.527297868956394,-0.8719523558142305
1.3549463641385144,-2.499463781885976,-0.8424000434467223
1.2335777322854238,-2.282446378055265,-0.8492729364065288
1.1316598270556555,-2.205068821949215,-0.9251389907503061
1.08581186364194,-2.186290422604522,-1.0237701947416014
1.1091741579618728,-2.189334822801631,-1.062862645747443
1.1495627968388082,-2.184989918874982,-1.0145669824630987
1.1625982380557973,-2.132043055078437,-1.0049843389556752
1.1951618542910276,-2.1261916712425046,-1.019337340349042
1.2545424042839028,-2.2204736699290013,-1.0161785501742535
1.284361725419691,-2.3123664461171893,-0.9886823767390764
1.2691800105648983,-2.3191364181275373,-0.9586494157740951
1.2256309194754542,-2.254720612377504,-0.9568336544102127
1.192693538663847,-2.158474577503202,-0.9555676091586597
1.2340913376108171,-2.2219862339660033,-0.8721950343593339
1.279355329358585,-2.4372332800474474,-0.7530974817078137
1.2046509210380956,-2.51406631915447,-0.7637576716887805
1.0831305885844567,-2.4630677409542283,-0.8930146410705166
1.0306286869167924,-2.4056785346510057,-1.0280804108860093
1.1093458475776017,-2.4194545458967447,-1.0694646446620204
1.1200618858663116,-2.235497422177428,-1.0754137938863118
1.1222872734310454,-2.12721238792577,-1.0020830424809286
0.90989803700516,-1.9711064120791453,-1.1861226871748742
0.9060012138966023,-1.9457912225725207,-1.2538247706305092
0.9891496224405667,-1.9063244712155079,-1.2791391176731983
1.0960455171979433,-1.887457716282134,-1.227230489381563
1.2030541970662005,-1.906854124603265,-1.1087291714600391
1.2655569432315712,-1.9708406225499666,-0.9671595703854986
1.2366677658073817,-2.015185302677533,-0.8941068096784088
1.139250329559052,-2.009286168112826,-0.9168592528621614
1.0019589034976875,-1.9492994607939218,-1.048690950321958
0.8639208541278869,-1.8789671516310231,-1.211909167212286
0.7717790700635289,-1.8220438835813084,-1.3458687454627105
0.8019188062176634,-1.8006459443456795,-1.3533695227122617
0.9304780286389668,-1.8008422998540528,-1.2792105480506715
1.079070763626625,-1.8009272295110417,-1.2215001801198422
1.1862477066963795,-1.7739001981785467,-1.2296125800792155
1.2426749496865197,-1.775046627932092,-1.2502657192322622
1.329700685175897,-1.8234658989929466,-1.222270493053171
1.464036046553842,-1.8940123346053435,-1.1506732294796966
1.5314107391694953,-1.8909134199306186,-1.1521440944860155
1.4859902104094513,-1.8369818707596528,-1.215302748935208
1.418989271842571,-1.7732938455270226,-1.2633615281144885
1.3927661194646928,-1.732100057917172,-1.2988332970563023
1.3699800044708967,-1.680037530998172,-1.3014987942532634
1.3370058550334198,-1.6356465661537165,-1.3205637560516286
1.2978492140787936,-1.6065156365770767,-1.3672307546477975
1.2842727086507533,-1.6281707913172965,-1.402400195326364
1.3151086059930719,-1.6961195923119066,-1.3330101218219392
1.3774218970953667,-1.8391171474052,-1.1568149710840987
1.4488980800767624,-2.0978598308177516,-0.9585999465364106
1.448124181717725,-2.2826908223327065,-0.8434615269191345
1.3884913258680116,-2.365727109067933,-0.7873320496390065
1.3210418147315048,-2.4100719329360185,-0.7360059758444937
1.2896478030978122,-2.434022421711305,-0.6603832085978948
1.27294508615727,-2.4329329773256485,-0.6193360764698661
1.2662980417134742,-2.381247262881556,-0.6659111947009382
1.2209118356510824,-2.2456048829768482,-0.7857673464997792
1.1068574666992241,-2.0615067799675253,-0.913308657426097
1.017084315935084,-1.9811762545228535,-0.998344610569846
1.0040662132822655,-2.020479553200967,-1.0205177516687025
1.0560037950514043,-2.097021034471511,-0.9978338017517702
1.1327448695476277,-2.1497601468505354,-0.9524624381072738
1.248198583986298,-2.2299030832084603,-0.8310488225013548
1.3609238871948879,-2.332149420086222,-0.6717248567371301
1.2767622060435921,-2.183956136531491,-0.9549449709675708
1.2275810339973454,-2.1164091165019174,-1.0636650958647014
1.1406580052934152,-2.0301000125821065,-1.1344683156426283
1.0892281344813937,-1.9938922601238818,-1.1089375913686286
1.140511120210672,-1.747486191717704,-1.0020812253725777
1.1429439662413017,-1.7712160587321633,-1.042435991497697
1.132313615918747,-1.795619529141785,-1.0889589204894035
1.1025303877507793,-1.8104101625225058,-1.1405713201594612
1.0900043236895338,-1.8739136012715507,-1.1243146920070963
1.1139067018342839,-1.9417848415257914,-1.0253883652201556
1.1420288868443444,-1.9563806761119331,-0.8982705126494696
1.1472269661937018,-1.989194336818013,-0.812739469320117
1.115318493240499,-2.0492560342439825,-0.8181260050391673
1.0758183547624582,-2.0845116960964,-0.8808525134490406
1.0490708162319153,-2.06269928811923,-0.9468115529411216
1.0260132884056667,-1.9741943999458194,-1.0143271441973938
1.003382400243616,-1.87768833155974,-1.0696094367272253
1.0239535976994454,-1.8509283892238744,-1.0821863991359852
1.0833049917952564,-1.8807537310567732,-1.0253779276964292
1.1259015604238747,-1.921648274866285,-0.9711026097910728
1.109990127037287,-1.913496712041203,-0.999899646556459
1.0951525245843694,-1.8868194207465938,-1.0474196522581554
1.1242168598828188,-1.924603653424138,-1.0434325934457604
1.1506151877482993,-2.0475751768617396,-1.004286577573364
0.9066794137644038,-1.7528838544062864,-1.0408470975066
0.8551707853967652,-1.8047786843418185,-1.0161925030497612
0.8536768047012183,-1.896332291643661,-0.9150001010099845
0.7889366054653709,-1.8578551400169079,-1.081181055673427
0.7586126785861516,-1.7776486020816253,-1.178217421260243
0.8012203128452549,-1.8172042734217448,-1.2028990941788278
0.8590731333355563,-1.902916756538565,-1.144902400472741
0.9030662494067436,-1.9571212689990465,-1.0117210551558278
0.9329951609471271,-2.0021514050660083,-0.8499797224843423
0.9554038460256161,-2.048777594511961,-0.7279197195303724
0.9742707534693585,-2.1039274092748697,-0.6848752660383357
0.978398033475135,-2.1505648641664785,-0.7206457289521795
0.9877559132122528,-2.189125729693875,-0.8042512477735669
1.0210659661053276,-2.2508738900804035,-0.8561589603410328
1.06510072965035,-2.302024815616173,-0.8739676373490683
1.0748432566931527,-2.3090292305376234,-0.9054701415754289
1.0505221942254699,-2.28556223446509,-0.9676058835801953
1.0460775732797698,-2.2626624634065156,-1.007191222516977
1.0836860297259414,-2.314013408157738,-0.9551634521024136
1.1329064295094795,-2.3881285332634854,-0.8634566742048818
1.178899662474687,-2.4238664562509356,-0.7962307483968644
1.2082316975856504,-2.442426051544441,-0.7710178543194237
1.2199901992309947,-2.453577265168552,-0.7890378390396906
1.2054497759278147,-2.474699941750658,-0.8296935410967512
1.212679009390696,-2.5373694281439363,-0.8082575905833548
0.6239729368257059,-1.697712635830895,-1.2326516990491936
0.6366094488473555,-1.5679497802569986,-1.207940443006248
0.7244245072429445,-1.4789964480305495,-1.1497283911940475
0.7989932081696872,-1.404320744394412,-1.187110828745516
0.7866825002701301,-1.2523181154990095,-1.320496212231969
0.7664042457983992,-1.2091454517590041,-1.3708030505779367
0.7588724345877672,-1.2893878327753647,-1.3050891626925403
0.7657337436561902,-1.420914820821844,-1.2091391265953424
0.7960511011377363,-1.4996312675045125,-1.156052476385057
0.8413873829945603,-1.5425265837466078,-1.1108667751308723
0.8909644363224356,-1.556818655675655,-1.056745278645914
0.9476517154531822,-1.5419955469392534,-1.0252035653602836
0.9922127209498542,-1.521246778085216,-1.0244093808514663
1.0286314461364225,-1.5114037886076808,-1.0037025250789158
1.0335013641422666,-1.4739142204469204,-1.00145578857445
0.9916944849376136,-1.4092470947591835,-1.043582535358556
0.9388641302004282,-1.3810688214687692,-1.0919132139869654
0.913291424266953,-1.4018025899425128,-1.0945960005232716
0.9307238807315376,-1.4907155684354765,-1.0195276531996864
0.9528764401995824,-1.5578991000608418,-0.9318433464991402
0.9739548014121322,-1.6050884592444847,-0.8800224684452124
0.946334507904994,-1.6380590282240184,-0.9145989435185855
0.870513566219914,-1.6291540230369497,-0.9900895467406838
0.8102899371720304,-1.6247268857855894,-1.0186648580024258
0.742667001153879,-1.5889503828374592,-1.0477246266899893
0.7031470971019536,-1.574258699212067,-1.0847377035439065
0.6722057519429554,-1.5742874070456008,-1.1523300894033817
0.6802112616662472,-1.546386680287903,-1.2112869078572495
0.7916241740033657,-1.540705348912076,-1.182599283921452
0.8895227062346274,-1.5915027597462872,-1.1079338452810559
0.9559650471130264,-1.6763656672888547,-1.0200669989413769
1.0089883306575704,-1.7818751144971434,-0.941408013782239
0.9916326817435915,-1.8347665548289223,-0.9073551955256876
0.9270480506300183,-1.7608483746832864,-0.9140918273141917
0.84946653443596,-1.6453187026853615,-0.9830225863939483
0.7969670165750073,-1.5753781953797685,-1.1064375557970516
0.7458103771717749,-1.6183164674748394,-1.214149418245971
0.7104617836782126,-1.6870117228896948,-1.249981931277017
0.686622909892639,-1.6792297039812036,-1.2127186621121977
0.639439258869132,-1.5818221811893929,-1.1714622342213161
0.5906195299993229,-1.5342763186267057,-1.1713471397756592
0.578225748363741,-1.5310658514832858,-1.2039559808104434
0.640246376520969,-1.5604624754209357,-1.2538707212024494
0.7734114210726459,-1.5883075142187373,-1.3290686286604398
0.9512675275861219,-1.6335468651748144,-1.3797369496012928
1.106663352414411,-1.6988643390650662,-1.3371497225602376
1.2066714960430156,-1.7490826586871122,-1.1966154006098355
1.180723809607994,-1.6831205495150903,-1.0591279230895938
0.9771798677064383,-1.5392384067708451,-1.068548963691676
0.7664716210856236,-1.4403431617476843,-1.1918367854287129
0.8084887353643102,-1.6444772981406601,-1.2345462694911498
1.0094021919779461,-1.9405254461119814,-1.1551013049492846
1.2652681245927553,-2.1708693814507525,-1.0033315261888807
1.5103340924439952,-2.3707512944763596,-0.8604866980804521
1.5552452181425596,-2.4269955249173516,-0.8375955736709866
1.4856374232300251,-2.374732740067782,-0.8824318301105143
1.4943326177414482,-2.3842457861751876,-0.8829071582508711
1.5823326756748444,-2.457834954815233,-0.7992710864970366
0.8741017756522519,-1.8372214315877868,-1.0808294616892342
0.9585429032078959,-1.7542206379240148,-1.0703833018031128
0.9951347994811097,-1.7196574888756835,-1.0118308629230053
1.0037833510746994,-1.6963931173139082,-0.9139329361687465
0.9867644173835669,-1.7515223581772603,-0.8091069753952529
0.959498238767482,-1.8140889073099071,-0.7875842551567722
0.948401143792522,-1.7973576125151103,-0.847643889294938
0.9841627567891067,-1.8166452542357072,-0.9205237551361338
1.0336313305180638,-1.8932727635899098,-0.9590429301363602
1.0346452937490933,-1.9169786954877852,-1.0167778007928734
1.0109473524568167,-1.928736128512179,-1.079118553719138
0.9205787113822537,-1.7456442379663342,-1.1338127564270404
0.9360615704893487,-1.633294557460876,-1.100207631049037
1.0790143925084055,-1.716545276501541,-0.9910319553738544
1.1711390422289856,-1.8282104447304117,-0.9094796807183568
1.2160658642707851,-1.9062065111659217,-0.8385234109999851
1.2401837745711646,-1.9851760068477353,-0.7632266529206523
1.310760130227782,-2.1810633058916955,-0.666904231528177
1.343603865579658,-2.3076337514554917,-0.626352317492956
1.2615750987853758,-2.244130455601197,-0.6655553895401424
1.195955122782887,-2.1488604024367843,-0.7120887070034262
1.1880764874389471,-2.1494071130194277,-0.7302606524673589
1.2151850924524872,-2.2385951838577607,-0.7357908246106478
1.225509028372729,-2.3491640876569564,-0.7403012939508714
1.2188444772968174,-2.343049464430462,-0.7621857604484313
1.2085671617870628,-2.291941137557375,-0.7951680149079807
1.2228676287094344,-2.3184378593438897,-0.8087277741237264
1.2560889624355873,-2.4000093195757524,-0.7740858570778809
1.2858979639816996,-2.4541505753004134,-0.6943937725100611
1.1806430857684236,-2.346394696802644,-0.7050292182089226
1.0006623148785794,-2.080690379247161,-0.8452785291823666
0.8840663947104205,-1.94593164291265,-1.0362427712256383
0.7810060364388808,-1.822483638984629,-1.1948506286553893
0.783629462830794,-1.770027246250561,-1.2169690494856658
0.8489060637170495,-1.8279453126069276,-1.136040499734947
0.9427259612484064,-1.9182012835134465,-1.0468487382026608
1.0106148701844304,-1.9972983193336067,-0.9690926089781673
1.0249092233291859,-2.063464753652027,-0.8468110630505917
0.933933774272529,-1.7500469514223473,-0.9797526524152587
0.9053010782597888,-1.7226056599256687,-0.9703609681445621
0.8535534258869142,-1.8095544997813475,-0.9375842440601292
0.70801673640578,-1.8318558498834387,-0.9061572962465072
0.5373078440701626,-1.8405550320218076,-0.8509132389528605
0.4159876750626209,-1.8415944203685293,-0.8252741055654702
0.4425507756236885,-1.8752353977170375,-0.8536501272143252
0.6496876192072936,-2.054735939200746,-0.8768649798421635
0.7669279005466203,-2.0955274655553873,-0.9083103619688156
0.778960505727766,-2.040269512770803,-0.9873290122324871
0.7797687431069222,-1.9202551179446672,-1.0451392338629422
0.8472896636693199,-1.831151810325883,-1.044014676234234
0.9602744360969963,-1.7793612733736863,-0.9923390740982649
1.0961083289127658,-1.7650874533430139,-0.8962249764670082
1.242336765963075,-1.8298081118594347,-0.8269572174665111
1.3183677069707163,-1.8908095846157926,-0.8741525909773513
1.2632364000098457,-1.8411955008053582,-1.0218803014111109
1.0798761776099544,-1.631314119623351,-1.2117919655915839
0.9437816123018691,-1.4703047984270432,-1.297061844674764
0.8969566490456433,-1.4117680203095166,-1.2716995388894214
1.0076147466155077,-1.631543792477408,-1.0782838231356071
1.0214827277529563,-1.6952636757815092,-0.9452788058901416
1.0004422659361802,-1.7828227432441548,-0.8181854308265377
1.0320022921025853,-1.857113305382871,-0.7030532423050497
1.0914040028946188,-1.9106976456364506,-0.6807351406689234
1.1031264661882325,-1.910377875901466,-0.7938355101763339
1.0550161372739364,-1.8414106509389085,-0.964880655962089
0.9741394456279101,-1.7636841845188285,-1.0574103058280413
0.9034243538333773,-1.8104096816602706,-1.0538921344565972
0.8929118695321047,-1.9496108513412416,-1.0043632467142798
0.8990596668385245,-2.0735541059900036,-0.934349281093284
0.9265751228336518,-2.129079271007892,-0.8405341097376499
0.8865339185743771,-2.120368639083215,-0.8009768861853926
0.8298993020590251,-2.0706569479425454,-0.83148789715506
0.8301660897767423,-2.094880120657355,-0.8730121280769788
0.8542414398319121,-2.2035259202034205,-0.8318595111088959
1.0963139237115511,-2.1055843360360504,-0.853222670192279
1.1686643938557828,-2.1590779773641526,-0.8621997424655701
1.1847539603336996,-2.2141846479365817,-0.831939760136906
1.151222119970696,-2.265360485746866,-0.8397265009841242
1.0590659837264138,-2.304714447793292,-0.8442369344235557
0.9506730267735565,-2.3181385290808043,-0.8243624936103585
0.8720207127821639,-2.2897442284814584,-0.7836703054882959
0.8532356433132232,-2.2338580953654685,-0.7055622693581053
0.9310374899000505,-2.3359687800002393,-0.592083976162526
0.6602057055388287,-1.9769633230172377,-0.9481696455866871
0.6021324636065133,-1.8786193460756442,-1.0654096337903844
0.6637875744262589,-1.8282912094085282,-1.107817400209944
0.7824980079953054,-1.8100983731621751,-1.1081885534120506
0.852839855060867,-1.8392312646810962,-1.0901291593302864
0.8966820848456715,-1.9304106143533597,-1.1313006058549515
1.0397101367903243,-2.296224575109529,-1.103197531813464
1.1346561036067184,-2.4668687718500175,-1.0858680667351062
1.1926358820628018,-2.4576068911252293,-1.0648576100182612
1.2695953989903281,-2.4229016668132863,-0.9812398489694846
1.3495388964036745,-2.4407725718902578,-0.8958501487764197
1.3967706737558765,-2.4683281418766625,-0.8259109637424752
1.3795938422403409,-2.4809394496606814,-0.7995585210838372
1.311397097498983,-2.470017789197962,-0.8046488918681415
1.0835049664619645,-2.166760579132468,-0.8768551313637691
0.789435468417024,-1.7196528253253442,-1.0032548258278924
0.7923598837417296,-1.7768206475319392,-0.9627817634471151
0.8287804398868621,-1.8767982681974147,-0.8724474823257758
0.8394810048404278,-1.938667930335902,-0.7915324639245096
0.7796541566441163,-1.9048917572682988,-0.8157532783769474
0.7044950990108695,-1.8732592168818936,-0.9108370915815309
0.6956890236806317,-1.895227383534802,-0.9642975371834354
0.7036015668966786,-1.9457411931639632,-0.9950119208095789
0.876631866369548,-2.2530517007338076,-0.9236426285114271
0.9228157055968529,-2.3109609441722556,-0.9241562544612956
0.9078791048915383,-2.265119480466515,-0.9958645988304948
0.9297596850926806,-2.2597056224731733,-0.9726422702245605
1.0200660699553405,-1.8798671404030713,-1.2277251293062308
0.9475891697915124,-1.6676640433331351,-1.3835773546995596
0.9399631036305205,-1.503813822444048,-1.4821891281133042
0.9468104435128691,-1.3883254238714406,-1.567841879625871
0.99539930321288,-1.3264656444824992,-1.5317717012859084
1.050438451898762,-1.315486313061739,-1.4793372300444185
1.126339548271822,-1.4021288536548122,-1.3939711023279797
1.272306144033881,-1.6652181080735704,-1.1884669567259807
1.3617776552406038,-1.9348538527788093,-0.9741243442722232
1.3074520620079786,-2.0310762917765377,-0.8820415301327265
1.13576641750359,-1.9876850595988529,-0.991168992287534
0.9581885958790972,-1.8976021595638952,-1.1731134997944395
0.8766601901578185,-1.8582111594696165,-1.2664581756198952
0.8425255851272907,-1.833620993938477,-1.2554315278557897
0.6793884695352818,-1.7639078303261226,-1.2180380889105868
0.4705098459406777,-1.5538955555959089,-1.2643186678985014
0.5219568596886534,-1.4431437018888156,-1.3149694306414839
0.6665406459540426,-1.3806274560496092,-1.3947268321844024
0.8372030317952983,-1.4232163644145426,-1.408823620604113
0.9611482499242231,-1.5159099662970725,-1.338986265310678
1.063028046910621,-1.6320789767431074,-1.1824444911351182
1.0911561758203485,-1.7070459693930706,-1.0677428182240907
1.0422907748945147,-1.6909007190148482,-1.0372291887626617
0.9921311139210055,-1.6170910341942135,-1.0821484154603505
0.9678804134238875,-1.5563054055844823,-1.119257827754544
1.0154081401865802,-1.566586030758157,-1.112931543942221
1.0485617601901838,-1.5313822714583272,-1.1753524173668768
1.0231258187247814,-1.3895922397504745,-1.3018713920812215
0.9955668163195022,-1.2263137518127176,-1.4078012820769161
1.167454560767526,-1.467571716441804,-1.3196944250209703
1.3186177904305056,-1.6844775704156865,-1.2845893888001703
1.3687185481698048,-1.7589951832491906,-1.3785581779166491
1.3492974448360326,-1.7560671474053404,-1.4726542798331794
1.2838145382689377,-1.7735771678852679,-1.3805929773432482
1.2273595317589119,-1.8050833607776842,-1.1606769252019222
1.151658029907673,-1.8211409069763262,-1.0628143958895089
1.0316761868104203,-1.725104573276374,-1.158421261175945
0.9579591214761715,-1.5570221803968967,-1.2890568905888835
0.9992497412643795,-1.489202244435432,-1.1874685943594627
0.9272593833118675,-1.4161848890836664,-1.1852862934810273
0.765996022536916,-1.1352922987367442,-1.2550131579774024
0.6749205790151713,-0.9836341477914595,-1.3393197058083859
0.651096169551025,-0.996708201448861,-1.3816393363485058
0.646084798786009,-1.0498880312693237,-1.3173290544281455
0.6832382142481752,-1.0904805593188294,-1.189200179392967
0.8403874147529079,-1.2836949495396393,-0.9836453854342114
1.0359120694554766,-1.5872768263596637,-0.8052976305257962
0.9090473631575553,-1.831601531251864,-0.7542674764064103
0.874914274764992,-1.8464816863551223,-0.7011236565263903
0.8852365182893958,-1.8979370142881047,-0.7195100217955237
0.9734083295726847,-2.0561796366739054,-0.7625953122543303
1.077162752219659,-2.231527389069655,-0.7830391918305544
1.0288615991074106,-2.031829801311456,-1.0894329028236334
0.9609297439818685,-1.8827251802028344,-1.125093079168618
1.0175770549487133,-1.9310000143296915,-0.9986230717563207
0.6734266633942759,-1.7681834857273098,-1.09078191979044
0.6184640586414275,-1.7234733061380298,-1.1172395210116712
0.6063245078099938,-1.8179198701385282,-1.0731355362865187
0.6438465328406894,-2.014384927503798,-0.9577186490914359
0.7067388869424469,-2.195242216373384,-0.8464416131731692
0.7560959734187297,-2.2870306364593604,-0.8213568561564778
0.8080208703944703,-2.370163462862377,-0.7886212672731229
0.9069798411945806,-2.528023845826553,-0.645846064740214
0.9539423984432268,-2.5612264846424444,-0.4166994105733272
0.8725972132080027,-2.4453850609474355,-0.4886068241030233
0.835395164978687,-2.3883040290898245,-0.5077135109024218
0.8114636044380904,-2.3927027281323294,-0.5140227390295381
0.8030786336380243,-2.4608873891156247,-0.46607684506840297
1.20929391420367,-2.001995968789139,-0.9477451649555818
1.300492611776787,-2.001920011446616,-0.9281352472191235
1.335968128396238,-2.0176280069924815,-0.8593295387286284
1.3777869319516642,-2.0599043119847646,-0.6817856532572873
1.427099455160348,-2.1499581217954056,-0.5315546846609186
1.388759006425335,-2.1341261907242335,-0.5497902528031429
1.2572897395674836,-2.0343349344555275,-0.7201817778176826
1.093249105098773,-1.9116209022999207,-0.9212945271923683
1.0062616706767225,-1.8261145881658738,-1.008160592040676
1.0174131326277867,-1.7960992361773773,-0.9825754038565184
1.1009479166080347,-1.8446049967772615,-0.8893389945925394
1.1761731022535398,-1.9296766730259716,-0.7853286704244051
1.1796800018141493,-1.987459932662673,-0.7849184895532835
1.0897070564576208,-1.9877712615026235,-0.8946492347902402
0.9651407665849613,-1.9442107295645676,-1.0305394444154843
0.8936926300983218,-1.9163915542485297,-1.1197078986494535
0.8898806491920772,-1.8712881719594752,-1.172511459891261
0.9215024334639615,-1.8273185591329988,-1.2349603969003926
0.9238946087855059,-1.7790554470761872,-1.2953552435692657
0.9123705918468091,-1.716729457609201,-1.3243015607506563
0.9371849032088236,-1.6388343417834204,-1.2806124349187946
1.006279492150354,-1.64228545869883,-1.1274971093206982
1.0909915942728354,-1.7431632018786705,-0.9794483758783473
1.097298501489187,-1.829036230513315,-0.9654376077624708
1.0084087563235165,-1.852717033486494,-1.0376234362781183
0.8519165802329842,-1.8038114534848,-1.0838915461350034
0.705943282032467,-1.7794966754173982,-1.0657913058285504
0.6255653809543363,-1.8377334469965485,-1.0510097206661726
0.5766269821399687,-1.8773335946765395,-1.0650572402406842
0.5709437908918694,-1.8605955894743076,-1.0390125798168273
0.5975027138201947,-1.771996615716017,-1.0226033744141634
0.6474320407787951,-1.661577598973841,-1.0589562634154517
0.7010037418094204,-1.5621509359683774,-1.125617795930813
0.7444242463474905,-1.46188210112175,-1.154134253214813
0.782841467559496,-1.3638663446842907,-1.1329161693251542
0.8463503239307565,-1.313110757992417,-1.130169206737115
0.9233869776490318,-1.3162560371149743,-1.1844344780072014
0.9508488256886029,-1.3097508157517557,-1.2903740620018282
0.9313233113278494,-1.3123861452102785,-1.3388795599720678
0.9101265054759349,-1.3467111575475936,-1.2997973161090144
0.8968681901701434,-1.4069110550551767,-1.25849191457319
0.8738887048796914,-1.4596436595097892,-1.2235149000917533
0.8394108105967195,-1.438023437134325,-1.2183318786397657
0.808003771081909,-1.3430336091813675,-1.2460587838920099
0.7909104819798941,-1.2795433642293128,-1.2742257667762311
0.8501226577225822,-1.3570415435213588,-1.2522050096593889
1.000816876112619,-1.5240605943655006,-1.1660625209861022
1.1829150415005198,-1.7175939316741402,-1.070496360510533
1.3439309197745917,-1.8646851621173308,-0.9967714987933166
1.3693085471695543,-1.862183323002521,-1.0004278812140193
1.3233666134378077,-1.8529881915733615,-1.0318546497982448
1.2929324054951903,-1.9181145344086816,-1.0242170115142373
1.2657729234399369,-2.0258349083509986,-0.9961348447869374
1.1873051946289044,-2.0088151780157126,-1.002622537143715
1.1249704594963132,-1.9306259129717038,-1.0019686944794488
1.120410525127682,-1.8976798936992152,-0.943436940903359
1.1021270616724612,-1.8743070395463903,-0.880441702150314
1.0349751593645122,-1.8538032672362388,-0.8694449072890277
0.9482117340772644,-1.8342499720674315,-0.9054799681975987
0.9095105928149961,-1.8910163048327093,-0.9221341294812448
0.9023349356716184,-1.844439221432478,-0.9791057059327424
0.8621225337870445,-1.6934360339090875,-1.0538854301857041
0.8233921709512944,-1.526722429251773,-1.1016007344884786
0.8426195425225773,-1.4584096206702948,-1.090177531078794
0.9006954785572964,-1.4642934781868362,-1.0792475803151014
0.8988329848867006,-1.433214411886286,-1.1465850331858374
0.8755183907385993,-1.4035093992957486,-1.214735165783057
0.8777381155454711,-1.3984362976521283,-1.2139119054006386
0.9100420063699703,-1.4606088414557785,-1.1739040288723819
0.89919607743073,-1.527640709715107,-1.1952597225147237
0.8566199481248301,-1.668506750962223,-1.2138857982257625
0.858705956702233,-1.9029958787701524,-1.1286493310021553
0.9290398675617585,-2.1397294212424227,-0.968093393994839
0.9850889087721186,-2.255272302119549,-0.8335346997958926
0.9903141343638856,-2.2971702025330414,-0.7980950931617267
0.9238953402641811,-2.2689346531749366,-0.8487509063086486
0.8568520882836759,-2.246682687923516,-0.8750884455985404
0.7885980602277767,-2.2601738913691136,-0.8404103772884244
0.7094989255254829,-2.258544746262515,-0.7521494280381262
0.6783620713253742,-2.323256372300761,-0.6346919867285816
0.6737972174146822,-2.42153901994626,-0.5239649319922445
0.6310388899924195,-1.6978669542884328,-1.1685788582578513
0.6031923793508245,-1.7123162542432533,-1.210757563915852
0.6141550138087356,-1.6929963495531033,-1.1870752595111083
0.6612775559907366,-1.6632488449036944,-1.1260843301992496
0.7250104564403773,-1.644878766835037,-1.076103021134035
0.7914354226110804,-1.5962391105943565,-1.0754352346773086
0.774637510612302,-1.4352454004794002,-1.1369919319397492
0.7043617473741085,-1.3140951296287855,-1.1889617096837677
0.724275248304619,-1.431117916625763,-1.1532727865882721
0.8285746689672215,-1.7347236797778642,-1.0691225659938155
0.9147124711231169,-2.0161887865386467,-0.9855154937983356
0.8547226737041647,-1.9961145856141804,-0.9905506034910104
0.7710744148168357,-1.890845329997445,-1.041158172055021
0.6443778248033569,-1.6837695517228084,-1.1637930036132824
0.5231268649739315,-1.4635408112281678,-1.287199013124075
0.4530711345020105,-1.3230022545391924,-1.3691776225831072
0.3878786681054098,-1.188420150235362,-1.4163282987430614
0.4793819071310553,-1.368710294158193,-1.361731449469643
0.49971513017494523,-1.4901780195426542,-1.3050989485139572
0.5242017552640525,-1.621190661393716,-1.16634744802962
0.5461899746033418,-1.7072140471676038,-0.9864633240149623
0.5654609443153132,-1.7567576351322038,-0.8604622881491928
0.5926409334323213,-1.7873324179660677,-0.8309443721718696
0.5727515016768089,-1.7711302495677304,-0.8828395026156777
0.5440167742392534,-1.7651683602193744,-0.9282631463403269
0.5003723814257146,-1.7212832531996138,-0.9489935300215927
0.4224149236895562,-1.6470489034433042,-0.9861907277199251
0.3552515974060827,-1.711022476245859,-1.0221937109497672
0.364240155399079,-1.831147536891934,-1.0661861342020857
0.4810546496123433,-2.088245491632376,-1.1154554991428085
0.6256679885191688,-2.230645760699877,-1.146837525869775
0.7183798108550543,-2.2337460707545347,-1.1557578087717888
0.867628296765872,-2.2684980176526266,-1.088038806750832
1.0478151094289196,-2.3839934478704747,-0.9738575738522094
1.219222067378721,-2.6004890693666196,-0.8278378355742266
1.3760082838411796,-2.9362663610371795,-0.6309667961079332
1.3866057899718292,-3.140345423089942,-0.47577520417849206
0.8668275014670516,-2.770007389423889,-0.9442950009833722
0.8424809650521073,-2.6795760920084413,-0.8917107576098148
0.7836685684732712,-2.550776367915852,-0.8408780299063342
0.7516768783658536,-2.523876186015442,-0.8303912539800729
0.7706517909899246,-2.5668019806782842,-0.7857910874385091
0.8125753607724319,-2.6042604145892008,-0.7254162982583277
0.7124910804777679,-1.7607344553958175,-1.1446966006997776
0.8450820702751166,-1.6665161920224836,-1.1844347804735926
0.9190204542057263,-1.5871134383672063,-1.2063050947670841
0.8948011399094565,-1.4015024706660457,-1.3074760829004997
0.8651666926996041,-1.3162506656925124,-1.4085008192900508
0.887824936164805,-1.4101584162165002,-1.4216659055327188
0.8186856517813482,-1.2717914128545809,-1.4376901425392643
0.7676444847172366,-1.0699853179221799,-1.4364516228835829
0.7873095764939648,-0.9470838216236347,-1.4153834122766027
0.7767282590294736,-0.8581094049909014,-1.3856971161457017
0.696884459278135,-0.7274460211797945,-1.395979267587109
0.7622082353541523,-0.8367763893380802,-1.7291099205615401
0.823853396907501,-0.9694354033493513,-1.6778458008805273
0.7765963637496769,-0.8574781457938951,-1.6408957743312422
0.6643524063619797,-0.6025077274254168,-1.6434773181149098
0.6245883989644405,-0.6170413777000998,-1.822724999417844
0.680854168477425,-0.7534518634730797,-1.8711813315829862
0.7932926867254715,-0.9423927276927216,-1.8840762891266776
0.9508404754803045,-1.1323387398568139,-1.793450398438887
1.0407479978207466,-1.1247522029289685,-1.6426204020937458
1.0403106885012263,-1.0265452413894598,-1.4905138165456973
0.9433877915754761,-0.9529198603928761,-1.4437258118458391
0.7925642520023776,-0.9619902359838863,-1.5049380577563676
0.7089485908466949,-1.2073276909549766,-1.513363931730867
0.6570801991421157,-1.3518004360395255,-1.4631358087651567
0.6897519624246311,-1.473966994093326,-1.3283479995381604
0.7127903358912928,-1.50665636445306,-1.2299118459507017
0.6769543123271147,-1.4900844837818905,-1.1697593871314342
0.5655571614985593,-1.4257053162649775,-1.119118008233022
0.5096256504435891,-1.4561551912415513,-1.011720031819973
0.4640163644293738,-1.4738266042560741,-0.9747212268874523
0.46786324204761404,-1.5091211425702311,-0.9621440475357343
0.473966717907809,-1.5136324024366508,-0.9772862586729827
4.816649345546088,2.672286679447203,2.102995302264808
5.030223816913591,2.7761856379133674,2.1862509497142018
5.191144802761847,2.9230622730573526,2.3213411368848837
5.324936737432887,3.127864699935154,2.415307274035298
5.453902196689311,3.411800040892919,2.48781446492004
5.5603382071586935,3.617835373079466,2.5843470395582946
5.5551753347404516,3.5964967472168166,2.5235440888204472
5.443056765451791,3.351179657384839,2.3226391211271205
5.329407230273584,3.1395599938895593,2.137640006240248
5.291513208720599,3.0381590657937303,2.1451352021031895
5.326117179458913,3.0330715072617123,2.2584089752863368
5.406733446560947,3.157830893595588,2.3507417341292784
5.48905424953826,3.3898037858409795,2.4505899769915107
5.532548152779096,3.6140966102596415,2.641482355662779
5.573693176818977,3.7297143317859343,2.858535205316623
5.714264255780081,3.607350873542297,2.7734823911330158
5.22623497959029,3.5153045561577856,2.4516400835593872
5.121329574544152,3.382454219193959,2.3845545328279223
5.152702811112396,3.368790156559982,2.536725680269589
5.255816429153112,3.47624307977626,2.8925192854896324
5.213202178545639,3.259121160759783,2.1484288552019524
5.103949853224183,3.1826220292788014,2.154271933222026
5.050553453878442,3.0125230767033906,2.290623236200741
5.003817438993579,2.6339076195023723,2.433409577829915
4.277136443606836,2.2399970637910487,1.4504442226003391
4.66836370817875,1.7453546715185826,1.723720024447958
4.247199388946491,1.73720279230662,1.3811031864207262
4.090813324323685,1.651454807498751,1.5321999702024562
4.117415915647845,1.625294121385635,1.6745870802065765
4.633430271960725,1.7052843397625925,0.6405260986443183
4.559597055182834,1.7329612950080544,0.661471947311381
4.392250359412529,1.660907371307762,0.620821073844836
2.4672792534081545,0.74953873979414,-0.30605986862284223
2.3954936674733767,0.7976293962106832,-0.4299948842365494
2.3258996213426686,0.8105455313291011,-0.4470762160222662
2.2020563006362495,0.831740363615714,-0.5113557202572544
2.1248828146389003,0.8003176776518638,-0.5452858046622497
1.9603138526029409,0.7858071188231089,-0.7321865715017077
1.9340897182013823,0.7743609274676118,-0.8423840274911724
1.8747308085684058,0.8034339884724523,-0.969701771966279
1.9447892956451656,0.7904997811151838,-1.0150167514421198
1.6619700211996786,0.810201858602051,-1.1995923512549962
1.695143579616619,0.7502762250823846,-1.050729687912902
1.8094840300499864,0.7107371254797875,-0.8210496447095861
1.8987107310381592,0.6637358234909453,-0.6082428603473049
2.066622296796192,0.6327411409271749,-0.3916509390556005
2.3113908374284327,0.6896502821427598,-0.10276513160781439
2.7253002561264412,0.7688794398225087,0.33694772073269735
1.9831387811473717,0.8052131004221185,-0.7117767958032706
1.888834097712464,0.7915804639270279,-0.7433473042607749
1.8415941266938871,0.7940955122806397,-0.7970915245030447
1.8207072775497115,0.7950914528946671,-0.8308178051050726
1.7604726611758907,0.7621045318363268,-0.8334642077556742
1.7534568562763293,0.7762799377271022,-0.8438343118447711
1.770889243015253,0.7880583612693759,-0.87798480770502
1.77309229482568,0.7787996558547328,-0.8699528434355682
1.764556641142557,0.7311056854352541,-0.8058083138109075
1.7809980330292097,0.6998596047125708,-0.734491276931043
1.7722670890446195,0.7306993375643811,-0.7132162445121852
1.7334134280689832,0.7566403165586394,-0.7324104724521037
1.738867076372812,0.7641842087267551,-0.7567706564537634
1.721043315342953,0.7806434595479813,-0.8226147271680669
1.6743055510283829,0.7593144215302561,-0.869146444459079
1.6430470233396735,0.7699009178394912,-0.9094419747584179
1.647942791296207,0.7741391642301139,-0.8952473732056135
1.648306688208324,0.7640532105647774,-0.8734879497714964
1.6590554429088014,0.7482557549056624,-0.8122873748556085
1.6855018327553424,0.7338608469570119,-0.7387856175991251
1.7027897986894258,0.7229490097054929,-0.6731156961585326
1.7233540518628991,0.7283838170711873,-0.6260695276023498
1.7131906643045094,0.7248566624271622,-0.6362180835511442
1.6893259140879957,0.7904720267721649,-0.7288158258807241
1.6851983720987513,0.8458673880811364,-0.8184767977015758
1.646323898769872,0.8782036321567125,-0.9414710599168166
1.657684286483554,0.8472945145273044,-0.9646232545655444
1.6627735215192414,0.8151491896301505,-0.9305103638634219
1.6873347078132106,0.7768521200120662,-0.8328551379534496
1.6876200259603493,0.7577626964787314,-0.7888934459020083
1.7024245656993617,0.7543419088223167,-0.7816936216135244
1.7096832940145046,0.7443022417804332,-0.7399259290225209
1.7402835314189582,0.740424456550502,-0.6735628997359012
1.7043750510233129,0.7623835967563017,-0.9723437242772528
1.7037648319590397,0.7977161178075465,-0.9465185327101128
1.70852761941763,0.8284073571736658,-0.9377433194576641
1.7236433192571994,0.8490859482152436,-0.9215819300998503
1.7507071412027206,0.7895239849711035,-0.8581776120592337
1.7518420037719837,0.751363711407027,-0.8339760227993483
1.7168440256277773,0.773293627335619,-0.8927905303653404
1.672464068205108,0.7684743169530464,-0.9478854835028948
1.6581450797098796,0.7679556022388158,-0.9568323730953423
1.654772169104485,0.7467455619639206,-0.9567129727421699
1.6595486413894123,0.715634482764613,-0.9137760907814112
1.6663642974457291,0.6876582687277594,-0.8103580080274615
1.655835708236426,0.6819654179300977,-0.707398396708518
1.6231571269960692,0.7494257724953003,-0.6934867890616596
1.6086508691322947,0.7663945614350984,-0.7282226080025597
1.63210705683092,0.7814137563392151,-0.7627696067028858
1.6910113642176783,0.7169895908702132,-0.7082504564710184
1.7086834396651858,0.7131947883944921,-0.7077919444059342
1.6980649542194517,0.7267330103932733,-0.7405062673170447
1.6995757871791133,0.7616348849281157,-0.8149840213763385
1.7384771164817894,0.7521024566486996,-0.8627069683164134
1.808439702496278,0.6965025692150403,-0.8567850039980698
1.8228600452486599,0.7087880720203683,-0.874825773999506
1.810090149832709,0.7543781628258335,-0.8524646740467973
1.7789602334490773,0.836308157114417,-0.8016470589487084
1.7837430716281122,0.8334384254821435,-0.7096256957706222
1.825914602042082,0.7660757276288784,-0.6280330631925708
1.8641085174607959,0.6903939928838465,-0.5788221938105724
1.8680967472368342,0.668537332139235,-0.5833318722250123
1.839690422799505,0.6644016702522582,-0.6450170303170654
1.8120412595206448,0.6633489600235981,-0.7456005083710107
1.809267108664621,0.6768749053994434,-0.8316370219704122
1.833528432515355,0.7381048310431514,-0.8804506077262819
1.8421372517086638,0.7982301932506853,-0.8716796408245353
1.8659045631991873,0.8022796105880499,-0.7951203706474603
1.9157237814041648,0.7486138522686817,-0.6968188468702619
1.9841028159467178,0.6868293600015971,-0.6748803254106508
2.020921889697323,0.6494497339686206,-0.7576646900800104
1.9931599029646896,0.6833385365330257,-0.8955823014554204
1.9410886706154555,0.7124356498103347,-0.9822387221773846
1.9041930437713137,0.7117104398937375,-0.975185558430642
1.8863011890392638,0.6828733167275994,-0.8991268031498842
1.8761822691626817,0.6653853588982138,-0.8159566278403927
1.8658653394421587,0.6800140655703801,-0.75062589096453
1.8647489351112838,0.694135252981629,-0.6951069365135011
1.8636959958412223,0.6698078115864482,-0.6839700449810634
1.8429161376307035,0.6932176923693266,-0.769281351919839
1.8465386482397834,0.7031580285949134,-0.8210635404664212
1.859085261716402,0.7006296222792255,-0.8068200626151784
1.8768910539213448,0.7072906590925815,-0.7803937480092841
1.8948106615216673,0.6721580135014714,-0.8091374143399247
1.8924867115184139,0.6645527501740576,-0.8792966738022144
1.8780763925794808,0.6414023982292473,-0.8675542402228624
1.8526264667935375,0.6277333412354824,-0.8138924441631724
1.845916507881254,0.6261936673715903,-0.770505834339111
1.8336170070014353,0.6254838940734517,-0.7805743553421093
1.8103298239168475,0.6076659103189312,-0.8120909766109181
1.784850549838508,0.6226487097264046,-0.8709116010840325
1.7727755475756157,0.6407961154390988,-0.8697974924855857
1.7768538027713143,0.6302904262493715,-0.8085725755987326
1.79894669778771,0.6265843720412672,-0.7679819308643184
1.8169319279303175,0.6294128413487384,-0.7870294064788479
1.8191722095857104,0.6480285417166385,-0.8446768552389191
1.8240944097758842,0.659016178679171,-0.8719100382512242
1.8440944653827163,0.6462743451300583,-0.8712756066704099
1.8690344099465375,0.63433275105934,-0.8786796199887141
1.883696162044249,0.6352150883131319,-0.9197705385745912
1.9123198079667902,0.6383520742824325,-0.9839195457414677
1.9187068831749516,0.6364071496742668,-1.0315025086426282
1.9082856175311054,0.6434486668257655,-1.023757159313661
1.8979106916698258,0.6575947786570906,-0.9479111771086144
1.89016276035323,0.621214958049556,-0.8528179173636227
1.875234047260677,0.5815566210466203,-0.8180586795250187
1.841760117982041,0.5835257166000447,-0.8614874356747937
1.7966906566148924,0.6297106996109734,-0.9249643079922663
1.786265498515797,0.6588025174807126,-0.9043300606652419
1.8162279623601125,0.6505547818670757,-0.8289504351965694
1.8659094902239035,0.6123473357848127,-0.748205984959909
1.893587639065936,0.5938232781915586,-0.7134847086505037
1.8943446665175103,0.612544987208027,-0.7273554548556904
1.8876012997675924,0.6338389448385967,-0.7562328409526333
1.8644795203016562,0.6522321143021287,-0.8183458886685466
1.8537013894412133,0.6391501581436418,-0.8583296686842163
1.8483466482098119,0.6251281027376593,-0.8650950553199008
1.8566530342526069,0.5948024465303332,-0.8212030482268455
1.8649792873866904,0.6066626788592914,-0.790031947039964
1.866965006149418,0.6016648396186663,-0.7657745157022008
1.854323315718569,0.6117074410377679,-0.77188709999019
1.840108178221035,0.6152234714112637,-0.7608787357432655
1.84429062439264,0.5686229086453298,-0.6853061296717614
1.8497225903521395,0.5352551134445208,-0.6071095428119407
1.8545924798907971,0.5149124515132953,-0.5760299789615038
1.8402480841267694,0.546051880516255,-0.6339300105649714
1.822189515635057,0.5995209809189704,-0.7442659025913739
1.8109902473907695,0.6482134881451169,-0.8681636427466152
1.8122410697329274,0.6552056256026019,-0.9369135808382084
1.811836191765692,0.6370203301157717,-0.9448302100037749
1.8034751230553328,0.6278589204083727,-0.9174192316491238
1.7938086845531582,0.6325294211534034,-0.8731464277878337
1.7783119774258982,0.6717253409719425,-0.8717873498965398
1.7561426665447701,0.7176129186127789,-0.9241499016501199
1.747325931518882,0.7242359237111131,-0.9673713653476669
1.7568395636984153,0.7023555751505403,-0.957168496610902
1.783107696945712,0.6864152827491333,-0.8928590774995702
1.8143257485080915,0.6580677066713393,-0.8097302068876769
1.8148366896691095,0.6531889114914557,-0.8030760654595782
1.8098849927267406,0.665771584776126,-0.8429847240683596
1.819489282894116,0.6682861022675387,-0.8536614741468839
1.8212886074007637,0.668886983819807,-0.8205648592755385
1.8585129067416497,0.5916883524520044,-0.7411595144836667
1.9089431331652718,0.48572150879127673,-0.693140562432788
1.9310822595862767,0.4295601349262853,-0.6799616369774657
1.9476108390278293,0.41805723952867474,-0.6942611415557854
1.946345004343446,0.4511602889018309,-0.7667270883605164
1.954305957583006,0.4776303601263974,-0.8478612307980328
1.9692201416845443,0.4971320095277991,-0.9106636215812123
2.0750432356194066,0.33840744893000985,-0.9025381877162364
2.24511296786833,0.06538676295642361,-0.8526927355940727
2.3329621275165255,-0.030827997372888525,-0.8228068351398189
2.394892827715279,-0.03651818065772756,-0.7982755838142169
2.4734389103100254,-0.05967601991031178,-0.7314214655442357
2.5989613383844077,-0.17256256561341818,-0.4906547314667214
2.710526238111703,-0.26336283783305314,-0.20397557489396295
2.724121838438904,-0.2491237803575733,-0.07931442572000806
2.676952838746414,-0.16010854084340656,-0.16053622573018328
2.1784066367430897,0.5398709350958723,-0.5133616577870057
2.1301281188764465,0.6001613991770386,-0.5684459352645467
2.082068803082324,0.6125505730969779,-0.5801085689450004
2.0090095191645463,0.5929894237234484,-0.6151899777742792
1.9420818762019563,0.59139466562657,-0.670610708091379
1.8714917374421016,0.6101588887468203,-0.7071490096727179
1.8028005069411315,0.6220734242712995,-0.7102136057890266
1.750595700272114,0.6540475208444123,-0.7297643591788263
1.7051298139268554,0.6571658623400672,-0.7810758563502933
1.68870227121706,0.6552866782664887,-0.842204405100683
1.7188523682487304,0.5898670630061177,-0.8128592119355142
1.748997940267732,0.5669203687990396,-0.7756428374773966
1.80401178285342,0.561532629522514,-0.7404490184780482
1.8547419278601034,0.6079139289243594,-0.7562606650991318
1.8695957793303881,0.6144730953764281,-0.7657818661229104
1.873820895453869,0.6442523188040029,-0.8050656823390433
1.8955251886803748,0.6771697704264208,-0.8304773240332026
1.9045205986884015,0.6700715717327019,-0.8334598245681857
1.9257321996404975,0.6472146994042286,-0.7927354976791504
1.9604376284345917,0.599871319827675,-0.7015618840140495
1.983357479235103,0.5514053160549961,-0.6165895887135763
1.9729227618194627,0.5409114486348232,-0.6078266384185578
1.9553379726473197,0.5466448570028677,-0.6467085729686056
1.9165675385350267,0.572850436822354,-0.716668973977641
1.9006365616682885,0.6069125992788926,-0.7645875097591073
1.8989355043410057,0.6521716415213633,-0.7632656134837632
1.9203630283367954,0.6276743290697946,-0.6903478616576625
1.9555235116194285,0.6045328376027383,-0.6694670986608237
1.966208914915238,0.5981920815170337,-0.7344909237467622
1.9936049690373614,0.6013326081029737,-0.7686951629860604
2.036667627025017,0.6129005426967649,-0.7077591011968655
2.059033080359506,0.6142374317945242,-0.6251214522092334
2.0489484810687033,0.6244008996057022,-0.6228184192817215
2.026775062521031,0.6673293032026623,-0.6958748682107315
2.0212457318126456,0.6915139983238804,-0.7291107351206465
2.0177953457102467,0.6968463654764702,-0.7323869925479569
2.006089931707582,0.6948412344990536,-0.746314131458466
1.981243594670298,0.6970421782025472,-0.793903245205855
1.9792463378819132,0.7150379161058363,-0.8099158306115518
2.0019847576183083,0.7035171285308123,-0.7883163476558582
2.034988567254659,0.6552175075506145,-0.7724173690306642
2.0730206070127526,0.6558217423773043,-0.7961414329322322
2.1099596646106162,0.7138600265823721,-0.8257508015899714
2.0917916300801163,0.7622887513920605,-0.8566398696834248
2.0694402257641356,0.7803798726595296,-0.845671109872744
2.091117048306519,0.7925699623673161,-0.8082544361461427
2.106048990461842,0.7522487393223207,-0.7462761046270998
2.134967023603485,0.692563738308814,-0.6828279570093388
2.1349813356343126,0.6628075738895346,-0.6850179954817622
2.1149897262500565,0.6842344949404194,-0.6999260918932604
2.10014508625958,0.7487312184884973,-0.7229226571024914
2.0840471237340026,0.7768537653731573,-0.785301843509185
2.049246962095263,0.8095351596275998,-0.9190686841359824
2.0593260346628766,0.8370982530662611,-1.0290632721850386
2.082523688622968,0.8283775564971563,-1.067095843753036
2.131117323528361,0.7407422414680366,-1.018571518638327
2.1963219779221435,0.6712004601749816,-0.9634626918958614
2.2846090564132586,0.6383547310066084,-0.8901148403890843
2.445141543890609,0.6260191648479766,-0.763097047989117
2.8461295152166923,0.5669580894658098,-0.5239623020228507
3.2103198513166973,0.5071663193514641,-0.34893018417820687
3.050909874701369,0.6757864103631054,-0.39335351110106925
2.815410220243239,0.7207694533558521,-0.5829466650323639
2.6514312389500287,0.687604718531561,-0.6627148313559866
2.480428572769685,0.6707029726483742,-0.7044313513036531
2.3430587547350124,0.6815404744860027,-0.6919200372708733
2.4675804773462824,0.6315979782240374,-0.5351834874007577
2.894956435648331,0.6176625440610327,-0.30181779578399176
3.0038134457988717,0.5209359703249489,-0.18398633141565757
2.8178290828221764,0.4488159538503032,-0.2542462747600013
-5.051903524021279,0.9516392513845328,3.454667106660484
-4.84719066989138,0.8517801032142486,3.306812722996077
-4.773332208022719,0.8165205633125528,3.1719653892983155
-4.591241582460968,0.7881153066781209,2.855762183236533
-4.4594157161343855,0.6944855877395408,2.6178215601676094
-4.533425701923839,0.6544045824231729,2.5776428443132997
-4.6420411482948944,0.6404729902739565,2.541794674253283
-3.918293002288842,0.5935663844111975,2.6946094553546396
-3.6548401408107227,0.45118166447924585,2.384557909899624
-3.699684391304919,0.4478044123141271,2.309801719708495
-3.8269478624471875,0.4216870240550867,2.391952791155436
-4.162015531128957,0.47484969758613826,2.7504371320397505
-4.607935125851526,0.5772375071286704,3.1906891931383368
0.5852630344617855,-1.084653820966311,0.5469019342163522
0.6588635436306095,-0.9681191475758074,0.38739171267150313
0.7476860275298578,-0.9853458096743958,0.344477541774642
0.7628741668708425,-0.9566353610191438,0.35886533580965174
0.7398284069382072,-0.9413095659137827,0.3922879184823395
0.6689408023351213,-0.905982018186573,0.3919543012008836
0.5870506362939345,-0.8881540791184858,0.3451679281850651
0.5283197226363066,-0.8860817548255219,0.2794516081544425
0.5265645567088225,-0.8828998998915435,0.2403367208059519
0.5727474059680341,-0.829556983346322,0.22539183947539682
0.6403097129864431,-0.7377352177160531,0.20756651586479116
0.6776116381978301,-0.6252843199987247,0.18089332184369458
0.6442165187055248,-0.5063047365020211,0.1672564431313928
0.576934291957333,-0.4973950156556974,0.18755865336129302
0.452351541851692,-0.5136798244521763,0.1950988602433462
0.350667696572568,-0.5695379729460102,0.17450494519181228
0.2938590445679874,-0.5734077875309066,0.1252448006900273
0.2895892701553865,-0.5354221332239821,0.0885901913337691
0.2356340883071412,-0.4236210136668844,0.07169999456933575
0.08453891658352905,-0.339055467434353,0.08202280637146842
-0.20988822654353856,-0.27169341729661084,0.10562023675385919
-0.6116684655590187,-0.21986299005120036,0.11177402876392513
-1.0709298037981276,-0.16510804578612115,0.07008055873973919
-1.4972367829882476,-0.11996999273206686,0.007010850083515136
-1.752301264651702,-0.14309229825584066,-0.011115798548457555
-1.7231897261949716,-0.16762376382451752,-0.013509378084267405
-1.30364008559689,-0.24856590762972192,-0.05252141414942421
-0.6865371818836559,-0.3575805986330881,-0.0773282384304735
-0.18806161645707253,-0.37145216658237407,-0.06733594652039529
0.1716978262441425,-0.3944723271463002,-0.05708398456440029
0.38400422242250254,-0.3659767658360094,-0.06649866444938819
0.5050025752597208,-0.3570345741110898,-0.07340220268829308
0.5398262502919977,-0.36271425600194307,-0.055925145754945026
0.5144089697416845,-0.4702250983977897,0.026953196573832362
0.3365887507029629,-0.5041112137218934,0.14741346589980445
0.03242449731684608,-0.4909349526266732,0.25149665897274
-0.31987846174046075,-0.48407965114610574,0.31922942165805124
-0.6260895062925398,-0.488616511112171,0.3735183149767521
-0.7697825680206412,-0.5166043149833238,0.4561131423347936
-0.7177881741214146,-0.5607519321523963,0.5882540599380451
-0.5561740569730683,-0.5818491211053696,0.708412153183176
-0.32464652532598703,-0.6885157556917232,0.7681994174412421
-0.08883295759449131,-0.8073329076825645,0.7276582356548068
0.15348293130478874,-0.8795308440528556,0.6017711773625135
0.3892320758201327,-0.8573948746370817,0.45044250857610196
0.5858843817277518,-0.7696170901577553,0.3213860107795709
0.7202189764102576,-0.7145498134605166,0.25457750504605425
0.7472778188612398,-0.6979424670556128,0.25757342378375875
0.6485609534053512,-0.6622224502340015,0.28507125974826414
0.5285429278745063,-0.7072709606060834,0.3172024231464136
0.4293443158712743,-0.7666095348603436,0.3109197943280989
0.35108156685344805,-0.7052356596077404,0.25608815350185216
0.3889848797399108,-0.6809021193748084,0.23007976282240322
0.4385963586681289,-0.6292595524806968,0.2261002961299909
0.4317963079049109,-0.560886105626672,0.2256624295634126
0.36048494066215614,-0.5412746602635516,0.23080935693881408
0.22882949321464327,-0.543614084998872,0.2497961837928753
0.10466327322642412,-0.6043902791157426,0.310606420231091
-0.0007313587385607286,-0.6881995042365643,0.4295422302857332
-0.1856365339185172,-0.641625783409781,0.5992183765449696
-0.5003320583863952,-0.5233505245669108,0.845436281368822
-0.9834420595195176,-0.4397107798624068,1.2032640214878916
-1.7460996105553974,-0.28430698133389504,1.7140903174774904
-2.8508357215829516,-0.024427668645349676,2.4359113273957615
-4.088833499783855,0.14979894517236575,3.2876019185372214
-5.311754369957216,0.4570920733810525,3.942338954438877
-4.417512689146888,-0.04322854920326955,2.645534672531146
-3.0376193103623543,-0.23788416211953384,1.739981301109113
-1.998406702901258,-0.27471802776049425,1.1350859371802426
-1.2450238363264459,-0.37888544232265786,0.9041207155515953
-0.7989943933361432,-0.40743756355052596,0.8634610385436867
-0.5621089475727257,-0.5079757842819792,0.8953250547730225
-0.5770722116278763,-0.520019549394799,0.9145615380106283
-0.7157080541116523,-0.5449177955009266,0.9973824340487019
-0.9635831888719205,-0.5034548172126034,1.1383083701169523
-1.2871788750122894,-0.45717620444927676,1.302825912980042
-1.6945586047275958,-0.4058783845952972,1.403386208521539
-2.0478909701143153,-0.4258106732172941,1.407774918359307
-2.135483592350613,-0.532374963590185,1.2963588780974866
-1.871698679852902,-0.5099141149581516,1.0234737342852276
-1.3952959188399132,-0.47548180310484894,0.820692914185796
-0.8882680230009913,-0.5410178870398786,0.7921490246824255
-0.4888110557398007,-0.6574225006782912,0.8469036944443569
-0.23535674919154964,-0.7819074898509778,0.9308117539681109
-0.11647377437550342,-0.8898882722834112,1.0217732217595332
-0.15285189503563662,-0.8721221608502867,1.0599339983767595
-0.29714634698965203,-0.7524564517217439,1.019058812632352
-0.46596178203334643,-0.6713598573740892,0.947921770571359
-0.7061163334471162,-0.5753193070580215,0.8932328082473101
-1.1053511530806421,-0.3537147304946093,0.8946429548313791
-1.5976658825568344,-0.1343266090185108,1.0062907279041722
-2.06449538716477,-0.0440784274103392,1.2076243199144188
-2.4686124972747003,0.020648387595334536,1.3718998958971207
-2.6699503085955145,0.08071290765178173,1.3689718319756807
-2.491632586225423,-0.04079561642382937,1.207077127667892
-2.087837726010927,-0.13853999358857863,0.9452666900340626
-1.5254149574581133,-0.3684539015643184,0.7337184730680071
-1.0964934304253182,-0.3601710450700979,0.5784466282654818
-0.7079327002974731,-0.43706102250436585,0.5534386880587346
-0.33936305269962996,-0.6729389847940418,0.6551013694149914
0.3861961680334898,-1.1001157924151213,0.792202899508838
0.3475729646398243,-0.8951304294771515,0.7079258831889118
0.35004742286912666,-0.8222153327226203,0.7069729951397317
0.3352958491076873,-0.773001193543803,0.7312044049383449
0.36014209811358805,-0.834309054450227,0.7602455909019515
0.39012293128217557,-0.9008166348032925,0.7945111351962193
0.3633063140952695,-0.8562931361235164,0.8310939918445223
0.30277223388464497,-0.815113197273098,0.8885017089584943
0.1466199653570834,-0.7606097106398867,0.9500874064203009
-0.19696499824211716,-0.6222495294588205,1.0087926664325866
-0.6804528196115528,-0.5651914787858405,1.1329998228332978
-1.3251246056894825,-0.5186624888370952,1.4415494329904996
-2.1162010425813222,-0.35678413942210363,1.9426353752525032
-2.7835947323933743,-0.16114694552988498,2.4597717929906326
-3.0940924246358077,0.052817924876028675,2.746790007062332
-3.150616951572709,0.20412313045433664,2.785402683897898
-3.0507013858480407,0.20432887564190264,2.5960276100843966
-2.8329901526185206,0.1356855964667519,2.2343474355390285
-2.5090832552108564,0.057158534463987616,1.792168964108578
-2.1112393141340413,-0.06212402493466462,1.3246737733165
-1.6925743150888726,-0.14604399231662796,0.8627260956604622
-1.186290701794457,-0.2562447389222149,0.4900342230907487
-0.6432762050315475,-0.3787264399676345,0.3069950987309701
-0.19546470957789971,-0.4696541552789074,0.284566479628359
0.06733024247961414,-0.4564406093365038,0.25646974656300664
0.2497499464066907,-0.5169795179718809,0.19992966530779543
0.38175615441108124,-0.5779261879383367,0.16331292010383608
0.44013558437119704,-0.5192757487370699,0.16830876114468904
0.4473992790337365,-0.4353103013777518,0.19128851686301285
0.3993060404149726,-0.37374189079379416,0.17517929689684136
0.3129969669256784,-0.3655371535778558,0.12449332589861686
0.20940506018657515,-0.3503506821465486,0.06917192930187911
0.22001506957207975,-0.4345392125565637,0.045552353721993746
0.2992145999747582,-0.47314334079035864,0.01643055464657586
0.4229019294705928,-0.5080615972301398,-0.005847689175944989
0.501934910973707,-0.48911388226445995,-0.020676317046823368
0.5175064208618622,-0.45156804692256963,-0.02742711861387326
0.47694833172389123,-0.40629925013977924,-0.01635098118367289
0.41171427799104465,-0.37719722118283167,0.04071377862328734
0.33565295035267134,-0.37583729706824004,0.14696805214218073
0.24381714367958554,-0.3943268430439602,0.2657339991129472
0.14182793113045525,-0.43241520329557503,0.3569304394195132
0.036502444308230214,-0.4356899733497759,0.40091355253840466
-0.016619723840722828,-0.45433806375290103,0.4238514809442553
-0.02970364558729865,-0.4571298000687788,0.44093656331542697
-0.02197361707529371,-0.462712748819463,0.46436439897740533
-0.026940459958193844,-0.45957449886343116,0.4915773706140247
-0.025651045922347047,-0.49274346995111773,0.5175596708786743
-0.030928987403500266,-0.5113403775691833,0.5183389679920153
-0.034884137779335564,-0.5075373472562151,0.513340271439338
-0.02873354712365477,-0.5130525235609072,0.5421871163742892
-0.03931234444255589,-0.5126361430565177,0.5862123026245435
-0.07152696543678878,-0.5027957047112792,0.6104123039189725
-0.10570015972411857,-0.4981987172591467,0.610567941207257
-0.14254818965445132,-0.47680478581549485,0.6018048325657782
-0.1731831381110397,-0.46235416098596116,0.5970590374966105
-0.20170898440680168,-0.4625539567341378,0.5849001017190171
-0.2388572191333162,-0.4403105309396964,0.5554398126895463
-0.24617242722006077,-0.44449940739555904,0.5353105680000206
-0.23635994904746618,-0.44912289205848116,0.538468995323321
-0.23924029635675081,-0.41466147583280755,0.5393597356689026
-0.2364371415874324,-0.39729058054824934,0.5118697148973367
-0.21518895848293307,-0.4018224274722924,0.45191810334730326
-0.1479074539740951,-0.439904025902653,0.3915460967363237
-0.006307960151977525,-0.5683715321862807,0.35731224759798164
0.033470142985106886,-0.48198986312720554,0.2750327076994948
0.09798425168091342,-0.4771430995999007,0.19882051167554549
0.201903686352396,-0.5859072882379535,0.19666243620585377
0.30506586624405546,-0.7115461576777911,0.31610761272360144
0.3665667176695599,-0.7896090560757738,0.5041685419951951
0.26825755911135835,-0.624197924826568,0.6006517955328678
0.17459592261497753,-0.5746134454355906,0.6105280590559387
0.07519826193591163,-0.5888169299425453,0.5342689424531426
-0.0651701053232982,-0.5198317405278077,0.3929573307179338
-0.1291325443102133,-0.5017313791922107,0.2030995761044483
-0.08844071196923138,-0.490027918242708,-0.18086854020095838
0.10493118679041553,-0.49617833747191087,-0.6667068175894071
0.5665354088165114,-0.7757178426105457,-0.7152807319305313
0.956273982205361,-1.0257542106355197,-0.17524943255524167
0.9567435888251605,-1.1263177211468796,0.5635680310110858
-1.808031850775221,-0.5319565868518482,3.0217660543089595
-1.3491538967133136,-0.6373064756339432,3.907948181431237
-2.0610521661668293,-0.5269850516539917,4.89810837131609
2.0804089231822056,-0.6366763630657573,1.0336881371687856
1.8479571942547797,-0.9293616341341434,1.2457971598985338
1.639650567384893,-0.9304382411303107,1.3811752099893582
-1.4160329005993972,-1.3574844548280016,2.0677004545574076
-1.9716939173639818,-1.812880756624691,2.2978357322106504
-1.9573745588090334,-1.6215067823191576,1.644184724545948
-2.5056319413116848,-1.4918945079914785,1.3703542519459497
-3.0026229669615527,-1.568449756175221,1.6141562743083107
-3.1624257633627035,-1.786172003839693,2.1927121397120133
-2.682048247385777,-1.891856600065744,2.4383675911834275
-1.4932558089591308,-1.6754889557779944,2.0672298936650626
-0.9811070898202124,-1.4749194477580334,2.337752447705918
-0.9506497863053571,-1.064686969583712,2.6304745014195205
-0.9129873851384016,-1.035697472875671,2.2350190387806568
-0.9369594592034682,-1.0453840767911193,1.9214303261700445
-1.0184940617866503,-1.040210783416733,2.089836561271973
-1.0667414799817647,-0.9772026253629352,2.556660774855028
-0.06875544846544483,-0.7333703270172514,2.2240402935160763
-0.1361247106357058,-0.724354113370357,2.0694934444193134
-0.14683423942969212,-0.6652070412864167,1.8141319037299084
-0.019513437332187557,-0.6945966822641518,1.8141009892760536
0.23499050488662135,-0.873823728912711,2.025353433759998
0.6421318113942946,-1.0490042869232392,2.279793003940457
0.834008622083311,-1.0569925416280668,2.6813702683224556
1.1845873994879133,-2.290392526002107,1.24637468272846
1.038085952138256,-2.291555765977178,1.7572834426654702
0.7975433448786234,-2.422118235097709,2.4088520042267154
0.680703809426407,-2.444753694021209,2.6814835303010334
0.8052329322955469,-2.290246008735575,2.643740362498155
1.041349206291414,-2.0568018704839988,2.537302749902269
1.1540603383986354,-1.9866771057591577,2.4330080078028953
1.2332305678164106,-2.0624984692150985,2.621406449741778
1.4070941731330484,-2.0436325848395502,2.891223964737361
1.4632364529529143,-1.862469312015266,2.905938882176059
1.1649989545951427,-1.819443495681027,2.7118147885249013
0.8707110125644075,-2.1485135002697806,2.648849887649578
0.7817658888770576,-2.3474067035973363,2.789233879569157
1.0573433799375382,-2.384612695356349,2.8821641420731425
1.2738674022767484,-2.3989188090342974,2.984237768525701
1.684645525266457,-2.501512718661917,2.89775275697992
1.649204034445929,-2.4586300831748114,3.0586427838420134
1.4843255871733039,-2.098856915605991,2.9392090159731996
1.5635536545169164,-2.1031321200468662,2.8748396049230895
1.729407473629312,-2.268920493130187,3.1024336329627484
1.6231710812660158,-2.377058072120036,2.929439654001556
1.8143371285070133,-2.1628772531248237,3.1097739284511228
1.392373435311475,-2.1629452436517353,2.6022606282266776
0.7198020076219878,-2.3772586944943597,3.074149624601196
1.9700559333809504,-2.4150847375018736,2.4603674590702336
1.912249316376577,-2.48087894329395,2.414649150396517
1.6470492504028376,-2.4088627187983533,2.264675471381473
1.689539199217275,-2.234553454762982,2.0149282699509974
1.5733524270644461,-2.0080588125933776,1.8253537386833376
1.605451708143493,-2.3640403314186513,2.1036759209931413
1.6609793670179234,-2.569556247846942,2.2748448536945545
1.5586191086997512,-2.619627313281815,2.3865267272176687
1.5728268897596152,-2.5973828256019327,2.4323275064440275
1.6706749523199644,-2.569889759845505,2.509120786524025
2.1753303556812194,-2.8162982082475194,3.3091406666384695
1.7397834538897776,-2.5284940119941925,2.8671780741717603
1.1461644445891288,-2.27497761083572,2.6116144402700794
0.8087067965063592,-2.1186641128708077,2.063305996122608
0.33811781790319123,-2.282446767893687,2.0537077742738394
-0.3430558672559083,-1.8131986991565296,3.037373309347939
-1.4368670203154608,-1.9758562888295457,1.8550535393385992
0.11340125210114158,-2.0151917400201844,1.963688792275159
-2.314021538098592,-1.6826630275596053,2.636380000730773
-2.2498464147576924,-1.4922601455591242,2.234803580644886
-2.3334198937521795,-1.4821781382703352,2.133648639436209
-2.081022692781681,-1.5584555265560036,2.03050091738894
-1.8161735275580357,-1.6828894613809113,2.0731554856606054
-1.7133985381549692,-1.8160847505967517,2.234509593340461
-1.8722711993037389,-2.038246394760022,2.5039448527184063
-2.192139768853602,-1.9855842591219337,2.505124941992759
-2.31338299440551,-1.8264005055019903,2.2221826958513318
-2.3760536952381766,-1.6990513767973248,2.0177770264195822
-2.322518592023304,-1.5839766705836944,1.8566062408332291
-2.5212116373800715,-1.5593457226084082,2.015131416117822
-2.7262610618500744,-1.385011842158258,2.0774181580295172
-2.9454551898348025,-1.468544982259448,2.4312326844976884
-2.7395786951400396,-1.5085040789201127,2.7176111030900194
-2.6131653527728638,-1.5659185350546763,2.7105723135382407
-2.7734826831486017,-1.7120651353148455,3.0398929951579317
-2.0364026424239423,-1.7611503233109906,2.8616404207220985
-1.158921463413839,-1.5316607434873566,1.898868094777751
-0.9113739412154311,-1.3304039848591458,1.2950556677138392
-0.9839419285192202,-1.2116825292506488,0.9778536712529349
-1.080402069950883,-1.1965278678216944,0.8113945462057275
-1.1305782037903822,-1.258176344395034,0.8134346257504969
-1.1468656860987436,-1.4578136674386772,1.0067908297556312
-1.1964351549552368,-1.7784573202073481,1.4762776461013816
-1.08288692575987,-2.1011630730000075,2.0189783811509945
-1.1708161485297677,-1.530077573642247,0.7932980996742209
-1.4122854436536085,-1.4204834861251532,0.46019574939976016
-1.5913620365400694,-1.3632062036669126,0.25636405771819315
-1.7687275536158407,-1.405848513820418,0.4085155107781183
-1.6286090644779432,-1.8355794745936216,0.6851607058354384
-0.9648990639632878,-2.161007032670299,0.5025856191589549
-0.6189769877349861,-2.138530713970685,0.33739063570298
-0.5651225966236562,-2.2164374580899904,0.40987552952464523
-0.48844077884341935,-2.30383330824996,0.496199060170574
-0.3890296291393317,-2.4133774631310416,0.6613226549789792
-0.34085677913984136,-2.46424651955619,0.7916827477541883
-0.3478060924127756,-2.4598133216025286,0.947080408194092
-0.3743997425677601,-2.376193768647901,1.0202095988686726
-0.3500457813806263,-2.2826872998223227,0.8934665709456967
-0.37933040262406925,-2.331410854592963,0.8263570308618536
-0.24498868298853776,-2.4165280541197713,0.6934601293211581
-0.09591401819997622,-2.464331498562833,0.5183245939847776
-0.002008047917820071,-2.543688329827006,0.33553494825669544
0.18877760563386733,-2.7947169834529615,0.14461913806725438
0.12250659857571239,-2.76589111234782,0.062127570339661646
0.03624103848882052,-2.8468486332330105,0.22699998696513615
0.20560003435553728,-2.9357867074001245,0.3520811336395107
0.4168486387286225,-2.996608967800784,0.39488396072522247
0.4656745250103686,-3.0301271539182206,0.4260474559679215
-0.014590192364131284,-2.1971229190950115,0.3669064021675955
-0.11623378575441179,-2.113064989795596,0.4901635309578375
-0.10400946098193786,-2.140867915219248,0.5851047052499186
-0.11875670439891362,-2.1351438278187214,0.7393258550455419
-0.2742034965827559,-2.0791007731439355,1.014221831865975
-0.7532877956725836,-2.0230694664486486,1.387520229983438
-1.6608396442888949,-1.9878986482723917,1.9665718957171134
-1.9003349797967857,-1.7715839849184898,2.026280046670828
-1.777125904209987,-1.463798293489131,1.8230629201440376
0.9534406932792818,-1.3929754600398168,-0.6068420406092221
0.12731000185491892,-1.3607660693332337,-0.6181158230224528
-0.31306147969004183,-1.369135572742431,-0.4835073899659928
-0.5350330444163648,-1.4643440981437186,-0.24991502882786742
-0.9970607623880405,-1.7291623725872727,0.348762057431241
-1.6505649480728342,-2.0864904706046707,1.1993663259583367
-1.7920140765515837,-2.2854825512089314,1.5949809311401502
-1.2913722832772014,-2.2208205389652447,1.2422061061007321
-0.6454521772064369,-2.0237756719221482,0.5647056880827728
-0.25605893464826324,-1.8655001483606866,0.08440546693878354
-0.0919360020629582,-1.7800248615626646,-0.11814558708391172
0.03186610110114306,-1.723241073468421,-0.20744347666843221
0.12801887629840839,-1.6934118129936775,-0.22276560923195746
0.15979817334364668,-1.6966866421958744,-0.2203592338238595
0.1713896628670719,-1.7576320932861413,-0.22674658320187038
0.17403556494788408,-1.7772526344402995,-0.2002734700651463
0.17618962584792075,-1.780908344355455,-0.16238613381274214
0.18135098294765345,-1.779915141333191,-0.14361567993453409
0.17699515137284738,-1.7637154266800965,-0.10601881842655043
0.17221914000663352,-1.7345637608982165,-0.06292192442297184
0.22480898911750294,-1.8407432928424963,-0.07228424886477013
0.2163487072999869,-1.8839150536273936,-0.1239118223171622
0.17739570691827,-1.9039604419676184,-0.09339535956922657
0.13894732731903164,-1.918712700548355,-0.03285328055022526
0.05674171693525863,-1.9353223282993297,0.013669035353470067
-0.05469319476155765,-1.9597404240030285,0.08704651167128974
-0.1954237790024469,-1.9766953054101775,0.18893385885175526
-0.3757926412440935,-1.908619884834961,0.2719322677898669
-0.4490690890050369,-1.9162830129678727,0.2960039580368909
-0.4115008198705997,-1.911208049645257,0.19299956400158821
-0.38061025890842176,-1.8753974303715608,0.09376902824376901
-0.31280306177326134,-1.8754834039190766,0.053632743666798786
-0.27434591191876706,-1.9118668357888235,0.05713836942282632
-0.2812334037146824,-1.8764115352077055,0.022517195357882838
-0.3913539906306192,-1.7010866300957008,0.003749749221689782
-0.4999447759360454,-1.6538778254193942,0.0756479619601818
-0.5380214563330562,-1.6649857860020718,0.17006433623748185
-0.5820575224808722,-1.766959204584996,0.39064505034735236
-0.6774839919781479,-1.8771742652978218,0.7163606457871445
-0.7847642307216133,-1.9114975160201038,0.9803529559907607
-0.6565812445266355,-2.198474725288915,1.1050891031157257
-0.504393637224524,-2.0924808615214285,0.9389834918560404
-0.6764933943525677,-2.076145476712917,1.09886543209787
-1.0193316268766632,-2.1346350729636967,1.3947200741631873
-1.4272393943400035,-2.294747070335702,1.7793592396692826
-2.1733549343772784,-2.4421694722528384,2.4075016630338264
-2.161656263475937,-2.2432643217061075,2.228440840602728
-1.8749534449134877,-1.8700056975802766,1.7063807142202523
-2.008377544439468,-1.6947208806015983,1.6680723103922819
-2.0954627373566144,-1.7064600012297348,1.7601361625697416
-2.3997711436117872,-1.818403173535967,2.0687558170477023
-2.9869836404638863,-1.9715945925688767,2.57234782498574
-3.2737313869164613,-2.041000593195248,2.8051585274621496
-3.1856369862145772,-1.9290073834830783,2.627255575846097
-2.9382998367314177,-1.7982065751399012,2.3349929231764572
-2.749608485843252,-1.703855592319033,2.146136589460967
-2.6498523757130643,-1.7335064377983913,2.138462046881966
-2.3685475389872876,-1.7773529762700448,2.009219759503531
-1.9380097629266548,-1.834350996585148,1.6974879513598091
-1.5921005366343706,-1.8526322809445044,1.2855333593660454
-1.5712255498910095,-1.6599449608030852,0.990332203345601
-1.4641634922455242,-1.6757272157789767,0.8408231505157939
-1.0009154531515898,-1.7033631891221837,0.5490584548166285
-0.599376054084885,-1.6640258714739493,0.21340235730010143
-0.49956731920033326,-1.6677921994970493,0.0794382400999039
-0.42459726376417667,-1.7086506290359118,0.04060356210411249
-0.39781907856152,-1.7437091770954347,0.11635131555288124
-0.32411097654357535,-1.7681419160025171,0.13605968337437901
-0.1084041495888453,-1.6892011135105591,0.017962996829242326
-0.07552228812538092,-1.5434382342409407,-0.025927419512044643
-0.053450926309021325,-1.463712715361122,-0.10272399121569228
-0.02807244029751145,-1.4263735775754054,-0.23585173793193298
0.004560059000678902,-1.514534807005684,-0.22810514492789918
-0.04263635298946697,-1.5679427692379238,-0.21047367881274617
-0.0922356576994499,-1.598359873077431,-0.22820889794574503
-0.17568935104944522,-1.5787457991327543,-0.2956020625806377
-0.20115652673537382,-1.5702083980278836,-0.3000868596866839
-0.18161734376681307,-1.5860618714406534,-0.2605588118730624
-0.1719775031940878,-1.569178575834885,-0.2558011440410323
-0.13343621109827933,-1.548363469906021,-0.28050841876544425
-0.11611230051946247,-1.533648836032538,-0.25851672322543007
-0.11055813007829425,-1.5180629207848784,-0.22645343656745273
-0.15192371808951466,-1.5071947040901108,-0.20736812001827948
-0.20161214252493126,-1.5526547207602617,-0.16871886198092018
-0.27774936598992744,-1.6489698430102084,0.002908749382818634
-0.3560171840349218,-1.6950936072916483,0.1180746436492327
-0.34975946482380077,-1.6199164936373107,-0.0070558516093717156
-0.36575408997547965,-1.562625710076058,-0.023732105054026616
-0.3577258872203468,-1.529835851192067,-0.045188530927021006
-0.31779499013616064,-1.5374957849339945,-0.047098108468065336
-0.3240384898542054,-1.5624699872939318,-0.008414036131211259
-0.3751580523817657,-1.5599336062569482,0.1079011709420525
-0.45560023993462123,-1.5415374521134957,0.1964063821761959
-0.6585192522351715,-1.5293026333151583,0.4034532428193152
-0.94390416645478,-1.6387295583499377,0.7140437228803953
-1.0966840396101807,-1.7072785514506474,0.8541709810625184
-0.9232969295352698,-1.7392914581870462,0.7216572042655641
-0.8359787141534751,-1.808739920561371,0.7302787860091411
-0.8432631770481436,-1.8269268268947223,0.6245655079293477
-0.8307999531003991,-1.7337309825076586,0.49800805499697365
-0.7523807533551463,-1.7074104412344784,0.4698388001773109
-0.7033609799246525,-1.6950686704177056,0.51404169659486
-0.6807161545512296,-1.7307063808647913,0.5719491933772087
-0.7084012676579072,-1.7288039535879822,0.6068672212954116
-0.7469670784986157,-1.7297879525189364,0.573146908503821
-0.7281662884071953,-1.7053018136568756,0.515428539275849
-0.7970538364771842,-1.691604745615371,0.5175427092631045
-0.8407508514906076,-1.831074735199582,0.6329390846579722
-0.7258181347508815,-1.8766232251560047,0.6667504551640583
-0.4225358452439667,-1.835211574808263,0.4644991136286405
-0.3815279372356251,-1.7789516214358168,0.3477995051162881
-0.3901378049316506,-1.7958375628728604,0.33453084075516903
-0.25831778192093596,-1.820728870599026,0.2322516183908697
-0.23347414837506594,-1.8309416620316015,0.2260247408447945
-0.2720202292374627,-1.7991761239689983,0.21672959541554382
-0.32899529971642305,-1.8060791306755115,0.26707150074607167
-0.43244415518562435,-1.8348238247054882,0.3788054792225148
-0.47864997125608283,-1.8734459727025807,0.46958452881644963
-0.47660106239856936,-1.8788120357085185,0.5044278332798798
-0.5628181494892045,-1.8523176545360893,0.5906718635267106
-0.6136119598220507,-1.8485685219101682,0.673277061533447
-0.785430345311624,-1.7528987263792843,0.7021811093034296
-1.7303556846093804,-1.7321860969335903,1.2409377888238016
-4.555521302313436,-0.9143691489521729,2.4724498953067324
-2.8366741154654367,-1.1964226871329766,1.5166391898548892
-2.20251204209482,-1.4411909858049707,1.4135305475374382
-1.6532623089048593,-1.5263541303269548,1.0924070774830785
-1.4542250140499775,-1.6090825713805144,0.8475396296407411
-1.6082323049116796,-1.5773942473809925,0.7454355112230121
-2.0399080054150076,-1.5695809645071712,0.9044777026543972
-2.7275059885497943,-1.6675417658142038,1.422753349571406
-1.9959862503649652,-1.5621539527003627,0.8687484619355732
-1.81418194220552,-1.6493792179617743,0.919714948428394
-1.4610605367111154,-1.855376880360104,0.8879592231961547
-3.4928644460251106,-1.5327248275781042,2.2519404294208254
-2.9087518374561903,-1.4869545445356958,1.8729220970678206
-2.246339997736616,-1.5669630865723125,1.6480540306132507
-1.5941625423398942,-1.6102685766090383,1.2418438926487212
-1.2284208421879248,-1.6833721135069817,1.0165825051296804
-0.8907988991870573,-1.6717098547009268,0.7023085209946383
-0.7467514055087874,-1.6833164465255805,0.5934778513648156
-0.6964160717186412,-1.7083512134249434,0.6632801300235869
-0.7431555999419643,-1.7385376722199941,0.604035681815503
-0.7440400467126302,-1.6907726722311256,0.5407939989104548
-0.8135867322761967,-1.6388088648953898,0.5887380171343373
-0.7693288008823566,-1.6107825179844117,0.498618146802337
-0.8193599101492631,-1.708704225089234,0.5443505737417277
-0.9160160118345674,-1.739718588919699,0.6357366167763543
-0.912968805268224,-1.7222278340815842,0.6966125124029234
-1.1391510083095588,-1.6329327333316594,0.7556693019581262
-1.3025778986625531,-1.5517822250154958,0.7966235111095682
-1.6830143027627757,-1.3609148494106604,0.8518823976176472
-3.34117178101011,-1.3695337951647018,1.8590949155994978
-3.112137957491806,-1.3036576385795917,1.844378852119574
-2.090934531295797,-1.4866449481896344,1.4843350687092731
-1.3751611581839294,-1.6139401368591735,1.2158043513697945
-0.9864039650716685,-1.7449474561735978,1.114693701630774
-0.7103450670128384,-1.8547927623455704,0.9080141956920875
-0.5013876873088017,-1.9190564236473633,0.8368885779122636
-0.41499516437359973,-1.9419130167010354,0.84414325831394
-0.32166942967140816,-1.8843614701680724,0.6536958071589573
-0.22974191406966918,-1.8763980612639628,0.4423957885491788
-0.1518242363607695,-1.819909663262352,0.3398196101983872
-0.12579922351850065,-1.7714607897288126,0.3105930038305525
-0.15126301589893393,-1.6945377509505646,0.19057675223474305
-0.1755743680560278,-1.6896917940851008,0.10388618603606371
-0.2140363401164935,-1.6841177863850338,0.12896632873688
-0.20474856420715085,-1.740960760086059,0.26433789123961093
-0.25058917566703753,-1.8013502895118707,0.368108362310936
-0.33694460391475084,-1.852687470547453,0.46171603052340454
-0.45359925935842565,-1.8178155894638812,0.630658944506663
-0.3834040104271143,-1.773535480766948,0.6145382994528478
-0.42307769604053236,-1.735840078529417,0.4475293161982571
-0.4874889582096432,-1.7771780332691312,0.3804222137844533
-0.6489178738066991,-1.773984276776026,0.40834673190095866
-0.5688257510354607,-1.737403684300918,0.3105122730437255
-0.5624911413438509,-1.6714172958812046,0.23173262248849558
-0.5257274921406982,-1.6697031014833152,0.2272716208263453
-0.5224576282419445,-1.675050576519586,0.2575636730386086
-0.6361142789269351,-1.6453247253031578,0.33914445123696796
-0.8712894424952994,-1.5845056085000897,0.4057665380872394
-1.0335899786480724,-1.5499422382685553,0.43539456583528785
-0.8862062873289805,-1.693136603408985,0.4157330140884648
-0.8626124923967364,-1.8349569793333886,0.5195213462755275
-0.9643437597544244,-1.931757209887068,0.6593799344284735
-0.9639538874104874,-1.9801364180470526,0.7132869061034114
-0.9957445183212295,-1.9563400911931637,0.6642238705196462
-1.1187049472012511,-1.934581566144286,0.7222372816663617
-1.0811231377179544,-1.8029555521044773,0.6325014776162342
-0.9411832991184294,-1.7396521793286337,0.5177250882810875
-0.9575035511413404,-1.7876334798918478,0.6032462227731509
-0.7704910839528907,-1.7967295559913399,0.5356323009183791
-0.5502765988618126,-1.772357035747571,0.39084502276461586
-0.48551319308129565,-1.7902687323505717,0.32923040335043247
-0.5717983352496252,-1.8380805565142597,0.36237889422999586
-0.6846919036361077,-1.804259795268427,0.3521560894670437
-0.6643822661697281,-1.8136589503173932,0.32819458359445436
-0.7979906580321582,-1.7744580844765123,0.3104772914601612
-0.7687589317625023,-1.8344216229032912,0.32244816343558713
-0.7986735807677144,-1.7841837380513188,0.24198381514212453
-0.8290019713962392,-1.7342078746347436,0.21942801400775153
-0.6999538942890156,-1.7821802034823735,0.16134990971827531
-0.5127785035687541,-1.9341931211824837,0.18466301057541634
-0.4637263480410307,-1.9345671942933846,0.23411927377010044
-0.5046891525517685,-1.9132583374152308,0.2933102322686222
-0.5286634000486475,-1.9534252655603843,0.3760980449537815
-0.5663258790282755,-1.9638760167502542,0.3696630256918505
-0.6949766211909045,-1.9273784033476962,0.47061936681116084
-0.920198301113962,-2.066886803281217,0.705628930139545
-1.2511482959696674,-1.9219565339515943,0.6893310394631724
-2.043118881833511,-1.7158939330848195,0.8165448878840671
-1.6447767426530644,-1.7864557504105492,1.003540285212041
-1.1167346378899767,-1.8759655595527078,0.7375531074361067
-0.7575628411205124,-1.8777873084159402,0.46911028571894564
-0.5277063957790964,-1.8284825426752283,0.24391197623645708
-0.4192394994029735,-1.7960571820839462,0.08377296049264743
-0.417339304807563,-1.7477694442528071,0.038721346642987944
-0.4718833385708757,-1.6811427673734611,0.0533326062990055
-0.5852398965929615,-1.6712356227327296,0.10631806634453175
-0.6919973370962932,-1.7603110449217352,0.312964854675143
-0.9514678249187729,-1.8950338970026606,0.7093325622049862
-1.2432835055531817,-1.7948068928190772,0.7010701514683092
-1.907575172305487,-1.639164389831472,0.8529566992827113
-3.7409712543320923,-1.5122222409182642,1.8457001659703989
-2.9989103047920147,-1.6900767569090898,2.0670295584602734
-2.5594273169082182,-1.6700512265338499,1.7144499855549782
-2.292812918419961,-1.6351900847862813,1.450638335006307
-2.105795723749078,-1.6275943092700567,1.2770146848789028
-2.22894177891463,-1.6446858563842897,1.3188016275291818
-2.3967449511774235,-1.5550700917338833,1.3323790168457952
-2.974395895431623,-1.4431074957066785,1.5955582596298803
-3.7696348811794067,-1.3391745849334253,2.0804471564191243
-4.064167667591011,-1.043067336007148,2.1611880420744045
-3.8432887752802505,-1.0372845366342007,1.749822579503315
-3.623890831580169,-1.1277457833226558,1.522948980272449
-3.324748989190567,-1.3079164059998816,1.522025219601024
-2.5060352563607826,-1.4530537315946246,1.1957960753044892
-1.6972049001044032,-1.5164856703070102,0.8506140373512645
-1.3130957178566598,-1.5871107519396446,0.7954006351451065
-1.0030408814494856,-1.5935586211637998,0.6858993109665532
-0.8136544924090223,-1.6242839891812684,0.47831604591418847
-0.8381809591912341,-1.6442852615755623,0.4151176532291334
-1.057860138761565,-1.6607016717093561,0.4579738518247214
-1.1188054831101306,-1.6253027929141017,0.3949279831230932
-1.1064678500088645,-1.6238182403009471,0.24393451857458348
-1.0288126937857454,-1.6457608178266903,0.18220735085982928
-0.9623559994491562,-1.6864624465740612,0.16795469210363767
-0.9744898424182897,-1.7251346155396614,0.2916799456254455
-1.0424284777484132,-1.7895466149463317,0.6566952406920125
-1.138239696526704,-1.8990702312853596,1.1248976172965315
-1.123246020810421,-1.8407329293980954,1.2223008481068154
-1.0337027499323832,-1.6978717559409302,1.21341073282545
-1.0439333997215523,-1.5411045907986374,1.1632567802682614
-1.1023965385087218,-1.566108634142248,1.0179983926207823
-1.0603798643434479,-1.5999667909009354,0.6290469205311747
-0.9097160359607223,-1.6211837271122016,0.28342523819759974
-0.8547835314685794,-1.6724625874888006,0.294678240706036
-0.8354119192524,-1.7283994338165982,0.3757805631531097
-0.6846300506994712,-1.7436081199946214,0.3236859323874663
-0.5701626766448605,-1.801067629662444,0.35011469195134576
-0.6337882002752271,-1.8450709282031894,0.4369341671318713
-0.7939297817703027,-1.9197174760496425,0.5529550808212179
-1.0272781940044255,-1.988316063044899,0.790831847188168
-1.1374828146827565,-2.042272483213496,0.9830864574460716
-0.720784909155191,-1.928195044930562,0.487309055160908
-0.37916003249014996,-1.8349434707955237,0.19099652513419996
-0.29286147679468066,-1.7243181716717233,0.19954169858619053
-0.28998247707565133,-1.729203592522983,0.2568671983215785
-0.3431625563407091,-1.7426050855870012,0.2695228590213072
-0.4587564742246535,-1.7530582918767368,0.4639675695801294
-0.9216443576439103,-1.7884733680581224,0.8853429181214525
-2.415158173955065,-1.9985685750395095,2.084969111785538
-2.792259762443886,-1.8735845944614464,2.0350922967990206
-2.6146917635925715,-1.776646133944078,1.7030328681541576
-2.5227398446898635,-1.7158140202544083,1.4960550042510248
-1.9129503284849776,-1.5798290704039848,0.935287230316769
-1.335840288109404,-1.4625900040170758,0.36028760069259247
-1.0883353832983929,-1.3970897450248367,0.041106299440692246
-1.0025295308673174,-1.4194739045863694,-0.10228315085412255
-1.0248236928525403,-1.4164958275643225,-0.15730051429040182
-1.0934709883776215,-1.4417941435715895,-0.011369004596676125
-1.2620646074634587,-1.574019614094487,0.5349741374070187
-1.928308045608246,-1.8171263847788983,1.4768314981164532
-2.3533986354607253,-1.9544373072973704,1.9367484240153658
-1.9521629605901347,-1.7201848692431991,1.3158655042732585
-1.7387009680825256,-1.5639583135202961,0.9008914763494835
-1.9242525883928085,-1.461545608566301,1.062913337839089
-2.4696173561117223,-1.67039122559302,2.0217928192303707
-2.920055724063925,-2.118948776487005,3.05339318094891
-2.8133297820890464,-1.8742851456093828,2.4377016240634655
-2.2275464508206437,-1.5542183880586913,1.4706347855895827
-1.8755182282217044,-1.4510998326537174,0.9434549564271913
-1.870479945957298,-1.5402540437602974,0.9338214698853917
-1.8600972985966817,-1.712354009335289,1.2518191726163521
-1.8053542532735323,-1.8175805691521916,1.4816509550787689
-1.7038210966435636,-1.7910124333268533,1.453791522081797
-1.8034352365237503,-1.7419339971717898,1.5803750887256554
-2.1521989522795,-1.7394060471146155,1.864101338462747
-2.2013405655096947,-1.682033749243838,1.861730273953247
-2.3994388733750402,-1.6458023334226075,2.1973474715739822
-3.1076447144144335,-1.7027402251033434,3.0332558465407797
-3.4918507511224854,-1.4246495207041316,2.3509959555784077
-3.2219911765070957,-1.2078678981155624,1.7594705600907716
-3.3652698000158487,-1.2288265546098591,2.075380715832842
-4.1621404501660475,-1.477019943566358,3.4022400456022996
-4.145559258731105,-1.4904980151395135,3.8551006847012905
-3.3512791979449035,-1.4134193448661934,3.0641916484588663
-2.9139253796361992,-1.4168789019778247,2.5924336574581575
-2.5428859205901206,-1.4065152391516844,2.107720640240081
-2.368982235056396,-1.476360976896204,1.825907592282421
-2.286955248135727,-1.56310101683387,1.6480549459473048
-2.1351546521097036,-1.5675647644222461,1.3506076000967764
-1.831344156870288,-1.5148122655500091,0.9788135620377737
-1.7010744244943885,-1.5123844753449658,0.8217805946626646
-1.7398479646520983,-1.5720587683065832,0.8408935281424355
-1.678391224543546,-1.6058866372804912,0.7883537098700548
-1.6696161964585532,-1.6401521606140332,0.8046804296096111
-1.6831903441425091,-1.6751369628045263,0.896549106288734
-1.6948336045452341,-1.7035226252951265,0.9723929832719324
-1.7737887625299131,-1.7410223366166029,1.035002112297538
-1.9956339491104333,-1.8079585125408186,1.1965208685504858
-1.9946096777297981,-1.7805824728302921,1.1292241724026855
-1.803076804622293,-1.6889004300169406,0.9039731056383583
-1.846648044518885,-1.6306882445912347,0.8996905442467913
-1.881332161480479,-1.6141064458498322,0.9883572343914642
-1.8565738390537132,-1.7456154849107122,1.1731536396793676
-2.161519652205495,-1.8540088934318992,1.6385440362988908
-2.3620753430432613,-1.8572507575283959,2.2165152314227243
-2.3367062657647875,-1.82642130385428,2.1767434672984436
-2.2915532497049855,-1.8364799971176564,2.188295616031146
-2.032049881928639,-1.8252520966837713,2.284049187607871
-2.094178964805074,-1.651643479609386,2.1979294514438164
-2.5367425850941663,-1.4085340868354301,2.3355414059119006
-2.8906942713700405,-1.4258641737754727,2.6494176980868382
-3.0849095105407067,-1.4455971166001338,2.920447653013433
-3.133023331207496,-1.4023585130198273,3.005726031258094
-3.299941454743516,-1.3906833792690483,3.1738346972414813
-3.6295369144804224,-1.4311024070276515,3.5035927133493554
-3.6756377419926953,-1.5625507783279224,3.6319366742092316
-3.642573705954348,-1.474589221064811,3.41406127387409
-3.704909749975635,-1.418140076056315,3.260145361753258
-4.08004570867377,-1.5255366886076636,3.6694585707841596
-4.265269967631636,-1.5956148274880617,3.9807277542317996
-0.5174281929056098,-2.108799772356337,1.2658859603266628
-0.3261908222968025,-1.7763262503976387,0.3316571776179123
-0.35355653884375704,-1.5489114115462628,-0.23655101355848793
-0.31056287670453603,-1.4612671473877057,-0.4738036451477364
-0.21901772482003673,-1.4369088414317714,-0.5798920304825957
-0.20891347281147504,-1.4177469887583924,-0.6737413289824864
-0.21142650428820497,-1.3893095509092435,-0.727254351634604
-0.19098022727019506,-1.3779124436680168,-0.7554945037006987
-0.1967132177415648,-1.360555958519811,-0.8050666562915596
-0.202417540735016,-1.3613515551524373,-0.8236753754091761
-0.20769666563049424,-1.391839427348574,-0.7971066198022541
-0.21382402461072983,-1.447721797625796,-0.7724616590312547
-0.14928661836435414,-1.4866690655462123,-0.7491289851695302
-0.06233425395878444,-1.523360029508385,-0.6888681248900533
-0.04968429427515251,-1.4865437268373696,-0.6668904468024691
-0.10904435448969392,-1.4707462932434405,-0.6513420997932122
-0.22815731175915901,-1.5092284774250035,-0.5431533782168443
-0.42552895330256646,-1.638530190104007,-0.254695800167538
-0.8640123526078016,-1.8498309016130554,0.3308083063433992
-0.3042481675578029,-1.9824824370858145,0.23456067298574332
-0.1741358530773332,-1.9081259056208832,-0.008365854404640185
-0.15903474665669548,-1.6805488140494693,-0.2927522835736965
-0.20795866924841175,-1.5418544391861837,-0.41995915807407985
-0.23519619858401783,-1.516162691095055,-0.41390217591749573
-0.24857613965809586,-1.538636068851439,-0.3717663420851204
-0.2857484510172697,-1.571468654041512,-0.2929159849829864
-0.36131568596128166,-1.6406917032133168,-0.1530831176368794
-0.5491365720034507,-1.7037188818404039,-0.04651076056829613
-0.9641783975647046,-1.6971943540957501,0.08752999259098698
-1.9223103485053994,-1.6086366216378716,0.4839484364866994
-2.441799183130058,-1.989802580248786,1.3193076619817399
-1.3098477071281451,-2.0085084210748883,0.6579974573551177
-0.9166990548181665,-2.107772875648413,0.5429781252254805
-0.7350184382161892,-2.176337195875894,0.5508897339237563
-0.5547409891673494,-2.250153424505874,0.4528309207653817
-0.6744342787775868,-2.0589542697713648,0.35311007451675264
-0.3929974673840487,-1.9158964454352527,-0.017358085483616448
-0.29349137189992364,-1.9098259841035343,-0.13772667885339443
-0.22275665634732075,-1.9591766654521037,-0.11516779611163287
-0.09881429101377599,-2.0319689771380394,-0.011189830545088873
-0.14285059061997618,-2.073497418576594,0.0668221639103638
-0.3433099765622906,-2.0877442658802763,0.11797069577277176
-0.2060834625407226,-1.9805037953122235,-0.180881695381477
-0.24467234209161173,-1.9120756646779695,-0.22293128014808858
-0.2859233261328805,-1.8859152730089321,-0.14224580214760468
-0.3755163932679558,-1.8849805531972834,0.048499831017279
-0.6652367184187381,-1.958667642839737,0.5802812695073672
-1.3551579894932044,-2.1807437514392225,1.6211360477571481
-1.8075782497374728,-1.7836573674304617,1.9843615834630077
-1.6351390410017668,-1.6365777482096795,1.5820063949570766
-1.6747823255077252,-1.710351932164615,1.6298495536498099
-1.1139178349245806,-0.22636449355869634,2.404720753929042
-1.0579205907718927,-1.7948571447462756,1.299530388972479
-1.0037529236812965,-1.8076446812886737,1.1322838929853112
-0.9212715202048928,-1.733742927270079,0.9077028886809261
-1.0060507701687258,-1.6845972756998655,0.7447743199746469
-1.4592757129652985,-1.9826231881186198,2.628953369811121
-0.6924070391488548,-1.5379714244530238,1.3760619395045506
-0.8349649442302439,-1.3835900244165882,0.6913435330367187
-1.1842110319719166,-1.3980018387062325,0.2631170770026566
-1.4157157902051378,-1.514721833455642,0.2216511008996992
-1.4342610379460174,-1.514112907411768,0.1996730701361031
-1.3829491168848034,-1.4367173655767016,0.12384537731713806
-1.396715314578027,-1.4075313736755972,0.20933297269915607
-1.4530360300850698,-1.4783544204603674,0.3823963868253873
-1.4290456066278105,-1.643280654828503,0.5218582929019413
-1.405654112664898,-1.7791876133156241,0.6533225410600448
-1.514893731183236,-1.8369142080620826,0.9576852862566418
-1.3312934206635882,-1.7071268619736066,0.7368000700079511
-1.3067702670096641,-1.6273286360698334,0.5334235974768069
-1.3631375706407254,-1.5756466978009696,0.32487376556518666
-1.531250771661964,-1.5879713834291502,0.3370225336831965
-1.5492284295515004,-1.5418481173848597,0.23964953834276273
-1.583025573212486,-1.551746788172375,0.3082078430571537
-1.6231011382985072,-1.5278956370112753,0.46113229147035945
-1.6784133290108911,-1.5234186589654133,0.5769178797684397
-1.7528860746295953,-1.554438509968657,0.8025155497553609
-1.7993525235668253,-1.566115471203176,0.9627115451385057
-1.7875974966727377,-1.5800986533496264,1.088935809335919
-1.8930693532042926,-1.6008614254576534,1.2677224107728828
-2.066124231869434,-1.603424302483135,1.5505719331407732
-2.207816337196764,-1.6422127655370002,1.7172298870277747
-2.644439336501126,-1.7169365255750049,2.1297433389292886
-2.538823705084959,-1.575404134408731,1.924836426953614
-2.8249687425455883,-1.5111616265936978,2.0881291622957967
-2.930353301590965,-1.4127451135860662,2.035665932330873
-3.024684795750799,-1.4176472061328067,2.1245382980867378
-3.348796774260998,-1.468305194135667,2.539491967068701
-3.498579036059793,-1.4297587279708446,2.7698533156233243
-3.6937589878192503,-1.2419826275718036,2.8072001097430075
-4.4414233494114015,-1.1229171233775814,3.2879481209750447
-4.923503542102028,-1.0266251288225685,2.928347205904413
-4.111562235126888,-1.0354387160754996,2.509707335078119
-3.7870673224896247,-1.1110873454347125,2.504745378296963
-3.532516106713947,-1.1602452868732467,2.33859527002329
-3.443982909768016,-1.2691143482267366,2.3586510967003558
-3.2131656013953585,-1.381716423879551,2.292930312707362
-3.122239093047727,-1.4252385218059744,2.1138457459563567
-2.9161265675847585,-1.3907345884593314,1.734510469610091
-2.896993162518136,-1.3695302710749377,1.6143666408516029
-2.6961929294590843,-1.3383804232691567,1.419220368190083
-2.689628974427248,-1.397632110751234,1.395282928126353
-2.8603464948222586,-1.490047943592213,1.5882429095872896
-2.936418789899137,-1.5257958827457196,1.7187600093078625
-2.890258449692916,-1.4743418317105805,1.6877113828705501
-2.823825326638083,-1.4201522590571385,1.47484172043916
-2.9004037822514928,-1.421474569035198,1.3999153891027047
-2.8585680905834256,-1.3830872449410123,1.2901109504630186
-2.966880492571436,-1.3843602782617779,1.4044675419195636
-3.0008602303719756,-1.3847583856217756,1.4774820916659444
-3.02190728587535,-1.4059272323145477,1.6317687470121358
-3.0395970106505756,-1.3977603691058202,1.7693383887456995
-3.105248334462311,-1.382691611970275,1.910982999136637
-3.6074738973107396,-1.4818417880421109,2.4968807389836005
-3.983812901979183,-1.5575359574995404,2.945995490118109
-3.5549628967561397,-1.4786385796149135,2.5783960288476355
-3.374123706302593,-1.4975867446215327,2.437399414857204
-3.4285058357582767,-1.5506532585380945,2.4629426410508897
-3.4001604662669385,-1.5212743839892033,2.3111746527332135
-3.232748828277315,-1.4121091675016275,1.9722112321156695
-3.1503800198590004,-1.3245564304432202,1.8106773680706612
-3.1556438076943816,-1.3308759469873854,1.8306717667575552
-3.3110914880101183,-1.420854248871068,2.1120416293306525
-3.5820383143291625,-1.5061369626637724,2.5015125770372606
-3.4858804603839255,-1.404028391015325,2.38585127021131
-3.427010764769589,-1.2536109060881668,2.2037563017946025
-3.695134474682319,-1.2143165417980835,2.3836007651907583
-3.636549636259424,-1.1457976222843351,2.207310558606788
-3.558048771687103,-1.0527362935380993,1.9843731874836286
-3.713221924517584,-0.9839197691376984,2.0914418394282026
-3.7948619115948947,-0.9308484297503267,2.177614940421357
-3.8631947428395566,-0.9422329111702414,2.2762387838727665
-3.8946097740267023,-0.9730665324331448,2.4639009654008563
-4.010838462805846,-1.017154811349908,2.7422252092901642
-4.2606548889151465,-1.1016046357702227,3.126476411313587
-4.249374124215216,-1.1110804221910915,3.242557864082937
-4.2872441634129785,-1.2342186700774156,3.4788833464503144
-3.9604231363564626,-1.1313793718198901,3.123677066708362
-4.112692732753671,-1.14113083620109,3.1531910082678967
-4.12476516263575,-1.1383723503939698,3.084931875085558
-4.626439446904847,-1.2360293152150645,3.5266561872687245
1.4431722008726737,-2.2913627711671745,3.3478967684394347
1.8002227703576883,-2.3145033114436186,2.7999142776287314
1.8218735933517465,-2.022724057194032,2.3278870903522213
0.042994018360818696,-0.8344130844039592,3.164785220174453
-1.4450869671256859,-2.579013626291621,1.225117314567695
-1.2209333903322659,-2.641859313273874,0.9295469652006088
-1.2192311266012064,-2.5937725291633664,0.7943966119767866
-0.9514048756431862,-2.5091091453618,0.5098169330863604
-0.881015539160025,-2.4972769870393283,0.29744894637663777
-0.8613042269164132,-2.552584963458507,0.24102080159247505
-0.8165240409579213,-2.535336614203894,0.24214050135019144
-0.8291272973395857,-2.508002298310585,0.34974183908159745
-0.9066107369532359,-2.306448981542241,0.3622894112569907
-1.0210856688129288,-2.2708362964348403,0.4206003221791714
-1.1912800996110646,-2.2324693874774764,0.3785843368056707
-1.4057309509348404,-2.2039232138510605,0.4164385933107692
-1.4939871533625555,-2.3836305968640548,0.6836303420257116
-1.6563210841993896,-2.662885459933425,1.228332218059922
-1.4177212902171872,-2.743096838691049,1.4856661720638373
-1.4666063219591472,-2.5560083468544175,1.2485836064782199
-1.5592853156285953,-2.4026153833293917,1.0879444757001129
-1.7754540535212078,-2.4954395512037046,1.3194210596937448
-2.240308829119682,-2.574034179747391,1.9081207018780333
-1.90214422262548,-2.7215621810831143,2.750673854721152
-2.464596666772178,-2.150923758205783,2.375088686384335
-1.3189910770095448,-1.6988225410502575,1.001406975456992
-0.9308147591595277,-1.6267534473821812,0.384853718765384
-0.56861470929048,-1.6100511484856093,-0.22872444092507113
-0.2772845741813858,-1.6305721137396871,-0.5556782655244545
-0.13455744463585934,-1.6156566681951798,-0.7540543229435523
-0.061390645626485725,-1.610228045555498,-0.7854930907404756
-0.0763012445139681,-1.6238364413910618,-0.8156159553502933
-0.06988937748997759,-1.6202359343543336,-0.8292143047772877
0.06280116288481553,-1.9662283083111716,-0.7240685972139955
0.09076938673140215,-1.9667364215234877,-0.7135261988344473
0.135731017150082,-1.978070590501753,-0.7390674701160334
0.1960748515427474,-1.967082394678343,-0.7797659450949943
0.23079635505094553,-1.9367604025688812,-0.7757940595961467
0.20936722406060684,-1.9005981159724759,-0.776365569101134
0.4758419205682982,-2.4034072684192975,-0.7374256028156452
0.4619588647932401,-2.395793771937443,-0.7450164597810447
0.44107714906534734,-2.425272691874912,-0.675848356664065
0.5178666010081784,-2.446059135043436,-0.7073945722252966
0.5577540823443221,-2.4687865486699065,-0.6862546656978294
0.5659068702762002,-2.4722949126465785,-0.6638173904473753
0.501511451168392,-2.3840697472920374,-0.7143787644165162
0.47798272714832707,-2.1872915297070588,-0.7951122033264023
0.5558622076289205,-2.2417086922440124,-0.7922150839528597
0.6063066824386389,-2.2690850181196778,-0.804990105488489
0.5725413045778398,-2.303385301327028,-0.7798498859838318
0.5266559322363819,-2.2615441092900554,-0.7776219621326925
0.5181614955519563,-2.235291838844421,-0.7348269872180296
0.4093910215319152,-2.0120127609489846,-0.7719913465728591
0.40976988981965984,-1.974759741905851,-0.7589070308556226
0.4396936844579628,-1.994359350232861,-0.7658829641083305
0.4507000642656746,-2.0543188830542567,-0.7310651469828412
0.6154516678291696,-2.1306071953931514,-0.5662832692608821
0.8480692550844445,-2.2860568340297123,-0.09496671771941305
1.2984149068197297,-2.3705690752811535,0.73418932786327
-1.3770270748938465,-2.251695618183791,1.9135287221307962
-1.312212704701231,-2.0907799996637886,1.5993109348762873
-1.1669477234049213,-2.3528007178254047,1.5557322239198603
-1.0946013535261179,-2.5408868133975995,1.272038156954458
-1.1848788491544768,-2.500352224715961,0.9563881041056901
-1.2200675338922269,-2.459634904930317,0.838425724191653
-1.0782360664940365,-2.4940404142454975,0.9632417304824573
-0.8887534213952747,-2.6318730602007636,1.181182183406521
-0.8924204800469469,-3.017472288073913,3.307121087103578
-1.1235467692123893,-2.977855029521747,2.966799819673647
-0.9020332029699244,-2.7107545617005733,2.1778243173453413
-0.34957530004830434,-2.5010736417726624,1.6273121878180774
-0.34613072967233227,-2.249092701961231,1.356965189657067
-0.23243933129229544,-2.0477283465051985,1.130982815087848
0.18214421886849666,-2.037950244456572,1.0428733848562508
0.477202375860957,-2.507858785305509,1.3685582154749512
0.6472957647046556,-2.950920087786969,1.7026476199119431
0.46150739320115935,-3.084357378494086,1.9080342062302822
-1.8330253430476444,-2.084676090305278,2.5260770248628197
-1.6896939790095398,-2.157081850978972,2.653552880732187
-1.673560171498858,-2.16883910428797,2.69429719585951
-1.3877237631891857,-2.135537216299644,2.4432044928143966
-1.0197478332960381,-2.4094773446960085,2.1719069252848473
-0.8898552963073502,-2.4132072046780215,1.9310816597637825
-0.8751980878779173,-2.432568882381977,1.9135084292456566
-1.0521716947233117,-2.4571143088465948,2.072705588884324
-1.0015207494643235,-2.4519750695230353,1.973978598870388
-0.9548757190117831,-2.5295364433005023,1.8388594615103722
-1.1278100367082835,-2.6331028946070263,1.9125053945571104
-1.5190552493339846,-2.519590997318324,2.1147675943761035
-1.3790525521445696,-2.31699415224316,1.8304148306460295
-1.066936483982264,-2.1119482303989603,1.2957502000989656
-0.9387972838505537,-2.042135545929448,0.7851827144973628
-0.8701489609363343,-2.04791760224317,0.4144207564053953
-0.8292835159188531,-2.0645062946790067,0.20869121015242603
-0.7972377636464656,-2.1109334702287135,0.19608063018219038
-0.7666761044128836,-2.1012680417293934,0.31186337535389425
-0.7644298529943927,-1.9473359467558793,0.5231210191095786
-0.7607864899140844,-1.6472978241506409,0.8832701480808086
-0.690845401501047,-1.4762758340726319,1.4781246817852889
-0.41164878826769724,-1.5470780357269138,2.063320872927793
-0.30557386286108745,-1.6626890297949029,2.6305091961144926
-0.9839900735129491,-2.4027563076236604,1.746185974298683
-0.7000565448756939,-2.3179524655192627,1.5253471608165892
-0.281014818979326,-2.311056489568613,1.52424991222675
-1.5479142784520001,-2.5870288162972446,1.615922736282289
-1.0379167965374372,-2.3257736230216532,1.1223297137572077
-0.8744498817887131,-2.151595131887966,0.9207115436681634
-1.0157246688234312,-2.1777806072600585,1.110512747431971
-1.63502872022631,-2.3889410761269585,1.8005817061992004
-2.2508025348840697,-2.4366532659119544,2.261901061089949
-2.3611013471489515,-2.1189283805879495,1.9823088518396557
-2.679911610364476,-1.8348939922647767,1.9423609271681608
-3.078569416569833,-1.8074286191325744,2.1290352507865404
-3.2939362323839143,-1.9325555298197916,2.314130546080382
-2.8289532638756554,-1.9061248724150077,2.005631962787876
-2.0664730866178305,-1.7025256310326538,1.2918354269077148
-2.0837993980993486,-1.6699151520791273,1.2992304761044642
-2.3937386014938773,-1.8191669318963077,1.7981839578765506
-2.911146944959409,-2.1860701705896126,2.7728864946027896
-3.1862547848742513,-2.545734306490349,3.6155250201528686
-1.3592220969495554,-2.3651104741285223,1.7507405640073779
-1.5102718421433716,-2.275325866715365,1.2938380362485622
-1.3832362862478682,-1.9273672555980716,1.0021285249176133
-0.9724342487341742,-1.834155243552371,1.1715894063292696
-0.32010487026692835,-1.9877671517424373,1.7711141011248848
-1.5401785458193304,-2.1348618323831547,1.072649127373623
-0.9237615537873657,-1.6498251996309268,-0.1318275161709486
-0.44879675834034755,-1.5556301972767064,-0.4859489253778444
-0.3368196087162714,-1.4862663442268884,-0.6126465058306599
-0.3325779483834132,-1.4948661935760368,-0.6842789509921705
-0.4369401108051476,-1.4990338595164925,-0.7586137044527733
-0.4906016612564036,-1.5023844689111088,-0.8105440340644546
-0.5185367667900647,-1.5183514353542473,-0.746709412427448
-0.611237077587452,-1.557725648841432,-0.5152937282726
-0.8079555993268411,-1.6102910513978232,-0.2775736539769395
-0.8380486366577966,-1.6347285926455015,-0.2564666600608196
-0.8356678048679546,-1.6730921921701036,-0.2486710132141437
-0.6404009171923237,-1.6922795968445148,-0.37970449235016246
-0.566761538215664,-1.7101988110985755,-0.4051444644021399
-0.5445557308370054,-1.7033575620169628,-0.32971666983170195
-0.28181641669243174,-1.634815934491385,-0.5509718104792862
-0.21955993160408271,-1.5927763867382037,-0.6846404129335777
-0.17809871011675613,-1.6030997209775926,-0.734363362255352
-0.20182250453223124,-1.6100008265045371,-0.7138995692285645
-0.12197686564422543,-1.6408106879601307,-0.7012698330446404
-0.08826322364396073,-1.631131556942264,-0.7592283384181339
-0.07077310293506352,-1.6049940421607083,-0.8668229473060801
-0.08937802965649588,-1.5483206767715392,-0.936876737820725
-0.09525793711759448,-1.5274506313869811,-0.9265844496056551
-0.07466614927170838,-1.5445860964553542,-0.8952540701872318
-0.07140916025761061,-1.575104124137094,-0.8474973269912269
-0.10428493300050952,-1.6041755317163224,-0.7749259757341476
-0.09420664162522181,-1.6420885525949465,-0.7291569203412458
-0.13316477232417187,-1.5932552227129158,-0.7472899045993311
-0.19498797227808476,-1.5200888916429678,-0.789330206807074
-0.29349360874837893,-1.4950702143071175,-0.8278322926302126
-0.4117861123702248,-1.5247904857554517,-0.7839256841270589
-0.5155695871068839,-1.6006254236722912,-0.6156652072161174
-0.550584067578971,-1.6919031310093955,-0.4507932612343315
-0.6618740699700494,-1.805774905242488,-0.17017696335669008
-0.48538875666618275,-1.8338228404100536,-0.15945122356027258
-0.4538784712129465,-1.7522573086996207,-0.3172168156975552
-0.4549179343018886,-1.6732660484909598,-0.46714865715897236
-0.4162806776831463,-1.6786554361181218,-0.4626353785676952
-0.35346583435758494,-1.7570152905180347,-0.39228889779445564
-0.3254341876919046,-1.8639459326909094,-0.3015935956065455
-0.07548904421295913,-2.4864933035888583,-0.12019572921712837
-0.15178488308644247,-2.426796949130975,-0.08440540970006608
-0.2802424720031244,-2.3745979193398465,0.00811320001399399
-0.540035383073605,-2.3928745543022623,0.3183533006378671
-0.9914960283764428,-2.462933906979155,0.7510084957667295
-0.5971863572205751,-2.325901065859782,0.22863864600627753
-0.6173922619119188,-2.079867038562802,0.05565626831755669
-0.882633202497444,-1.6808296861775789,0.09977255715704104
-0.9872038655594958,-1.7039397880859677,0.2931971334650611
-1.0323828485186224,-1.6739466997851893,0.17763270472792017
-1.1406335234171143,-1.645636378614661,0.07541845358526889
-0.8873972697972348,-1.546461459070231,-0.31858397858653403
-1.06132498488923,-1.5868344116960722,-0.3217699232096651
-1.0678299162237617,-1.5961486866019983,-0.4300526396625902
-1.06485582456248,-1.603833666220528,-0.5279961859729922
-1.027869357781774,-1.5679162084412481,-0.593556707916525
-0.858590051408162,-1.5358328215355868,-0.5275209004824487
-0.7265278195385864,-1.5702716619591004,-0.3129168564115355
-0.8151696458612187,-1.6337835309253335,-0.10271246498182324
-0.6961352567782663,-1.6279875351960957,-0.20645881438726166
-0.6902435537459879,-1.5962465151907188,-0.29611683548568873
-0.7852251238804007,-1.6467565617303854,-0.15873936997309396
-0.9606927086505989,-1.7302384858263233,0.2718116747157474
-1.3325658760036618,-1.7677203591854374,0.8961042072214902
-1.6259904019218936,-1.731073711675591,1.2732116999837861
-1.628860459965593,-1.7250171408071913,1.2818780845764322
-1.6815504669000472,-1.7658831205108567,1.2202369349467799
-2.225013125975525,-1.894221802244902,1.68352092779014
-0.028734573085260322,-2.4270030381363523,0.8148165572182045
-0.11141466309807867,-1.97017884612502,-0.17596963902410956
-0.1946982460602505,-1.6685354680257856,-0.70995176082022
-0.15798160146447268,-1.5520296532140876,-0.8956155831612036
-0.18278292331132215,-1.5015814062244754,-0.9947272666121931
-0.23190687638879806,-1.474793068811085,-1.0028248034237552
-0.308510061199827,-1.4665334267991565,-0.91561973683367
-0.3511416970029741,-1.5084815604406856,-0.7901584767896629
-0.4457468644531093,-1.6065482255680072,-0.6042079785246631
-0.766171105621358,-1.7429109827496934,-0.18385022225695338
-0.8019158445251481,-1.8233852946031233,-0.013805320804100909
-0.6128112671106835,-2.15419636045237,-0.08718746511245742
-0.6788777950722682,-2.047976689329228,-0.30716743723147527
-0.6911370486820398,-2.0055678974884903,-0.38800089080771233
-0.7118207736373405,-2.0573840885359616,-0.28365871100915674
-0.7231198404886165,-2.156056047690117,-0.1617850835618449
-0.6682147028216587,-2.1812436504261847,-0.11157156731913623
-0.5704943670652277,-2.3183641594654305,-0.08495409024948446
-0.6197800068954977,-2.2695314172979364,-0.19460554769113741
-0.4232230071809424,-2.1755490301560814,-0.3909351425914274
-0.34520953749042416,-2.1729854026102546,-0.3755622697173365
-0.47546815841133544,-2.2722826883070755,-0.14080344096241454
-0.6497822942825815,-2.3734862947801685,0.10185891650654029
-0.6877324251601363,-2.429670760827938,0.19768984148863872
-0.6899990429920344,-2.451130063032743,0.2431913168331203
-0.3156698062897925,-2.3832951399613407,-0.06991887912308833
-0.2706575787519725,-2.355996409842962,-0.13522512451394972
-0.24536245245794824,-2.379019511104494,-0.17068872834762183
-0.1287869114929535,-2.3536173680092873,-0.2858345577959031
-0.0561695806316724,-2.333750423394841,-0.3639605225291875
0.03425961398057668,-2.4045766102682613,-0.4277601651163851
0.09740635783606834,-2.4739627584279416,-0.44564472688996365
0.18548263577437524,-2.4606294139866796,-0.43223395872056586
0.38558462815312416,-2.453541623624124,-0.40661758344732624
0.5152710313645515,-2.459997191580626,-0.4085467723857038
0.5664453409810131,-2.438628416507629,-0.41942848342266426
0.40624064671280397,-2.4031372110755025,-0.4152373150523097
0.3367401853915208,-2.558588234006228,-0.4914830961954143
0.2864278426912548,-2.671393256957663,-0.3665990317916004
0.4089505798540246,-2.7660334919657243,-0.2669549567216361
0.5297481641909669,-2.773573399230185,-0.2364885407581528
0.5645011107486554,-2.723369022298654,-0.20072794976254346
0.4521331619939441,-2.6382589320644017,-0.15063602662710246
0.13811925138136347,-2.722290739222332,0.17315623789339918
-2.092257886977018,-3.1620510610508004,2.1012622878167417
-2.576800281447434,-3.208069885997637,2.5376307343261577
-3.067497375133711,-2.8967003145403316,2.7721815822321587
-3.1173413022940455,-2.8520728193741296,2.8664597633670885
-3.147342660713861,-2.9893136557941675,3.252106530264832
-3.167114529093315,-3.0143983572873463,3.3211730658186016
-3.1683446076719566,-2.9594902673322507,3.225505993620491
-3.1561798827947443,-2.8686940890041286,3.104022798030651
-3.3488340351289048,-2.6411267442737567,3.0600130849143077
-3.4937553708830853,-2.5887372967789974,3.1942709074902087
-3.4092022173630343,-2.5227484968795215,3.045979870610073
-3.409470352168064,-2.535812857412594,3.0648311084128923
-3.4495992819580508,-2.5389241882127735,3.1480748456277
-3.3570382758884363,-2.539916750529263,3.1987151106227127
-3.352812435869037,-2.478750944686365,3.2239179813482273
-3.480512417470016,-2.463454153057068,3.36075048280451
-3.3784959565369825,-2.404094435957155,3.2815020675638875
-3.199406772789092,-2.4539751903758185,3.2238632640802924
-2.9824807174529964,-2.917058607327131,3.183057825964618
-2.8005416096364533,-2.8302706098910013,2.8500894726163852
-2.6264256381979467,-2.8071691870922217,2.593424946958393
-2.5642419139092487,-2.787306005590215,2.4626751051898674
-2.613051211280667,-2.725001942234913,2.404736203057923
-2.673972024483132,-2.7364652954715534,2.3764689215490424
-2.6624555538912844,-2.8029117461021142,2.3832266532716866
-3.1812663414663547,-2.624604016035772,2.57292441699342
-3.5346760830180557,-2.5327938320827013,2.6537207449333162
-3.8656743715184154,-2.4751242777912936,2.8686392537045298
-3.7582670244708716,-2.407306734859479,2.776728485026312
-3.9894588840869534,-2.3677819238760374,2.889780953580265
-4.153643045237743,-2.446339150960144,3.398848279702632
-4.080051919452023,-2.4849742776903936,3.3324231342074637
-4.0144914745493185,-2.4914895565507895,3.2666999559007657
-4.001886627226371,-2.509947177998982,3.285461683641109
-3.9449592537854294,-2.6935563940985405,3.4365666861435926
-3.8169402601041766,-2.66121151313581,3.2785115836952157
-3.7497146069072795,-2.654938405542877,3.2266587974674867
-3.7340847480571764,-2.675465321675377,3.2462514704994225
-3.6602115744396677,-2.72368792410498,3.29422415340193
-3.5729507148433237,-2.7672797622386303,3.313924260146763
-3.5127795363346714,-2.8123668965725446,3.2915180344620123
-3.382861360465534,-2.8630450893121506,3.2490375120685258
-3.2403371832663432,-2.917154155416236,3.2739369077239022
-3.5701360101324413,-2.865038642503931,3.5340642263397206
-3.7329766203507564,-2.868867471437066,3.5943321023492736
-3.3832575720910296,-2.7394942695895965,3.198372540238654
-3.411207247947641,-2.718853802885769,3.206831035405049
-3.413659570975967,-2.7547629093644987,3.2533422761938704
-3.358759167525421,-2.807748630569376,3.285984910864164
-3.8274930429646306,-2.594837316708294,3.536173356911002
-3.8071736046380638,-2.720299364635523,3.5891606342904963
-3.7749366071218824,-2.686909572059931,3.647610560978285
-3.736231261014035,-2.651489078075745,3.5710557775993994
-3.7333783306696984,-2.6687863753751824,3.565448694500811
-3.7880628942762717,-2.6235673924193033,3.4950783874391056
-3.7413702391804797,-2.5826717401630983,3.427065990637011
-3.675697186058304,-2.6040862368523543,3.4132816284010423
-3.6116219785464243,-2.8610349361328997,3.478153088452971
-3.6967136007867993,-2.821902327206714,3.431254466201229
-3.714710011547898,-2.7853154619717664,3.3758333375813843
-3.6718095692836257,-2.8251160923054557,3.4139507986192577
-3.6495496316057543,-2.8651182073961814,3.4884438689632686
-3.6942724219363905,-2.8561169228843952,3.6058891977114094
-3.7597898172990813,-2.7797170961153466,3.7936167588983825
-3.7194452381009775,-2.7542045408386473,3.906646875340041
-3.6410109472661865,-2.7705834944082475,3.9527730417754388
-3.6284592421340403,-2.750809787127043,3.928578832276484
-3.7050713718155666,-2.7223427177973503,3.891321813392917
-3.669407267297708,-2.85188667700341,3.488616271299246
-3.607628530389521,-2.814517845561878,3.3539099167754314
-3.5932057794819627,-2.809876524397837,3.3064946579437677
-3.6169747345484478,-2.8740169432748126,3.363007003447667
-3.6163405286293515,-2.9072072679932788,3.4409709091190153
-3.641116983936618,-2.899424625820289,3.516059499566766
-3.5673227582947216,-2.944722367656016,3.472387170607296
-2.8033993195711324,-3.1176014728096226,3.305119298406106
-2.3272240552157353,-3.210675993772761,3.290684344520549
-3.0444063962825783,-2.4902145877966277,3.460738544628081
-2.0119175247534957,-2.0547469231458173,3.1197867407227746
-1.4115386285847566,-3.486594120437696,2.5321495654174417
-1.5683466698954176,-3.408185217750384,2.4281049228381204
-1.5181448965967277,-3.202256977176196,2.139025648010387
-1.785539784119306,-3.0865587777492314,2.131173606636649
-2.204689742045317,-3.084024857840265,2.5652859248376156
-2.2930489962898677,-3.0953380071419176,2.709843989511768
-2.3855254331847138,-3.1533039838288572,2.8512587477301525
-1.9481882795346188,-3.196320491531407,2.5457801434833214
-1.8745755182119401,-3.1458650448328633,1.9965889114443873
-2.1976914814294717,-3.1269851590492546,2.138641603620041
-2.6064247541378975,-3.154750809846735,2.472887176081626
-2.472138061620357,-3.1038382831936855,2.4238070561827962
-2.17005076579435,-3.143502938643888,2.3689394659157537
-1.952862562409068,-3.1928049190391143,2.378385712528802
-2.8722906573387985,-3.0617553121975476,2.883023536404477
-1.9795691107011353,-3.0399194611766864,2.476628651579084
-1.6339164862643942,-3.1320238340433537,2.3772533792981556
-1.678307524439817,-3.155814278980678,2.3843591355406395
-1.9079205904367098,-3.1626889476706097,2.468466822060835
-2.0109253677536336,-3.139869124996318,2.4580133270982
-2.026636536651366,-3.1098250129909033,2.3885497851653277
-1.983756599473752,-3.121686903747984,2.2909311810079025
-1.9612850198073997,-3.126968177457009,2.2331221893702202
-2.068235349144713,-3.1360103471839205,2.2877875541854826
-2.2366270127451213,-3.102288880617365,2.3429274451326223
-2.27261893735648,-3.01737762631836,2.3205691304905973
-2.36045706562451,-2.9858349159715014,2.427398446696059
-2.5213272500074786,-3.0481265249733327,2.674100418607781
-2.8356028360765566,-3.136937291124958,3.043203729178807
-2.781501773795234,-3.1537434327831355,3.1391563637673143
-2.4285565010534675,-3.087997669273473,2.9494602851714595
-2.2867134650676793,-3.0780170147659685,2.896235108048649
-2.2734544807507966,-3.002295222268512,2.76010437479334
-2.2525488744079794,-2.9821734298307803,2.6650688316673814
-2.295238618913976,-3.0094302662195833,2.703426344852716
-2.3921107675160855,-3.017983426224452,2.6722496252159207
-2.4761840501535426,-2.991601607956642,2.6600590177708088
-2.505189814508559,-2.9414569813689466,2.762817897412191
-2.544823669927751,-2.9993105473030255,2.890338219665574
-2.641305970442361,-3.1266186212748317,2.948277076824486
-2.5569665198910885,-3.1621894360934997,2.840878717247784
-2.2489868773596506,-3.169605764481413,2.6149634028883093
-2.0229056687773537,-3.1620727209987374,2.4177880892060766
-1.9482116994030687,-3.1749012037590236,2.3416461149804664
-1.8272399430715314,-3.179216153154681,2.286163558299858
-1.7763056678365452,-3.1262098218188816,2.288100291382436
-1.7735048388580126,-3.1355044510480625,2.334774060162366
-1.671313539534383,-3.175388525338269,2.2941595572056026
-1.5490612951441343,-3.2459813685603027,2.252228173447225
-1.4880366109852134,-3.2943771776209103,2.2796910436893407
1.6814053754086438,-1.8327715756838325,2.850784397592217
-0.031556362453173656,-3.0852980496887747,2.318997651722922
-0.06737015264463007,-3.0835231239506844,2.539660466032671
-0.19248842806893415,-3.146672850959246,2.806128983313513
-0.3842249341342527,-3.154827731921958,2.7696644279281717
-1.3582668946507879,-3.2081576747028513,1.7093744553191215
-1.4167974923560847,-3.1827837734219218,1.7604699497979734
-1.4711907668051853,-3.208818022839536,1.8544115157933214
-1.5566073324974194,-3.088799998947431,1.8451172035859502
-1.6021409782640814,-3.0509595013488067,1.8175420839891558
-1.6533960418294926,-3.0700044078405435,1.8302313257564233
-1.6932977000775222,-3.061840419530904,1.9188307516286809
-1.7701815250210875,-3.087574542360291,2.1039902997087325
-1.8323378187416794,-3.114189214744562,2.184992742693848
-1.8916278993399338,-3.0824810145167354,2.1595346593188753
-1.8710364559299582,-3.0270452301763444,2.0674621312995165
-1.3999760671194967,-3.226409678115733,1.9523363757737822
-1.5500047264890584,-3.2130979584560375,1.967033064945317
-1.543566780696012,-3.157125526989217,1.9702662552807888
-1.4332748749184905,-3.160279169432475,2.034544395240353
-1.462688268692988,-3.199259384311956,2.1694808300308983
-0.9462797786536372,-3.3339913034583555,2.1039616330602633
-1.0139984132119335,-3.31990310252526,2.261733173939297
-1.0581721812814706,-3.3129275212778224,2.5406121737679634
-1.0791444909635366,-3.253329354597982,2.658475772468641
-2.2142807579225106,-2.583340194912888,1.4474522820116569
-1.8209485652810251,-2.761471796962249,1.3533298767583257
-2.272836111274286,-2.9799120026290242,2.08677964658939
-1.973421360870281,-2.888771668154992,1.8017289016960027
-2.1969963825857874,-2.847809265440778,1.8252681802391415
-1.780266979720945,-3.1329251939570795,2.3387953000934183
-1.903123535867931,-2.965598491005132,2.2024004201118452
-2.807291537252654,-3.0365021858527887,2.881672924417757
-3.1639345622703536,-3.0427888784243557,3.1540687766218976
-3.590463915845297,-2.9417649364498306,3.3983430219183766
-2.965907341831973,-2.8513479516992617,2.679600255106694
-2.6190759760000812,-3.0204710659134975,2.7426489168485406
-1.5999043986208799,-3.1752172284781324,2.513137768323493
-1.7908893161147736,-3.033787483250375,2.4592467743829984
-2.1641404508586266,-2.6431823578683447,2.412144028846101
-2.4180131252869566,-2.634812401699069,2.4701346207483197
-2.399454780207039,-2.632006471017749,2.3647297430359053
-2.562528245151533,-2.6397310807775045,2.4785814833649003
-2.4777246926827097,-2.655043843512995,2.4647560423853623
-2.49461765501063,-2.654740848904299,2.4611407604136226
-2.4388290995873496,-2.809976258631606,2.485149781488332
-2.4197348358343387,-2.9164294259716015,2.450999255572311
-2.3256209709607805,-2.8656006796715245,2.2997727290321235
-1.8255703405091612,-3.0829301233529223,2.6070645663345693
-1.7969442583094921,-3.068260320701275,2.586559956324843
-1.6374212532244043,-2.984178323262347,2.448283066555435
-1.987555112114446,-2.9953109188288702,2.6586356078850626
-2.5175741973159838,-2.980570429982815,2.807522003622654
-2.749764259131187,-2.8686205919584,2.5101712507179337
-2.835313489152646,-2.8809206500070026,2.4313448509426694
-2.4441164972941487,-2.908320871581071,2.369704047006965
-2.2757557570122966,-2.9640873390403595,2.4286761354493267
-2.3041301997517336,-3.0350420413677477,2.456038407160765
-2.324790258732064,-3.10757765336785,2.4033244474511766
-2.152628586071782,-3.1012066619283263,2.196087304031042
-1.9912813348174723,-3.1321326774775065,2.1300885573557324
-3.14734257673814,-2.995086747118902,2.9608507554525687
-3.273260786539383,-2.9407248159370782,2.942679469572963
-3.138431708862513,-2.828418808886433,2.812258538027419
-3.056622992762202,-2.8554273057991497,2.8276512998127705
-2.978232649955958,-2.8691594823843407,2.7064151192688892
-2.5492896414028006,-2.9895822036583253,2.493202949594336
-1.935399300637111,-3.1142694596682885,2.313824104405094
-1.947590294710913,-3.2699677639195497,2.466387219814699
-2.105050030706485,-3.15264954317036,2.549250278484604
-2.237909430782425,-3.0891922963053244,2.6569007416233035
-2.3915992203684535,-3.0428597350431974,2.715911792805466
-2.480599385569363,-2.957862142645995,2.6450122431159886
-2.5604302137568915,-2.9345036398167834,2.6713441587982123
-2.6246707720013682,-2.9697731891519332,2.7334037641335884
-2.6222575405707325,-3.0051494848033693,2.6835300289476094
-2.2091341751918927,-2.930594772408124,2.228533290334134
-1.8546598746796676,-2.9364380248516087,2.0151516030196093
-2.2020209234827695,-3.03441689615101,2.4393754110131387
-2.380435337426472,-2.9799060261113937,2.4677631702348823
-2.384966855689178,-2.986092944173002,2.4616169949015996
-2.273904445717731,-3.006068834975755,2.447985349132574
-2.22376736224536,-2.996790508088469,2.5344862638690695
-2.156075574979622,-3.025933970239523,2.581825551701976
-2.1055929205143618,-3.028396965856675,2.552868286857651
-2.0365637809173127,-3.044980979306809,2.5314728114150595
-1.9970494899775064,-3.116187985363326,2.7488674354859612
-2.332310915583625,-2.9937347218076003,2.692183778066803
-2.711341429704554,-2.9054007710351013,2.6508529902139824
-2.988147810128282,-2.851259443479061,2.6414359737043926
-3.0085960967556487,-2.8832228693695465,2.71800428484397
-2.683667577501691,-2.9381224013269884,2.7156083079342666
-2.25870231861288,-2.9543858604008086,2.633399050788654
-3.479944542198983,-2.879902534722576,3.2045262338925884
-3.5265162095833387,-2.742575417942374,3.005425152938625
-3.5377336532822725,-2.6191162749353696,2.808817053834797
-4.141159972562136,-2.5882815443723604,3.0450206923162026
-2.9742329395626457,-2.5905086508117483,2.5391031849965726
-3.0637362788435625,-2.533402940804322,2.530685615688777
-3.0119908973100085,-2.54131117868112,2.523997062849779
-2.980597433781881,-2.5367735547420467,2.545951680131277
-3.1106580611054024,-2.5326568884560943,2.717181918614434
-2.9369501226104298,-2.8577057035953284,2.8732792934315747
-2.6800273354577056,-2.926681507207269,2.829028993575884
-2.5995620300365894,-2.984890529299457,2.8724663572540425
-2.607901900423675,-2.9695663582750687,2.848139036153628
-2.604181899630408,-2.939766318486654,2.7794720949604956
-2.578549310529034,-2.955458658018511,2.7280827118719255
-2.519740465953517,-2.946179861014224,2.6629193246136706
-2.5643407687623183,-2.8577312888352724,2.6362487397506937
-2.6000987934344626,-2.8550075898976095,2.6302055116303866
-2.4399281541400053,-2.8147850070722886,2.519149317498495
-2.2758721347448594,-3.1400125614781778,2.5571239593670714
-2.5143442279835964,-3.05922956524844,2.581043461401169
-2.993239967346828,-2.9507485637391397,2.759940989222808
-3.12689654870907,-2.671108376266215,2.6699421020770058
-2.846808369043587,-2.5997741805622057,2.506656929848152
-2.961728138650938,-2.664757401644571,2.716602267255507
-2.749136088281143,-2.7303916039899647,2.648402896870645
-2.65004233245958,-2.5199718005785026,2.4547617598230382
-2.5110366772172488,-2.5242908804045525,2.3036858580169586
-2.463964896880015,-2.521471781214373,2.227520381400337
-2.4507102869160207,-2.5123872548598287,2.1665638883359626
-2.418979690372123,-2.5054465531386625,2.0892873788576174
-2.349366479128848,-2.506403662065366,2.013997460786339
-2.3161302203265723,-2.478472276571518,1.9812668356465424
-2.2695771798107396,-2.5051034826897634,2.02092278463906
-2.07513523499951,-2.595663497866419,2.0308764033173405
-2.0636591630497416,-2.7947978289560624,2.43952410599252
-2.2657672098462944,-2.771850786448686,2.422100779036883
-2.3866417188699285,-2.7799670678160404,2.4733789696867414
-2.4701729136704103,-2.7900327684371153,2.5508053170010316
-2.4181108991707587,-2.754582602340272,2.4325280245968712
-2.3161568013691554,-2.737904768864258,2.260375425298659
-2.2414286319073433,-2.786683861085025,2.1934167688353274
-2.002534758350115,-2.861068554283638,2.0899903408590905
-1.4535081969070298,-2.8833401903724796,1.8118624432330828
-1.001836055070182,-2.9853219176423162,1.7576692256537674
-2.632989767442538,-2.9671255409342225,2.5965512003434807
-2.953955521683118,-2.968551936977816,2.785444452551989
-3.0999013340205948,-2.9515932199516555,2.8498985669825596
-2.6009155778636615,-2.835618203127747,2.491545694549974
-2.450188625142971,-2.8059119504836767,2.469144031608158
-2.563673848284066,-2.9071534934574705,2.6975374797634744
-2.4954300528635454,-2.957446135228712,2.676069707407333
-2.579879909620295,-2.9220046351346034,2.5850086998873505
-2.8218952100969843,-2.73846934372786,2.5017072640919813
-3.0824160008625077,-2.511713967727481,2.4526810169731843
-3.2783638065354435,-2.47196810557788,2.5368006193148354
-3.629272668342873,-2.439047126335847,2.717092218811091
-4.088468218734991,-2.431463538973853,2.999460960534958
-3.6434326074793066,-2.4966483854758557,2.465136791595081
-3.2903674119262365,-2.5807246199090716,2.4601285387067815
-2.8392717757517696,-2.669757543424522,2.3847054685885256
-2.6300450855448383,-2.7413890460301356,2.3979082133179945
-2.6042833285257085,-2.7809132832541503,2.451183604897827
-2.6139418751288255,-2.796752580243704,2.4617445154177404
-2.6452320653379773,-2.813602807515543,2.5017594283633233
-2.5563451413013736,-2.799203704127145,2.4586484552383783
-2.4889705868914214,-2.791444765281494,2.436463481912068
-2.4653544039772695,-2.800296679575664,2.484060138357787
-2.4905445439191842,-2.804776224038668,2.5051775504781273
-2.5078834496368394,-2.8183911072574626,2.48360873167762
-2.4008610675727637,-2.7925648304835358,2.361000498486129
-2.2870965980238873,-2.7293596834086813,2.2973357504784135
-2.247737410010887,-2.7431054175519365,2.296354951899858
-2.3589791254570054,-2.7235260626263895,2.538454158988135
-2.5722522301313,-2.6821148023702115,2.57680524063477
-2.583676875025746,-2.607162316390826,2.547140564260145
-2.4819871389818045,-2.5975732710329664,2.5491953603980573
-2.4587758611258668,-2.570988818576237,2.4860578261957604
-2.503919875181064,-2.5827572008995587,2.4456852627039263
-2.4639156356174565,-2.664294632427592,2.3008694537639047
-2.241522124900917,-2.7515820188902604,2.169150683851821
-1.857594330469809,-2.8909482841177545,2.4596647087068946
-2.0377882761370727,-2.7423168156458093,2.4098893637676606
-2.407241607513744,-2.64770470478129,2.452346057254476
-2.9929692089267634,-2.6357044012322652,2.702592656021201
-3.3184052367452335,-2.6442123590462527,2.8024851367941763
-3.365150183326756,-2.6023828685531742,2.7033908372789046
-3.4565533327891775,-2.5179269591724225,2.750242559583071
-3.701512746642727,-2.3793758377119865,2.809316674325948
-3.975799885424842,-2.2935474629696553,2.9433512476896917
-3.906813707271161,-2.3005986007238195,2.713041843218077
-4.097304111053481,-2.408017799675994,2.965739931122574
-3.7487132777128114,-2.509400328371721,2.925724803997717
-3.091707907175648,-2.5390583321293665,2.710467237669132
-3.4365236441665292,-2.5943218413394438,3.112952044874598
-4.226045686500323,-2.272012697467004,3.2440787529536674
-3.877818874056712,-2.4201863829803347,3.3175065211901362
-3.3513982611257416,-2.396755901971385,2.835033565306854
-3.125066276958008,-2.463668714066779,2.6226659487618686
-3.057227911104429,-2.490081545456433,2.5001813174548575
-3.064660407556383,-2.506938643522737,2.5083280921107236
-3.064193924934607,-2.516228135374906,2.5053165466411937
-3.039634462414128,-2.5582335731792876,2.5118317851379097
-3.0016026580771826,-2.577174791504174,2.4838028484134713
-2.931947729509374,-2.624412947124839,2.423106864455289
-2.686364514245939,-2.928078244245866,2.4254571438362276
-2.6349904169455147,-2.9304846463668377,2.4886338011655122
-2.69476848749212,-2.9840876375080447,2.7460135220464466
-2.7677511876433827,-2.859373683969257,2.7634153574838485
-2.7385844223525173,-2.8380407372347483,2.822648399206444
-2.6896511081091434,-2.8400216921901076,2.9177871758184115
-2.664373765329394,-2.8943762073459123,2.9238547579258207
-2.726139128490253,-2.868423908482794,2.8819672717853138
-2.766653678615955,-2.8760044315224316,2.9157762217502032
-2.780858615149913,-2.8467725346588253,2.8056878662865685
-2.8114947871146225,-2.809714601202655,2.7934312054656885
-2.8869800993871233,-2.8112807393528674,2.9051271028219023
-2.786781132377901,-2.816359898360995,2.9649661315375457
-2.4469819813351,-2.7614383733381693,2.776286565895026
-2.9803000464967293,-2.8906245131288038,3.34065941048701
-3.143193748592268,-2.840603331933652,3.4127125029273406
-2.7633434632032268,-2.730262110058559,3.1037250577003253
-2.878674267125557,-2.6026819654509024,3.293879992813912
-2.8182206659167126,-2.5422717803689463,3.317664228402313
-2.9472309034545296,-2.5157785109334125,3.499374985794446
-2.942789274173386,-2.5659868642486057,3.676746579683226
-2.8881027930029135,-2.623491978136207,3.794826616371258
-2.8956767615859085,-2.6444984578307458,3.7644956609388234
-2.8949868505789174,-2.704472007667486,3.3674525700595144
-2.8356473659550923,-2.68327329973823,2.941255858739474
-2.7855790288479936,-2.667071409874588,2.705841278848296
-2.5585701567196137,-2.695618924435816,2.4962857473256186
-2.5168545140260705,-2.7015165677092403,2.3670653688303633
-2.440685098518779,-2.7577299821944004,2.4151131469205778
-2.346489563060821,-2.83231929412289,2.5016369357933206
-2.047872243366739,-2.881064261171256,2.32610518015995
-2.163148306453323,-2.8569804389146394,2.3274246336984805
-2.288349331533291,-2.800811690290582,2.328349142860387
-2.3532265461396324,-2.7744843746355783,2.423702345880316
-2.486983488405693,-2.724807390945587,2.5467047740061197
-2.6799345047453014,-2.675783678190902,2.6271815258950295
-2.872653173681946,-2.6574307895348888,2.6794602791445405
-3.1416364039364018,-2.690302544720792,2.829791519583693
-3.0122390073853302,-2.6779573656969373,2.675690899549136
-2.826141564301572,-2.720464839525659,2.5746123126942955
-2.7664497525646743,-2.7731542689144795,2.5553462305976935
-2.3633611255794085,-2.9498670613072435,2.621883251162358
-2.3938999740378817,-2.8015913666792955,2.5001682754743673
-2.458624201137682,-2.704264874706313,2.4576354250840393
-2.527972017209787,-2.6537871775794595,2.48260990369689
-2.5845013304471807,-2.5995405980507607,2.467675772296536
-2.6257696980822485,-2.5788194618855544,2.467597524851848
-2.9184596031468812,-2.606118052987276,2.5928393160965384
-2.9588033341400006,-2.591735999113037,2.670138942780126
-2.8727811530889045,-2.632403230075433,2.826610911304253
-2.812633464646424,-2.637681660178071,2.8840492954932815
-2.7595226244933277,-2.8168054366138016,2.941889281044178
-2.9027719333735695,-2.817343359725656,2.9894856823358205
-2.9678473713786873,-2.829246681163834,3.063135403681347
-2.9899021672521466,-2.8486028368787015,3.1469794086277663
-2.907547711731269,-2.881923817650518,3.1631754180446436
-2.3409778944793262,-2.9555918373258803,2.3616064927187184
-2.3253072328817166,-2.976705892512039,2.3638510958278305
-2.298125708618886,-3.028111044716234,2.498605380500009
-3.2161703659496634,-2.948549700144136,3.173756500848287
-3.2330731996507303,-3.0009774666943088,3.251140407127549
-2.491945246405801,-3.1969018916910272,2.9093364542412417
-2.494614635075996,-3.1885522835084266,2.9285518077481725
-2.500840854225768,-3.1295877718170804,2.8900122265811117
-2.676740846715246,-3.0341124705004985,2.9116372057491113
-2.9052214341451874,-2.982674789923218,2.978303237469813
-2.935845885214763,-2.9779227389623695,2.921979594433172
-2.6481927224095867,-3.0386446877559874,2.6866531199227874
-2.745914816885537,-3.1228654250496812,3.0136030815317625
-2.7345970467814387,-3.1723504152478914,2.9921724979249276
-2.801635847495179,-3.1491163902931825,3.0203481866224
-3.065018465165222,-3.130138168369399,3.1617001591816334
-2.8089076671022797,-3.047527489610558,3.1617335234051867
-2.9780479172655823,-2.9918435303203124,3.1349937974882667
-3.062278611519925,-2.9834421009144156,3.1209807367377875
-3.261959380442745,-3.431989269783381,3.638086955072135
-3.2116685221228485,-0.5815152791401399,2.478415711903813
-1.1304207486473428,-2.4891140205325843,1.4712585057283512
-0.8863233814826356,-2.2165370704782137,0.9896886554751549
-0.9220822221879837,-2.1721933045570765,1.0684408552307436
-0.9363205727667238,-2.335547926357019,1.2514438032418473
-0.8344501392320358,-2.530687206032766,1.0472015012892877
-0.8170852106479145,-2.7106916569531023,0.7406102560031731
-0.8735992456720031,-2.8717125285682004,0.6927367519755209
-0.93367386992648,-2.9419262298265934,0.7514877144831373
-0.9327075760951515,-2.948406495008392,0.8261835821712249
-1.0366615724704356,-2.9389540551979367,0.986845441339801
-1.3032261174730853,-2.9408900098866724,0.9799492480345322
-1.5201104562368812,-2.899702090469838,0.6113601775922393
-1.7962752474362513,-2.849478538686915,0.38304795651124
-2.443346051573362,-2.8870295085623012,0.6318057941626544
-2.9745689739630836,-2.975096643819298,1.0228248224004333
-2.542850807558859,-2.8473608040916294,0.6798045998597435
-2.3048512249531687,-2.73161301588867,0.32621309156660566
-2.3895627886532282,-2.6508817547538084,0.24364287969130247
-2.5960519268075006,-2.5800803250332045,0.4264351919342511
-2.673637898345499,-2.5191828061784056,0.7331973941787221
-2.403698886879778,-2.518031202542937,0.9961960009753293
-1.6939738992651316,-2.555881097772995,1.8770177274350777
-1.4689434858696278,-2.3476146611201343,2.3102985538268106
-4.3135703718687735,-2.6267677922372754,4.839947891493203
-3.7530355259796,-3.5243263210120976,5.1407838583769765
-2.387031070572312,-3.215616571232749,1.39760302999388
-2.7323963648235012,-2.815200298352129,1.1235734818023733
-3.0545094774764587,-2.521104276213889,1.1152982030494407
-2.8236264402320326,-2.424173532706454,0.9052853577624829
-1.5484075886124455,-2.2054105984141805,-0.395812141127738
-1.3172366066436216,-2.245933836870257,-0.5254311016891502
-1.2713805649118157,-2.238405899599727,-0.49093688261283985
-1.2746254562259558,-2.2500298790590083,-0.42432217253169074
-1.2640650507873563,-2.264745617020942,-0.3301052225358921
-1.2536866891344687,-2.2670668385384767,-0.22550895089541562
-1.2405432337258009,-2.3027689237199582,-0.08130003930067113
-1.2205530675047842,-2.399848519562988,0.015162700110408616
-1.1080172264249681,-2.4894910862033544,0.024620530988931872
-1.0243668633708445,-2.504293152280283,-0.10013207471381785
-1.0777660023439397,-2.456122775851703,-0.1860267417817639
-1.2633750512744024,-2.375508746898597,0.1280370544719786
-1.3075752994993466,-2.169920048521899,0.7188227816960663
-1.4270023777322096,-1.9874263582787088,1.3478333071424966
-1.3504075057326197,-2.148864995004417,1.9031611754814783
-1.984334630642685,-2.2795590586550696,2.495139601087669
-3.4708532871266913,-2.541079192518212,3.3486199192687014
-3.6068809022913078,-2.532059195239988,3.4510125974932304
-2.923509976230516,-2.3421026274901524,2.6634356359911875
-1.4913568729901043,-1.985200285674384,1.1312227358263593
-1.095163891164062,-2.05294919092284,1.0333129929059715
-1.0493328209251087,-2.1998397441706468,1.213509510244031
-1.1534539700776123,-2.2480444185628383,1.0193379834710807
-1.204159921752969,-2.091715522882501,0.5582154089008529
-1.3297283735073748,-2.009786148453696,0.5192860209595516
-1.2870811085692182,-2.063249733515823,0.44791730015610093
-1.3454667483086589,-2.1052425298774167,0.5609454399707544
-1.342282607909026,-1.9714707480375748,0.9090179737094414
-1.3076638798443179,-1.7482557162242824,1.278666713827632
-1.2880863561183267,-1.7113961433300682,1.5754357826064884
-1.3973767764539697,-1.7993342614820174,1.9737670690772462
-1.556220942688459,-1.872117782234754,1.6647469453517123
-1.7131315121973345,-1.9529543008801524,0.912174185409309
-1.8724197070154807,-2.257405916530991,1.0671424973632737
-1.370802794913342,-2.362524613563934,1.2453626535904962
-1.0047559327014706,-2.238663497419441,1.379718351293243
-0.7397600489755595,-2.0301196912379025,1.8423868972279425
-3.542958877250505,-2.4052553175369216,3.4018605706106118
-3.926551964245489,-2.461902621968313,2.919714204626387
-3.765581955091076,-2.6252736082477504,1.444345012264398
-3.376234648550215,-2.7076987737620155,0.3747719051098934
-2.7564412896003434,-2.7839524045432738,0.43956619124290436
-2.183710526964895,-2.7413080481503114,0.846645480503856
-1.7600112770674172,-2.634182712166159,1.2934244383799067
-1.3748424810809552,-2.677674230688198,2.023496170711713
-1.3001516782884976,-2.7426169820809245,2.794607723479266
-1.3174054030720832,-2.2046789658173274,2.7593613103221553
3.6989501891512893,-0.272082497500835,0.44607107112748084
3.4209505896435397,-0.10083178324029743,-0.015661934986737912
3.5146623227892575,-0.029391155954716086,0.5954779902541771
3.865029096398255,-0.09590885296624774,1.8912958352908094
4.029857408996196,-0.22741420140745494,2.7218473660685722
3.9057250616939254,-0.35665108040638704,2.8133304263262677
3.529048835732485,-0.4417525873814822,2.2340201752297397
3.26412787153508,-0.5196729058051529,1.5099480187553673
3.354096051939659,-0.6319579698428823,1.4839431484813745
2.652177418957185,-0.11204329792440584,0.825679863343393
2.5990832026029764,-0.007259179290836208,0.9885016173702439
2.672011089907009,-0.021543191580041764,1.257040410686046
2.412488541320303,-0.26800655612122926,-0.8271281037736766
2.669884005312315,-0.38029157443829237,-0.9974481173816778
3.2117857445592817,-0.6294556778881771,0.09898244295435432
3.64639369240969,-0.8747193385197233,1.4657331398962563
2.900000985062879,-0.8513519552959374,0.37509862159797913
3.0320682612119896,-0.855006103349698,0.41191258595774566
3.3492047992798804,-1.0355028786201323,0.8166749655725598
3.6142610032643083,-1.1891071193188933,1.3043377586412919
3.6913312460200634,-1.2078683065126705,1.6360980745098967
3.6275268390683637,-1.1731717858597153,1.6560924259475531
3.5461334902321333,-1.1722114100997822,1.4396724834891212
3.5361976931514416,-1.204551163389473,1.2712816069568935
2.673355791497401,-0.20745973092360512,0.9771717926192122
2.7394624726460295,-0.22750274674560936,0.9683332188567291
2.8359749210757332,-0.28006905449741015,0.9221073471588069
2.9000143513980756,-0.3377508717413783,0.6118830488879428
3.0284029548208005,-0.43425973445910176,0.45599994262437804
2.401138162417899,-0.31788788239369165,1.0996308669163117
2.334206578734064,-0.31285897469527996,1.1683515869570036
2.408699605558186,-0.32897567176042636,1.2092170738205974
2.5994636265852042,-0.34629329889115185,1.1294864601387162
2.8682951581769722,-0.3757145819284673,1.1259447054290088
3.110270740202431,-1.3959458807887903,0.503585968338033
3.3370768563083577,-1.3883785600993968,0.38811769191107093
3.5160519632587346,-1.464615198681909,0.5047434282113984
3.665938246506184,-1.5925522824043616,1.3622985919764616
2.458460178193772,-1.345203486336023,0.9079646301811902
2.434684922788979,-1.3440937215152637,0.678714746379929
2.4648168792548932,-1.3524306279252134,0.6737570447316893
2.55766812339325,-1.3727955702327064,0.8367567393102396
2.772758829214042,-1.419872594160308,1.1725168028624262
3.0750965336754863,-1.4520258671995423,1.5544249368089258
3.341794945759303,-1.4679102268505246,1.6023095125237188
1.2392984044062347,-1.0228517898400231,1.067434021804202
1.222781137453101,-1.0237623288439655,1.2115089772776706
1.6093908075799506,-1.1338281197320217,1.400159290957816
2.3759355926372976,-1.2677714586782063,1.4261122496059202
3.4708302579639696,-1.4195752054097968,1.8922301238995822
4.615880429068246,-1.6302056866693675,3.129627620429238
2.5861638499993616,-1.5892213313527923,2.1014992394279672
2.47269790335052,-1.5131979474051802,1.9616774946165756
2.4668168558610413,-1.4889797472033937,1.994315240324863
2.557012218424862,-1.4664259220131954,1.788317018616505
2.7608068428443184,-1.4284005650603038,1.371506301441894
1.1746953452149795,-1.2230279874356151,0.8691898790981235
1.1401817365193658,-1.0805570508819748,0.803123511634968
1.5157531818680496,-1.1131792079705851,0.9338216765398065
2.0631858869797233,-1.2775071149160044,0.8466899877286713
2.19300089431445,-1.0808779725458864,1.4408500887656173
2.2103083272901602,-1.1821144083793014,0.5181577135658055
2.522784363016679,-1.3334444722885999,2.5610127208608717
1.7002304761320455,-1.2280293389097838,1.680905933383416
1.6987366238744843,-1.1444169497538834,0.6695177685834441
2.0099020190304255,-1.164417916777634,0.2907120721220011
2.608157537766552,-1.3345481888240105,0.7468004216549425
0.0669362342804849,-0.7820298751591036,3.020780131068995
-0.8864453021372392,-0.561956352263846,1.2807303750691745
-0.5577924389643497,-0.6685643947920978,0.17272668985798037
0.41287537649389183,-0.9299558642365888,-0.34806244663656355
1.2802842224462367,-1.1617705221396804,-0.36799317537508397
1.7954434918252875,-1.2758258853716002,-0.16125140718077502
1.9907148228614773,-1.2931384937404748,-0.0413277678479694
1.981411418941961,-1.279321309700847,0.005797261732792289
1.8881874474753755,-1.2898295168423464,0.05279002029113434
1.8018360268179103,-1.3147283475692637,0.09320742057615962
1.7574251209874436,-1.3358462049336886,0.16711188350855738
1.7420329798445713,-1.3599534812794452,0.3319444497177317
1.7096996698041527,-1.393281069312966,0.48912870666543967
1.6279613602152552,-1.4194835374370411,0.4738985915140623
1.5530416019477418,-1.4282878315885223,0.34167395866285605
1.5370290446924355,-1.4262653339432028,0.3023870558744103
1.5521892905336843,-1.4185603717250248,0.3517996078633629
1.5478582083971386,-1.4020565544261416,0.3103617939064229
1.5073977584196572,-1.374481860503799,0.17328818785196262
1.478522882955573,-1.3693542114648034,0.10420429608320618
1.4758666113559287,-1.3700886148394327,0.11384670395117538
1.491559852299011,-1.3647218553051719,0.09912876906968521
1.536523149748102,-1.3674479799896975,0.04692997247900215
1.6187466319373987,-1.3960418874502494,-0.0005718705220458284
1.7690473982217816,-1.5635882630934872,0.009147154061513356
1.8954895507897895,-1.7138550408369035,0.09159050814532513
1.9563462436731267,-1.754338677192313,0.1900112191051394
1.954382494002946,-1.7380206271531469,0.16839102869533504
1.9016364606401452,-1.706627809285515,0.05053219172889756
1.882608561820296,-1.6891601692012745,0.01883258919584558
1.9117884010935693,-1.6929087569085097,0.062378327804284754
1.9234818953154478,-1.698373271015354,0.05783037618464191
1.92240135641406,-1.701497715636339,0.039278009826534725
1.9266776372205672,-1.7024543587902066,0.041256579509109145
1.9240978335842402,-1.6936258109062565,0.059337411682047134
1.924954822044156,-1.684672135777926,0.15711992932938684
1.9397638834119437,-1.6835833301807064,0.29414877687295476
1.949756029564097,-1.685922230866356,0.2969253868853048
1.9308216911626186,-1.6531315933653932,0.11719862239781703
1.9212200670668207,-1.6289527217585786,-0.0782508314612836
1.935872382513887,-1.608104214267838,-0.13302588110970504
1.9688801965724567,-1.5937698279832546,-0.05306615980663717
1.9992902099907455,-1.5966852953545538,0.04318769384089579
2.0128984201753104,-1.6072222475526103,0.08636387423790093
2.019742441017039,-1.6095062051698241,0.08685963272879521
2.029200999709998,-1.6110417086071682,0.06724115494114452
2.038094056344811,-1.6293733574437916,0.04124870548510956
2.0414241147439207,-1.6498924590266772,0.008927213915020387
2.027704027410485,-1.6514098420656282,-0.04417280472207505
2.011714756513138,-1.6440049104386307,-0.07269122922757601
2.02256822750458,-1.640372497934921,-0.02305611661396465
2.0264947797843686,-1.5852923366023826,0.034091960655990385
2.0435415551141984,-1.5676684725633998,0.023955283076247957
2.0533441756838875,-1.5635412884103959,-0.05342504618886374
2.0405367276963355,-1.5429399730284257,-0.12894022019963503
2.019702686160372,-1.5144939407741451,-0.12114040582219984
2.011454753783576,-1.4988855824036411,0.0007031688391224909
2.0185652110738315,-1.5015407836566235,0.13161807301480363
2.0164220759063296,-1.5042330560408357,0.11546171033058693
1.992600357604922,-1.5033123847474188,-0.028915786508729995
1.9782715660302912,-1.5142548479579634,-0.15668856478834153
1.9987681801559352,-1.5453934886473313,-0.1893804187432639
2.0384802132869173,-1.5825528626376728,-0.1020932795241708
2.0780632282637455,-1.6167258086450003,0.09660990199274783
2.1009189090941573,-1.6279385555651962,0.27189359087494736
2.088611709459806,-1.6041344387880485,0.2927000121222886
2.0673559034792084,-1.5747993207933475,0.20394735425411734
2.056761264440748,-1.555264603187137,0.10184396576959548
2.0492942034261397,-1.544630823108883,0.01046884713422812
2.035102474693228,-1.5371366799660484,-0.06510776721093908
2.0008452614007943,-1.5077686145709153,-0.09495910778895748
1.9882747309682447,-1.4915839986556143,-0.03210814361792943
2.0166581713095466,-1.5057484381014223,0.1255905046071402
2.0481634045103783,-1.5248588467331352,0.2690792278801424
2.060633005388244,-1.5245252469680175,0.2877654294768396
2.062143678155719,-1.5201016484024779,0.21826689430041224
2.0574815176282497,-1.5229703906698737,0.15000806513509576
2.048148708176469,-1.5309023426542356,0.06558747587931818
2.0405860605033928,-1.5291493117743198,-0.0393976925840808
2.036146538461989,-1.5191834928422718,-0.1035357388097648
2.049104035674047,-1.52418278918366,-0.098288418132442
2.073026029456527,-1.5376573138201048,-0.07441901098081678
2.088291330411867,-1.5594465414742316,-0.0694786538128547
2.099820347480296,-1.5932668544340254,-0.05623790245796625
2.103266012026551,-1.6089142270863543,-0.03753788456596489
2.0881485057975566,-1.5924255519636898,-0.05320766865715711
2.0743792914586057,-1.5757161956652932,-0.02872507571105824
2.0806529846991624,-1.5884361646612257,0.13859049107398222
2.08300989654316,-1.6142930733836178,0.3056445577040808
2.047378232593282,-1.605845553538217,0.26376500673774433
1.9915145585271619,-1.560913140628082,0.07530327230191117
1.9356503774769527,-1.4780259853567892,-0.08457323658309165
1.9160512066939268,-1.4619466178526417,-0.15317282409620658
1.9087039451886318,-1.4940876355467962,-0.18406127027083197
1.8774797359952187,-1.497235353704195,-0.24015333202434883
1.8577720118978573,-1.4889330407229595,-0.2738773589232379
1.8939521593501905,-1.5109005754412834,-0.16843151524566485
1.954793873655348,-1.5570087199612423,0.043847156881283114
1.983608608622003,-1.5900361051854204,0.1735054989635927
1.9789687860509624,-1.6062205283661564,0.18156432024746863
1.9807319449979714,-1.6272802833082283,0.19067248650427987
2.0023544132307554,-1.6467477427168062,0.2204432089440069
2.013852375516362,-1.6389866540887148,0.18292524490294224
2.014029091691262,-1.6151714674743913,0.08996399087830986
2.020094259222271,-1.6426254926002224,0.007309013863827679
2.0116209876834654,-1.6695409995450152,-0.06601286570439727
1.9764610116428003,-1.652471617855637,-0.12168224242952509
1.9320732888990875,-1.6266434680766533,-0.1409485608309518
1.8717896646668355,-1.596197959269322,-0.16910444723399967
1.8380438662800471,-1.5750458852604377,-0.18961444605228941
1.8343061167706864,-1.5666503594004306,-0.17868170292458393
1.8460594771571868,-1.5810798282725989,-0.1775712737629138
1.872263429869561,-1.6057995518195571,-0.1873115696838577
1.9034908893254756,-1.630107562149696,-0.15131017984570932
1.9151838266158068,-1.6542741370805738,-0.02629914521560978
1.891784576505246,-1.6595984029062723,0.08064815571935992
1.8498268006582113,-1.634769071887676,0.02648072754366333
1.8138354253503706,-1.6030553742110265,-0.11887640082293247
1.7715112792329009,-1.583336379168183,-0.1654762309720887
1.7743510023954685,-1.5994474280327589,-0.06896725437097925
1.8203164439492754,-1.6387726207020783,0.010904429807930735
1.8318433739093853,-1.6521249619805465,-0.02171590266109542
1.8136167901797706,-1.6250004032295666,-0.10352335341561571
1.7966552699791478,-1.5876632293565731,-0.17003163020381437
1.7732186888981634,-1.5350901288563614,-0.19440679453528678
1.758161543334224,-1.5060369868919867,-0.17291383026682228
1.7713269115858243,-1.5166563352395712,-0.1456959539112586
1.804754234488218,-1.530296077540236,-0.09166642081386568
1.8402960084291202,-1.5425275759671246,-0.0046181383845659615
1.8483684867469286,-1.5330800529691826,-0.011269608662179548
1.8123509982465549,-1.4372092220481918,-0.16498802891973258
1.805090519974536,-1.3426826554779274,-0.284132174683699
1.8479044918543643,-1.3378615277147246,-0.2251249009269663
1.8843051056064504,-1.361652108695332,-0.06919325314997117
1.890951463739755,-1.3840457486203634,0.009726146117326816
1.8532358733583656,-1.3756308803799417,-0.058886670428147526
1.7943030685134784,-1.3434450493215528,-0.14801492626333593
1.7421234983745453,-1.3063380714113355,-0.19159528782779792
1.6997962034398986,-1.2845653419059213,-0.2791555901824676
1.664039370906108,-1.2801344858888897,-0.4350264938459893
1.6620757819474845,-1.2822998017210336,-0.5551004185371273
1.643263419287869,-1.2772926303645744,-0.5991533057721706
1.6094422628837497,-1.266427258022069,-0.5626448089020456
1.5686282762262547,-1.1433681168406549,-0.46876874966083926
1.5157031764359208,-1.014806350300223,-0.3692315436876674
1.5303515253164224,-1.0288976887312267,-0.21613607371327692
1.561648453911658,-1.0358255963839191,-0.06928180540319195
1.6213070507296257,-1.0362468444538395,-0.025184464507926704
1.6580056544340314,-1.0296152191841377,-0.1316426659701057
1.671068298970917,-1.0124668172534954,-0.3315144097789961
1.6886415657293132,-0.9806741942113143,-0.5077479791530031
1.7535923490337184,-1.0315492531466823,-0.5527355237423586
1.8527985134476166,-1.1189168662096203,-0.48742293371634304
1.878196266715843,-1.1188258369197204,-0.4165642547651513
1.8553164689322417,-1.1096396971897364,-0.3587941837824756
1.80473156338893,-1.091966766706346,-0.30325586311384284
1.7749687848687838,-1.0818218503187813,-0.2660599527095345
1.794303926009284,-1.1986477717172563,-0.25214529085019155
1.8074783034366304,-1.344995183980555,-0.2614408040845504
1.7845028738042545,-1.3484870827735738,-0.3277905018367584
1.7922843937366721,-1.3588159418170915,-0.3845904526437265
1.8489134448949418,-1.4024018908640685,-0.319311807864862
1.8959352812010943,-1.4464958955133915,-0.1848277923103616
1.9507915754234402,-1.559643427207769,-0.05330345735840109
2.0260609400964,-1.7462798301982012,0.08126249185321982
2.039437468475087,-1.830029823612012,0.15384457208131883
2.03669954146473,-1.8257077863845388,0.09054359563958804
2.0584251931239095,-1.804570005339509,-0.04312805343800301
2.097940913017786,-1.7722939873276915,-0.14613536528242232
2.1468634549306613,-1.7412477985185457,-0.19991983562023238
2.2233552885581154,-1.6990648276415197,-0.17460831852083747
2.226721800796278,-1.6640080829190553,-0.006013582946703138
2.179735461142514,-1.7264169940264693,0.33159946477436536
1.9442374732376326,-1.8407318422369712,0.6617884894437195
1.5067213051482897,-1.9013196579056852,0.8601154710271651
0.87231714826058,-1.8482464146309439,0.8517864974635391
0.17866236689884488,-1.6718699706150286,0.7919298054226985
-0.4687904275636406,-1.3552432261555794,0.8837227735713356
-0.6723240092054209,-1.0785718751820694,0.8176582237927585
-0.055428966497582284,-1.1093201098400882,0.41259155869243624
2.2123660266205913,-1.385397128916967,0.0036428728008532315
2.1234308010585603,-1.2543469334715516,-0.21871245567969674
2.1351518731956447,-1.2618452277019454,-0.18024542480800665
2.1524162400116214,-1.2820272504150079,-0.06270363372252033
2.193604214714373,-1.3265980173157779,0.11110256003281203
2.224452808103492,-1.36253420582982,0.1747130035357213
2.179675129730241,-1.3248087930340748,0.02872327630216342
2.0970733380720517,-1.2335711694202582,-0.20098679232952452
2.0811552949218157,-1.2033971077223227,-0.32208152792877576
2.077222312779901,-1.191684473859521,-0.33387171404422006
2.062793022866881,-1.201105021381465,-0.2750831803297117
2.0569890320532154,-1.2370555500889235,-0.16407029004347098
2.097330618213877,-1.3231756765141796,-0.0227491870547893
2.1638311164585518,-1.4409797181310307,0.07200032602846639
2.174351192349007,-1.4220267314746917,0.128914072266062
2.1839874005370583,-1.4225935018816818,0.22479095660047402
2.1946203479022017,-1.4415982804983527,0.31418031994387335
2.190324279330165,-1.4477588971926068,0.26654236492120026
2.1609280359628324,-1.4221656360360109,0.08953351705465852
2.0953492217853693,-1.3569111717317333,-0.04841004013376525
2.024534823922345,-1.2720770955138099,-0.020106597242834926
2.024039896939298,-1.2916784137207196,0.0751192194021455
2.026953767149096,-1.3038116402371678,0.09428535652892563
1.9992076660580418,-1.2823417556303172,0.012103045585783628
1.95833836573555,-1.2524918791576203,-0.10946940353902752
1.9536243256536396,-1.2881638060596265,-0.1684979803724516
1.9922306211973408,-1.4126142817666731,-0.18136533176122674
1.9532024764521594,-1.4123885393183777,-0.2823623869302123
1.899272599918081,-1.3935327808996991,-0.4241056368423009
1.8697713313697104,-1.3952947995512792,-0.44621616820026444
1.8609115463881534,-1.4133116433887265,-0.4035021390850679
1.8508707633420365,-1.411379057154022,-0.44338068870217867
1.8478215889688423,-1.3498466773383073,-0.5138861042130116
1.8322653579026764,-1.2293811310253526,-0.4712326042233665
1.8723462634973804,-1.2371071686363553,-0.37036878253370215
1.9088020390622873,-1.2449671099375523,-0.3423268866035584
1.9371664631233163,-1.2499646932522477,-0.3135665752852971
1.9070770628811522,-1.210460774959522,-0.2794702027843468
1.8046630964820767,-1.0179487617643754,-0.3778877317143017
1.6451634224393668,-0.7533888731661846,-0.5649182368987941
1.6266868256733622,-0.7875925921299257,-0.6074227837467411
1.6100429344328904,-0.8265818651697961,-0.5230221687205653
1.5832043065997692,-0.8393556057407067,-0.4257539980098186
1.5487756079239323,-0.8463088926051215,-0.41793141073849244
1.510776152091984,-0.836402461305278,-0.45285759907372436
1.4485359379711622,-0.9261956390428814,-0.33135128030886113
1.3687046052289056,-1.2094230063445954,-0.002501272554248152
1.1146633316943269,-1.1869060205005781,0.1823778902786413
0.8837636209642842,-1.1690047862750883,0.020947452204117332
0.8093665595882914,-1.1831929791788518,-0.3560292051893185
1.017213225904832,-1.2335954966059286,-0.49365838568166853
1.33279060922554,-1.2701832634649015,-0.28788690831432995
1.5497275480437747,-1.2371505141721684,-0.10972088087021369
1.683969882867258,-1.2268153774088744,-0.10821865524039043
1.720577721771793,-1.1934680153249608,-0.19433008353008427
1.736093100395652,-1.1704733483509338,-0.2307267672102732
1.7716802735716384,-1.181859649769287,-0.16512684471793085
1.757470278467593,-1.218720869020203,-0.0808658384300151
1.7232886345605658,-1.3005902264140914,-0.024304780201073906
-2.948025229851367,-0.2739463320564789,1.820683535429268
-2.522461175552464,-0.3221003109069739,0.5235859133210596
-1.032518200963395,-0.5969138724170447,-0.6662202782393105
0.30037771792406004,-0.8415156440135311,-1.000345922404617
1.1277174236344611,-0.9893606039878609,-0.6119338208827979
1.576461797640948,-1.0810614655075137,-0.2312670075491041
1.8519085364617238,-1.263810949234113,-0.060660884166487655
1.8830914855208938,-1.2941137729612726,-0.11492453967167796
1.8502681923128492,-1.3225156989501392,-0.22547978037533317
1.798472387733644,-1.3383007197289283,-0.2786216639193812
1.742861135713164,-1.327283394008396,-0.2752497575490396
1.7102677108871176,-1.3272966780395608,-0.27298132358482297
1.695048085932637,-1.308495143434181,-0.2503655797914275
1.6291452247252756,-1.1557829153746886,-0.18101865052215263
1.632400475768281,-1.176487331210066,-0.07569585309188687
1.6147562312996488,-1.179458703304555,-0.012301907325510158
1.5659099806457453,-1.156045705828597,-0.028264392429191265
1.556297525513294,-1.1845288092284085,-0.1405054105942349
1.638774164423247,-1.3692849197250438,-0.30078695777215825
1.6747014756897056,-1.3803859198205763,-0.38849492282676257
1.7251173013956178,-1.3778185977903763,-0.31303741686914244
1.7525402801995296,-1.3748985951235726,-0.25214641438430657
1.7167052888554166,-1.3573929782176621,-0.39394760094487596
1.6587395792575201,-1.3356283901070787,-0.6407737980101469
1.6275000587342376,-1.3145906458787986,-0.7785826935217738
1.5748728903639087,-1.1957747110291936,-0.7918679955721091
1.5929218768210118,-1.1754335201177788,-0.7242691578807863
1.6322169309402856,-1.1816353017927907,-0.6443006171736123
1.6645680782652414,-1.1992073658663085,-0.5406582233404272
1.6739219337497322,-1.2124037044672153,-0.45070255728468084
1.655488203377503,-1.2071260035431166,-0.41467382544932146
1.6246226543231534,-1.1902838512923497,-0.4307212417269796
1.5939415076963912,-1.178411182323705,-0.42459781967850124
1.5903935707677515,-1.206147358219639,-0.41276920889835206
1.5773493184540135,-1.2059462556683271,-0.48229271261751994
1.5493872496398369,-1.1790837635170492,-0.5958900985696721
1.5459113528461053,-1.1743600881900103,-0.572090323921026
1.5770535461020685,-1.2019948910661844,-0.39863571259432784
1.5973513478889894,-1.2278532061245098,-0.27599306174541943
1.611184755076366,-1.264654691496636,-0.2661133568618057
1.6139428511312743,-1.2583052889664141,-0.2609183006845822
1.6542418042609623,-1.2737052223721388,-0.21515293546011524
1.7031955037892994,-1.2834718447635958,-0.232894305961908
1.7383415766296197,-1.2741715601069366,-0.29877360799394237
1.7441156495640315,-1.2196675855398966,-0.2949543909256472
1.6230015242614502,-0.9469662169494074,-0.3008547809651198
1.5787347090320385,-0.9245367575501523,-0.3607446972991151
1.5163369174985522,-0.8865697914243026,-0.4974193808389062
1.469174756550453,-0.851458875365902,-0.6375061628912895
1.471795541141978,-0.8385636388258775,-0.7336119807844956
1.5165364893965427,-0.8520653525442933,-0.7052712391621486
1.5528014435456947,-0.8363614390990698,-0.5576889767473534
1.568004679158215,-0.8218303470989341,-0.4096166111950263
1.5565658948283019,-0.8091304339943778,-0.3813304877727753
1.5276705602302583,-0.8021319465470591,-0.458533623063941
1.4990381049451134,-0.8071445332489511,-0.516233503483019
1.486270120153545,-0.823844716632557,-0.4782518265289519
1.4888729469050204,-0.8548354747120173,-0.39303148655429376
1.5057503527191847,-0.8863155377842701,-0.3317711297830769
1.5137334057172842,-0.8890496905677058,-0.3358417406679876
1.515025159158665,-0.881349861688992,-0.4430438833367991
1.5136391858538658,-0.8579400413736052,-0.6288727314587701
1.5153887436893705,-0.8238322080087048,-0.7857222947547468
1.5166065398254964,-0.7976214486002169,-0.8072489489178557
1.5208779231158853,-0.7947963854438933,-0.7116866524761245
1.5364287126856169,-0.8050629470043634,-0.6011071895323375
1.5464591842342446,-0.7904065318225977,-0.5370712090498229
1.560783479049176,-0.7919532592680494,-0.5119830914698946
1.5417800522306238,-0.7858647933657605,-0.5591302358169992
1.4732956073083165,-0.7725056088075789,-0.6645410677044212
1.3620744198088912,-0.7610335226528834,-0.7480624628402219
1.2253814088282495,-0.8372284010178429,-0.7796070465335059
0.9329176497880586,-0.8310345003283215,-0.8131646011662591
0.4319095338578909,-0.7627854203154233,-0.756886153219073
-0.6356840509914518,-0.5677588322662744,-0.2677532448741543
-2.8167729475910255,-0.1462761331464887,1.1984870012991424
-5.08152326031564,0.29349848667237427,3.0462117373322712
-5.369737180485056,0.36654397946761963,3.573531820156452
-3.5480381274467363,0.015319912018128,2.3527636602370294
-1.5356750081178099,-0.3861380903681571,0.8211027701276956
-0.4899800503903847,-0.5390785449592779,0.04823286433440712
-0.13072989929282275,-0.5030643622760121,-0.1126687810340812
-0.04422946102522616,-0.4169018719746553,-0.19815705512941378
-0.014272693073259278,-0.3735775014439333,-0.3876992092094509
0.11036563052601779,-0.40257909507660666,-0.41403424670129285
0.29814567574283796,-0.4238621069701978,-0.15545355525604834
0.42141343678497745,-0.4305771916242491,0.072808968977706
0.4573541381276314,-0.4381990270598822,0.09690907597386858
0.49843949312910346,-0.4500570363595431,0.07337215135213807
0.6014959063789725,-0.46793250687563365,0.15241966901829357
0.7279639233831445,-0.4979244617800388,0.30641688289679636
0.8032022463698822,-0.5136614764657166,0.3991705529131345
0.7829177225059529,-0.5072715935365334,0.3119839467043419
0.6351684129488776,-0.45361663724627305,0.12926555039949025
0.37387944955855024,-0.34205791570521915,0.005448282935747112
0.10259847141517821,-0.21146670764158781,-0.14032957762431147
-0.03958091446798881,-0.14798973507962965,-0.35367822358402345
0.05771275886011011,-0.20260137182066174,-0.420782334990626
0.3352552917702658,-0.3153859164359568,-0.2133446199295568
0.507068593762476,-0.37719043923699797,0.062331499177473826
0.43579542817827804,-0.3635192497643373,0.2756140797526748
0.266209691124501,-0.3315661962225929,0.38009479868519963
0.18231859489573954,-0.32857827015462654,0.2911462008622601
0.2051024603278201,-0.34997512654971646,0.09607402252253192
0.26052852118193764,-0.3563526027912027,-0.010193016234372354
0.3116297783539903,-0.36104976882324274,0.005846140469828569
0.29018113708232185,-0.3546465737778413,0.013726824125724037
0.19465776391800377,-0.32755806721245984,-0.021340109787279453
0.14230994538922848,-0.2984254878080124,0.01298246949029966
0.16256180397988854,-0.27340957158568563,0.1301316636926485
0.1775430087237813,-0.23597683687398344,0.11533238736765465
0.22367700195340598,-0.2135972197005324,-0.060047676772823286
0.40017253369891487,-0.26470235731187675,-0.09063702269790719
0.6437588792846928,-0.3566672736358576,0.0006461740787969363
0.7903148386972328,-0.4079933753699256,-0.12609036314375346
0.8437179772644972,-0.4142382734465036,-0.37463101162802875
0.8842576346921912,-0.42708178835216987,-0.3727931915710937
0.8779454485394412,-0.4391335126345241,-0.18585570910819144
0.7356385085999956,-0.40234919956460674,-0.05669201194266657
0.4499025375349291,-0.32044503857580114,0.019457851003917954
0.10759164398389265,-0.21217834893875762,-0.024754520182394688
-0.1439273843846706,-0.12373161665908677,-0.36122565063368806
-0.16283025610578808,-0.12547907838523753,-0.7561619650190303
0.025802720767951755,-0.21562044660859753,-0.7412600511046044
0.17835217854483235,-0.28970963316383586,-0.3613776548698856
0.13530276194443253,-0.2768376498345383,-0.05432906447631347
-0.029317853375665847,-0.2189805288523982,-0.03840476830467008
-0.18866707395138677,-0.16745720947647783,-0.255689704341675
-0.2516315303715714,-0.1345960170568036,-0.5075034615320974
-0.23218347511256585,-0.10864427535987899,-0.580071924878458
-0.23724797613863377,-0.09884734740273585,-0.4254598557536546
-0.2846288165342843,-0.10502417163518049,-0.20667285946560582
-0.24521376841723738,-0.1592410776733692,-0.1020847155544961
-0.07341627148020266,-0.24787710561396256,-0.11157122288605884
0.1167054061295121,-0.31955277993227255,-0.11851116718824325
0.17178327624006048,-0.3295834129669108,-0.07801741590904261
0.039525086957261715,-0.25635271849033514,0.02663356852608438
-0.21607956168712303,-0.14973506456037539,0.17831245189009917
-0.4544524719017269,-0.08945445642971095,0.2427402719033621
-0.5866573653065562,-0.08088807763281398,0.13859620763995167
-0.6147591488571257,-0.10824589880904772,0.004021664277353172
-0.592520417232184,-0.16131705801580065,0.0036971041313277136
-0.5806558376445852,-0.23181853477187273,0.1294766031307421
-0.5806191897272065,-0.2743004238833691,0.3260653255457717
-0.4980267169852243,-0.2611471428914976,0.6135831807299893
-0.30800462109455085,-0.2185055264789908,0.8505027609056183
-0.14261597844224116,-0.19754309908441828,0.7397274455487144
-0.04957891813602707,-0.231550235071936,0.35947408423674826
0.060080581439426135,-0.28029311251733263,0.2065113120747774
0.19043942073782696,-0.30488657450733275,0.46356711819577756
0.1806017702088458,-0.2673559859950999,0.7171433049650936
0.013043312125347031,-0.23375318850924548,0.678257775099714
-0.15244322643753747,-0.22631785167280696,0.4881340826510739
-0.1974207014115237,-0.20951848802176004,0.3141042647417417
-0.1579715244750617,-0.1734154344829918,0.157284584971505
-0.10266674467177728,-0.13645188750653042,0.013345435169982305
-0.03183763133499487,-0.10799303597541249,-0.04459033580706759
0.13359154346681226,-0.1538076658229273,0.05582343356007861
0.3664991317626315,-0.2498359111064201,0.1993177182593316
0.5487443603450078,-0.34042113418737224,0.1837056808251578
0.610421649050642,-0.3709888869336394,0.04438140709375251
0.4959417641678566,-0.3207087751843226,-0.09227819885242718
0.20821675887826266,-0.2037497507249107,-0.22192618584261806
-0.12291705558190512,-0.07401386452014096,-0.3085097211725671
-0.34040358486746797,0.0035766271301654706,-0.3195232472623893
-0.3289336587684418,0.006690557242341722,-0.27372584081966594
-0.1235004854918003,-0.05342068857229401,-0.19017894268278782
0.08904354822007775,-0.11246035548786446,-0.14720923577607933
0.16869387976762107,-0.12355413125021407,-0.23562495972930933
0.12798439723867808,-0.09569876490661634,-0.39499305387559874
0.042523175503977814,-0.05938603491699847,-0.4716775117063364
-0.06882213055645987,-0.022360267423206053,-0.4456020037119806
-0.21138285731838552,0.02022447084580966,-0.36299179585156593
-0.3656605269916179,0.059456134766100205,-0.2519141686547555
-0.4583457721372276,0.07441430004402903,-0.16673696433655663
-0.4321843257513717,0.04889310603964659,-0.17400253234586907
-0.316891228630344,0.014528378687808142,-0.25131012800522984
-0.1664617329792772,0.0015885558366004627,-0.3390901808523516
-0.014215223676754882,-0.01720992095173338,-0.4463468755404042
0.06925218766065075,-0.035912747419646354,-0.5318597295325683
0.04999418915664957,-0.03435251703180647,-0.46514269110964207
-0.07058451586805199,-0.005591266879449221,-0.295345707013098
-0.28583863328655734,0.03748262394882652,-0.21786428045233702
-0.5368041637310276,0.10109979259090546,-0.25386754879190065
-0.6760237366782987,0.13055066638821197,-0.27638099222348433
-0.618815700056202,0.08867909322473128,-0.23103980443372824
-0.44611165163634753,0.012648425335942433,-0.14781705876867407
-0.2809859344643959,-0.03677125502352862,-0.13556823241914964
-0.2032593314072769,-0.0406449696752679,-0.2621514322523692
-0.2292979292852076,0.003755401839510996,-0.450365559678027
-0.30842214797920653,0.06409910974433451,-0.6354449192691842
-0.4100071777116,0.1263778051041356,-0.6881711351034102
-0.515661043608676,0.17912238146652745,-0.5249548618847363
-0.5606620005857338,0.1659961142774401,-0.3524564424323383
-0.5472119565141883,0.10837917268121544,-0.4146859615647165
-0.5352642125168532,0.06442262234788489,-0.5696098321975634
-0.5896876705113402,0.08426306005213598,-0.5765973681543737
-0.7230438469372806,0.13431061020944504,-0.4463925241089683
-0.8536372390646516,0.155543087978283,-0.31512520818386613
-0.9290129174169544,0.1618061176933507,-0.33937738128060546
-0.9552214003698719,0.1816784781657454,-0.4726118244840885
-0.983268172862649,0.21180461566164532,-0.488484648580202
-1.0500088061821495,0.24645877932713714,-0.3190703764606598
-1.1311838805685772,0.27660269535444965,-0.12548432796448541
-1.154292012017061,0.28712963887494664,-0.032019124174343085
-1.0901031249399995,0.2692421109589684,-0.07074749867561844
-0.8940823324129944,0.205699269352299,-0.16007868331782918
-0.6065092217723715,0.09406258491990861,-0.20209316912789566
-0.37328316581112625,0.003246376904210839,-0.2165555312548057
-0.3241037333762529,0.008954449908614022,-0.2645078076750509
-0.45983837164162283,0.09263241466316925,-0.31333435868354054
-0.6783432272579454,0.1759797462735401,-0.3241867410598993
-0.8435803579683937,0.2067310101457989,-0.3538787959892031
-0.9298413032329025,0.21519905958606506,-0.5065148484035862
-0.9599550122245593,0.22765100476827715,-0.6663435163449667
-0.896520585402657,0.20588855178920804,-0.624118428671341
-0.7602662509011971,0.1555004160590365,-0.468772613446797
-0.6460181640416833,0.10770265850147948,-0.37363643623803394
-0.62607579302501,0.09036107162478,-0.35594656436684674
-0.7399975212397635,0.1341492446707399,-0.4196437083176674
-0.9286726850807966,0.20595053890388046,-0.5162734084204963
-1.030081693527162,0.2430277164420337,-0.5361177296339527
-0.9385996277034048,0.20739110718661247,-0.5150171833557374
-0.6630597366562673,0.10435292906941415,-0.5388194990470763
-0.35494158070165127,-0.020508751160190627,-0.5896609541749935
-0.1656642324254186,-0.10802661652337904,-0.6481073934856424
-0.12942721878159924,-0.13152528523243004,-0.67268961544415
-0.2433166584410985,-0.09835796887477767,-0.527503339946397
-0.4837228895733744,-0.029175704747790663,-0.22584116341520263
-0.7390207967339397,0.036353869507460314,-0.0018661376531641355
-0.8690824668497438,0.04638463613768722,0.029652278611674184
-0.8770167240265474,0.009587864971839118,-0.03794090055151984
-0.8698640881151986,0.00445509184047715,-0.10713821604469102
-0.9092956720760536,0.042572494884588225,-0.20721274385639427
-0.9477489319276762,0.07530081275082727,-0.3864310213233217
-0.9431302043363211,0.07027780624398125,-0.5108538803218524
-0.9115410737812023,0.06278092714002266,-0.42784191592317333
-0.9361879964235819,0.10733206104893779,-0.2532635169305876
-1.0351484367589137,0.16601926366442962,-0.19107518570600956
-1.0730014831313621,0.1612573882198466,-0.19541929523455226
-0.9781240779726715,0.08477188744606379,-0.19190242358986542
-0.8571219980840562,0.020839813286072286,-0.1899840192253903
-0.807944457047524,0.023630462458334164,-0.1611400145885917
-0.8224486657708321,0.06171597701645071,-0.14142835204379176
-0.798372395181984,0.06796469099605713,-0.18387488947780323
-0.6432366265318658,-0.005612456299658517,-0.2272224721842337
-0.38610624677250194,-0.11239074556791509,-0.18671436968974597
-0.13563633165335898,-0.19072190290681676,-0.12146811734487162
0.0044215909986215956,-0.22224667064205123,-0.14673787194189228
0.004980884296258364,-0.2081645931756005,-0.2829378280956799
-0.11761367125585283,-0.16716020875632376,-0.40657143028374887
-0.3083375860930319,-0.1195765229656196,-0.358904699550056
-0.48221899766998044,-0.08686275548769407,-0.24380564142962438
-0.5874836950521667,-0.08738698500993487,-0.26004086521113107
-0.5938504597569478,-0.10658177932331347,-0.3255123188618094
-0.5691677127623481,-0.07980696754000303,-0.323084329951189
-0.6999423697700933,0.01663949019056315,-0.3388709614013158
-0.9165304426656598,0.0951218515894157,-0.3106723749727077
-1.0406452295053774,0.09676724111191268,-0.26144049562064536
-0.9603630332674341,0.015051285841465383,-0.27717495503568096
-0.6707922785086932,-0.09777152815130581,-0.2445390776206328
-0.356960582463172,-0.19351358534455054,-0.0974231627360259
-0.18591338039016211,-0.2556485977931665,0.030486585343435266
-0.19557867025914516,-0.22940737737833106,0.11053123099392641
-0.37167823026155955,-0.12594769563193134,0.1765185893948162
-0.6188000738988044,-0.04047171769992718,0.08693259909212941
-0.7319580531745147,-0.031209356779864417,-0.1769352074500124
-0.617447213199013,-0.08347338049699737,-0.414354850193064
-0.3892581854405962,-0.14723542650408458,-0.3807287633247747
-0.32400803815012186,-0.1510521705741368,-0.18505607068094673
-0.5051740439746294,-0.07062120241777473,-0.07938681028562326
-0.7708226941180643,0.026208246827734104,-0.10094420177697139
-0.9351098854373733,0.060924000208303644,-0.11034671878117482
-0.9691225287460749,0.05647261441125793,-0.12296183180428852
-0.9483373204685925,0.027976822040488028,-0.2041909558205026
-0.9692089068978385,0.002192536630814791,-0.2738108507056295
-1.0892625023265026,0.013674040253607463,-0.144806221963793
-1.2505686615010656,0.014196469893780556,0.19608161206683525
-1.4229210313263594,0.04034096450512953,0.3631227983498437
-1.5634390443218062,0.10329060405213451,0.19340620349082255
-1.6081238920203724,0.1447047889972751,-0.06444921113554902
-1.5363601461016325,0.1598407583891513,-0.25656146034121247
-1.4031670606304394,0.1596800457361935,-0.363898509085333
-1.2925761666428657,0.13483139503371308,-0.34918033310746516
-1.3088406991970474,0.14469938666773702,-0.24465233488835703
-1.3947825522216275,0.16029128805594142,-0.06791239923753205
-1.4160237435501217,0.15057487637521633,0.16881068718028544
-1.2884620741822312,0.08875266038565582,0.2785128345240492
-1.011641717030978,-0.020533638810117813,0.16924374408576637
-0.7005647462395339,-0.13040922253794437,0.046117293181724424
-0.503336012813818,-0.1863938704047487,0.06280837500299752
-0.519839018845052,-0.1608041160367903,0.09146925844125525
-0.6833600970058622,-0.06648192602850359,-0.04182638036549133
-0.8337112073273341,0.014921516195234187,-0.20689548746748765
-0.8994004534225624,0.03217427961668848,-0.21960105846625982
-0.9100279918394623,0.018626086812810798,-0.15808719856242523
-0.8890183842633315,0.009787093837789789,-0.2184403259487751
-0.8238276486193798,-0.008021421040217936,-0.2808993350879616
-0.7202814873949693,-0.03434555350385044,-0.15873882827985128
-0.6128651548177078,-0.06473286506860088,-0.03736174275567
-0.45833577444729007,-0.12445794994208097,-0.07220992266661891
-0.2409402837540428,-0.21989400368747977,-0.12850748737915568
0.013119566214522899,-0.3107536181083,-0.12509369752897131
0.1767408671724945,-0.3470171462670941,-0.16942285411439406
0.20001909155245248,-0.31110501401776786,-0.2689250050038479
0.16998994239979226,-0.25889102854286494,-0.32203798779630266
0.12998200075371133,-0.2265881531322848,-0.3257952676358468
0.11782412474550324,-0.21862313037605674,-0.30617723953933684
0.14342813166702909,-0.24498321932666106,-0.2857654457800396
0.1485925377460076,-0.2781856084123024,-0.2490972523516333
0.10251649012767977,-0.25970036869651814,-0.18625404528780742
0.08055710284145738,-0.2467159171667192,-0.13299525952699393
0.09824725391921851,-0.2861797959427978,-0.10096418608473576
0.13102637154792218,-0.3412657427366809,-0.08666345305973541
0.11493089529197552,-0.3333634108985317,-0.13161425028648538
0.01894630305992302,-0.28752703547611513,-0.17077528734853673
-0.11951850616091768,-0.24955825939191292,-0.09511563593877306
-0.26577196676009907,-0.20109412196999732,-0.012452071375257617
-0.42646302075149406,-0.12016290306690547,-0.059984227323546545
-0.5209710829229014,-0.06717272631195381,-0.06052303910887182
-0.46230501097905274,-0.09052876878671792,0.0722759628163043
-0.3138553060347941,-0.16197948635190124,0.09914625953174655
-0.17906690200977227,-0.23719042313699001,-0.04671450913300167
-0.15216461490181352,-0.25156915868368473,-0.16859061020163588
-0.30968121832080236,-0.20484999912394958,-0.20120862096167944
-0.609544497813953,-0.11482660430157408,-0.2084022462985616
-0.859893573220034,-0.04005034388200245,-0.16021934971574842
-0.9470285133798465,0.012166257205938492,-0.05701552648106314
-0.8935734535823904,0.039797390870252795,-0.005106249203728435
-0.7487612646714424,0.013339175080432383,-0.1527458359978678
-0.5411975189252725,-0.059299774775251335,-0.3337277664225113
-0.3860603470675255,-0.15117401109984144,-0.2977971369067718
-0.39116200901158377,-0.20733587286314253,-0.07469628898216372
-0.5312948520479814,-0.2077030395046089,0.17070055368714088
-0.7187530168761413,-0.18209510365497877,0.2922963587853097
-0.9302238458016392,-0.13643977468517637,0.2731099456840584
-1.161368507524587,-0.05073297633942821,0.1642686536101855
-1.3255669660534202,0.02905388410342416,0.11388845995687227
-1.282790619980977,0.054435520266534906,0.1471725292375301
-1.0199357354550695,0.019765594494769896,0.15680015043299664
-0.7149636267094774,-0.04635013929536847,0.13475530278054645
-0.5112121211103402,-0.11277905085415948,0.1078032020093443
-0.44695962276295476,-0.14305918858574598,0.0306504333523832
-0.46350744088218276,-0.13866369998136954,-0.08245571752929477
-0.4719156373096806,-0.1345120759499242,-0.11001511180978059
-0.5037893164102817,-0.13871339533472893,-0.11417167370334483
-0.5833641931358139,-0.13836981979106963,-0.11736106935495053
-0.698504614866507,-0.13431829572867982,-0.007034022345784604
-0.8489029231202367,-0.12137801204975698,0.16151813596835454
-1.0319305260073501,-0.08372958504013903,0.34748636174759706
-1.1884944479842483,-0.0378702117861103,0.5506016238959172
-1.263275065290824,-0.01339880749313877,0.5957492509324214
-1.2462272616453973,-0.009921241742653557,0.4078994719270534
-1.0988375143768059,-0.03669313655841076,0.17937174561666816
-0.8426720392033146,-0.10062250141756265,-0.009142121277786686
-0.5823001608268757,-0.15516157619737142,-0.1583765606420475
-0.38415238004813884,-0.2047353575347415,-0.16748249175017535
-0.32170085144406113,-0.25763814375040356,-0.1093139312629791
-0.3993381065161769,-0.2822210179675445,-0.016984294737120254
-0.5588118833614952,-0.25139219706132954,0.13450839415402147
-0.7625719669097354,-0.19225644926621754,0.3214719814145807
-0.8877860211802152,-0.16521219742107937,0.6709426421148389
-0.9082781426678573,-0.16638845534608587,0.9490484733161311
-0.8790080743446698,-0.14530993776259832,0.697220348524909
-0.8029346430992179,-0.11840651425816195,0.05861868233650543
-0.6003400446584659,-0.15170531471724477,-0.32733869290800777
-0.3056490546982933,-0.2464891243127708,-0.33093522583528673
-0.07568457150253072,-0.3472136375447836,-0.2100321586736046
-0.02823109041013008,-0.3805991496804145,-0.18419057000333597
-0.1771598869292062,-0.29716223873215497,-0.19188843031868238
-0.3814761117060687,-0.21706381499159155,-0.02925941856304497
-0.6042961479141699,-0.1416623889801344,0.2117153702406849
-0.8031697986203705,-0.08022625011279633,0.26411501215987104
-0.9379849499613486,-0.030365482879797102,0.04999048388261722
-0.9304683459019623,-0.018377202239838797,-0.2487138855475196
-0.808185797881465,-0.05048737610002225,-0.4143582577099734
-0.658591348230958,-0.11422490844530753,-0.34876060042428125
-0.564362274965244,-0.18040714383797127,0.0006730679902448447
-0.568562172629647,-0.20034020174506093,0.39262123172485913
-0.6313138493017323,-0.16604896872973143,0.475253885902766
-0.6218861177898997,-0.1316166979581136,0.17028428625628753
-0.4495953844577414,-0.13330911153489858,-0.2341736174780287
-0.1347079796536137,-0.19978909160878086,-0.4268735370226699
0.1857169249728827,-0.2701217738920386,-0.27540118938114083
0.4009490502108933,-0.33404879660087644,0.00904233626053205
0.5008889270165684,-0.40137106978837356,0.15723393260977045
0.5220039025355039,-0.48200812770154405,0.1727683584274399
0.5117998574449827,-0.5913725000494819,0.1616415606862058
0.4248326166311877,-0.5887663267225772,0.0010337035814472029
0.29155719741635167,-0.5297987754783811,-0.2802037653420845
0.046372187120029856,-0.4585282661755853,-0.405288913560005
-0.3291438795498687,-0.37078183905348355,-0.28680079073349674
-0.8474806006040925,-0.21255103929834906,-0.5604374106818727
-1.4326091246521553,-0.022028132513027952,-1.5163743815871549
-1.6758730005594646,0.057898446284359695,-2.094390682629796
-1.3942501412642538,0.01438765659303353,-1.5698522986829253
-0.9380895130798277,-0.09159453300937953,-0.6910995062754303
-0.5713034966555958,-0.16628488329103094,-0.19944292313532636
-0.3127825062311335,-0.22765844341585334,0.01319324991425088
-0.1754486423690117,-0.2764411744257948,0.05098429870725768
-0.10783315188437498,-0.3130826135695179,-0.03991077946430229
-0.03132590452261481,-0.36091025171169877,-0.1419833459289192
0.09532666785551433,-0.40673581408206677,-0.13521821343566034
0.21896494474358663,-0.43405621802635297,-0.1036471497208413
0.29830384634011775,-0.4450436375347989,-0.10847276182787058
0.3368287984983242,-0.44943555895399634,-0.07399948312089816
0.3426182213019243,-0.46039870612565703,0.04174278938023202
0.28505792422156156,-0.47085600867193633,0.16787916021067995
0.18288655673418802,-0.46719383738541514,0.22688939026667823
0.039063503708057314,-0.4333637616009325,0.19116457276386958
-0.13882670278848727,-0.3551939583796548,0.1351890158800425
-0.3172473857987493,-0.2617696983110036,0.07104578172960267
-0.4194888133619228,-0.22142173096901557,-0.09960016064260561
-0.3469813952638896,-0.2771016987475909,-0.3150154408125857
-0.0756020618708295,-0.3970477030246751,-0.3498886092688417
0.24400976718575182,-0.5088313655013427,-0.20694456831682537
0.43360740520455704,-0.5684850431973326,-0.012022748997577343
0.4342301790619346,-0.5694367741975862,0.15754505107931885
0.3398908183095746,-0.5292294238313321,0.2464106785041153
0.24533832558092913,-0.4883314001727304,0.1497762982940147
0.2141066376747534,-0.4843826069008611,-0.062348915522502886
0.2889023910205987,-0.5246320811956655,-0.277218460969492
0.39779336030102425,-0.5818639438473279,-0.4173819378086139
0.4416424917595085,-0.5999735300823472,-0.4435779211646083
0.32432985927248115,-0.5543959682043271,-0.4641133146320816
0.08966246496043934,-0.4755446155045173,-0.5741850606442074
-0.09946174298806663,-0.4040942023474471,-0.6702337538721402
-0.1181610725844286,-0.38736789411705547,-0.6113773043727061
0.04822306937451955,-0.4545744795636794,-0.38147530496230886
0.2959568440718484,-0.5633500204773951,-0.055260315512125666
0.4707446229216916,-0.6349074944925366,0.2317113610609498
0.4093264372651541,-0.620163971415668,0.2975440568974782
0.14868941841838842,-0.553652605657592,0.2114189957114174
-0.07535850922527006,-0.5307980872621773,0.1473856510467408
-0.1289022100779043,-0.5588139028179296,0.1012787816868469
-0.05758408226245853,-0.6178886957620484,0.07087055687376334
-0.04580122781500558,-0.6457593496310816,0.10808068742074659
-0.2505566970505973,-0.5593376021496227,0.15110823670683124
-0.6873721172291383,-0.3430720515823141,0.12906239692138813
-1.1422057324100794,-0.11563076407301569,0.08734876053975188
-1.3643630740798907,-0.008145250841249027,0.014816418317342404
-1.2634319238627647,-0.04128839258151964,-0.09429379420066955
-0.9574744787388073,-0.16412727254662565,-0.15173407780452378
-0.6112823135465818,-0.3169065271174121,-0.10276001759410217
-0.35722320558951803,-0.45494394387516535,0.03198932632164647
-0.281732086627325,-0.532352665417417,0.1676092037225347
-0.41312148099979185,-0.49242783025347586,0.16590929072078714
-0.6490920527722365,-0.3813648033424466,-0.01485495942422336
-0.8044833059054296,-0.28041016728815515,-0.25182536186349
-0.7352498835683652,-0.26815388289413855,-0.3992683431680464
-0.43848298262821955,-0.3614529267126039,-0.364158210806167
-0.04035119905065317,-0.511688210613753,-0.11198947859945219
0.29390364631303273,-0.6462209853517209,0.27312051258449116
0.4595799369299058,-0.7327642820397756,0.5737984153747617
0.47920216775116126,-0.7198789164897113,0.6171142770511314
0.5142344146598343,-0.7088226152373523,0.4121018300824424
0.6283288549240633,-0.7530027940623686,0.1245327697315413
0.7819489181733756,-0.8353120288825073,-0.028332380249330266
0.9068134299597839,-0.8952192764866638,0.04058368475319296
0.9196970805241224,-0.8706032376627557,0.18934404128078045
0.8468880204935573,-0.8263641295404455,0.29009426828553875
0.792962234554707,-0.8087471199700342,0.36318787431220356
0.8117902331792588,-0.8489141346546647,0.4622417038516633
0.894357454334156,-0.9062518869635725,0.5405883520558412
0.9325474483434669,-0.917439770399763,0.530578013094323
0.8661691576821389,-0.8893413322867878,0.5250494472473749
0.7570213742414645,-0.8666297367218905,0.6101847689865092
0.6792403246099452,-0.8728388817833903,0.667192704380458
0.6401888697365357,-0.8810793078757272,0.5911948839167092
0.6317311804727666,-0.861899371435219,0.48416410730474163
0.6416561425482794,-0.8300116430514273,0.47024029037944387
0.6585726588619492,-0.8181898027295956,0.5401374529992269
0.6758729863826295,-0.8403984413754397,0.5916722055782289
0.6828252359028384,-0.868740400280712,0.5831707745732633
0.6745549920999364,-0.8683880770435104,0.5762887588421463
0.6544373165722916,-0.8433751018193897,0.6144171653919689
0.6002727208376415,-0.8196079594037221,0.611240251510823
0.5201326997279048,-0.7966723120617955,0.49452586717986763
0.44175484196475434,-0.7843888765502482,0.30184168016498525
0.3931543050204787,-0.7992249976822989,0.2259853574554597
0.3457021265892966,-0.818082590372685,0.42711652058138544
0.18468969509318547,-0.7682743355154835,0.7195338514924486
-0.09929251658107524,-0.6344115146827537,0.7190183625420925
-0.349650630691863,-0.49307172197009236,0.34653322668729863
-0.39434218301268753,-0.4512073955918649,-0.07203931073548205
-0.2086789984817694,-0.536656133782268,-0.2116258044011952
0.04749684955788745,-0.6481099638008782,-0.004611414834488929
0.16186393519554165,-0.6877232869371868,0.38867632747167347
0.08095276548514298,-0.6665067112179998,0.6558987497967076
-0.06600198335350596,-0.6501569499146116,0.5788086901991001
-0.11164856156317321,-0.670771815004645,0.24575429138403299
-0.01251798558199966,-0.7151309674614262,-0.02288103815718316
0.15496601734305043,-0.7671141666950019,0.003982500951643945
0.26684980502213007,-0.7937086099057316,0.2373944203535511
0.2552671895169366,-0.7710542295175516,0.40812026156332487
0.23725106301792726,-0.7547611483834316,0.41563585906437667
0.3006983001070797,-0.7764507685528125,0.33096434765057464
0.4078105036244877,-0.8246029063650647,0.28540418159327735
0.4837014994548359,-0.8710776875582337,0.3654776262752953
0.4701227893497229,-0.8807551827435338,0.47989023041570683
0.3769223868919901,-0.8659948700140987,0.4711047068595736
0.204326447878675,-0.815616945255551,0.3815748835711631
-0.0876119244104737,-0.7116072566158694,0.46354060323839064
-0.5105212442830799,-0.55981249767885,0.6733214546298357
-0.9796400217873538,-0.3902988787721056,0.4116595263050942
-1.1630672676825893,-0.3423458258495527,-0.34413354268788804
-0.7993801145993696,-0.4782666646458138,-0.6307571223195285
-0.1077226894934036,-0.7382075395381045,-0.08148077360849224
0.39698428310492373,-0.9388698780330272,0.541096195698265
0.5223484381918202,-0.9957765974124098,0.7688885016450149
0.45885079538277457,-0.9731505652246203,0.7771440501947621
0.40625477076402744,-0.9558882912434852,0.7389385555675505
0.3947716596150532,-0.9564956034514459,0.7158210331404815
0.38701982110862826,-0.9426715957178965,0.6506399589678316
0.3522580690447822,-0.908389446304293,0.474973541950696
0.3264943974845145,-0.8952439862896703,0.3522168332559546
0.33065135848843225,-0.9140253165305617,0.41068745312814203
0.29956919347743405,-0.9113273541971523,0.511494957516566
0.21098730774096647,-0.8581288539717863,0.5378671963367179
0.0818229756156887,-0.7926826819840119,0.5139995528674187
-0.023297281240311038,-0.7748247970899591,0.5089025417580213
-0.02303832428765897,-0.7947991033063339,0.558973149277745
0.028248244645459757,-0.8238141456531507,0.5822419492493169
0.106247025894562,-0.8734690510591816,0.5783481888964832
0.22568668229437325,-0.9496503397302717,0.6538434541773952
0.30590450309842654,-0.9999885713054274,0.819956738163981
0.2898019020854894,-0.9936448181795271,0.9582194123463222
0.17188164881600482,-0.9442519779687579,0.9166541391587729
0.004008585819604368,-0.8817473894866309,0.7462840913446941
-0.1323314669192602,-0.8227056183669611,0.6456535123445681
-0.20442687171314985,-0.7858755480239275,0.641041396430949
-0.23325249577637766,-0.7938074379626341,0.6418955889830038
-0.22075526737538925,-0.8291433602963155,0.6757836974152732
-0.16640442987089207,-0.8580662064352494,0.7496704718694179
-0.09878829885799843,-0.883288433022485,0.8312859495289671
-0.03380209683897481,-0.9254552048239173,0.9371347090907213
0.02927650133283117,-0.9776871225607477,1.0073341409976138
0.07048690173345322,-1.0159150360759879,0.9669733889033789
0.07069380941820674,-1.0284813921975335,0.9010595606617928
0.043062327241556245,-1.02332812755294,0.8986464769644079
-0.004537910154037487,-1.0018317310337543,0.8580704892808656
-0.06257801468697159,-0.9634168971568104,0.764692804635232
-0.10324809927160504,-0.9188234149793438,0.7943555348976269
-0.16604763991538515,-0.8678071116346937,0.9068666187520532
-0.29652850021982236,-0.8246091195672867,0.8815303693631604
-0.4667174619311608,-0.8098819422106717,0.7513729808903398
-0.6475661082490336,-0.807344368706666,0.6931945801611816
-0.850178460536522,-0.7623829570535833,0.7030174424711231
-1.0444165290609995,-0.6654620138750295,0.7387090877443441
-1.1839368886874089,-0.566777209093547,0.7964741531631317
-1.2365164639688684,-0.512927488503456,0.8071463717028357
-1.1652814021962792,-0.5228278011044929,0.7946747295907696
-1.0079393523989222,-0.5288912387710544,0.8383129930783352
-0.8677400390748143,-0.5081900498341487,0.864062224654835
-0.8168189364147013,-0.4959500990712214,0.775824402667483
-0.8163446255004381,-0.5269904541142297,0.6685957912694184
-0.7765194710116671,-0.5985709236841926,0.6623854429782654
-0.6798402325304453,-0.670820052637181,0.7319491762330343
-0.5968772961220398,-0.7094038100705794,0.8089109569633818
-0.5726953874967093,-0.7336979556048516,0.8825787085661077
-0.5837975225621895,-0.7565186949027316,0.9398853571896679
-0.5842650809285452,-0.7635044183351798,0.9155850300702626
-0.5698042305967091,-0.750848120795946,0.7885007479121023
-0.5132341680297368,-0.756302713860021,0.7329127518205855
-0.39538346480877334,-0.7970699758173937,0.8875231774561567
-0.3152609301998708,-0.7962373894394331,1.0707922085940134
-0.32284228842627494,-0.7495118620787238,1.0774132982969196
-0.34016448305823055,-0.7146442945721362,0.9725678341774977
-0.33423444893000803,-0.7155174470075932,0.8912852737903196
-0.35970410826201554,-0.7403443879631889,0.8255553664370212
-0.4214798989911238,-0.8488029335843786,0.7704189013039993
-0.4833457428310773,-0.9956891831433282,0.8291336608649623
-0.5820023629251682,-1.0093550424333393,1.0115378311671974
-0.7139964336083466,-0.9453049515362328,1.1246684792915163
-0.8148237617825353,-0.8948637819282697,0.9814922510608965
-0.8155400634208642,-0.8781953772421722,0.7144740833077405
-0.6775502640855516,-0.9077433997378194,0.6269616974558598
-0.4480248540534461,-0.991866409692292,0.7571151687657213
-0.2040985973005316,-1.1119217791244334,0.8917116797841912
0.0012551803602470948,-1.2379593057691658,0.9333571043142632
0.13068224660708808,-1.338501884878584,0.968756701448453
0.14753853746022122,-1.38591478182523,1.0255533428410775
0.03616814333316331,-1.3847848101370337,1.0526841475508697
-0.1739454631210447,-1.3446913925300998,1.1000877456044882
-0.44592477012545206,-1.2347999122868596,1.210754254882607
-0.7823712645765741,-1.0546555613491557,1.3031796201775823
-1.1138888332424095,-0.8973862630127467,1.328251359717635
-1.336265115018929,-0.7944281686575907,1.333810889480929
-1.4060226339419928,-0.7261144272459986,1.3096838548977063
-1.3101192262726575,-0.7142149694560862,1.207798720157542
-1.0836372399071048,-0.7769543096910602,1.0652410410442863
-0.7733543345900099,-0.9386804477467349,0.9972521434039759
-0.46461702932179544,-1.081288650619755,1.0188976357246957
-0.21335237648402663,-1.132472511190323,1.023588231655983
-0.022697974737693045,-1.126010298580829,1.0265830027519944
0.07479298567821124,-1.1038381923575264,1.0707682719803993
0.05489327009758764,-1.0792857969624674,1.076313552941388
-0.043553491153976255,-1.0745051804365122,1.0084547255658949
-0.16232983320755592,-1.071051152398008,0.9827739329655854
-0.28014087245152913,-1.0742084409283597,1.0181008548416732
-0.44237109677198816,-1.0656399831496246,1.0463855162943188
-0.6287187580555685,-1.0200276431385868,1.0557814636213068
-0.7567882482395376,-0.986288682922868,0.9578798698898076
-0.7419459100447418,-1.0100355846541291,0.6914666896023604
-0.46149914422831245,-1.2127612639179395,0.522867225269794
-0.10385043336430773,-1.400878441575565,0.6181221115871728
0.1156435176224154,-1.4675646815587031,0.8642315512959375
0.21680432163659394,-1.5179919344880486,1.111225626666338
0.24537939455505525,-1.5442751512386668,1.2215997909366478
0.22066595076252465,-1.5441747277650304,1.1414545839582235
0.13328477878153033,-1.5011969500482636,1.0147241340302176
0.03275664311023585,-1.4677635984525244,1.0194390278002015
-0.05955595230154165,-1.4607757135645256,1.0757581353254582
-0.10571526279880732,-1.4679935446577501,1.045787239052651
0.003718850324603218,-1.5352785910110416,0.9768336280708071
0.3879926994262476,-1.6686985291961687,0.9642301142395864
0.9055523336308945,-1.7882374157045169,0.9750015720746231
1.3462162607575399,-1.819763174800115,0.913432840816674
1.8080756931331718,-1.8931499363339324,0.8847550718939309
2.3240344794195154,-1.4617999795194423,2.0933048835925967
1.725343226379055,-1.2333758561420098,2.6005395563618476
1.4722994439600041,-1.1349734755732237,2.9067682286304133
3.3333677231172305,-1.9770587406197038,2.849808822097501
3.0095913940486136,-1.7654817136029677,3.0157508400370694
2.5885361821541215,-1.5623363393065612,2.7961567815879023
2.287399770664566,-1.42356959693547,1.8667380618754732
2.4611314402771827,-2.63709333734923,0.9757227766618626
2.2757543148858237,-2.810323192137583,0.6680734368005949
2.130090444352634,-2.6715617482348217,0.5199462619823187
2.097457712893289,-2.492312762484664,0.3403196389856408
2.120879337947982,-2.3728360897797076,0.20291095494560538
2.1564026128217537,-2.31842552450197,0.08050131880283645
2.1145285440522295,-2.1093247764348804,-0.12424794571968341
1.8029485623294152,-1.3284257902907393,-0.3868756332373202
1.874486147403953,-1.3103287114003606,-0.4002305064205407
1.9586201966931835,-1.339865800817704,-0.33137357789971456
2.034967685472205,-1.3774103945190235,-0.23285598655339845
2.0757701129034896,-1.3939730705460147,-0.15808893325677698
2.116418348816191,-1.4566536083356234,-0.09315870711695286
2.2674909804427505,-1.7666705909227225,0.07098523223581213
2.3738581834608925,-2.0055771586108375,0.1577818821704023
2.3813403473928294,-2.039296195258581,0.06592734577284386
2.4130859985304913,-2.0587250026346053,0.060539854332907234
2.494540973278683,-2.1224302334500487,0.2432826171063418
2.5603012089509463,-2.1848338987833826,0.3744749485644552
2.5637713357972696,-2.181227933383341,0.3429922449771621
2.4362527828676157,-1.9806879747164985,0.2430874152219752
2.4287604626665495,-1.9556322557129031,0.27322347027825855
2.449164340848277,-1.9421929591455187,0.30427620516826426
2.413232053164662,-1.8887670543240773,0.16737183320531146
2.361634250846242,-1.843058141597697,-0.010215619562217875
2.3540886439416444,-1.8792388628629526,0.04798454988615118
2.3715997173585226,-1.9767334208573726,0.3090358037075014
2.3988109999266634,-2.158925504502994,0.4697415416123127
2.2989792232867954,-2.1198058216275535,0.32050217528943525
2.196884377047797,-2.055380585437518,0.04582324607954389
2.133622377910056,-2.0325290002766616,-0.09579377587095628
2.0819245756864646,-2.01424947920593,-0.037132750009818215
1.9802691853673444,-1.959750980135895,0.044549044806558455
1.792306502078141,-1.8558754974283225,-0.07079767416807657
1.5922390578733987,-1.7420099575399908,-0.31636436026580594
1.4827241704797083,-1.6664618500065953,-0.4300513772659957
1.466677305245085,-1.639989026854154,-0.3557801062956289
1.4972031050742916,-1.6613481840665087,-0.31096240213405857
1.5749509255163099,-1.7158222920783157,-0.3795254695525129
1.7376429117035523,-1.841683622373387,-0.2996499229987128
1.9340250804975534,-2.109637528543668,-0.02407387769866682
1.9720625547502697,-2.1502537930600045,0.17101466633606785
1.9700427156320466,-2.1034839582097287,0.1846865257975581
1.9475081896831652,-2.0414913388129916,0.029374381242988162
1.9426419651474065,-2.0148027747557395,-0.17734951346128108
1.9312955868866688,-1.9389948517679336,-0.3088983095092698
1.71328930458186,-1.3950914398507472,-0.42092446478331186
1.7300566026392687,-1.3113594085690343,-0.3990889768135477
1.7937971903368666,-1.3507027349865883,-0.3129677279607833
1.8567508332402403,-1.383949683424246,-0.19988159999709496
1.9499350989813198,-1.4064126352317226,-0.0884286044074564
2.079745183163453,-1.4089971486173292,-0.07454583439804326
2.2623844237227746,-1.3844425693043898,0.045925986440981614
2.4147896949002257,-1.247016101562037,0.5541431891947749
2.501821618854112,-1.2661794445784211,0.9803963812743682
2.323000917304479,-1.2394114161590688,0.7228440411019479
2.013061703400148,-1.1663598026897208,0.1891236431807355
1.7770958557881713,-1.0943034681183113,-0.021069613637142843
1.6258787566296264,-1.0204935513458495,-0.12503872539459607
1.5102762826090204,-0.9435715811324011,-0.3631868433761682
1.4445662738385179,-0.8884518906110223,-0.5878475742839228
1.4207313426392798,-0.8680273571322276,-0.6208183051838838
1.390470833378588,-0.8757003034401715,-0.612362530486923
1.2900298673545827,-0.8963284788842706,-0.7424648565361956
1.0952473213518257,-0.9242639403451702,-0.8269734700894391
0.7483626842008136,-0.9330576094811499,-0.6187382899646916
-0.008325994319612787,-0.853399699293539,0.05670734506858021
-1.2145813056644832,-0.6739341974298503,1.1333174861900503
-2.0950443950083155,-0.550535070273622,1.9243074978518264
-1.8587333651716764,-0.6499816183389957,1.6936068782096256
-0.8096619516536491,-0.8766256355064971,0.5431245100708066
0.14614633698714366,-1.0673104900951982,-0.6090297472481577
4.315763853149566,-1.2934862183693399,0.8382406925667765
3.5388386258605955,-1.7523318973732485,1.456584484822012
2.7072097662296732,-1.7630625158726776,0.7457559499911117
2.146887863711145,-1.7988391551967453,0.358779893310926
1.8866931030334197,-1.8379657973508252,0.5072313913899288
1.7681977044514468,-1.881478598912201,0.668680966326998
1.7269637269187843,-1.931066052619891,0.6097367557679517
1.7689206829404183,-1.967288312648836,0.5328332285843621
1.8640221833565775,-1.9754743455628698,0.6319747967240125
1.9309555393404487,-1.9543407574305047,0.6990607483221731
1.9589987504872468,-1.9822561752184917,0.4998228168012873
1.959723603741687,-1.988804427258654,0.29580254050247806
2.0105039623282197,-2.020663764378689,0.463700128863486
2.057554955689274,-2.070597999180384,0.8228270330853935
2.0335439354212475,-2.091323315519409,0.9510654424141799
2.0047131579927404,-2.0596214935746127,0.778664440304018
2.055904412910278,-2.002188157264781,0.5561735900912008
1.981906331565722,-1.57141308555732,0.3850960718412925
2.010506693399816,-1.381637233581764,0.3538564264276904
2.0848611740875826,-1.3877508520408657,0.3825424365332735
2.1187166432393654,-1.385266050299683,0.3606721680576401
2.1076386549391475,-1.372887750878556,0.2751440314095417
2.0555507208631587,-1.3635970930803862,0.13950080940933132
1.9878240661099402,-1.3369582828882458,-0.028876339046376542
1.9832657451962217,-1.3405623244670601,-0.08639816452265493
2.0445559101664537,-1.3828514547425772,0.08100493746330492
2.100071786897952,-1.4274274244062013,0.33876588247062916
2.1082290722227937,-1.433892825204677,0.4814923441369786
2.067500292614484,-1.4086590881083667,0.46665213821094903
2.0030641388179875,-1.3842583711834984,0.3574706750508198
1.9646683502196913,-1.4448870442730704,0.2520374978233428
1.883948305501463,-1.431678900635192,0.19152982195910132
1.7801069422782378,-1.373313636773154,0.25077336942344264
1.6791509553585602,-1.406637414578529,0.5785081470123429
1.5212361383114072,-1.524144047591035,1.1859620715701389
4.305458650797821,2.4226080297465096,0.5377048502419239
4.26118517679922,2.4914108021822003,0.4209587825292367
3.750028708206506,2.4303568626713665,0.47635974286577604
3.764908358638569,2.3502620503252594,0.38427968607265406
3.757064304411779,2.336913855794143,0.36392519190188727
3.677693186845205,2.3539834987318784,0.29845378690001856
3.6685971797985806,2.351427326588151,0.22193757839380682
3.74560297550712,2.3751605456105698,0.1793761599212607
3.8000179294464003,2.435781330816876,0.1456887693388213
3.7794723273731283,2.5754295162221745,0.1480367420240368
3.308656895805637,2.447832982377358,-0.5842809376236824
3.4495380047989013,1.8641709818416492,-0.4542820081902701
3.3961296947762456,1.6844555143590532,-0.27104993164775987
3.4001719358952527,1.6003002865208866,-0.024468758894098604
3.4526905818258977,1.5711672687108353,0.16087783931735194
3.50363873633276,1.575994435359406,0.12445929905293582
3.520993087846508,1.5973833789750462,-0.016797975699962494
3.5136036994973545,1.63889761002262,-0.16338998689861953
3.5066659713143995,1.6644512911662566,-0.2268909043397532
3.5439741950808896,1.6619337342776126,-0.20351569398589195
3.5761335715703386,1.6263337523768195,-0.13650074267673518
3.5573257766574873,1.6161016612800132,-0.07761980346068748
3.538435875075717,1.6049644016009772,-0.028256483698821708
3.546950263281696,1.608604957321877,0.018971577739267463
3.607346690235006,1.6118526193478435,0.09847024528734295
3.611576932559279,1.6315841870138854,0.11032795598203902
3.4910938462371255,1.6866214721517738,0.023524107219966336
3.3743828670138942,1.6864177961925386,-0.08711476521403538
3.3446046461739916,1.6987930951777797,-0.13956045859486865
3.4639677353220475,1.6558158925210933,-0.0758661728273505
3.6220262783009143,1.6382858540276177,0.00904960218461233
3.690104555119537,1.6173825980695369,0.09851521505382671
3.605835042611107,1.6807764248888342,0.07709725473069977
3.50600994012169,1.7061698202033178,0.014893603252106088
3.4458467302017204,1.6973510033351862,-0.025804476842932876
3.448084456232654,1.705518607034407,-0.04054808620993925
3.5011859306651085,1.7045120909432614,-0.01238792491934144
3.5605420788861104,1.6673406072888848,0.029355300791008617
3.5497670850632757,1.6646236241628467,0.013365793740089912
3.529386982750292,1.647934198365171,0.0016222850153675729
3.5756294658698584,1.6491887439381359,0.00987768700316702
3.658315627401937,1.648891419771215,0.08171903836101645
3.626243288708975,1.6902118102004309,0.06070899796182416
3.490796551532118,1.778442731344582,-0.10269010987731579
3.3873089316239704,1.81554574024888,-0.26716305253041844
3.375856127003745,1.790747237883087,-0.30956951159579754
3.426115819581143,1.7200783348848994,-0.2191004685486877
3.4723077874519763,1.6613171107455136,-0.11816278769842935
3.5209060326770376,1.6101637188581108,-0.024206821584345548
3.564380668698409,1.631951081910594,0.03700387369686858
3.5974778805017515,1.6257121357915603,0.054911374507920205
3.598925300827162,1.6614085908950569,-0.009422049968569112
3.5615482798156606,1.6637208618273385,-0.11805228467011264
3.521493978053518,1.6553059409563489,-0.18234565881485465
3.5773588249584938,1.5907370482999157,-0.13330780332243727
3.620216316108077,1.6193598934765325,-0.11447329384038556
3.653431834292287,1.635703516008704,-0.11890443792915197
3.5950261462512203,1.729924939286431,-0.1956389588270263
3.560334876546472,1.6805219511074807,-0.2413081715970286
3.5297849758086968,1.710301498459989,-0.3016557534109979
3.593911628479938,1.7218480206432707,-0.27223432529108504
3.6670640541138924,1.7489846558737665,-0.16016979066505901
3.7143949619105108,1.7168863338144051,-0.05263733783244215
3.677885246250393,1.72018305416641,-0.11190822277859899
3.649974180629095,1.740019049799503,-0.23938485594452283
3.6607303012331185,1.794986632413547,-0.29126344987619884
3.6832882595415044,1.813028510337791,-0.23434002589452954
3.7174553911386874,1.741314154138327,-0.129307215675835
3.7606604975584688,1.6865170367687057,-0.05379346471933141
3.8373292447088057,1.629712918000391,0.030408331341773905
3.8660738847511893,1.6039145140460245,0.08367141219154482
3.8727403080188605,1.5523915952943927,0.13674494883685945
3.8516820603524935,1.553933846369628,0.17706365051202583
3.806087537029395,1.5834803781930247,0.1437954667307866
3.7143015744115364,1.6804537580578764,-0.02732749955141959
3.645182140610752,1.7195365932076692,-0.18194705341749237
3.6776076635442565,1.6957815573063095,-0.14340767474004695
3.7528639435443067,1.6807257757727099,-0.01852161779623189
3.735150845670146,1.725456083516772,-0.039456991035275175
3.6394961457712105,1.8251079287859049,-0.23919752410934214
3.5920929789604257,1.8301392304664077,-0.41025231911918053
3.616282864995406,1.750306772120986,-0.4116627464142015
3.65637528935558,1.6811286170957,-0.3331054977332499
3.6619208298676256,1.6591249189534971,-0.2508858804776479
3.6690445788179744,1.6578642237961458,-0.17739685094169552
3.6887665682259194,1.6441963961627672,-0.09916745191487311
3.6945720907060826,1.671040929404915,-0.0537339090306324
3.7110270206183764,1.6535185209061594,-0.05766271092523645
3.7287291328149843,1.6214840161647621,-0.07872877312752355
3.7474417310288133,1.5964099304151491,-0.057449429682444604
3.7450507816157046,1.586955182174317,-0.028462018087456627
3.720778011309434,1.5916843402901462,-0.03864675089570339
3.6959148747193162,1.6192238001274837,-0.11793283566152221
3.706908501791934,1.6499716941502642,-0.19307247205110015
3.7113745094986834,1.6685246957166944,-0.20623579001958486
3.729153396507062,1.6280571955110823,-0.10126765726595294
3.712548532259393,1.6356593215918775,-0.019340947296342382
3.6762209203665677,1.682382709323163,-0.06363992106729464
3.6449374025274897,1.7041676211184615,-0.1694582256743801
3.6489231157524835,1.704527554359507,-0.23167190928748943
3.7099478756203705,1.700356434803021,-0.19467742426894108
3.7976774427697157,1.691112318978198,-0.13835559539844217
3.8903122960797685,1.631553646941309,-0.042989555399523184
3.9095898643239893,1.6173206484302451,0.04583268118477804
3.8961135837886025,1.6062093189575506,0.0831768560109648
3.9093927883979642,1.623824964592052,0.07243934120767186
3.9863130156811244,1.6039798007920933,0.082244033327335
4.033131911616706,1.585061720690624,0.12143705567347572
3.9949414480178915,1.5972728264098635,0.14628244711252225
3.9218069564902636,1.6060139486008114,0.1529826297078509
3.8644721544776357,1.6319237223363936,0.1303123688686075
3.856713737303088,1.6261447124530675,0.0861271422256816
3.8522862314439568,1.6188478854944506,0.03800332229804627
3.8183740303766007,1.588930388689764,0.0016389599087380195
3.746022757384994,1.569211294329283,-0.021339929797255627
3.7275849809328245,1.5553996981574507,-0.012065050909675752
3.799522170105939,1.5299487278046244,0.036780819108361174
3.8903747348747943,1.5023918895651565,0.10724319305865831
3.9088176462789006,1.5464441641032007,0.07744838792963085
3.858185692385747,1.6214931820496712,-0.04356168860385282
3.7967787743622856,1.6711134439629383,-0.15699655605405066
3.781165804589429,1.6484070826493495,-0.16787378548577078
3.812862969776347,1.6430496308694589,-0.06459490579538468
3.851730400261557,1.650456473470399,0.020495280309523283
3.853914699046115,1.6767937408867735,0.031594564396189836
3.9005074099401758,1.6395282703090528,0.07432667865074873
4.005517416816148,1.5412217468804001,0.17848552563592704
4.078673828467908,1.4605885976564368,0.2625076858624287
4.010881985829379,1.4800826912911533,0.21924477449201868
3.883317972277244,1.5554828843623714,0.13209917634262652
3.8360556241383366,1.615063640766663,0.1028373296268694
3.8858354760556693,1.614829347729704,0.13446309332489165
3.897005991440617,1.5922807032930972,0.15798015049433745
3.85729363460147,1.5644645967136908,0.15217580694538888
3.795275336964569,1.6062030172823545,0.08975091590334577
3.757667545907604,1.6664228178467608,-0.0010557215129442827
3.7577721639314627,1.7241843033036461,-0.07425161069621217
3.7927601040430003,1.738340571292332,-0.06114846782700025
3.809642742689555,1.6945926176781108,-0.014604127060753702
3.7398911680353137,1.6872646624909315,-0.0784271217355897
3.6606808990359747,1.7293183248864998,-0.23572452777394898
3.6411452851287542,1.753088513377094,-0.37554745940574263
3.692742257667788,1.7107465442312502,-0.3512083318840202
3.7617208943951628,1.6624999467197996,-0.18505382428955042
3.782959756683056,1.6857998798792946,-0.04424279669634466
3.786848671738096,1.7053037534507338,-0.018103572831787772
3.7791117788731885,1.7035094012387053,-0.08691244492212878
3.752017689955891,1.6916352088527147,-0.15910110958454632
3.6936154939821977,1.7058028112705448,-0.2160399691549562
3.642348798766307,1.7122400740764436,-0.26822436988774107
3.6156834722432896,1.7067955214040413,-0.3262749763503019
3.6251111803392493,1.6961708305526895,-0.3438430048251581
3.6403883779208868,1.690556400084904,-0.32088092478808333
3.6601701129789967,1.6750012699153167,-0.25382246105158
3.7152945392295362,1.634829249668181,-0.11634832904481138
3.7889484762640615,1.6131506439776546,0.0029117825506080235
3.8324551034128715,1.625291750301074,0.033909787306104826
3.7818362569130306,1.6453785648630834,-0.018809758779975618
3.6866611359590813,1.645092518894262,-0.06915983086026153
3.607788875399721,1.6716521768343382,-0.10192162968483606
3.5709593566949436,1.7088133256726683,-0.14844196487141925
3.581546417240802,1.7270049299852652,-0.20749223985282486
3.6309138908249206,1.7218662483829879,-0.2475507969263052
3.7123863355255846,1.7073772621705443,-0.21681581052295834
3.781084007348623,1.6809393637726187,-0.13429017608575605
3.794467651379419,1.6482294623707967,-0.055419019496458936
3.7517106939039238,1.6174912634784886,-0.043008775107533564
3.6477578290948944,1.622579042610423,-0.10989133643913827
3.5765067732490716,1.640888461153885,-0.14980996021235174
3.5991437156353996,1.628141626669414,-0.08684115490570662
3.6569230213769655,1.609640690080004,0.010069175674453834
3.7011960230056347,1.607818571046889,0.03551541050801229
3.7258331066268227,1.6105958411738224,-0.005530853859054598
3.7563452262272166,1.615109951146312,-0.06971631561856954
3.791587485847713,1.6292948741471638,-0.12533164062038568
3.8045286371946583,1.667179385978525,-0.17149152432551001
3.8255943619200243,1.6795671900538947,-0.17902184745454605
3.838264201048693,1.658490779129143,-0.14124247550539779
3.80547594373019,1.621628898485836,-0.09699375847759154
3.7768649886914907,1.586349581224665,-0.04548746083066033
3.7962055102745746,1.5731912701663124,0.017890468050504107
3.8413034086910476,1.5670712164452305,0.0796419400667263
3.858665022795389,1.5690632992818159,0.10193039270985771
3.8444621651775046,1.5891594556685242,0.06805950047796737
3.8331974463862855,1.6049843376429505,0.02991826000215335
3.833836286121353,1.6188820008809546,0.030036953617366306
3.8227154148502716,1.6506309096498957,0.009235665741020624
3.7696426517335864,1.694694286567871,-0.08395002534864186
3.692598656540947,1.730340035177105,-0.19051309308948863
3.6572608654181105,1.7463668957367036,-0.20765126793596006
3.7161301470218073,1.7023144148062137,-0.09512777423618823
3.822374723987146,1.611665128820809,0.031214976009882826
3.89928324003862,1.5372826669799546,0.08675065568141306
3.8841359038059773,1.5179286390709965,0.08448025884323772
3.7954206866213513,1.5575741492406785,0.06231221044978991
3.7191088837462294,1.6216070505446372,0.045479829577553414
3.6859071775822834,1.6512191139911512,-0.011690483985854231
3.6641428866513683,1.6515394505652152,-0.11338489907057465
3.645857401702966,1.6382714938698404,-0.18481950805528546
3.635528016191043,1.6411295355344584,-0.18204004689172795
3.6388656243175963,1.6525221831709853,-0.13448187631988925
3.640390460629095,1.6409298468256792,-0.09580542604898518
3.639673247330256,1.6004079876411899,-0.09660434709929518
3.64625739606592,1.5733810172859803,-0.12380702956878209
3.6513809015477348,1.557745356878324,-0.146895998753208
3.668414652025642,1.5200091456920075,-0.1299325544130158
3.6793214510258285,1.485986761229364,-0.11893244658874211
3.668880002715865,1.4857907564352617,-0.1670751973654648
3.6484958111290733,1.5070801708795454,-0.23161307173772572
3.649148195251209,1.5288966985920476,-0.256501287360685
3.67444282845471,1.5430661220877662,-0.226539270122419
3.700123977273189,1.5520295742249912,-0.21040520176157712
3.712422369608937,1.551001936296195,-0.21046211166818468
3.7131472620227375,1.5355155388373791,-0.1851132129885509
3.7197416967467176,1.488899493090157,-0.08268505600196102
3.711248528218861,1.4425089384989742,0.0713110796911363
3.6712910603541182,1.4576321121942826,0.14920428294837645
3.6094427847345,1.5286570105204504,0.07858916375374662
3.5946091558395827,1.5817758649940958,-0.0352710885101597
3.6491046951204367,1.5701316642577658,-0.06800209429987564
3.689395526567368,1.544948677016869,-0.04365559009587207
3.6932239374015134,1.523390606213577,-0.03312285173642979
3.7019394117838127,1.536268052069804,-0.0741300279934381
3.7450064347130563,1.5633357760497801,-0.09532125423159893
3.7595404528021583,1.5714305145694956,-0.08590866517273188
3.729834233819117,1.543405075847075,-0.05521285729432296
3.7359871459631977,1.5227258130017056,-0.00374877136105538
3.7705092171219556,1.5397494395273834,0.02134095901931409
3.7651865564216713,1.5933868696578584,-0.01874429023740358
3.698591890234343,1.6345083805850797,-0.10885977274754648
3.636176787897008,1.6622426911668307,-0.17732096145353038
3.6321443716247432,1.662543567879724,-0.16069242389423252
3.6369656505774377,1.6323709941527187,-0.10521465450200043
3.609065238007467,1.6473157698515501,-0.12413630446792932
3.5564937523663462,1.712488213466495,-0.22680641262395865
3.5587120645947192,1.7595646668394562,-0.3116743974536697
3.609598336432653,1.7192794097518034,-0.31984454013179375
3.662339058687211,1.640857023466211,-0.24747187249388125
3.6732253270489883,1.618842245813508,-0.16420977559798605
3.6332541462499095,1.6484152849720761,-0.09787100875906307
3.5692510956740873,1.6764921341760206,-0.050421171337611946
3.4900687938294546,1.684488954654848,-0.07354897028700612
3.4385163160598418,1.6461876809034088,-0.13262239215827773
3.445790735108857,1.5923548370357117,-0.16855195364013595
3.495053407983175,1.5381764838187835,-0.1376375283579414
3.565319424558815,1.4896594023670888,-0.060388008084295924
3.6140167229343145,1.4511364115613254,0.040167712914218286
3.6050130520012003,1.429296299115363,0.1354584948784885
3.5424119976805026,1.487147224797878,0.15086656695156264
3.4671506590973227,1.5835167854073662,0.09598370463055575
3.4181848146146105,1.6385011284690525,0.021689197195527785
3.4186986210417936,1.6176209686732332,-0.02540519020410479
3.479456743363808,1.5410032907143338,-0.025699069845898623
3.540336284833666,1.4667160194116182,-0.0014281866450004065
3.5683286357269126,1.4458234671790609,0.038254454776320286
3.5547538575913027,1.4785868439631744,0.04482540092095863
3.494354324306814,1.5256992670950054,0.0016034315293871016
3.4147067219348655,1.5584042882058555,-0.04991165399923648
3.3621801110485996,1.564692495772119,-0.0662731975412566
3.369906698692597,1.527323954697613,-0.03473507766017912
3.380274107454696,1.467626050085254,0.004510288576903273
3.3774390509277628,1.407955633895648,0.03762206839564273
3.384270433110753,1.3904904165345544,0.044900631547291216
3.388875035725058,1.3665258413075916,0.0518135259300814
3.360042782783191,1.3336826371275186,0.05866938754771663
3.313995233575929,1.3594439684625579,0.04879516988652163
3.2852253878941013,1.4096384572971907,0.036671540927979716
3.2146043105202353,1.45887927730194,-0.014652855441294648
3.139435171413937,1.4609105701603862,-0.0426508785554367
3.116108819453238,1.4519403545872143,-0.053062934602050665
3.126174980476268,1.4792019308469175,-0.024809834015038282
3.157331869113104,1.5043100477774332,0.07796576645820397
3.1786660908948225,1.5105176963255869,0.1540931568253358
3.1498138966910787,1.5131404616873805,0.1238889700734749
3.0661078876790278,1.5038096167774033,0.044628217482400784
2.997653039830116,1.480287649364561,0.03144631578593858
3.003192730494451,1.4462441475108354,0.08607399019795756
3.0473800246409164,1.4067122209241236,0.1398528493257059
3.093325263865391,1.3871039953157014,0.15592951504903338
3.1475191640435587,1.3744372425609217,0.1530365159972421
3.1832809466764456,1.36603007391769,0.12631221241028862
3.189003241483151,1.3868761783201915,0.06260362924851512
3.1754708243266077,1.4100757997433315,-0.01642441272821806
3.1353903521050577,1.4065465850123837,-0.06996697730763336
3.0888103047726467,1.4008139881026114,-0.06654639683606134
3.0433655651859675,1.3978846918602754,-0.016074951714658402
3.0278660354898634,1.395298911645266,0.04262579615917547
3.0641161125993155,1.4094182331863927,0.1048970922338943
3.158238504923709,1.4067359240130215,0.21360646933257602
3.2393290909279693,1.4188482587350715,0.30983855295234153
3.262820396498541,1.4655543448929713,0.3509030483210099
3.2575975945955875,1.4733828140360783,0.3746842490317352
3.2304849652275127,1.4514576960869743,0.3712325252214028
3.2100737849752994,1.4431076846698443,0.3263031427171928
3.1696423689654445,1.5160222447499692,0.18204122334533682
3.104044193770349,1.5584189592007074,-0.021449864910992336
3.0142938923609925,1.5795342518965703,-0.19503047118225272
2.9545602500758186,1.6015446271471494,-0.2719541158682923
2.974072847463382,1.6105767132303896,-0.22991266009148173
3.041778910320217,1.610588585195209,-0.14048340368396237
3.119399433667398,1.5876624761355733,-0.025686390994036225
3.10612419701922,1.6227648989904446,0.03176033026423501
3.016155650589904,1.7143819447891284,-0.0033758040665651705
2.9498311929698047,1.7782392067383925,-0.06911005503481643
2.950916883111367,1.813242701364,-0.1417749729578886
2.9484762433066756,1.799664140905545,-0.19459804663722818
2.916910364328337,1.7572200024471103,-0.16979298076799054
2.8940194335121427,1.7270891109182898,-0.1128907616477375
2.9029762491450564,1.724616576847672,-0.11103508938690929
2.928333787262055,1.7225334210923366,-0.19089429649561646
2.9090570676896577,1.6919726829385746,-0.3083172170621136
2.903772420260288,1.637322396133976,-0.3427959743107948
2.9595680396458492,1.6054315079678512,-0.2690133881988274
3.0311895362950168,1.5990531067782154,-0.16430529672001748
3.0825229520465065,1.591049067516254,-0.08455626121526291
3.090139205352967,1.5997226858620948,-0.037567638918425836
3.062388816455475,1.5828911313722107,-0.008957797435477949
3.050143576370477,1.586776132860126,0.006645371178122597
2.9993914145895526,1.638090886808578,-0.03335081165088298
2.971999798113069,1.6777148593336548,-0.01386445128940565
2.9921697309567965,1.7119291946648076,0.05859141598599813
3.0227467397328334,1.6949800278519536,0.09365232524068977
3.0532843924291675,1.6399884330409706,0.12109541287267332
3.428509101363151,3.2260206604810713,0.5038875753436526
3.8884764501223126,3.170566575543028,0.8906233749689445
4.633798310547492,3.1581344860526253,1.3907975264144266
5.417594175188207,3.0475896237052797,1.7493388355489197
4.174205928863229,2.3613033257017877,1.1357174886659491
4.070634695645533,2.3567603907739563,1.1470700582621327
4.236510376314349,2.413532076297323,1.1010863324432296
4.572019327039272,2.4890079822497393,0.9344213888410915
4.7428172873278625,2.752817043660433,0.7044636041290832
4.888902581604876,2.8134953381493695,0.7640307288782381
4.102581655054667,2.044807684016831,1.1788242222143095
3.9463694330188366,2.042737447986239,0.9031212786714253
3.9056466460046084,2.055932264977164,0.8925561198994911
3.8750056088957674,2.080510962193672,0.949211560731523
3.7713429799018248,2.1326523362423573,0.8527126126059534
3.7508838659456845,2.2157555638316166,0.7435986869545931
5.029059211949729,2.7795634591689513,1.4126174047621827
4.782876446846326,2.9306459998897663,1.998527541635264
4.856214993342798,3.1792876646537884,2.484274978746427
5.045105271249892,3.473922306048179,2.4674792660869937
4.448013737223092,3.052184463058242,1.1759083726291741
3.701772044113748,3.455713040884828,1.40352534898805
3.0335699852057605,2.355463956663107,1.7630546191864078
2.842273232779347,2.452200299369556,1.6419890467655767
3.476795312493375,1.861580295239174,2.7820145864455013
3.192415861226868,1.795115802862182,1.8039874576269082
2.9789799360753872,1.876233289297161,0.9748351733787843
3.0038218325424273,1.9626063355003758,0.6310251167593142
3.0957422031649346,2.1037182129583556,0.6665856843397983
3.087003766538816,2.280627606700543,0.8397707185295195
3.1060233928800938,2.3339823014065555,1.0180142290481113
3.1287586800224054,2.255213511327415,1.0652074580863486
3.110039424185101,2.201305549443919,1.086981896394118
3.092088248899984,2.3134568999745126,1.2354803602031896
3.0713142652120786,2.4137814654158656,1.855366526387705
3.0512458917495926,2.2486945045883546,1.630147797361278
2.9824219090942448,2.065908964915241,1.1558288967685122
2.9414159749933484,1.915463268838255,0.8203453006640956
2.9997460643090896,1.7863780227165245,0.8307949449103043
3.1159927225709345,1.722177156161069,1.0584334159195699
3.203313261486574,1.7020391240470305,1.3830954323470424
3.0725042745690923,2.0811382757227466,1.735398336168211
2.958198004870354,2.1395887943814,2.124332385350696
2.8314563179817105,2.0473807664078234,2.1706437367747804
2.753166836669968,1.9160199851000594,1.8691565120092077
2.758110130131528,1.8466260745753111,1.5451574933660581
2.8702000196442414,1.837870796886921,1.494112175647186
3.0199787412603847,1.8046405286642535,1.6201122174730518
3.0630823038724424,1.7584916765807737,1.5483284034639744
2.9646745188843715,1.7723150231487164,1.1848710995130016
2.921791659161307,1.8604947069057876,0.9110189759093184
3.0303210591143923,1.9833179448026639,1.1470182903402026
3.1941863072639713,2.1683675414332155,1.7979561309029939
2.4151388045552453,2.6112384874305055,1.7471289091302953
2.726564681847469,2.4961840149793346,2.21399780355665
3.1462585342959604,2.3060782726271767,2.745419416901349
3.430854805703677,2.0546200596720285,2.919281713220459
3.50302812781141,1.8579505701507713,2.646914008010358
3.4544962621983917,1.7696783825333566,2.0795350159387094
3.2988758152198,1.7750741465525046,1.4392199931346212
3.0862773341501386,1.811708733569413,1.0032538699963605
2.94540645631579,1.8892955205069935,0.8702932132369282
2.9491090027453946,1.9375334033910445,0.9682530170694401
3.046677998835573,1.9051530861059383,1.103890753282875
3.1562343200478873,1.8981163659266005,1.1009543484821864
3.255889261362803,1.9210682801970569,1.1176564947775733
3.33607891447183,1.9655536841153747,1.3801039514247657
3.424534662829899,2.005025242905083,1.7273100674853166
3.543078643796499,1.9716217928263564,1.8711930203610427
3.6114724799131914,1.9099022023000203,1.7882720786793764
3.6179850777362574,1.8915092632582684,1.7448083948552133
3.6004036659585505,1.8516306278501784,1.7505139521992974
3.4623946311941793,1.8122653641398596,1.475629202924418
3.1968854961126607,1.8153445230060383,1.0367561719597223
2.9292122765002824,1.8779758168353942,0.7583409867189199
2.662450913579932,1.9888497421133782,0.6261554314252338
2.3875995255824476,2.1121186516588204,0.5141393377721059
2.1737940756394902,2.2144799740812755,0.4197953236693198
2.1104369925523154,2.174943720065111,0.3981691207690103
2.31672435322871,2.01538942917681,0.5322347321645752
2.6604080704877267,1.8729196665140857,0.7111339241221822
2.952394256865767,1.9081142598020284,0.8348861021227176
3.137498990760805,2.1696874301557076,0.8995378171646619
3.1337198368927277,2.2407950734906055,1.3757627854353192
3.1824528162876797,2.1063427465969404,1.3302825258872122
3.209681890266615,1.9724618102884834,1.0938443441612737
3.23736080555021,1.9100655197126586,0.9575639260658728
3.237751842553702,1.9482715360147205,0.9290082741989573
3.1375366399446034,2.0060483470165216,0.8945128684813162
3.038457023080263,2.0463609870316857,0.870400711575194
3.0172654993219123,2.082189673976024,0.8734372207155826
3.0047709348507676,2.1546650381163963,0.8135147634922989
2.9499989563410067,2.3377528337614675,0.6706882818857061
2.791037767372281,2.5492697614986106,0.46658355230877885
2.6357914906829323,2.5269134928333408,0.49479548832448156
2.7747782162837136,2.3865222291305934,0.7252279673555835
2.9200910920051064,2.215167726127237,0.9235398777843422
2.9818563521199546,2.0774916588098713,1.0260856521257105
2.919818767154503,2.0290675507154696,1.0088146481057925
2.7908761890679012,2.0015941149034795,0.9031244952022631
2.7374701995527375,1.9408320045552574,0.8106960546837852
2.8491974146355106,1.9280351124754624,0.814354570058704
2.9439969358112257,2.028274903716771,0.9167460745478315
2.976144299535882,2.259264902143148,1.9723710015489866
3.085944430021202,2.1905643157345964,1.6318061217820057
2.984120101979424,2.210451344500231,1.3072502163808086
2.86253771845026,2.1861269692390515,1.0422595174700011
2.803556763294248,2.159935474446146,0.8200286432664738
2.7733970549227775,2.22640622626519,0.7440033206663895
2.756756357997746,2.3581120147696204,0.8934292951056717
3.036248449911791,2.2287767969110006,1.9482561784862205
3.1312539586005745,2.1024215108345126,2.175337404166002
3.2082906705370395,2.040517752065391,2.0290933434050173
3.2261607092067908,1.9567967919193145,1.6404765462820001
3.218415259380236,1.893610096516026,1.4157420584643425
3.1815733547088394,1.850062867148105,1.3331384613687078
3.052563137442927,1.8595936092704672,1.145220340970006
2.9032812046275125,1.9280955628919951,0.843755077372308
2.800520242145412,2.036987059896601,0.5883780915873221
2.7088690174275105,2.1483058037558624,0.4668243403895044
2.6541917262132992,2.160870089228668,0.5128760176455165
2.6966795708821722,2.02049183416838,0.70761223759985
2.781818335213759,1.9267108803647526,0.8700283824656748
2.854121030534729,1.9538267617956728,0.9362712412964164
2.7944569932250283,2.027204395462598,0.902270339244363
2.596389546767626,2.077934787620168,0.7957086065197431
2.3873129980882704,2.1791674640491623,0.7903268109826284
2.2535141556343965,2.292632840949227,1.0192911214470521
2.2815467189666823,2.3209260976074355,1.462489769728488
2.3967171016820172,2.3781447881225826,1.8516945608173823
2.4575021378342377,2.4749954109678587,1.6679216014006901
2.4980708707817345,2.1030051410116775,1.5354417361591155
2.403166386440847,2.073286528713103,1.5123072224977032
2.3051896716454188,2.255079271768118,1.677496765884341
2.2200735491390526,2.3584581191573557,1.7615274620082213
2.3241089011845513,2.277375937325217,1.6827857948228815
2.5489204752813492,2.059540411556789,1.4062256621660127
2.7137448988184887,1.8400382585540012,1.1686402148436388
2.7809871260706993,1.7485863505052697,1.0939985623970525
2.7674255804255012,1.791276787599858,1.155540434280322
2.7164154891485133,1.847718236096716,1.299592182027318
2.7518354725752823,1.9152325161688701,1.5191254761673796
2.800089904359671,1.9747991842154244,1.5336366667179546
2.751064475895803,2.068694927053969,1.3065648345877219
2.6384639753559167,1.9883241188494494,1.0726799941859355
2.5311839663190896,1.840383770636659,0.9397781852094579
2.572951173323308,1.7558302791130695,0.9522150285752209
2.7811085008736933,1.7028043232586516,1.0572962945616882
3.0257535392961796,1.61948675499397,1.1480364412564688
3.1095434486096263,1.5162598431045842,1.1011601441725505
3.037955545854345,1.406038014231988,0.9643981323204552
2.9783546414695428,1.5492911361519979,1.1479670124496297
2.9602888777371414,1.8632450493382795,1.7231606681559284
2.9143440108544865,2.1105158220094413,2.250656120606756
2.861383235218329,2.0099203427752763,2.2447619789192133
2.819903789630671,1.7507861262618756,1.6993812377313215
2.856417066852674,1.5476415170940656,1.1051998346202156
2.9600907574046103,1.4607207837138674,0.856709429777011
2.993348377648867,1.5158317619261386,0.7879476857771063
2.8737887653592016,1.6550920960056694,0.8031512786107993
2.6646384996433343,1.6889799049259093,0.878304118877633
2.5620116494066827,1.601526459273711,0.8853759645678333
2.6106600259554456,1.4973486907269555,0.7446477769063394
2.7191508166373612,1.4059202354880826,0.6115451748842928
2.8288813570239535,1.4009005201011193,0.5689067597733962
2.9805028583160063,1.4544615104859462,0.6300092614821757
3.102998512621029,1.5000133861694678,0.7752224990155644
3.0998702374043794,1.593034824145077,0.9389823384912793
2.9689648996609095,1.7409668292811493,1.0141048074410681
2.7769664696222027,1.8606350050848353,0.9119045631229026
2.7191471781912724,1.8710925611812395,0.7698976776134415
2.7652096763196603,1.7792100025365487,0.73340452814058
2.7883164628206556,1.722499713620019,0.734304779358292
2.75953449691093,1.7301797945994049,0.6109283739085545
2.6067229483950847,1.7443565492738387,0.3859382340239777
2.582007227494516,1.7791822036131795,0.34727233647854655
2.870777702513651,1.8355218492750933,0.6985401923224729
3.166379142485419,1.8461035049871404,1.2370842428910322
3.350357376917621,1.7802988364210168,1.5532752580701887
3.3221760491329344,1.6672595406071173,1.468205128271321
2.9947968340643083,1.5968626535909685,1.1834343483255296
2.776768577643199,1.6772279323865222,1.0540780332723918
2.7959464276386394,1.8015188588660036,1.2038520632844139
2.8299901193218338,1.86228876263507,1.3911652157518275
2.8443009930349024,1.823688819744642,1.3741947697994732
2.734845366335996,1.7426518451333572,1.0819478138218417
2.598633261793245,1.7066093619947378,0.8443798382851544
2.6299581819566664,1.6359055693486833,0.8285866170254667
2.7949348304793795,1.6027046377323222,0.8715055863951129
2.983261309619619,1.6397450160676106,0.8591708732565261
3.0618100239027926,1.6984130217098568,0.7389074278628716
2.967579742274142,1.728013141663202,0.5392751281415601
2.825403536018995,1.6915480617459357,0.39622707860903267
2.747887706741192,1.5676100517843665,0.3531189552878886
2.7436341822884684,1.5123364424051542,0.4004073146594175
2.768088316534101,1.5300387003454847,0.515357041582777
2.702742666951015,1.5499572025156534,0.6165716168241978
2.522367670619811,1.5334451395783042,0.6113612624202552
2.2759869234646803,1.5835272325398753,0.5487025616619225
2.066823891779268,1.7317018308667822,0.549366034195583
2.009687767995439,1.809338576553805,0.6371658531890447
2.1082111797903997,1.7914238305158283,0.6338573614018835
2.3224057390484965,1.725265331960408,0.5240722806880631
2.550405830121509,1.6907777808459687,0.46915048620792565
2.6573761909161417,1.7309238101879607,0.4707777503886095
2.6797065610515562,1.7410860638484427,0.49302934086910066
2.7317804171718088,1.6760021779056344,0.5100690989093116
2.7810290514905343,1.6292408498032924,0.5402145454513035
2.814083668954141,1.6151753381114522,0.6294708134144583
2.7394486477479685,1.7005493622266414,0.6588000795068157
2.5378086688704533,1.7997140938759792,0.559239048292383
2.3561778021408446,1.8095754923895875,0.39006321199454647
2.2670571334109813,1.8284860042634652,0.23887763235486636
2.289950167581575,1.848189276740746,0.18903248522372593
2.391115259824107,1.8633898171818757,0.27499832590357676
2.541678933344862,1.8822120903041666,0.5020495693776006
2.598445338751352,1.7951792343052082,0.7227597564529127
2.5695667104362907,1.7253534898634877,0.8763084332312349
2.5189808927403323,1.7115394061109461,0.9016870873186251
2.3408442235065565,1.7592268619883813,0.716051863879373
2.07027038092577,1.8554213721631365,0.4133776996252469
1.908933984495114,1.9491473154437873,0.2309222889513401
1.990772485785193,1.928613221512425,0.31559300335185214
2.3328758399616376,1.7717904594282579,0.5796439613850418
2.613910730239096,1.6094554029049633,0.7637669080911609
2.539524023576406,1.5323604627017489,0.7250868360508351
2.303367951373263,1.5794434803989175,0.5221829708640752
2.177989785334856,1.6371721374401953,0.3909644739732548
2.215618997082874,1.6477793475108946,0.4005770246338101
2.2449454345125734,1.6969547246404302,0.41904035051618466
2.193993831844963,1.7456101690889982,0.41918204523025027
2.1332242310251406,1.7442487262183348,0.4350350393895651
2.1222041520834782,1.6593011070610209,0.5267398573865653
2.144463203319786,1.5688792349991711,0.617397207104454
2.1440612720469323,1.5020726689323303,0.6333269313454621
2.21876228283329,1.4821710402223989,0.6323612088076194
2.358362398823325,1.5367335808327385,0.6404077525110037
2.4692663135715383,1.6204791876740356,0.7358077025638153
2.5654337295480003,1.6226846285141334,0.8885545965234264
2.6198773014050585,1.4760581798092898,1.0140953866977251
2.5485762627355255,1.4791127009927902,0.6774613034167454
2.229365201111783,1.6972901640479248,0.5440297676488728
1.5034728532382258,1.9714711331667565,0.21712308290985496
0.7396945929945217,2.1332435552449205,-0.1194286850427709
0.39892696832396946,2.1056884353182994,-0.1679892174661633
0.7176991368298383,1.9635983233411525,0.10271846859515289
1.495578868076004,1.8219225694850922,0.43149919659215263
2.1851103993232743,1.7191519364842491,0.6232164584026596
2.4873077981869876,1.6928186593727994,0.6812314424057712
2.552217378055183,1.6780691228684466,0.6858492257265344
2.566560263103863,1.6710780944888772,0.7143455172248803
2.5315022166797707,1.6951633268282982,0.7336323522570004
2.503731048076201,1.6638941513311152,0.7767712175031242
2.5439528315915707,1.573115915822031,0.8526833211005846
2.6144049440081933,1.5054943415536064,0.8500899055286635
2.6507267053018206,1.4479634477386727,0.7692670870530272
2.602476803020519,1.4031259073259144,0.6680504508937494
2.5603789875764735,1.3357644681382304,0.583612759895257
2.589717016316251,1.2248588782578036,0.5598180550242637
2.5945498655853196,1.118450480705744,0.5969787522614237
2.5884737957427433,1.0560307013752486,0.7339213048331492
2.612997043021691,1.0338504767020031,0.8600137960304076
2.6543200267221487,1.0087142794115518,0.8676503880119455
2.93859226221262,1.5988356053701904,0.8422094407518986
3.1055154423495104,1.6527365728069192,0.9516382009708859
3.2541311988597834,1.575037494179715,0.9277016538910409
3.232720077495505,1.4393204597916367,0.7957672396078375
3.1209674120031616,1.3442455925121468,0.6688509400327709
3.078889938347529,1.3061733075539017,0.6321182306685889
3.147177616539531,1.4810153791183482,0.6640321573958246
3.153511427582886,1.4782958539093922,0.6533316345156169
3.187331300111078,1.4106666934165055,0.676483846224042
3.2434757113443813,1.3209567630128687,0.7302946422925823
3.2830128007803125,1.2815522398044767,0.7669831820371059
3.272687984161307,1.274927347036291,0.7424492515837695
2.9907710877707836,1.2949407506841932,0.795788172560257
2.950605740078306,1.3604775769332704,0.7534499826662766
2.851597355078278,1.418021566113184,0.6719814811302677
2.620195294071825,1.4888213049525065,0.5231405589015371
2.3568598274856805,1.5499901920488017,0.4151394457181961
2.2163332253913017,1.5340645024486168,0.4559550627512142
2.30353133262972,1.4148904626129624,0.6260271641728874
2.655158051230686,1.271800346161208,0.842923615522152
3.019111740784451,1.185410959402682,0.9761909402702383
3.093718762322205,1.174052454996687,0.9478696511030441
2.736347363489529,1.5278338891778562,0.5476115857749344
2.7333981319572653,1.4139726226069689,0.6508675540925749
2.6885577384552,1.3676400679409453,0.6855821691235581
2.577066459053529,1.4051322270875286,0.6380738350829496
2.5086662218922364,1.4667263139501332,0.6117266743526665
2.586576105052252,1.498680656396551,0.5459520492908547
2.7821976420244123,1.5493615486522192,0.6353544778782759
3.2523234511985413,1.6237284499352869,0.7553692085342597
3.7077966292244167,1.640371788095442,0.8705826143695106
3.925651341329078,1.5067443132685017,0.9589196317439198
3.7899856390593523,1.3624474568192007,0.9910841940422298
3.3026497478510617,1.3139498021536984,0.8842137531799393
2.8833266318127704,1.3523671968893,0.7241154569660971
3.1268074312005067,2.8043281896645746,0.8158463431255487
2.2939689100729805,1.7373040855816713,0.44298937675638916
1.7537826569152817,1.6544498581070037,0.5193586743617294
1.828410600245205,1.8903627996971784,0.8537210907309752
2.189587739629974,2.076656683764528,1.274212291166221
2.0870801651181488,1.8990898839384678,1.445805028366945
1.5846920942122913,1.846332843568764,1.4031522810452617
1.0226640883739586,2.1578949230659434,1.2222064087536177
0.72386245029722,2.5038491740604094,1.0428777359704284
0.8088632010417772,2.3057092874529985,0.8542837533660373
0.9086555763510874,1.624507986142994,0.5003432162466506
0.909867595637162,1.5943766927558782,0.3513430887562472
0.7757047112280122,1.655236294008285,0.1811574374860368
0.9840593606353262,1.7853119650201146,0.21550676416692488
1.7920351337390712,2.003960451808261,0.4582490316076981
2.4298370099527737,1.5220746037603459,0.28155786345232175
2.335527697081926,1.5350975373612954,0.20027146172335858
2.2957681784424993,1.5445922057203398,0.16307914452719757
2.022583892032689,1.9148922417247485,0.557040151907732
2.4543624853361172,1.857201397602264,0.7121428685360991
2.901077388208892,1.738173950197037,0.9225316411956359
1.449907676440056,1.7628023408120537,0.12564246686102698
1.5449926047600249,1.7573608223587924,0.22350497321455065
1.6394676090112372,1.736814150247251,0.2981575961345441
1.654936316597008,1.7357655230809461,0.2503301036186656
1.6562180785760074,1.7253681349968664,0.16061296407007797
1.6713521901807336,1.6937998587804943,0.1374233635330026
1.7483392468705843,1.6739670877846748,0.21649581210686875
1.9697141343069933,1.6941874507365509,0.4641037463264952
2.135391922509964,1.68599875420318,0.890528249080171
1.9130468571440595,1.6669664030841183,1.2374241246074016
1.3595883501849142,1.707129893284375,1.4497705931732123
0.5875012003811804,1.9002214731826987,1.5192215955204391
0.2559045894766248,2.3267223431925084,1.436253346993037
0.780542162944812,2.572035121754618,1.116867946754682
1.4549241225092777,1.6642437725125396,-0.11520038696133421
1.3962079714532776,1.7153204606233936,-0.042393165218034705
1.431288406736115,1.7340693706574914,0.06709001547126506
1.404772750407335,1.7492517593216483,0.12200663491346561
1.2871351465165692,1.7781539434373743,0.10381062184715857
1.1982469111614271,1.784497334354769,0.09182165538791869
1.2421506574366261,1.7579617076100154,0.11968805573799572
1.3946593688996394,1.7111754203183562,0.2025961900633849
1.5573843396889933,1.6698670441377854,0.2839876376516546
1.6562775991063776,1.6481890438091917,0.30586342625176693
0.977702812295727,1.7013453202399338,0.29131239013758886
0.8125405701228723,1.7478418998579852,0.19799841626765233
0.7056660616035275,1.7932084675013127,0.10738920607450425
0.7129578657515918,1.813922603025318,0.07760967638506808
0.7545739505929723,1.8421095970615675,0.07870245924001518
0.7206833909356143,1.8692960222294452,0.07289278204826175
0.6100582478616855,1.8768980474373795,0.0368382191962461
0.4875272069482831,1.8623166371090445,-0.016466095281071638
0.4296375847885066,1.8561436038642918,-0.045939167179927264
0.44454524997199313,1.8786980460616776,-0.046453099899311
0.48768175205275005,1.9313557882993377,-0.04147846327355423
0.5513077161699113,1.9694293779767902,-0.01584729920997679
0.6397674932112617,1.9666332095321089,0.05303835572401033
0.7453657349681378,1.9283094430842835,0.1442530769458056
0.8748270434885826,1.8819976233650066,0.22465018984901314
1.0203696226517454,1.8420572364176568,0.25854839350225217
1.177138159820042,1.8099098264465276,0.24504723544713947
1.212833349242821,2.4173811508393217,0.4004488380948996
0.4731841048976072,2.274815846618561,0.24877526214826343
-0.06790114251052366,2.3576332393489383,0.3387118913688785
-0.21077315351300785,2.6363378429771354,0.7351776217319199
-0.0728442791189329,2.8396488527500434,1.0710448728145794
0.07658866052031703,2.9096399772295642,1.216876261022508
-0.08757606071775241,2.8329120712819185,1.3431886984461017
-0.3815424962222964,2.6606104411665177,1.4940875813514816
-0.4475777051193416,2.6219263374071025,1.7327769112774454
-0.17096289176032115,2.6570309966789765,1.905799954210552
0.44272215169627166,2.5735435048061013,1.9702028265501212
1.118500817853729,2.3507777171046413,2.181150200125372
1.637521975153742,2.133772763128963,2.43065743548713
1.206547912175106,1.6939147637664793,0.24056862821846922
0.7077055766825551,1.8079302121459648,0.10717707200430536
0.4821231611310985,1.929280513737813,0.13529387609560012
0.6716510397689516,2.0369615757206243,0.32560991190684296
1.2488448485218584,2.0329067758460093,0.6064870190408315
1.9795933740088532,1.8560752600534205,0.811898900768231
2.601560763464439,1.6197457206415298,0.9095683776062257
3.0110376959111584,1.5072948698947677,1.0881157359248754
1.6948192119411467,1.4216109619505828,-0.6173889805238438
1.6855971350481929,1.4226968734812304,-0.6589622044560802
1.6694006803437031,1.3910620012000552,-0.6733310133208643
1.671074858310649,1.3427997108271548,-0.6614598774423157
1.6936846428805226,1.282672561309239,-0.6537862163122523
1.7272457876001557,1.2803741830700506,-0.6911604345545458
1.784313984770834,1.303486763107015,-0.7282993879214595
1.8594117301512028,1.2930651732521847,-0.7012513876510755
1.9536898722268383,1.2454973118997186,-0.6081021245553082
2.0558323714055042,1.1940167087524682,-0.48307113717258376
2.09900057415921,1.1604785773398143,-0.42827249857390237
2.07695198428624,1.1624650013483573,-0.48596098792895265
2.023970276539878,1.175889684967274,-0.5820495708682663
1.9670807985107184,1.1786250510257164,-0.6401777499759157
1.9238440020526117,1.1693537754269212,-0.6549766711404857
1.8926185212577824,1.1531107289198517,-0.6624568619188924
1.8726627876697284,1.135082365788623,-0.6879804066719767
1.8768770561446482,1.1177337259678983,-0.7108353103056606
1.8631612620749698,1.1194617655060504,-0.7508600799273066
1.8223379874679724,1.1402990186103654,-0.7982092803189007
1.8088054838353431,1.1478657270733974,-0.7927242409414839
1.81443138115916,1.1324226199849319,-0.7451901251866089
1.8148153283565878,1.1377476863878921,-0.7229586844138456
1.8411023276955898,1.1653640122353652,-0.7249643848068188
1.909973296636535,1.1574017834038945,-0.7067589296258149
1.9553443502928323,1.1439574086012685,-0.7019243824433464
1.9376246450368113,1.1193875164794465,-0.7241392395086247
1.9617653145006293,0.9574275906005808,-0.7301675710155702
2.0255177746694306,0.766552836354455,-0.7069336295059947
1.9869678221398772,0.7466691646585271,-0.6862749435895026
1.912657055347157,0.7553335197188974,-0.6712726495714644
1.866201836214594,0.776883088267358,-0.6687472507291554
1.8688654259283128,0.7839703058685418,-0.6681141183693804
1.886421278275331,0.7795349311787505,-0.6669106482763035
1.8975578560653166,0.7781143664090994,-0.6595120594531501
1.9010730244983463,0.7622247589454333,-0.6388492876806664
1.8880409892880585,0.7562788282994705,-0.6239003073675576
1.841038107159787,0.7715051313797981,-0.631773908441049
1.7679028314922494,0.7822764744051862,-0.6366334144977936
1.7145041904124638,0.7681961955317349,-0.6070044169930278
1.7140454542546053,0.7340733056753492,-0.5529077838047991
1.734720918992224,0.7482117864112852,-0.5395837606686542
1.7447253264209983,0.8028466282146965,-0.5703572530636388
1.7708659758265994,0.8292676262704035,-0.5435096960875654
1.8251396688808887,0.8231520814729401,-0.42355490698857795
1.8816467753792336,0.7883976122338581,-0.27757654714034247
1.8955841364469943,0.7682685978394915,-0.22726425504022732
1.8687928852268982,0.7707415650603573,-0.29345503296830305
1.8619556960431265,0.7634579322975991,-0.3598940193656121
1.8892193976533906,0.7470153125362475,-0.3515092444930946
1.915259878995225,0.753359425537675,-0.2867102655868186
1.9242115923815029,0.7974214660008841,-0.2340121819154659
1.9359433542463584,0.9378066022582414,-0.23391246617710465
1.980792925257833,1.1233890504533903,-0.2709187566837761
2.042712521089406,1.2639084669951934,-0.27122287703107145
2.0643045418461012,1.2936220405385626,-0.26424390601680786
2.102684102847367,1.1774983253353808,-0.2233819885948987
2.1290990499862366,1.0228878364384482,-0.18348927593528583
2.1226825465718324,0.9504940681396908,-0.18085982273271348
2.058770567780608,0.971694184190321,-0.2557913311478285
1.9451674984077847,1.0747932131539801,-0.43463414929503214
1.895479006580252,1.1388390883602553,-0.577904389085571
1.9083116231066213,1.1183836871392465,-0.5654796490972579
1.9317472528413586,1.066672843193664,-0.4372043653477328
1.9058339556309478,1.104612279153,-0.3706771461839932
1.840136356168772,1.1993831335123992,-0.44268753197448585
1.7840486884398796,1.215268421816207,-0.5414048691150379
1.781083262398678,1.1247775693828777,-0.6132973130587315
1.8230905168106086,1.0215308366117795,-0.6392112553870063
1.860983706089885,0.9598433714477856,-0.6071142342244761
1.8705118672226126,0.9168172913316038,-0.5650063074607377
1.8536432836061418,0.8774702992254318,-0.5081382731122328
1.8091888212196592,0.8960295964799784,-0.5159285812071428
1.7425997734362781,0.9532932192035891,-0.6122033727649531
1.6896143871284925,0.9941454515582533,-0.674429970319893
1.668337597336213,0.9844663700233095,-0.6657614953198415
1.6845178512450796,0.9746450298777972,-0.5726370028266048
1.69174804194051,1.011197335295455,-0.5361298021780669
1.6997708995328293,1.0304434451675275,-0.586446101980172
1.7651240810085502,1.011116356465796,-0.6211642223627601
1.8482763747337292,0.9489940339613526,-0.5998419749606094
1.8634842079386842,0.8768796821940391,-0.5553968344042853
1.8350676791767666,0.84185564278718,-0.5099541275334843
1.8602352132017954,0.8290014675672543,-0.40420584749461547
1.9081052329237322,0.8216305906237887,-0.2819616038550683
1.9023421754559449,0.8610890622529268,-0.23536308425447822
1.846267473897214,0.95338833592469,-0.2916387527727558
1.769496972186867,1.0026335561609703,-0.4001055490736416
1.7469582257425327,0.9896316890758597,-0.48784072281211593
1.77105037413391,0.961472990055981,-0.5060069921005395
1.7536626457965971,0.9487645374082654,-0.529177967669222
1.6598937443766664,1.0211144563955028,-0.5903822494557622
1.4532242161721425,1.080392244990308,-0.6753399470510657
1.07411306865105,1.1644591695426378,-0.8212841680393427
0.4962303228349883,1.2776126040243763,-1.0355304568727461
-0.1957401404427587,1.4782798423660726,-1.293604711350393
-0.73110074155106,1.7431603412178227,-1.3638329221724366
-0.7785932805810369,1.9128155439648369,-0.8271805995223804
0.015503087078632537,1.8438588754503333,0.27796963939296415
1.4758128593896316,1.5361330988383373,1.222507591209976
2.5871338696651875,1.3075204506616032,1.5665538109633097
3.0118221962355642,1.2380946452065509,1.5548179041352548
2.290081347781993,1.3849092233359026,-0.7617584113759057
2.23777729404544,1.407179233449037,-0.7528730371622355
2.1763395297669366,1.3699992688594873,-0.7299410136940524
2.099579989183725,1.3622386035795422,-0.7260318061425699
2.020093449814049,1.4248538136734663,-0.7182149990942673
1.9643398781805146,1.437449207071266,-0.6955855712775607
1.952412597243621,1.4128751142221672,-0.6872669982942614
1.9603267584165418,1.3798988839601034,-0.7191437045557258
1.9707774527991746,1.368852973082104,-0.7551494564408016
1.9746468304877385,1.3891188786880724,-0.7610226130909014
1.9743873439395725,1.376446957838354,-0.7274605873043358
1.9502498783986197,1.3326274102772226,-0.6776916101210843
1.9091185828148984,1.2554291181490604,-0.623052025534778
1.9096063479846392,1.1905323424325265,-0.559844544538539
1.9446358093735656,1.1620426426081982,-0.5265600687385791
1.9523291964882146,1.2156490082490312,-0.5593825714379412
1.8869952629228757,1.3294568747138233,-0.5952189959031913
1.8191155003962338,1.3632633195134567,-0.5863507057463067
1.8511472639687225,1.3026400906307831,-0.48351851346127533
1.9293516422565165,1.2088827277683842,-0.346768022488808
1.9191009826889538,1.1291037764035443,-0.3648639530766035
1.8532612837995612,1.119333023957672,-0.4899453025479104
1.7962727036759838,1.1621439677331433,-0.6249340250917373
1.7479741325184701,1.251907764460327,-0.6811231668270095
1.6791603402624071,1.3222081674026132,-0.7021352124377301
1.6264012292866734,1.324606846710302,-0.7421693550021068
1.639504584173424,1.2356038900991995,-0.7354403017593869
1.7303060780480513,1.0118769654169495,-0.6071900057211095
1.7091137297208614,0.9829716631971357,-0.5106271055772931
1.6419831903918327,1.056953337550012,-0.5301337018652208
1.5926892317291148,1.1246992419371125,-0.6338539203364358
1.5581912223239016,1.1471317851276677,-0.7504541307214107
1.5502965254925982,1.1254200855797991,-0.8174886894193361
1.5527104596534544,1.1048856217842096,-0.8523958096161008
1.5739538188621431,1.0585495975975925,-0.8267591632285931
1.6292651095762987,0.9833948026521526,-0.7047288815857666
1.6761931863492774,0.9116491509461727,-0.5549522604329139
1.6866539531836686,0.8958843386056563,-0.4670402087866533
1.6688593480446992,0.9419286884837493,-0.4848282049869293
1.6646805619604084,0.9621224664320011,-0.535561403436299
1.6876991929319036,0.9506163896774468,-0.5655118499741967
1.6928941401031539,0.9747213872778654,-0.5953085793907688
1.6447141392772995,1.0610302083698933,-0.642036838220625
1.5892658345256105,1.1141164671109922,-0.6839714133884135
1.6011710790499376,1.071793230828516,-0.6501537575156312
1.7029569388806456,1.0295847238740738,-0.543853330565332
1.8362315592828027,1.0114816009882297,-0.4355365785397695
1.940804258043358,0.9667548075821096,-0.3833367111537519
2.0367762248117414,0.8876888216788157,-0.3523053589196601
2.1141258542771064,0.8046170152125259,-0.30338428191281
2.113460173883452,0.8208593382534959,-0.264232758898228
2.0198193140389544,0.9853397217295529,-0.2893419318803749
1.9418254357444442,1.175995306184475,-0.31915718183605485
1.9609163120452977,1.1778146669624225,-0.2674480485827503
2.0270413388251756,1.0270119092760652,-0.15932063757725928
2.0467195023538034,0.8883690026294072,-0.08883976797388114
2.0139533671893077,0.8586991692196599,-0.08752349569103737
1.9981209833798008,0.8524010305709552,-0.10153401569831218
1.9914294238616435,0.8219737924294741,-0.10552584679630823
2.004240319374416,0.8047304320750287,-0.05364375429371725
2.0442818809047365,0.8733634632253429,0.0460142695459426
2.084743089455091,1.0577024275589384,0.155705247220761
2.0554303999238144,1.3093252555907273,0.17620013319980907
1.9299433905651753,1.7412980558265185,0.06446286361879261
2.064620597085321,1.9820869202646236,0.0816254142715188
2.0147239013326703,2.0264638765075733,0.05260546989244645
1.870521172057841,2.094348520202597,0.015154193534419061
1.9382086527598597,2.007042278447606,0.10153867947698898
1.9679095798962993,2.0124763051022843,0.12301987162977335
1.969089726035103,2.171461772542704,0.11360762165184979
1.9716333539884332,1.475160080046819,0.40185613716387164
1.7243547524337912,1.1985550011581585,0.10973391114269926
1.5519334928125117,1.255778400579411,-0.13616157440903318
1.4485231211556262,1.4709118176558273,-0.2622469366403152
1.403896712127293,1.7430336066003957,-0.2540290642871416
1.4231493530965875,1.9588965442954442,0.04854724407294871
1.6798578385227474,1.6232673512108815,2.0799945174261256
1.713615283879259,1.494613413575698,2.05651153044735
1.6483637574210228,1.5604829334450419,1.612106197845934
1.4950889771244749,1.7192238221338494,0.9584686729199497
1.3760169919746468,1.8170528962682126,0.4650656028857915
1.3545358229846145,1.8420125390680944,0.41634717769449986
1.4070698838735278,1.8484290383774828,0.6717875217686249
1.4584362149037908,1.8666083546141135,0.8742204593969399
1.4842006153902496,1.852644274711626,0.850986473456667
1.497408190139843,1.862118045122893,0.6919108414090429
1.4643167871889828,2.01686233723283,0.5109716548861016
1.7735384648213413,2.031317841285718,1.6734054051441376
1.6282659093819745,2.1280431579464376,1.2538587142135933
1.5290828074593366,2.212850646906598,0.8883203976903603
1.525706844286245,2.261030371919264,0.7283086986056067
1.5670555508482613,2.2016116811437128,1.0633011583053786
1.5124799168340142,2.180924206094247,1.0371061636675152
1.412629075951989,2.233343255970857,0.7871359276343896
1.6567321241325377,2.1643451571882975,1.8177733979979065
1.6025462360004779,2.204386173724353,1.2804388228347987
1.5808492156492495,2.208018580572074,0.6804198041659931
1.5556604117683064,2.215609833397843,0.2713021943826528
1.4993869086133305,2.212631107542138,0.0654013968934428
1.4670083285228013,2.21095607211913,0.011841840502157794
1.4862950860133275,2.2140893094114356,0.06961918938956263
1.496531254289033,2.1926471322493803,0.13741380766601952
1.463518127425961,2.1664144298343184,0.12925797309304782
1.459360057873317,2.121441263051399,0.10851952400025709
1.5119660400472148,2.089668631586982,0.14476579432401215
1.5502725424104433,2.1012892269834347,0.19500504812386923
1.5252467877099418,2.109840462916108,0.18736652829506611
1.4454317452758303,2.135315059331242,0.10476297416473877
1.2845905577675873,2.297228163718687,-0.022585635543167025
-0.0016579345279768125,2.1778083393999217,1.3393152998791955
0.3641327461186496,2.0534695051707517,0.6427442228866096
0.7541926947804188,2.036384542238592,0.2949010005116335
1.0868710653466898,2.0640714131162423,0.1677551608454626
1.3202449195859791,2.086144228603452,0.1294405731498382
1.4810072936311145,2.068643548333801,0.13009385318662942
1.6228295363152196,2.0164718671310524,0.1720040172459105
1.7148133638562493,2.014863556005622,0.18593254526074854
1.728986890220613,2.0856821147375486,0.13917613299349285
1.681612679725571,2.1882014365054676,0.05658567149554282
1.607604946113755,2.2837382351003055,-0.037441712215684715
1.5337254175116692,2.404413116507996,-0.11650432238353922
1.4508429110874754,2.5666918832037644,-0.1573118843031842
1.3743249447369104,2.6828486729735492,-0.1568691552828724
1.335823055586173,2.739852437145889,-0.13957435026204737
1.3233246940195387,2.7617182069657105,-0.14409219409864701
1.2379331799308486,2.7174782779824067,0.15547731541982265
1.3351688606016163,2.180192914322302,0.08256204766137908
1.3679000453663364,1.646033181760848,0.11590673292421722
1.3598996611763272,1.484967112291769,0.15096918997165354
1.2911279529744808,1.513181641149908,-0.06442386798084526
1.2346133136378772,1.6376414967578143,-0.39926066359131834
1.2061489471016393,1.7194913329802803,-0.6371884088366513
1.2036175920289125,1.6931554521722736,-0.7354859313947973
1.2118037347450388,1.6558203313558162,-0.7442763689486246
1.2072085689814962,1.654687670121645,-0.7049014078988647
1.1680391059654636,1.7085844764381424,-0.7257233802782509
1.1260425907224718,1.7004710592009264,-0.7722899774307999
1.1100897317061984,1.5997641097554034,-0.7697473065672744
1.1234254140102915,1.534761383348513,-0.7315207722039876
1.134907163611612,1.5265978592901805,-0.7428540423130435
1.111863386698411,1.5334084048799304,-0.8078636954100608
1.0791124262703957,1.510270272062881,-0.782371969158327
1.0540983780703979,1.4871565515316671,-0.6838661408329337
1.025778629147002,1.5180604690645987,-0.6396659739506686
0.9840130342212207,1.5608674969291798,-0.6576854055247799
0.9530436152108315,1.5485438599851507,-0.6679225664622128
0.9759281287390937,1.4752820717226953,-0.6470599772949595
1.0471392957566616,1.4072393115191544,-0.620346600257018
1.115295470796436,1.3756110877815833,-0.594852634123448
1.1261228173976343,1.3674843716608756,-0.5820292261041976
1.077327855068389,1.3772586964993592,-0.6062515494262752
1.0257690442019838,1.3844816886038527,-0.6656468462982584
1.0124728538241892,1.3761781224310101,-0.719386140618124
1.009467541193795,1.3584065800302938,-0.729670265317011
0.9727376434586839,1.3488133641792568,-0.6987279397635213
0.9088723613841576,1.3538248157012664,-0.6950656813971072
0.8488700628152331,1.3672885810068676,-0.7629070880785676
0.8250586847951249,1.3833772834998748,-0.8480760786337358
0.836643062963343,1.3975484219088299,-0.8731277159803088
0.8772688471483208,1.3729235221867087,-0.8197334695339764
0.911358482655042,1.3306176424597316,-0.779169194632863
0.9036525466814306,1.3046495877100783,-0.8040418082657078
0.881089234527166,1.2893851409479848,-0.8528972241805393
0.8760428196188339,1.2758100257233593,-0.8658498663386558
0.8751443873776327,1.2826543753451962,-0.8430205117281595
0.8711154489451421,1.3160359517213154,-0.8339097528434009
0.8838913748137228,1.3258405757191507,-0.8244854917444248
0.8944521520527655,1.2932028289217758,-0.8012272989200087
0.8784336384345428,1.258534267527382,-0.7788252254575908
0.8568201913126183,1.2455603792382217,-0.7650190954460527
0.8652776494677706,1.2245195266161655,-0.7282035387887289
0.8764429035799796,1.2145942279764765,-0.6823734949513994
0.8643721627709778,1.229547738707117,-0.6589493182730382
0.8568734959105734,1.2168113728658525,-0.6517811223947247
0.8667502764193358,1.1704100488721303,-0.6521140909560507
0.880647762846737,1.1339581277335398,-0.6569389985089307
0.8786067414088831,1.1343882358776085,-0.6703033749142745
0.8791693068215316,1.1413702107022088,-0.6654730919372908
0.8792946324289426,1.1449911349892812,-0.6768029832027059
0.8490844380992761,1.1475276932778435,-0.7392072650668713
0.8046774133978413,1.179680511352921,-0.8156888321473342
0.780285071206663,1.218945148278778,-0.8514769774885174
0.7779020627501293,1.2216666886220109,-0.8614700413814521
0.784625034968694,1.2178467108907032,-0.8903705224546987
0.7912877376808514,1.2349679917672691,-0.9272253432766243
0.7969879813802666,1.2422331993462654,-0.9252547364161213
0.8109339014642774,1.1960423347826288,-0.8757534310162843
0.8322600013846643,1.164837847853344,-0.8429687879276491
0.8587630513855652,1.169221122808923,-0.818099953240962
0.8609082089407332,1.1875170638670878,-0.8131188667503959
0.8335354507325028,1.232076298258989,-0.8783538991464293
0.7996441901052023,1.2851257434609442,-0.9557354183148925
0.7738230587821106,1.30722538597895,-0.9693332056996933
0.773675821684588,1.2703127961397487,-0.9163482647356891
0.8018693805496391,1.2299646435196252,-0.8585728105177464
0.8530194261977658,1.2083107895270788,-0.8201852758552269
0.9009517221700868,1.1863255113041684,-0.7736254424773134
0.9342020415237348,1.1687915474104895,-0.6998180139846149
0.955945318720525,1.1566564593913704,-0.636456630054849
0.9372374944828039,1.1614026131367399,-0.6290647220663684
0.8931601129332731,1.1903012694228823,-0.6755470011911061
0.8534696744771954,1.2246748494753734,-0.7192887971771886
0.8495139717341966,1.2221600191119415,-0.6841145455650397
0.8872612280596609,1.1871641358937188,-0.5921135117787422
0.9499402080561187,1.1367695016516162,-0.5118540945750765
1.0086240544578977,1.1164584239176385,-0.5097478666546001
1.0188208839219846,1.1272879183267932,-0.5681512173098606
0.9968543515597683,1.1527122241492447,-0.5996528668132439
0.9952189359481328,1.1821780845786671,-0.5666524157055686
1.0290267823818366,1.1632308267539553,-0.481342196734472
1.073437313448478,1.1112509770180328,-0.3989261043917052
1.1283778972583434,1.0807319012440746,-0.3836732097866218
1.1815132702395499,1.0803412459302013,-0.4424790155499973
1.1881494901528318,1.0792678346467437,-0.5087940031400665
1.156659038725586,1.0923476053158347,-0.5249095067507148
1.1218942348136733,1.1183767221902237,-0.4974501709658603
1.0818976908657647,1.1181196859774587,-0.48287427789097104
1.0517947449079192,1.11224651705918,-0.49492381694820775
1.0510522041545407,1.1334601274434628,-0.5148085235252282
1.1033009534459628,1.1346303337153307,-0.507854558724657
1.1500667273713097,1.1094920861171595,-0.5269770639790503
1.1291291263963494,1.1183437434592307,-0.6100168232605744
1.0821141331321393,1.1689241990354142,-0.705732180984235
1.0860902580082528,1.1864011088740378,-0.7015995055172711
1.144069119158586,1.122764030967067,-0.5855861399742797
1.1825814066455578,1.0554393020832242,-0.4850813465262549
1.1708933387457827,1.058387443872311,-0.4983744867809211
1.1390566461705118,1.134018749681217,-0.6087606470913665
1.125990807918451,1.1586635842439557,-0.6873746179561436
1.131634385985819,1.1329450705879371,-0.6869297734929982
1.1513380857161881,1.0968702547135563,-0.6282168483561344
1.1573849312895181,1.0875618006650345,-0.5989876974234731
1.1584400577430476,1.1161053446247822,-0.6079984295596134
1.170093357515086,1.150898841503691,-0.6099864880514417
1.1994016999755548,1.1424305441894558,-0.5958837975812313
1.209149544857219,1.0910884685147528,-0.5786147943928324
1.1753608701728622,1.0521718272448377,-0.5453413930707627
1.1482395226749718,1.077578257157304,-0.5046346639152562
1.1245527312509005,1.1630129589831457,-0.5545629308690677
1.0896605009462756,1.2360557073748033,-0.6848570283710953
1.055344239887617,1.2563065855910842,-0.7894028173910352
1.0296685788060758,1.2297996629429697,-0.7737085873088161
0.9932309191911503,1.228647634675879,-0.7021749564596599
0.8788277314350853,1.2661699478250281,-0.6990892072311031
0.557143536090857,1.2954538344976623,-0.7813423545868803
0.08125554225304947,1.276353662793992,-0.8174219951910233
-0.3230968566211593,1.2589486110256174,-0.7211021688563518
-0.5178350122228916,1.274059357006651,-0.6232122987706216
-0.4019411493764145,1.3284023700394374,-0.6282495501497999
-0.00178344314216699,1.3695400242416842,-0.6685548663810517
0.4366357411394359,1.327171738452749,-0.6188156687199523
0.7628063767561354,1.2326423658333305,-0.5146019097232928
0.9316598799062167,1.1831012160716217,-0.48823516760607405
1.033939834979793,1.18667362013463,-0.5239650422845439
1.2159248286326088,1.2240013423671792,-0.5410943579411785
1.2790790023163214,1.2606534481239253,-0.5820739961701965
1.232626850335215,1.251004999105614,-0.608664697347237
1.2124834305191032,1.2510967380811044,-0.634153978691497
1.1775426017213269,1.2612280331065362,-0.7101232007907297
1.107621610139464,1.29862863858313,-0.8204422368376931
1.0270730908711132,1.3509747113512207,-0.8918724053697061
1.0079242062158444,1.3726799348224814,-0.87481342080063
1.020478093451886,1.3577286005604208,-0.8516515551741272
1.0332228894579272,1.296052275958319,-0.8425925815438652
1.0505433457367526,1.2484248980484234,-0.8394744087945839
1.0784616013331918,1.2619936299863659,-0.8487371210126706
1.0781797676094975,1.3139268559080384,-0.869183780729196
1.0394492663647545,1.347621462928467,-0.8609526254891712
0.9828085825179498,1.3522947427478433,-0.8150196122224523
0.95337886852532,1.3282104406434956,-0.7480377936696733
0.941302096078376,1.2957436772892603,-0.7229971067457514
0.941994614324791,1.2851930738911803,-0.7638871835991696
0.9398589524319587,1.3038809740520023,-0.8239349169174344
0.9369457095319986,1.31040497961402,-0.8115667283151948
0.9581954087942326,1.3229039857840506,-0.7715552583490444
0.9747325021332365,1.3630148746555213,-0.8281332856851901
0.9897596659526485,1.3822132451946612,-0.9488306810828192
0.9891570275811598,1.3692042482265334,-1.0118805539783147
0.9607599893957889,1.3821578683778437,-0.9931253873939686
0.8926997673896531,1.4808381047341768,-1.0384694167163198
0.8252622381747843,1.5557717726814988,-1.1234383144221574
0.8207435542658946,1.528341031204345,-1.137917477658402
0.8772190632102229,1.4395032496178877,-1.0567111703161742
0.94401239970804,1.3645500270829123,-0.933868137570081
1.0059251643909854,1.3266576041756473,-0.8178623519019187
1.0549994758662984,1.3236911298450862,-0.7372457134393661
1.0529008944616363,1.3699601860317254,-0.7503227661496558
1.0101406208252792,1.4304100018722359,-0.8252164069225422
0.9795301538661578,1.4837346936500273,-0.8841503132608202
1.0163087781587534,1.4452881637231894,-0.8339864469680957
1.0476549545676035,1.383478288124617,-0.7684987400733719
1.0333718790721549,1.3420653250920485,-0.7493863128459096
1.0179725355074731,1.331982009732985,-0.7853207314208558
1.0394489075868403,1.3569034865612346,-0.8410680973385387
1.0598182775427885,1.3707919248020615,-0.8611731170989141
1.043772289615193,1.4077100131491338,-0.8615931166955204
1.0294875611169652,1.4201033858741179,-0.811963896936909
1.0305294718956646,1.3871893550999137,-0.7600899543549656
1.0276177842166947,1.3326573435893028,-0.7416758568180399
1.0233752184397815,1.3045975195707336,-0.720833498566586
1.0349942982604143,1.2911944288480386,-0.675103909499012
1.0388182073224985,1.3235274299533413,-0.6609604940897013
1.0213400718135222,1.39656911638591,-0.6994306322643509
1.0105861484798897,1.414781611114852,-0.7449099406517982
0.9942305009640001,1.3899653048207563,-0.7854092316427016
0.9347533344490059,1.3839422180388126,-0.8450777558381981
0.8473518244768012,1.4557602495169546,-0.9308152944082557
0.7961874662316749,1.5401147776206603,-0.9809223138801307
0.8344190081457723,1.5184034213432436,-0.9370715072155391
0.935832491932522,1.4389423563769204,-0.8605385460292225
0.9956615602151242,1.4246902136754127,-0.8436603155605639
0.9503971611050808,1.5077721021060508,-0.8995612421682665
0.8670583457066341,1.647114795029553,-0.9514862880761372
0.8173721039099009,1.7305241580433646,-0.912652417959847
0.781638600306371,1.7588922956931807,-0.8761788237196988
0.8285825233057703,1.8298794612807665,-0.8880986218803009
1.2413257968809193,1.8627013065620062,-0.6975145643370726
2.0256041900315194,1.7954016317404036,-0.126030626854333
2.8662276157083606,1.6993693315984115,0.8885001276268756
0.016069271726060867,1.8456003440906792,-0.06974081210268974
-0.32041150384140876,1.9378798894062867,-0.24027119450872328
-0.5286432280700416,2.020620864982956,-0.3142604026810435
-0.8572254322633732,2.0503917425663154,-0.2770604230041648
-0.9846489466106719,2.084570637333706,-0.2715573441596075
-1.0205988505644856,2.0544512219416893,-0.1927656783392005
-0.8754823572722855,1.9620048172661806,0.01848910989802127
-0.4964679871191872,1.8395534003489116,0.25173983069772315
-0.0005283485182450727,1.7235253517472755,0.380918253197624
0.11813561616523226,1.5217975825765764,-0.18163215536442656
0.03963923602045737,1.4492671097299825,-0.3150902878647704
0.045400718335173694,1.4312738828461447,-0.3026511975787265
0.09353609226317393,1.5281301427298963,-0.27642351587186
0.1382286412092673,1.6183388483898893,-0.2734436072880208
0.13025029488203127,1.639158242269603,-0.27903091848267625
0.01992468078205658,1.6764696696678534,-0.3272118735551107
-0.16085442213931048,1.727410415631741,-0.40220894213042674
-0.3669756864389459,1.8021409777426305,-0.4402318269631443
-0.5679085059006233,1.913310788802737,-0.37831552302753096
-0.7597722299489362,2.040419472252513,-0.20769400530122736
-0.954133341444899,2.1441013619408613,0.0026025366182753965
-1.1378398857129166,2.1800151053654893,0.11734588538232611
-1.299232283843681,2.2261556197550014,0.03036477527927585
-1.3750721051018147,2.249866746578182,-0.1748173852359039
-1.2373141016424516,2.136581162055374,-0.2769840323183934
-0.7607414057927517,1.9420109110288002,-0.13212267834588556
-0.03968508400332944,1.7481669554940924,0.16103647553462677
0.6036720760476314,1.5806827889301827,0.362661641955483
-2.5985788344953575,2.47282363782058,-0.3103691668810832
-2.181201812568617,2.5926021090150955,0.76953678358218
-1.7678079816973093,2.515387685186263,0.00747649733804932
-1.7179049156029098,2.4671603568605645,0.2729538377491505
-1.5263384594199152,2.1959458278351294,0.6294144981321831
-1.6288525338756177,2.1720597354602202,0.7506417865131447
-1.9725613966203932,2.1904572106268088,0.5502090654104729
-2.4481594342362047,2.2814705513935416,0.3048234597572315
-2.929221293847315,2.4630695591508927,0.3862391238503573
-3.26548296384059,2.642872981899898,0.6802402072514581
-3.2795491261205987,2.681408312072899,0.7883640095662077
-3.010584107100762,2.4995798270112655,0.6070058665018198
-2.8239846316664337,2.3818567946878497,0.3676004200287031
-2.8822711428764216,2.3842950128350937,0.36259708914280053
-3.1680039126485644,2.4728699713072695,0.5847784437488579
-3.4531883434242348,2.577644082539812,0.7852252311809742
-3.6451563863699787,2.6435223985589196,0.8878732697647105
-3.88041826396431,2.72401779260602,1.0469015883299442
-3.9847229712329617,2.7777855375132274,1.2578529406542573
-3.7439512268580786,2.716375673789228,1.3287409115059496
-3.3970390371607224,2.592171712815589,1.2189074427662523
-3.2353821950109354,2.5428058644992446,1.059534536127297
-3.2749308503757906,2.581797371259609,0.9370113795246875
-3.3859567624796214,2.6406365235839577,0.9513718024966623
-3.427925847444043,2.647272699126418,1.0644976286400742
-3.385646438415331,2.589668870573507,1.1651670167853283
-3.3821793003893825,2.529049085294617,1.2842705878244
-3.455322960208824,2.50188448277918,1.3556299423904201
-3.5989970274617877,2.5193289399493977,1.3387777223907347
-3.9142875389997402,2.6410177601306914,1.3771624864948449
-4.415569236317551,2.8774708943321357,1.6040943881278058
-3.8982886790366735,2.802580484277017,1.8054017624170864
-3.3861751628265524,2.6071601545818783,1.4164646761942432
-3.095767965242787,2.503582982141341,1.1516158658273008
-2.9066989503420957,2.430420311550371,1.0097148076436684
-2.7232028948635945,2.3500272669225732,0.9431954259453067
-2.5566736311969254,2.2664422879813477,0.8955468943165148
-2.4330505536208613,2.1934983004612065,0.88871566338511
-2.3981608463047044,2.1636284092548794,0.8816380070940982
-2.467129339014518,2.1988157040024716,0.9250586508166819
-2.5311517991254022,2.295794585468266,1.1062432812462024
-2.5094825827355565,2.423337248535742,1.4020298803204845
-2.4487494874754763,2.3925482272702943,1.662805778141851
-2.5527019354758944,2.3227695055867845,1.6236225962442974
-2.9276255440654446,2.401603494612463,1.4978385238986374
-3.45563545264418,2.598200001603417,1.540452053777174
-3.6580475301308004,2.711281001245453,1.5938415505552532
-3.438529338486783,2.659278066882622,1.4822861225879869
-3.264794973656474,2.62309358584739,1.4357905478703112
-3.283070160425741,2.6522505417444147,1.4587964223992658
-3.35826448777359,2.693943202907749,1.4263006730117433
-3.520662960566574,2.742620431926555,1.457675848802447
-3.6137418338881195,2.739062178751102,1.5917051257764647
-3.526588846634225,2.6850954517376517,1.6969719620642663
-3.4297575397236364,2.6762464236965977,1.6265687806743006
-3.3455463683768687,2.670264609502367,1.491415620385689
-3.2591835718547935,2.62084446864134,1.4266756264227258
-3.271833181039845,2.5675443110310794,1.52271829740529
-3.298914273973393,2.546292296569219,1.7702342124019783
-3.2010543871995134,2.494336223934444,2.01529860528912
-2.9911103315199496,2.38761248744536,2.106334805875706
-2.7803964897954923,2.3095788489873827,1.8804757738465394
-2.7563742165566762,2.334042538454935,1.5134380875782698
-2.918401094830096,2.4251011185552303,1.2821233178158356
-3.116886994756622,2.521597776468878,1.2479549842717645
-3.3585120840133427,2.6419065642821407,1.3441420013070584
-3.582873931543033,2.712076807544795,1.4154330787515466
-3.692196618892829,2.686494001419998,1.4261732678413648
-3.853724989392812,2.7028819754423696,1.5807675451706602
-4.075871542639479,2.811567665863715,1.8820121519359496
-4.08160696381346,2.8540634816398107,1.934076765421449
-4.005684561358167,2.834990622749154,1.7413129333980077
-4.198155555563177,2.87134551108113,1.6337274161998365
-4.6003957715136945,2.978650542665064,1.7760600312007537
-4.954894579392354,3.145786455219126,2.1094067306066546
-4.73768857620916,3.0760909357602455,2.184415725894149
-4.478827960548446,3.0107390172559083,1.9003712055044335
-4.40906244552952,2.997901560864184,1.800638735816068
-4.394747473499019,2.9733643278072726,1.816896831795347
-4.303995209929123,2.8848237021262384,1.8132322604823083
-4.246034642791341,2.8286235133273223,1.7518995956623848
-4.31274479874743,2.8413634888517296,1.7693228048002947
-4.374986503580532,2.8918622701868646,1.8323763259293102
-4.314232800985462,2.898857319241859,1.8597020257941186
-4.161607557429498,2.8438153511806625,1.9134163156019932
-4.001026787915343,2.7624718190281863,1.9128994302611952
-3.7756913275129094,2.6585229062235123,1.7235997988090346
-3.403467672782062,2.507358424765045,1.3322925007553854
-3.060791465463304,2.3463773273081285,0.9899560647612612
-2.942644265414326,2.2844158346213925,0.9080522347133757
-2.980797882929633,2.3093104692072868,0.9440313423243225
-3.0219143390224574,2.3842882260738083,0.9244446657852398
-3.0120655201019066,2.4471144792248425,0.9587277134191631
-2.876462026216969,2.391440148356785,1.0950876756609484
-2.630665177306062,2.281836364877325,1.1450736555014827
-2.4678141656338126,2.1736854941710733,1.134503512411184
-2.4323434972485773,2.164111231216651,1.324043076366748
-2.3567547901102373,2.1441250578499567,1.7231534355343765
-2.2140789311931544,2.1844026070606364,1.8232839689226263
-2.1879903006067307,2.3285415520975143,1.3273531605879996
-2.2630268069241555,2.4274518034071026,0.6560431284204609
-2.3571980484133848,2.5213246148355593,0.24728538554803475
-2.3581454841878764,2.5604524943387026,0.11337978866937441
-2.1245545715121517,2.4761632732154015,0.09561570291726866
-1.8783060502779507,2.311168978287245,0.1542649716964957
-1.7406086959867804,2.223388972532781,0.22190883612630807
-1.6173920862210214,2.166207419669864,0.19326321559840304
-1.636979231430164,2.1590747907860326,0.042767763740163466
-1.7606086968933194,2.2067783900474844,-0.09422908108947169
-1.7486882228352043,2.2528279486775395,-0.013547313955016295
-1.550264760640785,2.2256552688765185,0.44805773473490046
-1.366917122055703,2.0446258577293537,1.0762763083221865
-1.4001205821944152,1.9256407467869234,1.4178669502414494
-1.7288235860354086,1.9702382693684801,1.3336191725164133
-2.205110812162059,2.142020856281438,1.056337611187116
-2.456184199000362,2.3020077474873766,0.8104334366388455
-2.404949711606111,2.380138060877568,0.5837877268816847
-2.2780956351759447,2.4086846104032005,0.3933938030786181
-2.0933625214944516,2.4296719521165966,0.22132778803415099
-1.8124854982233893,2.3356138702527836,0.07823701126574915
-1.55619413443804,2.229336435827365,-0.007553228056656432
-1.4059074659653645,2.1764683086953505,-0.10863525158451287
-1.392722661549281,2.2314723953524784,-0.23302615606314708
-1.5223157964760656,2.4324100439181944,-0.39461601152136583
-1.6442995850197346,2.463509915223394,-0.536499959499523
-1.6565521484337686,2.4289526770191436,-0.5291074080590981
-1.7105447545544148,2.4693405036055394,-0.5002036167775525
-1.7960343626255215,2.5078162524034067,-0.4920211178353193
-1.827711644161683,2.4094843063419202,-0.5161214371402019
-1.6606038351222436,2.2135303088281355,-0.5256184784306505
-1.1406419638483678,1.9792030445935598,-0.32658395347110114
-0.21490554627855998,1.5952297316303896,0.19671367751671553
0.7625523321113243,1.236573095352133,0.7382429795401105
1.376906849079037,1.0475560512078868,0.9448791751070968
-1.708878182318918,2.1170221047089437,-0.3534379100065164
-1.4237517118263168,2.058433638175491,-0.07048211114207124
-0.9117158373326852,1.8517739068500445,0.26223776193012793
-0.550585843702905,1.6780744043298594,0.560660308333578
-0.4260541375204038,1.5985955354141634,0.7097903423651304
-0.4650974733095646,1.5976842009838501,0.5866280817200088
-0.5525346222519082,1.6744672743581714,0.269074511993088
-0.6534744593622425,1.7780198273796342,-0.06706808480193113
-0.7172604830223541,1.8664684505591949,-0.27636620201609663
-0.7058927300057676,1.9584080824336965,-0.35450046363173543
-0.6702361738409838,2.0403155060510496,-0.42483566095975883
-0.6652297722068584,2.1276513692310006,-0.5154082349346494
-0.7218937825149677,2.077079796795297,-0.5120591446392135
-0.7432515472739889,2.012160369806992,-0.5907149362461099
-0.782991743467931,2.0872839528125127,-0.667631984430536
-0.7262045724227415,2.035487706289526,-0.3963225301833612
-0.6726835872602491,1.919626435849879,-0.37200035097202766
-0.6648168291416603,1.8948474771703763,-0.43195849134846304
-0.6692761842493424,1.8954123488824577,-0.5041200870922495
-0.6522414805093018,1.8775134620668823,-0.539090476925492
-0.6333256770723539,1.8500429742367273,-0.5427963195083947
-0.6733322813853592,1.8740643193695934,-0.5636274859212099
-0.7710330413718851,1.9209946612464615,-0.6082135040906962
-0.895071274885018,1.9591877378404692,-0.6369521777967507
-1.006758963484038,1.9764887478879998,-0.6334404454429554
-1.0786634827321973,1.9398711408867548,-0.6085344673959774
-1.1594257567573292,1.9050113114839664,-0.5941184368427865
-1.2503847256765392,1.9026665882334506,-0.5910657480400506
-1.3194750542040925,1.9541345052734196,-0.6204294471946212
-1.3283277059953993,2.030020015517973,-0.689999528096261
-1.2865223029854451,2.0819874958231384,-0.7490392416457449
-1.2246295385456445,2.0282414838974043,-0.7173022577272155
-1.1428679779259978,1.8875894139763612,-0.5827586057788334
-1.0761787324093737,1.7843381571463732,-0.44733604410897204
-1.0813309112233378,1.7678149249552608,-0.3914567814991423
-1.1575513608231192,1.8145758713860534,-0.3899778747406489
-1.2324528512139172,1.8616214170212575,-0.3862285571770936
-1.2697516558130206,1.8954131073651577,-0.3952618175791823
-1.286203091682422,1.9273731197930573,-0.4354652885050862
-1.3026807191875527,1.965579131144385,-0.4767359318836553
-1.3160865372926271,2.003368412131552,-0.49644929841661356
-1.3179226104072133,2.0217742225996926,-0.5139348156429523
-1.3102020028105994,2.049345701597061,-0.5446864037182393
-1.281789846831251,2.078110050915826,-0.5591503703337876
-1.2397187775141112,2.043564475809525,-0.5421969430642761
-1.212666440070419,1.9304386479322146,-0.5169143531112044
-1.2374637468722514,1.8542268644450979,-0.5305691547881681
-1.28938570607552,1.8776526346514049,-0.5931912386666982
-1.3204145243683436,1.9685364730700314,-0.6770813594714645
-1.3014638833064696,2.0409547647005337,-0.7333622525312952
-1.2358046877088966,2.02215510440231,-0.7169845820562647
-1.1839036574055548,1.9478268970632764,-0.6273250258847192
-1.2091476372246446,1.90808921667823,-0.5439807880028628
-1.2916407727031105,1.9589096732528426,-0.5504298467561594
-1.3555111967444762,2.0378796637347545,-0.6513885421254282
-1.3408744310397525,2.050558703825496,-0.770330862566924
-1.2716628333604016,2.0436359293207373,-0.8286645860615282
-1.203311204638977,2.046176097143082,-0.8058741388125505
-1.1340410973607358,2.011440734719552,-0.7430319266632587
-1.0603352418226675,1.9419195859903104,-0.6903725434616723
-1.0131439362787882,1.8912375257810567,-0.670388921596386
-0.9935070489722765,1.890235645784759,-0.6842988575838447
-0.9840197568398209,1.8956461487507836,-0.7265792517380016
-0.9780152629286196,1.8521077913868667,-0.7805047645605453
-0.9713798177991382,1.808761550087636,-0.8189597233523532
-0.949916136618648,1.8213027336753256,-0.8200484294617111
-0.9200081356301613,1.8958824227943578,-0.7934613291435823
-0.8922654492383015,1.9677382273763009,-0.7769830147875771
-0.8575632938838086,1.993228142226686,-0.7772565918812179
-0.7926938509510458,1.9804839437978965,-0.7491940565119641
-0.7042163158788366,1.9413061200106494,-0.6994049528699152
-0.6413560166094568,1.9019688761254268,-0.6899898562308885
-0.6462525166638077,1.890384585248026,-0.7476145203503195
-0.7079331358122654,1.9120068576889844,-0.8172206553383297
-0.7727062599825978,1.9152235191694864,-0.8412360920724955
-0.7923362429248523,1.8721198162215955,-0.8171735064946258
-0.7605586976900396,1.8111414666716832,-0.7649355670930281
-0.7194707524988734,1.7767895113289882,-0.6939687195171541
-0.7232242533121358,1.7941600799018393,-0.6035501916871499
-0.7964920612721201,1.8657980319662597,-0.4950447919197161
-0.8987458810803137,1.9776062646528207,-0.3753604855256163
-0.949723137101064,2.056676166545132,-0.301660213020671
-0.9131630287687317,2.036887642041429,-0.3299330428815986
-0.8301869657945841,1.965037345737313,-0.42286179828802545
-0.750420469042875,1.925660211753264,-0.47070080683575544
-0.6975617613916018,1.9262485111521048,-0.43345162916324803
-0.6432662642140725,1.90289764143169,-0.3445120508566574
-0.5655152701515537,1.8603792338653728,-0.26736560694384787
-0.49252238878586485,1.8466160587566798,-0.21290731233137344
-0.4396716555468733,1.8683222158924462,-0.1041714399201611
-0.40669746359997644,1.9092291649633772,0.04157732310057436
-0.37493907023858436,1.9529829297423311,0.047141362248795914
-0.3477005862679905,2.0056391660741357,-0.1260066062867912
-0.4800258692557843,2.0073020075832484,-0.35090246374495265
-0.4355287150346081,2.0182587592694863,-0.4774151154545681
-0.4799323433885886,2.0810423388966957,-0.7430061542129408
-0.49793367826924173,2.0071653460632004,-0.7113254803477808
-0.4183145031304849,1.8356156474169376,-0.6244925950232642
-0.3653017318339535,1.7279098213252064,-0.5536529100740376
-0.3832588614977467,1.7280084100314645,-0.5400160317988812
-0.45196314084179795,1.8011502562572221,-0.6033079243724049
-0.5049545369324896,1.852581261797575,-0.6915099659714598
-0.5269031628273455,1.8571210881025872,-0.7236083421941493
-0.5493500129363319,1.8819436565333414,-0.720882401649653
-0.6004515802746554,1.9478392760463983,-0.7050070162803631
-0.6740892119080518,1.971842229380639,-0.6574307476708635
-0.7220281972353546,1.9690362253060354,-0.5735925434200728
-0.6277541481562224,1.9138639443821264,-0.34385365203915297
-0.24264661872780105,1.6988651686382004,0.15147746187122224
0.3903180408423111,1.3296200966052747,0.7550363530238778
-0.6165259829301389,1.7326799223137994,-0.2763577095742612
-1.2958357301552577,1.935712703888185,-0.2790896094707046
-2.0377784197072293,2.1673170856034703,0.0764907915353727
-2.883744475557739,2.4893167726003624,0.5876336343184445
-3.4124330799322116,2.675780133789106,0.8686510946181188
-3.6982429964411128,2.743499571085692,1.0095455227591685
-4.085603208170878,2.8611906735302464,1.186349119040109
-4.379649232035147,2.942008225530754,1.318466238232496
-4.576730044158196,3.025659062784273,1.423318205680744
-4.5750206050625035,3.0296952971808015,1.5016254545050531
-4.31536106204237,2.93087956620087,1.5865901494601993
-3.8284040190847497,2.721438129545219,1.6178236736595777
-3.315978751593691,2.5059278382614725,1.5217491698713583
-2.9991421502933266,2.3927606272611857,1.2909295273792847
-3.0025931910693093,2.4199002823799565,1.0296938964168059
-3.221967632996143,2.497114585045994,0.9153055900939348
-3.3697366811293965,2.536541406439108,0.8977139274852816
-3.4371722235269537,2.563116337226794,0.902787403279005
-3.5553886843367772,2.611768106745794,0.9541334171943436
-3.681989730668606,2.650622944016735,1.007189151606627
-3.753986513778854,2.675492307207161,1.0357882361061874
-3.802396886453234,2.6671983329261475,1.0628093685609126
-3.714179621768638,2.6109593259220896,1.0328589532530674
-3.4917755554540473,2.503497133187759,0.9972206578250463
-3.3743788735088014,2.4249718196235714,1.0101350807651475
-3.3732790462233653,2.420439882533478,0.9939122621385236
-3.4257887064910393,2.4598831869255475,0.9412287548922608
-3.544457654829004,2.5117828200410752,0.9174156292206465
-3.7257864480270864,2.587065433546659,0.9137406469041939
-3.89924825586556,2.653552298888293,0.9520982288474897
-4.072198849445964,2.7001966523815955,1.0842790072040331
-4.213291041771236,2.780787344623539,1.28915573760007
-4.143558376199881,2.771967842432367,1.4279301800669437
-3.8937027052798365,2.688028896065233,1.4063754486519444
-3.644917349830726,2.580244723706639,1.2774060966459908
-3.56046019355217,2.5691885665405545,1.1389982633572102
-3.7592954743961062,2.6730568386769753,1.1261536935984096
-4.091325174300156,2.8475614972902585,1.2628437918803739
-4.286966713017456,2.9721648455184555,1.3670955244159264
-4.308480119463957,2.996842668950454,1.4260758310438406
-4.240089946204356,2.979858457562915,1.4226620527990415
-4.1340548965124215,2.9251706760412484,1.3146573349910018
-4.124439161664944,2.856075613395584,1.2137552332808885
-4.03096822423613,2.7966096359002637,1.0923723975040647
-3.7578794816931187,2.698317695311026,0.867170663424873
-3.472621504977106,2.597196477361481,0.5755650897046916
-3.1257579638257145,2.475785178246277,0.32560319871313353
-2.4370326632878747,2.347006688307202,0.3999067992607075
-1.0963024537068304,1.9649401202318797,0.627949462738532
-3.058775813981291,2.606861645633527,1.7199554708325036
-2.774855957565186,2.4503035151499115,1.645860170942257
-2.7768768561445305,2.392002206488563,1.6090158398855483
-2.83566672004867,2.3563742573205007,1.4960610694013006
-2.7888164588880047,2.3021848696298535,1.2366530310980914
-2.615753961940607,2.226520289123855,0.9479693654007066
-2.537551025124518,2.2177033945897175,0.7843142051254101
-2.547393931834331,2.2622121436493434,0.804326243097391
-2.4639313667621097,2.2413997453824583,0.8996977970446309
-2.3241442208796315,2.146240854276313,0.9341840236950539
-2.1910822336645253,2.072785885631913,0.8711127233029156
-2.082703122148364,2.0768602136313206,0.7712884944344984
-1.9217985241663709,2.054778001002303,0.7267113124787961
-1.7059370063905361,1.9353276281525802,0.6913206033761599
-1.6173608252058325,1.8252768771431374,0.5975966803517134
-1.7901159155041588,1.8321712354263087,0.5298568205947212
-2.1887906279249227,1.9995433168566785,0.5668818474355808
-2.6433743175036577,2.230359703202732,0.7560592034689562
-3.040009286722292,2.3874269879316143,1.0370323768246872
-3.3992990292068392,2.517637617605787,1.3301624851524807
-3.69701766816345,2.6458466314414584,1.5608525219550156
-3.871799826735502,2.735751318912543,1.6615353258860788
-3.92900386200739,2.748454195217414,1.6385610921657974
-3.8752164045934894,2.7171955922276907,1.5200328234533165
-3.7632403124274174,2.684596955515629,1.4101854317755376
-3.6872766477736243,2.673556316221211,1.379126839057125
-3.62605258044742,2.6493892839813507,1.3775708623967553
-3.6304002731011997,2.6222332939038515,1.394652586470785
-3.7069494696790133,2.63029834027068,1.4298826643421698
-3.747880597385727,2.646324387720316,1.4909192403403564
-3.766653437083143,2.657962790657924,1.579320067505711
-3.7119176019347524,2.6165865240673734,1.5806642028358173
-3.5747749320868083,2.556943565905736,1.5015117791993724
-3.4322594420097934,2.526100656974684,1.4485316977895775
-3.2897780285711713,2.498898482115104,1.389844645226386
-3.176306200056414,2.4355126010019013,1.276329788427562
-3.138892171802478,2.3776796073210984,1.1002910204741616
-3.1976163010102963,2.3830499037607495,0.9658802345447121
-3.303085753625195,2.40907279719547,0.9532313829554796
-3.3849303618463797,2.4443203925062686,0.9894881686226018
-3.450622239461232,2.4857222793816374,1.023325008161199
-3.5124587247004153,2.5203405892340878,1.0455804577173942
-3.5311137112214794,2.5051380935959853,1.0829844790893357
-3.499474174795885,2.475135918000138,1.1715028224779083
-3.4450358921635864,2.4532287755558917,1.3078065519492403
-3.4052564110180907,2.446062653172799,1.3723275949454201
-3.411792881380746,2.4371588755669826,1.3291931982561964
-3.5855581117885924,2.486076161912084,1.2982188900558376
-3.885009157559746,2.580459870812081,1.3821229522274647
-4.10625032450398,2.6544755241619007,1.4903553934844778
-4.244206614958839,2.7226230959253326,1.567193030370445
-4.405996774790064,2.8232469207611,1.6717967579772528
-4.531033787587363,2.8944136450555025,1.7970612318075068
-4.549687899062158,2.892567938536285,1.8782177118923673
-4.513502243315488,2.8596181976838255,1.8818094474412
-4.437686957576516,2.803480305228671,1.815714807039844
-4.377494465395399,2.7552528646250654,1.7799367480287605
-4.400587780473223,2.7340243666204977,1.8783115665332961
-4.502486355013087,2.7531635918681077,1.994583428344626
-4.616428823988662,2.8043068471689137,1.9914999417466173
-4.711425908850038,2.863128333105499,1.920249756231699
-4.777020964134862,2.9180765593104123,1.885802647627335
-4.7309112235934325,2.951495935683652,1.8433496876611384
-4.555641854182167,2.9097708059775766,1.710151744633861
-4.361067303772086,2.8330991088277555,1.5165992888570627
-4.2922187892204935,2.789105927266053,1.4118892138610135
-4.29005716647023,2.7838070819140377,1.3697279861688856
-4.241077765524057,2.7912523191894363,1.3410544719115058
-4.194478393521917,2.787469946784934,1.3610964307620657
-4.148842294101348,2.7326428673740195,1.4072168125991602
-4.062680141968901,2.6608631099070985,1.3981988129797462
-3.9425841743780974,2.620120071250533,1.2923971434146415
-3.8631551600517087,2.61511693955519,1.1979711583680444
-3.8182639856593643,2.630631906965866,1.1604829620463737
-3.7589073784439155,2.613169878574656,1.1640882651897648
-3.6896305089352794,2.5932256357008927,1.174001160229013
-3.5749644996512626,2.545873685033354,1.1437753973769416
-3.412193198763087,2.471446025861704,1.0730525587878883
-3.242178989611225,2.3921845497021925,1.005942755308164
-3.1017805363139352,2.335879513599456,0.9365594300333119
-3.003543970270442,2.318960449309508,0.8128069398462721
-2.9239664256084157,2.3160240743349885,0.6607657043535806
-2.86007674862591,2.3008852421989268,0.5554911375854789
-2.810042009322838,2.2554673928802473,0.5217616864363579
-2.8138140057168983,2.249924325557858,0.5348061660074336
-2.8950322159229525,2.3107161173895556,0.6120540200521801
-2.9037701864093757,2.3862025998265235,0.681605098109269
-2.745435703173902,2.39812694456667,0.6212796997959917
-2.4572282452278587,2.3235178321484824,0.4187671733732361
-2.182040078713828,2.231014055390825,0.16345688495247274
-1.9856565500492849,2.1477065948189287,-0.04347910665060516
-1.8338689412654798,2.0781975010523834,-0.16582606921243467
-1.7511835088298697,2.0679052214793505,-0.23308508074973727
-1.7443384955033368,2.096473078582896,-0.2621880309486452
-1.7961455499858656,2.1299481473256483,-0.24443862038674824
-1.858746731165875,2.127485283393974,-0.165408613482882
-1.8558284628632982,2.081850167803041,-0.0201148722333035
-1.7531581775454623,2.020142327160462,0.1367156038005442
-1.5517540305776079,1.9336679397330974,0.24245408846418173
-1.1553361996106282,1.7614356199239658,0.34535339066988935
-0.5222556592406276,1.5167874496032392,0.49694353166126315
0.22741637669782605,1.213654287880424,0.663461354209032
0.8712573239713667,0.9316349684622077,0.7844538276115605
-1.3048964944343693,1.7446253953676516,-0.1472877220334874
-1.8642733617290226,1.9578586807723326,-0.10436290508463844
-2.215589438762967,2.11932751196928,0.043300600657573005
-2.3730498826924946,2.2192845564785073,0.15160804511833967
-2.4387131621480114,2.263035899208937,0.23521705583257954
-2.508687871694363,2.2587693245664617,0.3289100380773873
-2.592446010896087,2.2549877338412796,0.39832450582275214
-2.610694848391353,2.255116714433025,0.3901057096278104
-2.555601828904699,2.247375099995099,0.3220706709781335
-2.537677197129667,2.252431576839278,0.2924686019096942
-2.5711061644050437,2.27976742615209,0.29679282025061426
-2.5512608699952075,2.281165073970209,0.27309670870159236
-2.450234496489717,2.2330620781738433,0.1916082288295053
-2.2567075242171932,2.191493704108339,0.13219210907829093
-1.90975912416733,2.12452282964059,0.3409257232819303
-1.4642638149572151,1.9631160335577995,0.7162135023225462
-0.9686704881990313,1.7063968513620351,0.8794486002511314
-0.5228569156131617,1.4520814832397142,0.743651992859851
-0.24876971801467912,1.310846605216423,0.5789399136689495
-0.025823067801161958,1.2323575448848034,0.6817402760426102
-1.8816330739815996,2.0824130183189373,0.07262156725385692
-1.9960066006511121,2.1265213638525453,-0.29294804489974424
-1.7226259268929698,1.981152887449717,-0.18099043249362237
-1.3538737768631495,1.823160697168384,0.5020995894595479
-0.9371497689099615,1.778345970686584,0.9009346316809217
0.22157450648829463,1.2320057497542083,-0.1246104766971014
-0.6563828102811357,1.4745349176925227,-0.3566136709912523
-1.7754222675652336,1.844010004202467,-0.13791508990376533
-4.936999248245984,3.1759858790794744,1.9541213129918096
-4.6131814755155185,3.056054497154645,1.7940943519923804
-4.337430376509334,2.960955805813865,1.5939375544908392
-4.230369378725814,2.9163914168330023,1.455272023506096
-4.310835830574532,2.9296166045453664,1.4170746737127358
-4.441232367012112,2.9699922332867073,1.5615920145903848
-4.499528417064052,2.9813062791681273,1.7477161719084893
-4.3195637989087325,2.89795734045349,1.666084500800075
-3.987794582858708,2.816719018553429,1.464636051891553
-3.767028103607891,2.7867800038279666,1.408306135864567
-3.522873646829528,2.6778508604185904,1.4086549308434846
-3.0478415650987656,2.451821906383046,1.1794470601707985
-2.693448753780716,2.2705056245760633,0.8526511542431761
-2.596686584761154,2.2247607953564095,0.6911465271943559
-2.5108729382638293,2.219969910634484,0.5960139843030006
-2.376412887932169,2.2014512330796396,0.44894185304959155
-2.251287467798072,2.1430480209236897,0.28806207320387456
-2.3066115802800464,2.158799592639546,0.2771945016772645
-2.4646153266540147,2.2408234348964364,0.4348411174904917
-2.5404031858044633,2.282055321879955,0.6134346508432769
-2.4967423950760006,2.2633402622229886,0.6818668090585243
-2.351255057734969,2.1993890615262575,0.6912470210726294
-2.165357992535171,2.120708043556256,0.6213801123480804
-2.008713390048553,2.051712278306573,0.469846378316388
-1.9601385168842702,2.040102680307282,0.49151249716249146
-2.042211024483197,2.1228876588426124,0.6121540168784337
-2.146561797956744,2.2085129162456356,0.6197457682131507
-2.136185818835488,2.2122178723708164,0.5451142573193478
-2.005896573967199,2.131391560873481,0.6540065176495725
-0.9373754167299915,1.6500042684650698,0.7224978492201872
-1.1989532768999496,1.7112132153754565,0.7683547578428932
-1.3708203329045605,1.8208530142088124,0.9094380871844376
-1.5943256624408104,1.9870709601221617,0.8403511212905069
-1.856724817874974,2.114812401593665,0.6696594501277991
-2.0898412198900655,2.196019135928214,0.5868736733312431
-2.284513039480951,2.2625511347890916,0.6938641358610798
-2.3531722477902104,2.2579692987249884,0.8690306442087229
-2.2000698736227164,2.1792507899327855,0.8568158755032269
-1.9401793090218094,2.124579011349484,0.6916194395360072
-1.8627412266831056,2.141662815568118,0.6062566260243826
-1.9754325263265051,2.1665976652941126,0.6326622676972767
-2.0776121066411726,2.153502790847275,0.7123462212413195
-2.15859005833337,2.114632252534557,0.7676716347631422
-2.2717603774297808,2.114300129229923,0.7670408962044666
-2.3713040890920527,2.151736981605564,0.7895818957728578
-2.481155975504265,2.217060764325521,0.9252616949803302
-2.550494468840954,2.247789181583601,1.0766266857541282
-2.4864302258585,2.2524793224303665,1.043571645886755
-2.3671014363384715,2.2224079965423376,0.8626937685632037
-2.3318019014536486,2.1626840036860853,0.6956995273909271
-2.3379359903840298,2.1114125241846824,0.62105485631066
-2.391357503764478,2.1239826568690194,0.6590662825350971
-2.4838459531480153,2.142569970454454,0.7722625143950443
-2.53579725098033,2.126558420511981,0.7692333756359245
-2.6221491260311685,2.145268243139187,0.7241817519761079
-2.769746180053,2.1914625687766427,0.7985738233029208
-2.8292408316522857,2.2173804557029473,0.8678203403664947
-2.762511562403302,2.2206027770946015,0.773724304629065
-2.660752808265652,2.2695226254753904,0.5491442573205425
-2.6113520465760547,2.298145328379563,0.37863638186373755
-2.592414692416182,2.2576598895350086,0.3958062466854569
-2.5129418152280327,2.195243671085569,0.5033956367121659
-2.3583993562824257,2.142630316544419,0.55333796568373
-2.1648700101284537,2.079823960508214,0.5101657991765042
-1.9753731682013347,2.006180349052954,0.41375939401458395
-1.8801485671856928,1.9615231376568114,0.362220571422101
-1.903918844680675,1.9791264551186876,0.33522762764452685
-1.9631757223475093,2.0056526865052295,0.3185648039011171
-1.9922011959418466,2.0226508313831855,0.2683778710889302
-1.9963752597573847,2.0122604939477977,0.18680673146049195
-1.9744768568347952,1.9883281834993496,0.11488497150364159
-1.9286088377348782,2.000373494236341,0.13364192698735583
-1.902870545642689,2.0289729799024747,0.24472538663317295
-1.8384832040470227,2.0273640977784253,0.3664547677742093
-1.7195576296272281,1.9529048649123462,0.48947238723649616
-1.6714091009004477,1.9076716016538344,0.5688460505930895
-1.7650553191571137,1.9162264015282036,0.5685045600978141
-1.9789506032984623,1.9531897533946985,0.4698700535324959
-2.3996303311754175,2.0997854410245465,0.4140360570573774
-3.003250498532705,2.341303265504136,0.5845678332084155
-3.538703375710607,2.5748784724862523,0.8733559578450926
-3.818805713827578,2.7095135379060347,1.1008517691968829
-3.837625694540792,2.731687370610315,1.2246716480746993
-3.6185890845026125,2.6230046106876657,1.1839175771460606
-3.242662089360449,2.440299830593074,1.0315635451500573
-2.9232331115669976,2.29622857352294,0.8976640729178893
-2.6246846679939875,2.2059920641739903,0.8658603610396228
-2.2944186568283844,2.144963147267525,0.8605883136860628
-2.085043019728658,2.096392168739647,0.750403894177322
-2.032102428055176,2.05934475323163,0.5654006102705554
-2.14111536762563,2.055969022415055,0.3813896836964511
-2.3487975831171206,2.1469090011973972,0.3634867737202323
-2.519667237019597,2.301197903288277,0.5307258335033344
-2.4911123937255106,2.349193176385842,0.5953610014237797
-2.227697741156742,2.2198268695684904,0.48783860620973635
-1.9887971489662564,2.108403860079654,0.41746089095386607
-1.9097109895708484,2.066841174815195,0.4469013261125329
-1.9145072674340098,2.073919333698996,0.46503239723487405
-1.9362648467755066,2.0492025010313513,0.39729125162534196
-2.014346908327922,2.068545412627094,0.263855186501338
-2.090615569332456,2.1420634856374035,0.18553720969650878
-2.0666250200008287,2.1686190382681674,0.243228609731096
-1.9503337091947874,2.101480537838993,0.2979754364757282
-1.8081319020373172,1.9748169233055106,0.22215120158448065
-1.752001770268861,1.9370533959655922,0.1369146362725792
-1.8431070171370265,2.031457857870987,0.17433864726804715
-1.8496576045359228,2.095595280688778,0.3032481661063919
-1.6274771478377108,2.017315865023022,0.3662870741593119
-1.4396718835434787,1.9460795771242416,0.334768340411677
-1.3901762855486297,1.9067798524248336,0.2955307046410974
-1.374307897513082,1.8410988286442025,0.2646189105127001
-1.312961862698135,1.7751747147003913,0.3011516344222208
-1.1539412474495594,1.716477689209593,0.32517240046070833
-0.9364142454293136,1.6749976571565117,0.25005752482225907
-0.8336711644936348,1.6454175421333543,0.19163754544378553
-0.9262263648268441,1.6688116287091952,0.22289245401724275
-1.0516366796512386,1.7026911512132175,0.3378921176628719
-1.1282368829052556,1.694532865390328,0.4403537630266845
-1.157933461618583,1.673995649575098,0.41811923440642973
-1.1017793354295358,1.6675077973309815,0.34514126868473943
-0.9953223680297162,1.667212664535365,0.31459695697414214
-0.8749384536528237,1.6386054580572942,0.33467646255146255
-0.779653887185813,1.5971780989917381,0.34766231291489197
-0.7382117211573763,1.563578841014813,0.3645280967071783
-0.7400403357492024,1.5826385414297421,0.4077554573569807
-0.7536640413403362,1.618147617392216,0.40731138065998074
-0.7949967691387009,1.6387959031204453,0.31031032885971416
-0.9225776302642404,1.6676922577372966,0.20102018360878154
-1.0823644802399452,1.7238087195442098,0.16360655398672522
-1.1862950171505895,1.7937036715047148,0.19062386457465264
-1.2381431268594618,1.8091148146818343,0.23166758417461414
-1.268611451886575,1.7667391582724634,0.26291917179536534
-1.2982860347695844,1.7360625431542138,0.30744608069530266
-1.290119100581285,1.7571268783449039,0.2952919812290137
-1.1994216421830333,1.8091464492321343,0.20441127160404818
-1.078690153916737,1.845485967613277,0.11411156697390501
-1.018201465536401,1.8589709871379154,0.09221127217683672
-1.010498827873887,1.8625419678001085,0.11156462628004946
-1.0336646483956382,1.864201146065783,0.10734447776731616
-1.0588560107859555,1.8489805575450993,0.11571652078132022
-1.016548916467342,1.812973150645638,0.1609234521919901
-0.9353118755290798,1.8127885726677972,0.17641772874604858
-0.8807432587687055,1.8486419980550939,0.1457267289200737
-0.8411170712197563,1.840610486166195,0.12914966035171163
-0.7358521187302184,1.7411995401140596,0.15371869731257093
-0.5140585669385465,1.5989839394509648,0.16990354962170212
-0.40512642723273423,1.4054663741199414,-0.2791396324722039
-0.550511344494828,1.4894960401731059,-0.30454919133786273
-0.6586487687060688,1.5560418113694774,-0.30808951756265285
-0.7434476450931695,1.5894651692797535,-0.2950299442637424
-0.7925229625648151,1.6182761031682478,-0.25884752554566176
-0.8192830273979542,1.6492353632449899,-0.18413118117050803
-0.8290574788570673,1.6551284353855247,-0.08772398075074989
-0.8549945532622962,1.661824727211714,-0.04440119789417818
-0.9523204823162991,1.699529708302293,-0.06622082070113278
-1.0882391790213304,1.7734605144642066,-0.1025596919949982
-1.153465357358019,1.8236094221273913,-0.12379073516938896
-1.081046761214854,1.7763895411067565,-0.1328510367970868
-0.9515417411403876,1.7117374845971818,-0.1363241885349453
-0.8346033238475123,1.654847162860793,-0.09800073951219786
-0.7191743939327004,1.589588631212181,-0.019037049954132624
-0.6091176138579975,1.5249952742704407,0.01060328121283067
-0.575154692086347,1.5239327415387576,-0.11409750870650172
-0.6145962267466474,1.578778771630072,-0.28135582405135906
-0.6347265953736637,1.6055471593029864,-0.29972979463248844
-0.6119481372063916,1.593402019858218,-0.2167768075428778
-0.5761238859141156,1.5650017673731167,-0.19354878522644442
-0.5500514230337298,1.5485906362607125,-0.23398245629200984
-0.5596370014816427,1.5539559104068865,-0.23611637587328071
-0.6096902584762206,1.5822016498265248,-0.1882331903794625
-0.6682238339091437,1.6123069444329705,-0.14152033367231534
-0.7402940093449759,1.6309604655725383,-0.12390498499690154
-0.7971448646887231,1.6330206045229738,-0.10019419470640031
-0.7947824124662055,1.6203231393118989,-0.058241230449702384
-0.7839767126604442,1.6059359368162605,-0.047162768804498295
-0.7972639783458373,1.5873135899590574,-0.0793493630702775
-0.7923463560733015,1.5686062367660183,-0.14260986760799083
-0.7268511736486376,1.565859671413627,-0.20358041315452666
-0.5965053315739687,1.549589952571803,-0.20236437166183271
-0.4624257851515193,1.5000939250904866,-0.14852936106686584
-0.39015812558629054,1.4691212115615773,-0.09610871974433435
-0.4052707563464761,1.4888398388716522,-0.08260208739684002
-0.48328439209322444,1.5254033333342674,-0.10890910985158057
-0.5509711928461317,1.5454022061702595,-0.1264384839884247
-0.60502275735309,1.5396345382638665,-0.10123128936411359
-0.6764754298374897,1.5505672145334086,-0.048875340770572866
-0.7331288518198443,1.5945506906951823,-0.006485471470122751
-0.7429022859693714,1.6292721663639647,-0.01700380574489964
-0.7075272147268672,1.6683935629723778,-0.08831623661926918
-0.6787484366621984,1.7205266259615273,-0.17626996650320176
-0.7073311941883605,1.737463307338535,-0.22824385414729847
-0.7691766750502698,1.719693798370203,-0.22941053376088655
-0.777127679369703,1.676386327438411,-0.16719923214764282
-0.7212037406565828,1.613393156704149,-0.054789772473834965
-0.7053444048847242,1.5684926278577302,0.03149414946418233
-0.8294080723078907,1.5926538592181523,0.07526930550833769
-1.1398401415433417,1.6916878095461347,0.14910802794169079
-1.57249242106004,1.829672661065925,0.32027287645427477
-1.9654818073502547,1.946918844289982,0.5476553866947154
-2.220870316356487,2.0449194347583433,0.6923840099657252
-2.342864885694732,2.131353174363758,0.6875654333363176
-2.3724160573419826,2.1533122622772884,0.5391546071371486
-2.3324738261744127,2.1035731610706616,0.3378914759783467
-2.250991517178553,2.042706747802296,0.21095969816089302
-2.184980617335063,2.0229813322179075,0.1677320122501442
-2.167108721559605,2.044855464496117,0.15644025764580202
-2.2136917106774203,2.080292057370027,0.1608066215551675
-2.348422950871044,2.1242059330638523,0.17800596052645093
-2.516625551384199,2.206596627119386,0.20634386617094028
-2.666457476397517,2.3144090683049345,0.23673482226192005
-2.8265560055882286,2.3972189879839734,0.2676798439265933
-2.985274521495956,2.444194554365671,0.34516031384507057
-3.1118757636419634,2.4725750402988678,0.5078772488142314
-3.2064839146319835,2.4984731903568522,0.7172943227641233
-3.2467761528506354,2.5303854389860123,0.8857811892258693
-3.177432026220261,2.510481255404817,0.9330994787654759
-2.965473320349819,2.3854437415078067,0.8183831932945502
-2.70192462633561,2.2120754569477405,0.5924144251386447
-2.554282292234595,2.0994886803625676,0.39458431380166503
-2.511861019790291,2.0721257978066854,0.34985208425184955
-2.4169936532129466,2.0563694054754404,0.4426575716317657
-2.169339706694315,2.0087638576031313,0.530556255565171
-1.7918602438379032,1.9351721631010803,0.5575005735794801
-1.4523255076957267,1.8368661926262442,0.5936951076655042
-1.2616267977659437,1.728917287374512,0.6946554720383303
-1.2563053463358964,1.658119051639041,0.7784734705753763
-1.4661760274389568,1.6606378271782063,0.6422449689344462
-1.8282762756301834,1.7553441010884976,0.29594669185490735
-2.309018029620804,1.9416394130553423,0.03872787041019296
-2.9933652764455543,2.2393723271792654,0.20381734016331055
-3.9346731752651967,2.6680452487642055,0.9013787649602967
-3.1285498683718718,2.3862796937539925,1.3674417520225666
-2.273890740743615,2.0753042055344624,0.9479882237432649
-1.6666108680316358,1.8764219843133374,0.5009659289724148
-1.3847563645047045,1.7829085343860933,0.1787966623368855
-1.3793476483826717,1.775493809936945,0.06516907618377599
-1.5170298642561173,1.8206515234941467,0.1457606402969801
-1.7379502781213894,1.8701069174202485,0.2658034622283368
-2.0290002280491444,1.9201862386658228,0.290467176442178
-2.3851214645921774,2.0148384589351793,0.31786115177145846
-2.81841121337401,2.1754896404464263,0.4507657085744778
-3.232054902592787,2.3580908781498184,0.6640599935836126
-3.3254647362526963,2.418337780027183,0.7983046787213446
-2.8746514669545746,2.258318796250344,0.6877722667191055
-2.1564592094754724,1.9780367962567171,0.47247445863608
-1.5974823968500806,1.773728144936667,0.3148205833600652
-1.2440866969997912,1.677850679320693,0.18855313301062634
-0.9978974853839241,1.6271099044381483,0.11592425630463339
-0.8224375066002548,1.604656304223137,0.06314672518528196
-0.7291777845787013,1.6220556169896256,-0.036971915388206
-0.7090052260708191,1.6574215223685373,-0.14779498675436945
-0.7136948717823932,1.6693618770953036,-0.1916877938166146
-0.698615012225356,1.6313672710903562,-0.15399021337978772
-0.6744818726099483,1.6018003771497462,-0.12471434958039451
-0.6945098902186315,1.6142341820954376,-0.12487412072569667
-0.7707446029781134,1.6221685767100067,-0.09831315994312959
-0.854814622211525,1.6439980451855338,-0.04942947599268972
-0.9329753278376612,1.68382115919288,-0.07797158258723981
-0.9719173700365722,1.7157510590948293,-0.2104714196011073
-0.9841396911788743,1.7347367104227538,-0.33001362351712854
-1.017405989342118,1.7605739898027086,-0.332842146946369
-0.9963668359998551,1.7619299324563757,-0.24511622149332948
-0.9081295165718469,1.7309729186633687,-0.19633974321912184
-0.8052230546886678,1.6592040370588244,-0.2205119382240768
-0.6950422809642292,1.6242576915962919,-0.27212366995869863
-0.6393418158057238,1.6324791037998563,-0.29768907955280843
-0.6177174927753255,1.6186387612380184,-0.22673777467146478
-0.5658107911306083,1.571752652980217,-0.08879476605948974
-0.520789057464033,1.5129674207793997,0.018361408847723557
-0.4997810813347141,1.482834180941139,0.04881258456961111
-0.5445288035040656,1.478520617131115,-9.389690513699961e-05
-0.6798834660284503,1.5411368451798677,-0.09433350251086794
-0.7932203690500362,1.6176555637133199,-0.15574304980345133
-0.8027511403897643,1.6530608382187506,-0.16009249980140888
-0.7493925332986742,1.6443994200008467,-0.11258391445378475
-0.7062654483541527,1.6287799477304656,-0.046756994409792633
-0.6953429928562566,1.627408984098983,0.010402063975731957
-0.691978253991791,1.623043120551638,0.10726289518115426
-0.6795326420285757,1.623760411000672,0.24164978428876047
-0.6820118275246099,1.6338652939129275,0.33372111641090946
-0.7265273439430625,1.6435649014849494,0.2976308778669597
-0.7684894914288952,1.6292178495384806,0.19677372266089926
-0.7706292494619854,1.5976167270697064,0.16866676274797765
-0.7616937263329148,1.578834144520443,0.19547149315581513
-0.7970503704970561,1.5955139637972575,0.18286766185351247
-0.9137549762671593,1.6886957366638649,0.12931949875889162
-1.0818228415572213,1.8028583618585248,0.12305341814168054
-1.2394313347507995,1.8621068484984735,0.1832493563965572
-1.3498770177908395,1.8649836559479271,0.2545702171672793
-1.4406703145592497,1.8222846858558008,0.3513542335061788
-1.5081508478787085,1.784606094345548,0.43430911482839846
-1.4823025790719906,1.7830532934962269,0.4166859177763992
-1.3731662218540246,1.8049045603289937,0.27986720081996297
-1.2036032940709411,1.7854412177796026,0.134271520680112
-0.908378236724007,1.7176652292461978,0.17156514980600335
-0.3900981724132827,1.578245420806328,0.43206766800432894
0.26024004758242647,1.3695096514154463,0.6368332971792885
-0.5533347130054906,1.4668049094786502,-0.10597832302829088
-0.6599684936563123,1.5632562690795822,-0.08455033275991151
-0.6802253425941963,1.5989585179437449,-0.06868372090635115
-0.7449758060968559,1.6469217493294335,-0.03374596764214403
-0.8653724020589513,1.6819827510464036,0.06649120595414418
-0.9130773519652757,1.6694674249640071,0.14492254881462063
-0.8618295072309864,1.6489621512849617,0.14396764318419844
-0.798610575243376,1.6435572673673804,0.07092910988931657
-0.8008946845470979,1.6640159491082298,-0.019858931755256968
-0.8386481720027257,1.6320813437954278,-0.027574561318379074
-0.8901802151648069,1.6162551156127394,-0.035725163947852294
-0.9577238020005517,1.6995506014959887,-0.09776468306803757
-0.9701732126352629,1.7567328527551056,-0.12408599754881466
-0.8852282854325831,1.7015917418325146,-0.03466401188667296
-0.16436978412781578,1.4702929480935416,-0.17681320777319182
-0.11580580068612491,1.4262379580915912,-0.06497320745553584
-0.0886169836380845,1.4220949211308482,-0.00680048680416203
-0.08747021820041943,1.4623928543153744,-0.027529748666869084
-0.07927989083270019,1.4730767532381472,-0.07437617947787632
-0.10835767689350971,1.471774118757985,-0.12872652459787462
-0.20342007086770106,1.4663205523834506,-0.20951230187937267
-0.33341518616582033,1.5125457834920986,-0.25789103695059495
-0.4826762441212562,1.5726510154100561,-0.2741343708846771
-0.6270866744284538,1.6342085104722315,-0.2955169967183495
-0.767024960801331,1.696785317577227,-0.3495875603461299
-0.8525873748645422,1.685374333422051,-0.32323877440636173
-0.8413416131205289,1.6487887173622044,-0.19722662080197118
-0.7725503918252191,1.6528034835068348,-0.12951310806150151
-0.7318375541901131,1.7025335321048478,-0.22180682442852592
-0.7553309649798531,1.745300557238059,-0.3268910950640853
-0.8289324864029822,1.7522168329817753,-0.3309268603447667
-0.9255522850994681,1.7632919690314786,-0.3189632421715901
-0.9647543518705367,1.777038935319711,-0.28918940297684914
-0.9051659647826544,1.7245397335001942,-0.1831635698735684
-0.8494621170521581,1.6358260897284456,-0.0671474727482409
-0.8514536948660583,1.6167142835489445,-0.13612412928069761
-0.9118249115471843,1.6732854484619317,-0.38016412234022146
-0.9788071821947387,1.7039939894727572,-0.5408488564345922
-1.0146467790890883,1.7078700666818845,-0.5294143086981589
-0.9999488287334574,1.714821755748978,-0.421872775977963
-0.9141420432144286,1.686085808653014,-0.331700061688535
-0.8373379219048777,1.6458409587461165,-0.27418618044002957
-0.8145412454663199,1.645260897256956,-0.2537926522491835
-0.7652355514361422,1.6593260053433532,-0.33361348102401234
-0.6652545297722539,1.6056032154661455,-0.41094416564912384
-0.5776512598864035,1.5103873090914917,-0.386214373023611
-0.5006279896373086,1.4337693077172375,-0.2584889733622051
-0.7036608715823649,1.6645383846261088,0.41388452530577974
-1.007693350340016,1.776503750374837,0.3021615725153585
-1.105493241408361,1.782063932796722,0.2977434366718448
-1.0982546090995762,1.7385959888340754,0.31494411076765483
-1.0763035897189903,1.7232211349314182,0.28416832436078493
-1.0348063204561935,1.6958585245339708,0.2485287356911787
-0.9762069422693609,1.6407157203846214,0.24474467672512537
-0.9133728092083041,1.588280871104172,0.2769059049145832
-0.8711792181521684,1.3837881868307071,0.233506032121233
-1.2045739289098198,1.480893067159917,0.07792679303736873
-1.7232701563945418,1.670933310929308,-0.016217099044164712
-2.3938448204802096,1.9365257182372049,0.11059083237206054
-3.273492725847967,2.291108344899442,0.6142411439051454
-3.9369547102386395,2.5813205138311104,1.179696817999742
-4.048849197593364,2.654233126900981,1.3914141386916923
-3.919234687053889,2.5949310753468224,1.2838718237548479
-3.803555573283835,2.5351306804935003,1.1237402688464806
-3.668160183240165,2.4736739142899293,0.975672868131415
-3.452714149234828,2.353868615534774,0.8560379952005291
-3.111572022523182,2.18212888606577,0.685190458921731
-2.752559146162276,2.0081038360543917,0.469914832438318
-2.5705190502718867,1.8900885171920474,0.3595085345673845
-2.5171028549559002,1.860780557670291,0.3958846806046274
-4.250681368180517,2.7259768869889633,1.8540861891358171
-3.7056273837535882,2.469889637160632,1.5076541154964205
-3.5577245058709663,2.432016969912979,1.3173679661851014
-3.6827667729378915,2.5117594876368603,1.2775486889964276
-3.8405282155970886,2.5913848441346885,1.387549644304006
-3.7317786533184347,2.536725139150537,1.4933344175026608
-3.216351088320719,2.29147621743275,1.407569021456304
-2.62356364367931,2.0457662739188183,1.1881740011568187
-2.325990294979083,1.9328369324576782,0.9339516151769777
-2.2728219693622687,1.9265388913718946,0.7155615810023711
-2.257713904665679,1.9206290893495317,0.5872752042646651
-2.2107736946766696,1.9160424642507183,0.5227798617501912
-2.10118425533527,1.9317860172236954,0.5443204965552598
-1.917655452567117,1.892017062757018,0.6313016320442683
-1.725657529239954,1.7903189696400723,0.698257443627798
-1.7432772477750929,1.744298720765045,0.6507612629215163
-2.171168230560046,1.8641579273966007,0.5598365540587968
-3.0332791512273456,2.2006005226831227,0.8320266358472272
-3.540436504064502,2.438456727166294,1.5996096747985091
-3.2123858675070025,2.2976543520943813,1.3181004915062302
-3.1880260422690863,2.292313510594004,1.2095550450927794
-3.1417356489877095,2.2712145742511924,1.1345721541852805
-2.886270360054499,2.184347279681703,0.9597407986653889
-2.651021276614254,2.1203308613680067,0.8119297239661364
-2.6807101095196035,2.147345953564245,0.8217710478679862
-2.8873598850924407,2.214389850015245,0.9219202788801962
-3.1126023612874874,2.27995970028575,1.036975856409351
-3.331994190694167,2.3468411855385845,1.1687659469470786
-3.5549009401213545,2.430310318216768,1.3508611867169154
-3.670932451813067,2.497635288685612,1.5229475045938237
-3.439079317333979,2.43813778698925,1.4442230315913798
-2.9021026005063266,2.2298468940678244,1.1305298968940396
-2.4408254834235503,2.0167093190835974,0.8718054077383234
-2.2509545806475204,1.9161536360669706,0.753143333605321
-2.23117340805063,1.9071376429946265,0.673952447009635
-2.2432871050302654,1.928579780382027,0.5539259595654059
-2.3062553963136474,1.968111329336197,0.46304879494817647
-2.499134402563339,2.0465195217882086,0.5136475932182922
-2.746330615863698,2.114092348072668,0.6875193506279474
-2.910822080410459,2.1418586356008036,0.8438224600442084
-3.009284646542409,2.18186622692215,0.9260663862216851
-3.16112322047029,2.259971519846771,1.0134501679119816
-3.349153471130341,2.3607939625316665,1.1234329315404346
-3.4122352124060282,2.4003817948147033,1.1689558733731633
-3.3293919142268944,2.3611635496018195,1.1231039014206303
-3.221845751396065,2.3238949944548173,1.0505911311716298
-3.129234173910126,2.310414797509552,1.0021284027325958
-3.122720509805967,2.307534619668191,1.014874823058558
-3.249778640119152,2.327385877103056,1.0976883291132524
-3.449761734229693,2.3763556152798118,1.2111699425191664
-3.607961115031583,2.4355903476754173,1.3314315152107814
-3.5789176491999766,2.445544391636974,1.384438377595725
-3.400288211706106,2.3804892525767904,1.310463557968815
-3.2271777817280443,2.314754583809864,1.1913739503097853
-3.152050256055219,2.28433425986837,1.117883294339116
-3.1600414004675508,2.2645207351498406,1.0513926564005807
-3.151686689092076,2.253953419306418,0.9501268814639968
-3.041308879237529,2.2597751019499692,0.8779384600431214
-2.679160627458399,2.162692312269148,0.8183319549315435
-2.0601443902516783,1.9314838469338895,0.6748164255953047
-1.5022585877432897,1.7251107103568286,0.4667385588149355
-1.2822685140381178,1.6487675412739757,0.2718790195631857
-1.3265837180403872,1.6803998372309732,0.10904577366327005
-1.1950209137056862,1.5517571360680016,0.25810410318139887
-1.2584697030718575,1.582169352637022,0.16891451790009554
-1.4008247533742249,1.6927141080355896,-0.04567122965630724
-1.4675004001021377,1.7808152259110384,-0.22557171809924403
-1.2828763809824317,1.7223404620559015,-0.24836227314568288
-1.515168057206887,1.6721790160457957,-0.17849633585722144
-1.7184877656922437,1.844377759673975,-0.22174362761169192
-1.8029083293227657,1.9235712708725148,-0.2144954838805161
-1.8032236331301812,1.8924530165970377,-0.12393241051734231
-1.7769176506474345,1.8024154931310603,0.02776878893170092
-1.81018036212474,1.7617321141877778,0.16291212902312344
-1.8997531733008652,1.7867643875330108,0.2558795408809615
-1.98739159624556,1.8140595532062935,0.3183049649433393
-2.0566739017735904,1.8514174549140674,0.3546556199999396
-2.1014340361327712,1.9198540346474093,0.39116056161127255
-2.149014855523904,1.9653445181746438,0.39942487265243914
-2.1472382726820034,1.943929009887241,0.3536464449871975
-1.8092355567152814,1.8057246857558984,0.2814664934115708
-0.8543613423409342,1.4580681886201177,0.21136318478991964
0.4358120686464493,1.0387391584135846,0.32915013639887275
-2.288805329058881,1.5621152637523195,0.8418776847122107
-3.83162459663825,2.2016624334022064,1.2976489404535718
-3.555889822188269,1.869596067259968,1.8850002397347418
-1.6348494605204646,0.9909462304355594,1.7151485680309428
0.25626760404856924,0.1427846270397096,2.0464375922055904
2.1071649805198662,-0.9628224985385592,2.266008991621886
1.9679984513152633,-0.6994967526017094,2.9999924404919325
1.5150772432763147,-0.7492899620801015,3.1456847528606042
3.476464411723083,-0.090038550689786,2.785900596342376
3.5656442416242435,0.49387203188577833,2.234458870198106
3.8229435694235288,0.9119152004870461,1.8051149163070102
4.184569885688778,1.1184483979471704,1.5676037267964926
4.525156752321728,1.1670277838799914,1.6412456283734964
4.576989601271498,1.3337280669366596,1.9589573977177122
4.5439196147386145,1.2641024553793552,2.697557128216338
4.502386979716163,1.529548101104262,3.351046733112186
4.7447446835571965,2.072847024831559,3.269857910522916
4.918143933056277,2.335551769240258,2.6148305799545923
5.119365230669843,1.81527238435146,2.1956484596762027
3.7380500284547855,1.6101332305060418,2.5759572379611306
-3.231957748175707,0.9756995085035941,1.2050204304119312
-2.8165417079175126,0.8761978313386329,0.8066832182821022
-2.101469088958655,0.5922635855210393,0.5777441602321433
-1.538479756903423,0.3685969174357679,0.5281398236292572
-1.211373815068647,0.2711020980231123,0.5064656784766313
0.40460592262397493,-0.42212104823345725,0.03484797954597706
0.21778402043523934,-0.3420018277965537,-0.0818607317517228
0.07347286237670736,-0.25220824159995187,-0.11590167826753486
-0.01202131996971081,-0.187792212294094,-0.12126187445965528
-0.12114396386369766,-0.13322657861012577,-0.15640836336670064
-0.29785014138411775,-0.05550566589660861,-0.1989947614374346
-0.5524566219941828,0.08773263771883316,-0.2322347433919069
-0.7357301405017102,0.09971744996991014,-0.20559278661063285
-0.6560933757279331,-0.1358887389483802,-0.12496797213574098
-0.5028911989897005,-0.22264911263352985,-0.06326885631984576
-0.29043632980990436,-0.3325916617926296,-0.0300483981676752
-0.08512681307691934,-0.43565576363497865,-0.0025254678653953487
0.054116610192179525,-0.5163002380274303,0.0762624033033416
0.06795393930193816,-0.5470715620618957,0.1679916048096883
-0.004795805284695527,-0.48091173647836494,0.16689268810039146
-0.03303262173590026,-0.40731470987105906,0.09930078506133772
0.038282830528842016,-0.44286690725840805,0.1284993581839957
0.13682525567076945,-0.5637036235818578,0.297598020670734
0.17766885105982225,-0.6557771524256242,0.46290804554253107
0.14867382707708499,-0.6523025541536878,0.4763547483715027
0.1005085374691581,-0.6208410726473981,0.37504887643346463
0.050618727092716136,-0.6031893101171422,0.2524810530669088
-0.02839618117543751,-0.5856936164800686,0.19714789573512154
-0.13813880345671234,-0.5984042935480436,0.27654017674028114
-0.27810709600378813,-0.5991133611509782,0.4575604134078093
-0.43293149153429705,-0.5465647539176448,0.6270516052220964
-0.5939463185533764,-0.45370888234401335,0.6618660084060121
-0.7618515210547918,-0.34202502815723695,0.5694034627653101
-0.9014511778177561,-0.1963785922711371,0.43702958325922364
-0.9546329709838355,-0.10122064627296795,0.35795067177739487
-0.8713439654276205,-0.14946543692680134,0.4035522782479684
-0.6382356476555152,-0.35210215512928184,0.5632234363592272
-0.4292535360373737,-0.49572212815017946,0.6511295484506269
-0.3875826091389637,-0.4492485048373299,0.5293425447860657
-0.4308717437651352,-0.2875944490396537,0.30944995643023165
-0.37559768475258687,-0.2501521752781491,0.2523414883422335
-0.26313471164800156,-0.3918624257752629,0.37849890769408256
-0.24400278175277032,-0.5224476274280132,0.4951121427285601
-0.2998643168341467,-0.5665926304942648,0.4998107475753465
-0.31714060659901544,-0.5740416397144025,0.45072579910511634
-0.2673757575874487,-0.5705305660562858,0.4118826344805774
-0.22181516452295746,-0.5133098945934663,0.33272466629240977
-0.19206038931308497,-0.450553995508833,0.2706952898826804
-0.19782110830543045,-0.43563689398325095,0.3083230098852254
-0.2792706952652892,-0.4692139809179864,0.4357622735975588
-0.4099096293743392,-0.4657187334001291,0.4942314970431156
-0.4739957025774855,-0.4155585079335352,0.3756028690382932
-0.3852253599866733,-0.37563144776891727,0.15284760772822584
-0.22891722884481283,-0.36902717668239426,0.024264803682720965
-0.12659402376250467,-0.43777887497888524,0.10488549524838925
-0.1263417436274059,-0.5182488691761921,0.2321982254081932
-0.16987636336805115,-0.5331079598257321,0.24627652992227883
-0.19371681859902543,-0.47058074910586983,0.12344655288910704
-0.18141521808498667,-0.4166163082335456,-0.04109493444416622
-0.13394358755735242,-0.4248107759851972,-0.12803953328124337
-0.07686968293600137,-0.44235264904947946,-0.16436764468465284
-0.05200610896372991,-0.44014932791954814,-0.2175400329151796
-0.1306362063943142,-0.43491556385081415,-0.2469207923771896
-0.46122755192469483,-0.40087684779869126,-0.1719845056686981
-1.2237295070084442,-0.21777206344890349,0.037961994179432135
-2.4055405710827142,0.15525942121185457,0.44889094318504263
-3.188497613521362,0.5407005888838098,0.6502607532696006
-2.275411052939802,0.31201770944879625,0.11403410363176476
-1.3654917296323443,0.12161276265479314,-0.3833125926986629
-0.5586074096847895,-0.075996815277091,-0.7398321994974765
0.07318900196910838,-0.2264662467442189,-0.8677277537407839
0.5093921455297109,-0.32437854071528743,-0.8606277115243438
0.7746158605458087,-0.39952479437126565,-0.8044900654182949
0.8919884990012541,-0.45078932750918577,-0.7692121174370696
0.8326861613586224,-0.45645466046046984,-0.760069138583226
0.6227529720187746,-0.39842186126707757,-0.7922375494789151
0.4248891293072072,-0.2999847740265577,-0.8721964773873415
0.4067765814535365,-0.2528916061321837,-0.9129991487152521
0.5254942599940323,-0.29034923559423753,-0.9021571769235518
0.6392465278201492,-0.3040180154192966,-0.8741515127550501
0.6953527465817639,-0.271294454157026,-0.8395333179066697
0.7588384417188929,-0.2621453190539702,-0.8333939523409442
0.9300249967859266,-0.3621200696239929,-0.8020398707397765
1.1187132687318322,-0.516204515044169,-0.7679283194089239
1.1599327202979959,-0.5571430228110276,-0.7990815830232412
1.1121819334340082,-0.5274506927888571,-0.8038983408976625
1.0740875810222446,-0.51977931947251,-0.7366044916972366
1.0353654100541323,-0.5482901564052782,-0.6505419632726154
0.9802852042105858,-0.5812654733062256,-0.5878826387005713
0.9150183609827816,-0.5817627336771786,-0.5600736452367671
0.8758727437511635,-0.5764318891910108,-0.5183569566289596
0.8807501962373768,-0.5562567692043312,-0.47701075639291973
0.9098476535905214,-0.5014724242892199,-0.46993039766933037
0.9277480743233344,-0.43945411053045996,-0.48133682351600116
0.9039088690902334,-0.39775243992925774,-0.5197346027227768
0.9083520495709718,-0.42321796282020263,-0.541994223813741
0.9945539406750881,-0.501447808761898,-0.5379174024726247
1.1411743527513718,-0.5440646513340575,-0.5820665047447708
1.2304474212229504,-0.5418188047127073,-0.615515712659835
1.1022481497280858,-0.4975567084142433,-0.6344699829647167
0.7155320898263637,-0.3934142501042434,-0.6300929600760063
0.10372263171180979,-0.23051175662514767,-0.5174066066346745
-0.49879206541685284,-0.15475446400577664,-0.3141496969971217
-0.9923146970116105,-0.1851556557110467,-0.11403361233282427
-1.7280592060711426,-0.030028436825330854,-0.014562125750371446
-2.5648521629724548,0.27460449238232654,0.09050905124884437
-0.8744879312724859,-0.40884068093508763,-0.40029214869898383
-0.09032115048908902,-0.6412137041701549,-0.2524008399472975
0.344421577800932,-0.7233849604406685,-0.21636350629626494
0.20400167907594594,-0.6487890168285608,-0.3397547902328317
-0.714598285541767,-0.3396920837168703,-0.3530730551217483
-2.470967751914828,0.288112304218825,0.2990411475202628
-1.1412911006932391,-0.10879524749441741,-0.5983799575123783
-0.009605053458148839,-0.46336135153813923,-0.8149517594956754
0.6922580417292566,-0.6153423597300967,-0.7057097532131915
0.9705702794364764,-0.6903341583414122,-0.4885997878313541
0.9388877488882494,-0.6914705550313368,-0.3429049852966976
0.8075630630899023,-0.6835206558675058,-0.2187012380737052
0.7463882594212429,-0.6927346472410899,-0.08296392617173191
0.7805848969270661,-0.6869294973467169,-0.05964087311759539
0.7590939000241308,-0.714272065458732,-0.12256846659458691
0.6569203689871532,-0.7308468079819334,-0.17965054249131265
0.4651535381815238,-0.7230013374251275,-0.16146732367853078
0.22447234912355052,-0.7117945301844009,-0.09078297631956767
0.016288691637123466,-0.6855299496492039,-0.06530305029647175
-0.15796313017063462,-0.6813708438620653,-0.11060728755353744
-0.3776257297740243,-0.6327154142592957,-0.1747841833693989
-0.9215415727749028,-0.4272316164029189,-0.24543415137926716
-2.3043564629147326,0.09314155984625622,-0.02556013785211185
-0.9654519694951527,0.1236550564224367,-1.0552955793627823
0.30298920683335256,-0.1977615168813252,-1.1605622230400416
1.0875994827598932,-0.327286471611112,-1.105616254425488
1.4581464756261024,-0.4042351521871181,-1.0722806196370758
1.59883237095852,-0.4650845062637513,-1.0084636481281208
1.6949393661242198,-0.5178415725246678,-0.8959768523941644
1.7424114548094194,-0.5320959216697956,-0.8804123400525304
1.714368506398449,-0.5012904105183893,-0.9861345477777455
1.6403077442069744,-0.4602976262465161,-1.100620395190095
1.6194365952384948,-0.4505557873729477,-1.136155587698429
1.6436308571746114,-0.44171621243812237,-1.1270431468984683
1.675695893077991,-0.43474173259368126,-1.090370658788429
1.7084473304227479,-0.4430160112522176,-1.0332459243520626
1.751479795620261,-0.44645183867893695,-1.0036548033598631
1.7562100133467957,-0.44933619290077137,-1.0065932974866831
1.7054967072517773,-0.393760439522464,-1.0057718539649125
1.6631731695404581,-0.2962300886337391,-0.9946966004455464
1.6696012506453946,-0.2511141271944765,-1.004946556908222
1.7255220813913144,-0.3029408253977145,-1.0390760202673395
1.785781989013109,-0.4042903361215537,-1.007437790719366
1.812055445243394,-0.4992644543349729,-0.9321298585080857
1.766180588828166,-0.4969056815605098,-0.9548200582614452
1.6914430388407085,-0.4563845568890332,-1.0575258862843404
1.6259431635200514,-0.47984492588998257,-1.0907132942564721
1.5738340907058912,-0.5730102185598229,-0.9995058662239668
1.5123241742418796,-0.6638706124308351,-0.8732644875301
1.4180349274589203,-0.6831358816963233,-0.8347442936915247
1.3214719745940282,-0.6246903071728388,-0.8754023944291124
1.2469540696453956,-0.5420890580015482,-0.8664230345093572
1.2219089195085784,-0.4858117249325193,-0.7831951850467453
1.3051207617636853,-0.5006042505103108,-0.6633680465132362
1.434550767513678,-0.5739110325654067,-0.576261437495457
1.5308879737422991,-0.6955140531357715,-0.5018786382622595
1.5909772185221545,-0.7698790500072813,-0.4749201505932516
1.6497545384859098,-0.729813584608649,-0.5784785674696924
1.7539746577299045,-0.654085478586472,-0.7342886070682056
1.8035365436042823,-0.5974902799781423,-0.8269947127871531
1.7648859617625365,-0.5810532513410832,-0.8783500140524144
1.7233342814068666,-0.5866581809698131,-0.9031605413995409
1.69333522679815,-0.629340995083116,-0.9186628941503223
1.6863264911546574,-0.694310125479,-0.828811120590799
1.67168578796708,-0.7142248492652193,-0.7076773897372443
1.611320147110648,-0.7345779893039344,-0.5982720059703499
1.4440317885662795,-0.8843809984873303,-0.3116086516331596
1.5063019951185903,-0.674401963491732,-0.5431628270794822
1.6374584334841362,-0.6182688402152512,-0.6637946182541147
1.7239677204908133,-0.6627632912186027,-0.6580570266193714
1.7202067565916563,-0.6967246513539336,-0.5991504406784312
1.6374496042420676,-0.6469085740297186,-0.6236391680316334
1.5113166409616783,-0.5575121732470983,-0.7309537955424916
1.380060726202529,-0.5433532576105229,-0.7475004425679762
1.2602228451127087,-0.5689395984101354,-0.7078283346100919
1.0382146038316118,-0.5340905666034848,-0.7171522939009678
0.47506774938465773,-0.4427827834799428,-0.6518577352696091
-0.5849167096507313,-0.2956335744019305,-0.4780495285170965
-2.5286676372734442,0.22809155725747804,0.2151361835157422
-1.470516836759432,0.3908999280409301,-0.767527539928838
0.17313215182523123,-0.07790241638769653,-1.1379481202507855
0.918655754124759,-0.22849999148335323,-1.050521957914014
1.3111871299083666,-0.25171240452170984,-1.0313919424651314
1.5031615844775839,-0.2554840536668445,-1.0183185760814242
1.5979693984838421,-0.2567507556888442,-1.0164251007735883
1.639517791559467,-0.2459391177224742,-1.0357203674707627
1.6530329585331063,-0.24850882326048396,-1.016365785725417
1.6748813813020196,-0.23392816885547135,-0.9274319867179355
1.6868441832575085,-0.2683810512860699,-0.8421644506457915
1.668654503129983,-0.3547780321967444,-0.8117342476799482
1.6755295132827244,-0.4169375783381109,-0.7912616083819085
1.7140998381295995,-0.4374849653429371,-0.7493241479117679
1.7205997899054175,-0.3916275145116723,-0.7201299139672428
1.6829310754259887,-0.34890649094977705,-0.7377943244603378
1.5190163156597905,-0.3070674692599757,-0.8155655990200799
1.0200349826852633,-0.21755513709825391,-0.8851422649045366
0.032737623682761216,-0.014578900506190783,-1.017609762006374
-1.430798618220224,0.375839114572921,-1.0424423351166803
0.022416440252121732,0.040473633847645914,-0.9316327376759463
0.8468644545274718,-0.07161865620256896,-0.9925006251736076
1.1981185407850794,-0.14322546798993815,-1.0098568812788888
1.2424392367423285,-0.17788101857631866,-1.0397059647866522
1.171335592032506,-0.17984072289716355,-1.0060567527726543
1.1236910373848399,-0.15904619627574815,-0.9454293582367189
1.119153448929425,-0.10627788469484159,-0.9362796068596898
1.1257352133378344,-0.12585496650491293,-0.9397182432052789
1.0335723438264683,-0.1635949167350103,-0.9208423671247822
0.832764272210531,-0.1773591085064871,-0.8992519289225721
0.6086136620615464,-0.13486000816910024,-0.8725551658662297
0.37647316003233827,-0.03352576367697553,-0.8797008987931947
0.4037460539363713,-0.03190162376840139,-0.8088976346332906
0.734632898256584,-0.08026435664871437,-0.6908545781398963
1.0980211836509213,-0.1506280811479575,-0.6234048638336287
1.2230460117192494,-0.1545491537936663,-0.6756363020437992
1.1941885582218466,-0.17634644056842705,-0.756981573059173
1.1494574636339605,-0.19732388525997527,-0.777577596858957
1.1246114428545648,-0.2827630913653468,-0.736245898712186
1.0749656632503055,-0.35522885791655207,-0.6856775136658657
0.9585117470996242,-0.3367977935520223,-0.7201115298384871
0.8065041980371885,-0.23986597113682478,-0.8190749538290968
0.7240799393228236,-0.12981556365831168,-0.9852241612251657
0.8003135901563625,-0.15067693552443118,-1.0205634919503983
0.9978185889598519,-0.19173325795723367,-0.9081529993387397
1.2072180846348497,-0.2513423799215628,-0.7929214498669463
1.3136329768164408,-0.20512841954936223,-0.8437676379156446
1.3856473418677195,-0.13857023649959058,-0.9715305674370303
1.481122844638005,-0.12437181835255495,-1.0108232807939836
1.5520322283251624,-0.1731230396505709,-0.9611643260535129
1.5434229353467264,-0.20122717214975647,-0.9378547607714488
1.4546953748522902,-0.13814259080383468,-0.9669002526239903
1.3289236601839043,-0.052281191322724824,-1.0238332000171104
1.244036811664846,0.015288932768604378,-1.0892095166717473
1.2727147870733915,-0.029136172062807043,-1.0975184919570808
1.3700928034074775,-0.1396963934710124,-1.0551262022200465
1.4210444056222606,-0.2153067335478962,-0.9954913983993472
1.3661296116633699,-0.23349369815737303,-0.9699195994615613
1.2479448719933224,-0.24170432195081745,-0.955506229729485
1.082919734276742,-0.20608458368601335,-0.9309702043723239
0.8736474186160685,-0.15257807165751303,-0.8996484519289127
0.6197516772399295,-0.04406175353480284,-0.8995219005576176
0.495422629771413,-0.041277203254763986,-0.824606660210377
0.5329814471136796,-0.0699542807220194,-0.7795954403068974
0.655760260576326,-0.08750858582879924,-0.8160987470886987
0.7848220598744754,-0.10638051272014812,-0.8812925327522271
0.8874135308542495,-0.08583575108675642,-0.9226196277800531
1.0356745075508738,-0.10184782007069114,-0.8954910714228878
1.1991735699982755,-0.12169791619462936,-0.9206048257036206
1.3685408874513643,-0.2172903739029076,-0.9508555004950539
1.5024261845850848,-0.3229729894951185,-0.9135809443564619
-0.13028263634330384,-0.10223565810802969,-0.7658987031391215
0.03553552013659307,-0.01041028630586514,-0.7599070654013043
0.4027026447445024,0.08049809659755419,-0.8027149121349842
0.7179272876610373,0.13067194102962784,-0.8529402066695493
0.8640077730263992,0.12868068834112348,-0.9027517175236541
0.9143059962145694,0.08451700141988314,-0.976284830194231
0.9516715582572697,0.03679886154204808,-1.114581973467194
1.0342137950319437,0.015414328082540837,-1.256440458279525
1.1336903102410285,0.03409834503362124,-1.3447084368163422
1.061065444455977,0.07126434564469379,-1.4041327645857546
0.7838891577737302,0.12035471156766538,-1.4673542442450094
0.402008590258321,0.20238069551438168,-1.4960005302032087
0.2247014501019241,0.16924333080197643,-1.4021015207123382
0.3954448322774948,0.09519108611793967,-1.2849916780169233
0.7149119341158273,0.02070894275258253,-1.2349082470202606
0.8845282808655432,0.020225569590580392,-1.2780618506962942
0.9039536469391916,0.03545445790358629,-1.3286377204634978
0.8628939060016432,0.053082829080038064,-1.3605787278737054
0.839275733276607,0.03726622131726559,-1.3566198108078003
0.8312249098984829,0.01460180435903322,-1.340138330604528
0.748978288036405,-0.001988692436625546,-1.3500937243758753
0.5834472892353703,0.018033685084479195,-1.365580589301192
0.4355558647112439,0.03555191265702133,-1.35646215117752
0.3160576893269993,0.07064641001069845,-1.3326262919298335
0.3187327769530085,0.03834800593423088,-1.2542497124091894
0.5041205528158303,0.01065801435144248,-1.16192878054894
0.7589275216057054,-0.010914559374138048,-1.1056379985673237
0.8779865869861182,0.0106136352735265,-1.1460684619043957
0.8353564822848629,0.010129278866481704,-1.2044705606487929
0.7052442155723012,-0.03419999856118115,-1.1925106530337717
0.5244029020390834,-0.012737480141240069,-1.1712291829799275
0.38273207228884176,0.04249080561856436,-1.1537154249460653
0.3873864360881245,0.03804876751126851,-1.12856592262273
0.4702840929750812,-0.015390065640640422,-1.1146636166041626
0.41406185454406796,-0.06698784156249464,-1.1002072194315786
0.11741188107590993,-0.008795644884821712,-1.0933017504745195
-0.30178872511561494,0.18627012171162916,-1.092443745154609
-0.645227229106777,0.3570124730865183,-1.0491252854019688
-0.9049694419282158,0.46622679562711483,-0.9521660765250681
-1.3536757899104521,0.51775307337447,-0.7578594196437554
-2.351503482762189,0.7496826397213988,-0.2909014810887281
-3.4255801667041688,1.1045131020440604,0.27239565226667384
-3.2454783887981185,1.066911061916806,0.08721663912082209
-1.975625877147349,0.6706480391139921,-0.6284418652854741
-0.7671900303951901,0.3023536252060844,-0.9590690383731217
0.07752687594908798,0.105323139137173,-0.9569979130376634
0.6160943729645671,0.029753796132150116,-0.9710875916428722
0.8624895515855974,0.00803299850520592,-1.023415861482621
0.9457690971854115,0.008294899992120025,-1.0797350333863858
0.9628127012212598,0.008140246099249054,-1.1134381865887464
0.9009468436605391,0.04174981305935992,-1.1569278957904086
0.857665444110946,0.038472042707734494,-1.1835696728925107
0.8803156934142781,-0.013235363397841352,-1.192509770867958
0.8932712277389367,-0.07911671713693089,-1.195726677821422
0.8435774385098408,-0.11578145374325895,-1.1838267850539215
0.7656096773404941,-0.13764742133794824,-1.1384579033476951
0.6815884387030383,-0.15678520614413669,-1.099569004202251
0.595717944145669,-0.16946799468601034,-1.1125559712315458
0.5312942663390018,-0.15899453972656172,-1.1228917099890543
0.5391779057863213,-0.153180868772293,-1.0669626520446827
0.6330707808691602,-0.12916742216481,-0.9697117627201726
0.8110616640849143,-0.16520209833292596,-0.8865817792414892
0.9670919693843604,-0.23074724496545776,-0.846782248274648
0.982689183643874,-0.29738017966807145,-0.8513500542380893
0.8587244755102088,-0.3082958276327258,-0.9145882706008169
0.6991141044570521,-0.2709423732692077,-0.9769788297782485
0.5706007188355527,-0.24148988960205983,-0.9888841147504008
0.4754127585888495,-0.21092174163421687,-1.0067755975034864
0.3863401862231511,-0.16685950243509048,-1.117686479342226
0.31477492698841764,-0.18681190335085177,-1.2125059012058934
0.27690297540354936,-0.25983331190713116,-1.147607500073733
0.28246010299152985,-0.3064804891768068,-1.000539954186175
0.3541380174648022,-0.2885670221837485,-0.9443573946100304
0.48371751010736225,-0.2220465734553561,-1.0326452128226702
0.6009352900369285,-0.16794991062467776,-1.151523250301361
0.679137287779738,-0.1447734773219538,-1.2364326206495027
0.770988793238629,-0.09665150167616034,-1.3410278644625397
0.8971838675674214,-0.051792975997279146,-1.4426869699229175
0.9806701073445242,-0.039773382038207294,-1.4845603225174964
0.9652300885942998,-0.08919961037923646,-1.4054823228480087
0.8994564306157253,-0.20411938352663825,-1.215843621538647
0.8406996090818084,-0.2983042686934786,-1.0410813301657011
0.8101021013349419,-0.300641541237264,-0.9733523437587751
0.8162873554052245,-0.22183036975589068,-1.0130949694285063
0.8882320394663837,-0.15955624998606863,-1.0754340267719698
0.9917016647169119,-0.15230710158936203,-1.0603813886893867
1.0526279318258538,-0.16272095747480034,-1.0135367648575613
1.0464736080149526,-0.09217167271501871,-1.031929371445771
1.5003379937526935,0.11563310102030037,-1.025489513402001
2.1446822090603943,0.17114667030701797,-0.45777208328516367
2.251483969845475,0.32050758948232233,0.7539735695958399
0.1665574085277302,-0.23125141830559384,-0.6267769220641943
0.1945795516130422,-0.10592739636766814,-0.7488115785325506
0.268193645977148,-0.02615354209257662,-0.8244269979381236
0.4577264400234158,-0.05978854845402263,-0.7678165676680844
-1.1135735923376306,0.10588880381706213,0.37215845282403903
-1.046233355865771,0.07685485792230956,0.1646331880555935
-0.9837058130800584,0.013450469344622242,0.15457180129552847
-1.0544691710572511,-0.08299168597510635,0.3232014117697251
-1.3115525023442296,-0.16385811415000764,0.6810167904812444
-2.7473506925988125,0.37007432188748574,1.1174299832015198
-2.3100805670722493,0.32289881708058066,0.5875642235549221
-1.447204181052782,0.07821983415862382,-0.03248464228660106
-0.5057219854920841,-0.09478731837353854,-0.5130114358245
0.10528786654418874,-0.19481668995832174,-0.6203608783503608
0.32022923762082406,-0.26657658532354994,-0.4694103052573552
0.5758824171515962,-0.24042084284465481,-0.39478968635004186
1.1877167990104698,-0.15783628049534248,-0.2858384918116957
1.9183928935340975,0.17110824105099703,0.32851727079072446
0.4963802477015259,0.5467091537278218,0.9672582848048791
-0.5059417612516373,0.37688702694869575,0.3189727120428448
-1.2290947552148201,0.25134962739521916,0.23384467292244843
-1.5947097247285256,0.20385703044631123,0.570933957392009
-1.9099946448055283,0.2819926197158751,1.2116218331660251
-1.6613349242726319,0.24683735349943461,1.7592562417049074
-1.2270635367689697,0.1114042557565183,1.017730416711337
-0.9107443219702692,-0.004782613842413157,0.3621080216592966
-0.6850462141473784,-0.050326521819282065,-0.010763803520897052
-0.5355243616820188,-0.042676577524544526,-0.13883209694827672
-0.37468284224183734,-0.004427582442365625,-0.33031964531360125
-0.1936972394003806,-0.0043465392632062415,-0.6258367574330352
-0.061125878035859275,-0.054224446259746685,-0.7954655386807418
0.05483922074542011,-0.09862966801578374,-0.8145042876297995
0.2073809962956773,-0.14561116751863185,-0.72490009039819
0.3816959685157725,-0.162168301182422,-0.6511171646978978
0.5000055985102726,-0.12333892665740051,-0.6839216505946946
0.6236298463868087,-0.04716540834432914,-0.8338368839242973
0.8697886974035441,0.020543945383411963,-0.9533557932280609
1.1075599406754604,-0.0011692871702604283,-1.0036231673420555
1.0986393850694314,-0.0643844350822838,-1.0168239014980465
0.8813211237207557,-0.10452222862165839,-1.0117293507333747
0.7579436834748918,-0.11949362646671707,-0.9491597988308136
0.7968719069562596,-0.09840103584161988,-0.8019810203379055
0.7903132197501124,-0.2971407129776961,-0.7609494839880155
0.7354181108517337,-0.2139388327519096,-0.8573270363448309
0.697220456643231,-0.1857075275417288,-0.9229989366491852
0.6780010973166919,-0.1574451479687257,-1.015136337665657
0.6623682285222496,-0.0843105528726804,-1.1446180435993296
0.6798761175204174,-0.03596820093147156,-1.235797227483605
0.6941719537227098,-0.029803056083422617,-1.2399514198912056
0.6878556795418121,-0.02600067053640591,-1.2899320529561333
0.6573030906700534,0.04648964558445706,-1.4077484268208937
0.7034949523012324,0.11225136251231481,-1.5160389241719423
0.8426489215721795,0.10855662714245727,-1.5151305267208068
0.9741965885675186,0.08193166697612454,-1.521589839658167
1.0849661251126579,0.012086167254162518,-1.4957258361578742
1.1790015967388545,-0.10592636358540883,-1.3791234662304441
1.2232032100056391,-0.15350462948612487,-1.2823741329322131
1.1964856966235875,-0.12600696874239076,-1.2371577892601875
1.1469540492273513,-0.05344792845371875,-1.285878426924663
1.1029756288101988,0.0023158492759543098,-1.304812954544541
1.0370019008650648,0.005005166798974598,-1.3108112194562294
0.920317066325725,-0.006791769804179166,-1.3204082790578322
0.7636729584551637,-0.01298615691920041,-1.2934506511163093
0.6040078774198048,0.021588936030492004,-1.3233968120087618
0.4900436790699598,0.058594981554369444,-1.3529716400052352
0.4532692043544141,0.07634489499139951,-1.3527702548215284
0.45561021595860923,0.016959398174161845,-1.2669248950591088
0.4326407296878191,-0.0763963995935892,-1.1579032630642938
0.38185222813639297,-0.12287127948494778,-1.0539698321563522
0.2857228777621939,-0.12229590863825403,-0.8942080694628042
0.11181285737365738,-0.05408204218480362,-0.7011926783446805
-0.09665585748121897,0.006851777086411848,-0.5478010993331477
-0.1768442091111102,0.020725244143966665,-0.5241957678024948
-0.07967550869993763,0.007290279287911768,-0.60605779417358
0.11398878944059469,-0.00571567274340149,-0.8103484889535291
0.3408328145301918,0.0014598565572079265,-1.0806819090689646
0.5472908564965435,0.008614922847140612,-1.3097941419873989
0.7046107258325143,0.04385032062807921,-1.446832761906387
0.833769443027294,0.07406895015471178,-1.5027789994084946
0.9127900655675557,0.08426859077204062,-1.5431623042881466
0.9148503503959523,0.06994241581322327,-1.5730971412562869
0.8697889106602217,0.08024232501320627,-1.6348530178023608
0.7993782816167979,0.0958719693583051,-1.6661495534059019
0.7555858433008786,0.06306579726942825,-1.632906578584944
0.7623669122052387,0.048003895738567455,-1.5605974553242377
0.8203986032944696,0.05339118991482176,-1.5221027622791012
0.8689285631944289,0.10087171446135838,-1.572694868652836
0.9189256566880306,0.1323688935587841,-1.6494510384930274
1.0599807044408196,0.14302262817490852,-1.633166229070776
1.2557090787306755,0.13355165324920193,-1.598700570287323
1.4065729732454864,0.1370670392503889,-1.5763314034361537
1.3955119604032715,0.15999389811117282,-1.608119119314018
1.1540334983055491,0.21571229583427848,-1.7212573601586545
0.7713035454220314,0.2658944043527482,-1.8753552030540195
0.17643084747692067,0.31424969663811236,-2.0516173454115116
-0.5964375260129661,0.3971617511789897,-2.1528724544421713
-1.3749089760909226,0.6011120966494252,-2.077302318912786
-1.6582835757184593,0.766460097146684,-2.045183386056253
-1.1938439511974301,0.6220371992649577,-2.08836014153164
-0.5866148857813397,0.38538913009013054,-1.9809458792085686
-0.10286634229651208,0.28148023241520936,-1.75628993952823
0.22521401347677078,0.2600926693637879,-1.636620227587379
0.45018102179849406,0.25842351142425696,-1.742203726411519
0.6228338309997585,0.2511855163356725,-1.849352463776742
0.6540879972466647,0.2607037823740145,-1.8974163657746337
0.6382934080362935,0.2682979352203717,-1.876000896955492
0.6645789740317791,0.19623663761233684,-1.7328796957766905
0.7534218218181147,0.05142213070095474,-1.5700938980774883
0.8229650476342011,-0.09064681944765329,-1.461441153191757
0.8159255898122986,-0.13424228966504959,-1.4108281908691516
0.767628841698329,-0.09737872835829291,-1.3871477142379227
0.7595550499315652,-0.023863458859576726,-1.3734045628831595
0.8066017637890236,0.001674475228893464,-1.3781133637324559
0.8540511260560705,-0.00704884352483483,-1.413425423861012
0.8769505800351587,0.006517340090574293,-1.4502143464970774
0.8870060907066518,0.021363261176088482,-1.4406997839856248
0.9077852901959351,0.04623504329862614,-1.465409595001016
0.9428867861849132,0.06697145129159997,-1.4807540471512985
0.9608510750270477,0.0887097451041176,-1.474943559644325
0.9788606083393471,0.07232610668307161,-1.4047432586098707
0.9840472547674707,-0.00178243851684411,-1.296412544500272
1.0208561825049562,-0.08539697135420846,-1.2016556689097773
1.1346690492873148,-0.12984526840964947,-1.0749339652642877
1.2662103546907872,-0.09422757729679225,-0.9432099926089829
1.3472377806190485,-0.045228025210838206,-0.8434498635740675
1.2763559739988526,-0.10714161722364184,-0.6847028427055856
1.1104714530934043,-0.22372402573670724,-0.5223628406972692
1.0043136820710714,-0.32581310955337695,-0.38784825286657343
0.9441474974029415,-0.28438884277275767,-0.2821129449244108
0.4282273013386065,-0.0703107722956614,-0.8258847920292374
0.5181617544512676,-0.03970783842406125,-0.8597930428767498
0.5399930005544316,0.0029745522413930667,-0.9292308872700376
0.4898392687782167,0.046182899962668965,-1.0220296791030583
0.46211220555603083,0.04515748838143748,-1.0872098185585948
0.5294241832922241,-0.03574837621425923,-1.0646015340589443
0.6197738875991677,-0.11391950644521294,-1.0543367886325443
0.6453918015496769,-0.12152418667228947,-1.102474978019738
0.6614718106221161,-0.09488277681532814,-1.138469128478596
0.645689682482291,-0.08322404462906974,-1.0868795946108618
0.59261139424574,-0.13556514221981344,-0.9553105156313978
0.5288179139324417,-0.1464297243205354,-0.8774899030062318
0.524799286350131,-0.14304011017925314,-0.87652039073644
0.5589614467549648,-0.12359154645146044,-0.9269191408090779
0.6546559935821743,-0.1429265399705703,-0.9632834443790219
0.79873169995948,-0.19859295476800634,-0.9344554239984255
0.9074718291366066,-0.27065374037558865,-0.8858044345937683
0.8929212890601296,-0.26546195819370144,-0.9007800909037618
0.8049614234260926,-0.20256279109351896,-0.9797229649334325
0.6982728780421136,-0.07764058432197733,-1.1038639009919204
0.657218645719436,-0.00021005485720305527,-1.1950576923518341
0.6285542919726425,0.04256947234163015,-1.2593085670946549
0.5684541850897228,0.005649449178643533,-1.2587634796748672
0.47268232112915376,-0.07616299254735892,-1.1703595728457812
0.3742450956218577,-0.137087117960602,-1.05460552423393
0.2742546191632467,-0.10462552231260655,-0.9635010556412874
0.19882756644022967,-0.044571942634843806,-0.9995154926454418
0.1800399030676443,-0.016338498626454034,-1.1004824203138974
0.21365675214398153,-0.04932510960453067,-1.1483809494054478
0.3523441180736187,-0.07367219604756692,-1.1229216206419559
0.5846867714217142,-0.061771393154197274,-1.1696665712253227
0.7596503578988145,0.00774452299448315,-1.364406844991135
0.8527902274196333,0.04098532841437807,-1.5291947673380952
0.9258395543789447,0.05089129878642454,-1.5819467623508612
1.00718013305127,0.03151677153690584,-1.4955127835473487
1.0429218330611307,0.019494807659537167,-1.4224882191826311
1.033534223056252,-0.013421333884389618,-1.3663978868034055
0.9671859851028148,-0.03405328836254251,-1.340365328341701
0.8547525675863169,-0.036319810930974,-1.3224339985551146
0.7322777658352114,-0.020966763914829992,-1.3293385747886297
0.6433772523951107,-0.026347326753544724,-1.3761830433576197
0.42971545085446056,-0.0029098024793834387,-1.4609411127076395
0.04208652647651801,0.08371535379496045,-1.5430299782509587
-0.44719085174048273,0.2631164862807904,-1.4858054317029665
-0.7989387058451284,0.39227633356938435,-1.233732803253827
-0.6951341321548865,0.27625282718343586,-0.9533377440905954
-0.22477375570455457,0.018917788386942858,-0.693495402752389
0.15038740286278646,-0.2608762617294878,-0.3186199508520167
0.38140747113414003,-0.398893455464322,0.21528972112162956
0.7250878418608157,-0.35249485716876766,0.9815606045094394
-0.07257148463914624,0.9529459247576685,3.216914272541579
0.34253674622876296,0.9307306614660487,3.2098352057008306
-0.21531531872322832,0.4672293601172476,2.9526640862992037
0.22261910272252242,0.12209954825919975,2.457833073178614
0.8099389331657235,-0.055650765942319484,2.3534571082599602
1.3146567229405557,-0.13508237546606341,2.4130860271693124
1.2421413971821509,-0.1804889378202743,2.1490187112685426
0.55792022798625,-0.10497458273759792,1.5833764671372037
-0.1295130373867155,-0.03504024353399141,1.4024620479620893
-0.46312534257809934,0.12602706178956988,1.6606385638992078
0.49781975829185077,0.29633581105583207,-1.6238196405029357
0.6240847972410077,0.2777332044882108,-1.7621399832601568
0.597827119278367,0.2348053934441187,-1.7209425864892556
0.5312470116168299,0.17949937710074398,-1.5955376062156619
0.508569105650987,0.1295184381710427,-1.456392332459908
0.5536020278119035,0.10622616672976566,-1.3995622852007221
0.6235492230021679,0.12567185480811013,-1.4609088305305256
0.7169130651611917,0.15797290089270996,-1.5708909290079878
0.7657181983132724,0.17082764668337344,-1.656453593132701
0.7301015075594594,0.18862852165802307,-1.7490184345957378
0.6776216159756987,0.21294578652826537,-1.8196881299439451
0.6503503425805017,0.23537517406360856,-1.8314130010397547
0.6484711527595891,0.24885377881463336,-1.8183174925065626
0.638598908168362,0.2413322165711989,-1.8146714314663683
0.5983003010196145,0.22661590945150356,-1.8426426452456521
0.5623112410286365,0.22250047356992952,-1.8847859565227036
0.5666003118402676,0.23668439000396763,-1.9444955891291906
0.6074557171316126,0.25314166079489436,-1.9637567751464662
0.6407449150568361,0.25171945548269314,-1.8763707089694992
0.6140610664607611,0.24471924445228838,-1.7531328342031367
0.5573121886119481,0.22879815291596722,-1.6915887161884875
0.524983293453324,0.22841781311518158,-1.7189636694155768
0.5237763420719906,0.26483543678602695,-1.7992744285546265
0.5487993298140966,0.3106801804711288,-1.9116084971320526
0.6057771359931561,0.32135900557373326,-2.010475665131387
0.7095060917759177,0.2874190581030607,-2.015337641120393
0.8519438853209577,0.2580221580266566,-1.9245352905344575
0.9798057445915083,0.25167311424551614,-1.816464108299478
1.056999486526725,0.2730609780975057,-1.7606799445960417
1.0893026474612721,0.29755242050322556,-1.755502540555539
1.074587704594797,0.2925393912229293,-1.7845581416514869
1.0193898595951711,0.2849120808076172,-1.850902633363801
0.9122091053484739,0.2776988605038782,-1.9043039757947202
0.7251814569504184,0.22334767166984434,-1.860630594181902
0.47515714159771594,0.052485340485010586,-1.6130487538415157
0.1334283154233533,-0.16511176146475978,-1.0132165988654798
-2.211364890731608,-0.02952348502192205,1.4237950289783132
-2.217950513831346,-0.10401342029142387,1.6228090274023383
-1.5708458524390223,0.25156930708135694,0.3222795035582172
-2.0813712625030236,0.5844576737374675,0.27423385389492716
-2.664019640567344,0.918662889562949,0.37165524329928057
-3.098347374294132,0.9991190573285518,0.5888007625708029
-3.2705255911771425,0.9001221070585024,0.7719203801612632
-3.104767716244712,0.728738173031448,0.8188459772341026
-2.717774371606278,0.6323377290079251,0.7162242775763633
-2.4123434725212105,0.5251385176730778,0.6074808807102342
-2.3044452518345566,0.4528229139365101,0.5573787566472848
-2.2719297421989597,0.3242397826343768,0.6380599079450154
-2.2363638997651805,0.2200601907607392,0.7417295214353828
-2.0461374357234203,0.06506989205695585,0.834181421274353
-2.7280630643406414,0.5672244756478532,1.1552739357312913
-3.9068907821646444,0.9879482883577487,1.4961967016801025
-4.171487039253626,0.7528606767707535,2.127557676557494
-1.165778762280623,-0.15640973238130917,1.0544789879469731
-1.388685096116603,-0.10006240379902949,1.0251710520847384
-1.428230165608232,-0.1699388921820742,1.1526207926829408
-1.189511602506945,-0.3588724987376799,1.3401860666835452
-3.1820843849727396,0.09208885970746694,1.6701250250545903
-2.141555800972827,-0.05455524837706139,2.5174507687007535
-2.2860116927511704,-0.13997724815857046,2.46963200403697
-1.7090942473443866,-0.5019555855975926,2.207019783666263
-0.9626681440502004,-0.7955142886586036,2.0280950762268186
2.610904559158938,-0.4295164535371857,1.8143187546113881
2.6854164083562018,-0.4417771074065606,2.07789282959864
2.6239878924381594,-0.4448702713368105,1.873620414951672
2.6026585272059055,-0.5924399516553447,1.7060522350619733
2.538842871233308,-0.7902057360575409,2.066341751212761
2.620016649122651,-0.5169095695728014,2.394029106187716
2.861051453670714,-0.525236210676263,2.274265654138745
2.853655835818767,-0.6468978821438146,2.6211849463611108
2.3356906574056344,-0.322355062260199,1.1172288627881335
2.8063309901725204,0.10678381353533808,0.7585102524293887
2.8910491352030405,-0.260620687399906,1.2430055671214644
1.6252403541043248,-0.570334320592262,1.3147850784849036
1.7348822885329456,-0.3229323007177688,1.1127248200451203
1.9784346852092853,-0.13795324125162592,0.9463234044652916
2.2897153549439175,-0.010369826647968572,0.9933643870566984
2.457323254374441,-0.24799693980423754,1.4886191045174717
2.4549943385315567,-0.5331736856630138,2.294468303566871
2.4497538310785356,-0.7830917347417728,2.9210509535170304
2.5643220242354765,-0.012047479725065743,3.1312048058629705
2.7972312260320913,0.20048334374196175,3.0907444911375364
2.9564548217628164,0.2830839827839191,2.954335843207982
2.9211567681173984,-0.15457200588327136,2.919183249772342
2.069100538510554,-0.3886317131189849,1.4811333683385413
2.5107688061164377,0.005204320411959121,1.412275477704166
2.9098726959170143,0.24721952236296113,1.979277238192825
3.042744961526431,0.34984975337597374,2.391125182275255
3.009794103067797,0.45142222983293406,2.6605282614201577
2.958487498316487,0.4598356717775951,2.987447924929916
2.785309037029702,0.36918568648159333,3.3710329927458527
1.2183308757025608,-1.1111365369022996,3.0645089999772845
0.799784627035507,-0.7213656644729435,1.738580567249219
0.23147003619074785,-0.6877254891380428,0.8342801297171492
-0.08718106244247034,-0.6883194772427308,0.6158492246234362
-0.19732509314440244,-0.6959572976990326,0.6634255793074388
-0.23189900437498373,-0.7009428779193757,0.6849946756198089
-0.2630247530700445,-0.6808862330220653,0.6007090133248137
-0.27841228365883547,-0.6500070284637383,0.5664265617335326
-0.2437869308868086,-0.6572487356692946,0.6473023918487133
-0.153170657265531,-0.7182596891399101,0.7747397958643869
-0.03952998912118708,-0.7665115797822414,0.8422730713653489
0.044467387901872386,-0.7694967977379961,0.8198864469424655
0.2961833717861329,-0.7310068742662933,0.7893867443007794
0.2878455500998381,-0.686356354047311,0.7035882105125034
0.3754349791387452,-0.6878611294243322,0.5735358770063731
0.3991694723294353,-0.7049682409843964,0.5135126173365583
0.20546790792122913,-0.7206754690954511,0.624081437641537
-0.05676616547479116,-0.6552139903358144,0.6625187646556339
-0.29902395021147654,-0.5762128834179696,0.5478543750844622
-0.4797617740953732,-0.5880316632215403,0.4368378154497768
-0.54198078127885,-0.6300159099732604,0.46831672606026925
-0.47437760545108,-0.6883096525432666,0.6648004199513128
-0.35346227113395534,-0.7394667425420635,0.8606877823079088
2.3689059750357235,-0.04980190861010871,0.895554497812189
1.3982279862853249,0.31688267411560384,0.27841823081369754
0.1865133379305137,0.10849841753935825,0.38292947108613956
2.7180867226675947,-0.18805698672038343,1.3103912643198543
2.9771181098999793,-0.10447586562557956,1.4390654517429933
3.0939862999605814,-0.18427025396267235,1.7825848268161533
3.1013512278915845,-0.2358559322099762,2.448471718880387
2.975591502607479,-0.2813399860292579,3.0742132135748874
2.696129799280806,-0.5108967606367748,2.7547073035099374
2.455159185276476,-0.6220829501768562,1.8322726874373536
2.221853225596198,-0.7292568766007317,1.0683479135912566
0.4721826228831525,-0.9080540054944966,0.5171829499476921
-0.009085415137222027,-0.6651546918655143,0.40385727439835983
-0.4767286206999697,-0.42795997311194006,0.2829523261853564
-0.7686422878028487,-0.2704435688709239,0.2162730730623814
-0.8192590969273085,-0.2718619316823403,0.27014907380018893
-0.7191975843843812,-0.3596795108709835,0.4087674214260824
-0.5924840474593722,-0.457641082116256,0.5282878534790476
-1.1405200666590156,-0.18702707581795097,0.2500776923520721
-1.0530864334261836,-0.328359908977145,0.4537442381545114
-0.8123151657334478,-0.5125163192589731,0.6088458948144935
-0.5673873517864529,-0.6417445016310513,0.6403756220972605
-0.3679001050649711,-0.7422917106443225,0.660792966051284
-1.148438992785228,-0.047356361740113,0.4444985034206562
-1.403150194043545,0.06122356927468746,0.47695929882085786
-1.4215737410550862,0.05654196923179121,0.498955982992909
-1.2984944531198968,-0.0488863841448662,0.5610591891644116
-1.134976391511669,-0.22098513257611205,0.7373674394242923
-1.831811268298674,0.05806823474124614,0.36673484403503515
-2.0292541590879285,0.07157767816621965,0.4269511627181488
-1.715109873360836,-0.17717290772700847,0.5571418790014168
-1.23297753400728,-0.3485056592392395,0.6055402704439007
-1.2608868104736932,-0.32229308845515153,0.7503775109100749
-1.2498862254214917,-0.31449677207622034,0.8246126702601515
-1.2497152394014572,-0.3021740703960798,0.7644822406582792
-1.2440500288786558,-0.30526128882304254,0.6933784914186846
-1.210251132949202,-0.3534124206674521,0.7441179508100365
-1.1543419763448197,-0.4008668371450358,0.8666826118648494
-1.124167793481978,-0.3715191856458144,0.5985430226693559
-1.1517364344894934,-0.4125671208348366,0.6354797290838556
-1.1429083181150268,-0.4971937054890927,0.7095345824510718
-0.884385993879944,-0.4154916743221696,0.6756189597337207
-0.9126135794302922,-0.3240271825603251,0.49110845437248657
-0.9247776036729916,-0.2567909116307591,0.3410355252580968
-0.9771052919880796,-0.1630342440684257,0.258136931307916
-1.0113405425646964,-0.057413124319182544,0.17784066831117623
-0.9982969192794623,-0.02999201558807954,0.13346273956822177
-1.0982279177375478,-0.0960880262947033,0.2592339387063305
-1.2369873735178567,-0.17148066892961458,0.4336928612865295
-1.3839550165995786,-0.1970948734004025,0.6120851472076642
-1.4808815586082247,-0.18117510087015995,0.7715924619394703
-1.5273134807891489,-0.17957147148047053,0.8921767444918441
-1.5928199711507929,-0.1892938155840928,1.0011171470026061
-1.6550739541275372,-0.19037567862424773,1.0412353095437294
-1.6393135594412875,-0.15654179538975643,0.9606302214644993
-1.5578365672381473,-0.12496970320531682,0.8647751605077796
-1.5794537056972742,-0.1686488545766621,0.9317798224021833
-1.5333364505481368,-0.25263798521309766,0.9900075375927346
-1.485379696957865,-0.3566307298857699,1.0642747840598359
-0.7291097885496468,-0.11043991212764824,0.6202375733275128
-1.0937096857117765,-0.1409408059235778,0.41441754402927883
-1.2745028359431767,-0.23884621362665046,0.5856358464270448
-1.3178994272348177,-0.37248141617208147,0.7988836418144045
-1.3629769064400168,-0.46382215414651745,0.9416351961456744
-0.9924825154242467,-0.33634246805647333,0.3355616933527681
-1.1528886264506584,-0.20442758331723213,0.27456694895770256
-1.305129802659836,-0.08170738040828769,0.24204962039498384
-1.4593181520517224,-0.012488702763134617,0.235263093697252
-1.5609304867553293,-0.03781152090595237,0.27608714705707577
-1.5802273771524455,-0.10003168984220367,0.391491669458522
-1.5498775886398455,-0.08151570626641443,0.49254014156353004
-1.4494979061946789,-0.04056472687758099,0.5046959705015399
-1.326879482324249,-0.058762378258467515,0.48569590739351115
-1.2592012976265752,-0.11152960206070872,0.4697797917424303
-1.246436387173359,-0.11328486051282342,0.43067126981036713
-1.2336671499993779,-0.08338422904360498,0.3887849863305395
-1.1878796470881225,-0.12294736210154221,0.4159893447002945
-1.1400789522849506,-0.21276702738051678,0.5124101641847381
-1.1232677438308505,-0.254778901472821,0.5651226261868034
-1.1363986393530487,-0.217908523920062,0.5218605338304038
-1.2271490019236144,-0.14145562206736564,0.5006312866200427
-1.4890127419996146,-0.00011402067520763967,0.5084221399323429
-1.8056146573510798,0.11422544263362398,0.5465026370574126
-1.9600174001834307,0.14673009259095177,0.600838873462708
-1.8378607397512088,0.03909789818115399,0.6806233270943014
-1.5166449082982971,-0.1746760815862275,0.8084847247945491
-1.2190010048908824,-0.3376893523591015,0.9394831090291507
-1.0589317077377833,-0.40033869868812155,0.9749442283033358
-1.7082049926192442,-0.11387413599493017,0.7402226587696102
-2.293378781179154,0.16269564179635748,0.8685969953763015
-3.2324007479192334,0.4626141086575753,1.2355360400761757
-3.7941768357359096,0.6809004435720947,1.3706413110366438
-3.6543161441549565,0.5518502196234701,1.3213145747396753
-2.950657002333993,0.28781140570657676,1.1557177998208832
-2.2110152249465016,0.053405937574081415,1.0649946670513968
-1.811443927420395,-0.05594699893086649,0.9886869020097923
-1.422124084788167,-0.1526143019920402,0.8043100975143401
-1.2597508778138715,-0.2088233020117845,0.7746073553139111
-1.1814479485998817,-0.2806927933524753,0.8847334143276138
-1.0999450806627575,-0.3591239226115115,0.9770776369407757
-0.9455563197601189,-0.501706580492731,1.023249013372398
3.6813036357107958,0.10236309636800456,1.54248606841981
3.591386516674613,1.4202740226261608,2.1869308250462294
3.256053226185213,1.5637343562461123,3.985082561329011
1.9361714365489198,-0.1272461531206468,-0.6162987752575825
0.15106764130327854,-0.3135322029889105,-0.5734284456476398
-1.035878785032942,-0.261911752760449,-0.41571120356739144
-0.8382788636890313,-0.3618516422649942,-0.4662126116597836
-0.6976070401134128,-0.4396752674907342,-0.40306690928056793
-0.5839288394502771,-0.4899457736878927,-0.31648653053428233
-0.5128946435888679,-0.52989006347631,-0.3020669010636024
-0.4763772088346711,-0.5680023393287033,-0.3354873440577422
-0.4663711810759522,-0.5613716340504706,-0.41304770564744375
-0.4680454351786974,-0.5002027697216874,-0.5148565339803451
-0.45783983992259936,-0.4504816445745152,-0.5986642020742086
-0.3942775707893689,-0.47370029143477504,-0.6157239310297866
-0.316663913314656,-0.5607168240307476,-0.5239117939667307
-0.28018987847449456,-0.6622698408154082,-0.37546438992523956
-0.28047622487091173,-0.7103803861702127,-0.2915202017005972
-0.3044669023847638,-0.7189358777640692,-0.3291391318365277
-0.31473470106940893,-0.7040352408508426,-0.47225111834759814
-0.29674134537061586,-0.7273389745010832,-0.5307102834637372
-0.29603825153921803,-0.7624298004411556,-0.42856706489461827
-0.28551102648892324,-0.79271476502644,-0.31071464794698606
-0.22381979220722,-0.8215047728307227,-0.22098199000347946
-0.17931358866071,-0.8109543740088846,-0.30514430486709526
-0.15874062652035892,-0.7713411873883131,-0.4622127790116881
-0.16979574333049355,-0.6899212975306845,-0.6006526503953943
-0.159837868872997,-0.6277316300575291,-0.6934023992171339
-0.11242303414039943,-0.588181034643309,-0.7387216163585173
-0.08635742499702054,-0.5744370556267231,-0.8404786278810148
-0.08211764111523369,-0.6079836736409563,-0.947471616339536
-0.07623804645592942,-0.6453330841561945,-0.9821774406867843
-0.0816536146762714,-0.6688579454742257,-0.9219730749819461
-0.0680115203599863,-0.7231949450013043,-0.6546083143197148
-0.0741483480073474,-0.7929456049083236,-0.13908766600628966
-1.748538121509528,0.043601320716072464,2.6354003915354527
-1.255479808187082,-0.1442292304177848,1.4740526456253287
-1.0799294234680474,-0.13550386008478277,0.6655450490951024
-0.9010037903838986,-0.10029173833549863,0.08932882569563949
-0.76185225100943,-0.1125961476092817,-0.26438086718671655
-0.7627833360280014,-0.23838753811169236,-0.30974264913051697
-0.8158796209388761,-0.461518657927491,-0.11428130717447677
-0.8024304575582323,-0.667465555804136,0.16247809931062343
-0.7865404491682102,-0.7465103540889634,0.4480625242804757
-1.5257327180399949,-0.20605621407521657,0.29569504417223885
-1.8913207791321232,-0.02230654166814392,0.1487718309034081
-1.9536745721347097,-0.05015419910191634,0.03471353828715458
-1.927364617398494,-0.18365251396151622,0.13125873876957028
-2.108108750062867,-0.2567750103123709,0.5465773520831633
-1.9620051970856254,-0.3424633931116454,1.335091138630016
-1.6305067215826345,-0.29747013879069706,0.7099177984131958
-1.202045678811384,-0.26655479182920233,0.13109638240809635
-0.8434501833057217,-0.25907206701690627,-0.35099607516025705
-0.6079217343661978,-0.2295426952009412,-0.6284206270080129
-0.5186526955492703,-0.20619097935840333,-0.7412760238326962
-0.6525309139255976,-0.17587148219253995,-0.8088103411012353
-0.9724829817161336,-0.10036210425648442,-0.8907867764390983
-1.2675228828475085,-0.029577696471943943,-0.9712337101454541
-1.3037470563339637,-0.058052800787192466,-0.9816022355896109
-1.111202362685109,-0.14410309275660968,-0.9424027554004327
-0.9043008923999961,-0.2301271650611649,-0.8952610827580971
-0.807493763328204,-0.3016858673735207,-0.831916395104946
-0.7789607217296276,-0.36148968776521617,-0.7727844568968844
-0.7741330014349586,-0.3898046528186984,-0.7757264282749532
-0.786790998012,-0.3708020465285571,-0.8392216470470921
-0.8000797928647386,-0.3262252201267128,-0.8672697325544325
-0.8643568204909867,-0.2924394729890898,-0.7573551809641181
-1.001704420341617,-0.2793766644898398,-0.5159464492028849
-1.056249757208588,-0.2835723202117215,-0.34282407142657156
-0.925560817993564,-0.31268291224074773,-0.3449957773891277
-0.8509581784532183,-0.2928389808422757,-0.41717625230767164
-1.0605669655983716,-0.2174287928523419,-0.41810765843708336
-1.4658584847722655,-0.17132560601191388,-0.3013569337878244
-1.7504019605478394,-0.2404580282455218,-0.09722322700405077
-1.7281319640093475,-0.3526779337335963,0.10677264790481034
-1.5258239154073427,-0.39943301804488984,0.22278117017242868
-1.3139951705715236,-0.3724163230380282,0.2217434966593926
-1.146193763888336,-0.3333777414373792,0.17354002781835073
-0.8645422494250324,-0.3309345478201549,0.27568140372838185
-0.23274235961399384,-0.37150008213443264,0.6169677214238989
0.48490675360846,-0.35625388353382514,1.1900377660202082
0.11666644878890614,-0.0645881208511254,2.2906598077054494
-3.165108381212292,0.14275882043514487,0.9335576367998731
-3.662292433449977,0.35620625695646446,1.0670801427703078
-3.625035526917091,0.3211623700668396,0.9590620016126651
-2.9388974345297756,0.02254369392663658,0.5266804976625037
-2.2287901084559003,-0.1808286308471146,0.15477647637105377
-1.730850186807338,-0.21819074287449725,-0.1175995160415207
-1.3619417252652872,-0.2674520578628574,-0.3250077931988208
-1.118564360084593,-0.3418922177132452,-0.41024215562869154
-0.9773079592025444,-0.4193535846630458,-0.43408256638592235
-0.9218754460869352,-0.46550961918948375,-0.4595716733835405
-0.898477118768046,-0.5054806225639592,-0.4467192913365628
-0.8942565850385032,-0.5390610344839835,-0.34286774888416205
-1.020176779967601,-0.5061658874967807,-0.23697144055065184
-1.2278817564761422,-0.4150003104350303,-0.34843045656845484
-1.5325160418376287,-0.2625888720883014,-0.5485474140803788
-2.1140569776400606,-0.05999522470789819,-0.5815439484175028
-2.9431550099618025,0.1402452606454471,-0.3160741069824131
-3.945186315472913,0.37596552503076136,0.2878888707144387
-4.146743528380722,0.36717712566215394,1.4829275435364326
-4.707329292467062,0.4684295664838971,1.6135084192390479
-2.2726364872979707,0.263090105890816,0.4300033495022491
-0.9601772811834797,-0.21404634667745648,-0.5893570121162945
-0.5277160137165093,-0.336444858050181,-1.1132791531070239
-0.2885530990219288,-0.3901532258487138,-1.3186280215367758
-0.10682690804767517,-0.43400301684111714,-1.3837262113850237
-0.020737584569590083,-0.44004337930552395,-1.4337771997428652
-0.02904873838413216,-0.45242481980223026,-1.4600295942236612
-0.06057686332564308,-0.4509727912665081,-1.438845228394922
-0.08064305236140266,-0.4411590651919112,-1.3607779438645495
-0.08857321429387234,-0.4407836679360589,-1.302922463174935
-0.06213142871052624,-0.43272208542724044,-1.2665526411233243
-0.016461883563857502,-0.42405438958662706,-1.2269652104356712
0.021899327813675304,-0.4034997183599652,-1.2349719920382818
0.09635731442419357,-0.40270198925261824,-1.2978808747552164
0.19090800678244635,-0.42255808260902444,-1.3257596804240628
0.25279851301809536,-0.44216746432912896,-1.3158106105382787
0.25617098778609604,-0.44074192795343425,-1.2863883684676853
0.21784610232506568,-0.4290382715797758,-1.282005036304405
0.18375578685472607,-0.40716926615348925,-1.3295368859613999
0.1681053625882689,-0.4315214125201551,-1.355411398383002
0.25325472855665204,-0.6029646704629065,-1.136169156945917
0.37189419450247585,-0.8688434658837745,-0.49689012795068505
-0.055269301662172796,-0.9139480679596185,0.6728926667341244
-0.7719034387601228,-0.591856911479553,-0.31780538550215837
-0.3787302946446569,-0.6036945484015805,-0.636119255594748
-0.05428142493673502,-0.6352771179525252,-0.7506858774108474
0.15687319748330675,-0.6568924068857633,-0.821278484505992
0.2591685106186229,-0.643756020744041,-0.9396962386269452
0.2822628099649742,-0.6132640957190729,-1.0902791728676644
0.23775483064479563,-0.5679549281251987,-1.2057047776100964
0.17715302501366334,-0.5604014940970438,-1.2849897095120328
0.12762431793655005,-0.5632000535792079,-1.3207472057272152
0.09175131212140764,-0.5207950266058404,-1.3229654536749484
0.07751194976290085,-0.5075171853360277,-1.270825926183045
0.07500953298335444,-0.5412046650016568,-1.158534044399862
0.10961968121018864,-0.6482319126535679,-1.0344482707611244
0.18455623466319454,-0.7635953218231328,-0.9129849532360503
0.20013619077540354,-0.7828074557281552,-0.8651976518848586
0.16283652799376427,-0.7750403164443672,-0.8639895449912978
0.0764757178959625,-0.7205270119421932,-0.9159410045823465
-0.10840172899559498,-0.672550493467479,-0.9512344508899948
-0.4817720054947062,-0.6534423896130174,-0.8907739947990309
-1.185368046048264,-0.5829374918196263,-0.6784411095561653
-2.712600412279156,-0.1195466203927517,0.024147335147470455
-3.9833262451440707,0.3905115047560384,0.7039571867908186
-2.8773547119076945,0.013295920778940679,-0.06621527527964381
-2.1375873385860866,-0.210651118747874,-0.45592937490368446
-1.5941836468526285,-0.3861742516024285,-0.5369884753535287
-1.0319699217492013,-0.588852796944489,-0.32807301758224083
-0.4343658301045204,-0.7640677900696828,-0.06779121482958708
-0.015852466574968756,-0.8280518774638498,-0.10827685605980777
0.0755284403888892,-0.7354115342418183,-0.45286598224663155
0.030545017442507368,-0.599301591265462,-0.8106823327509923
0.029968968762667643,-0.5059305041580511,-1.026123463523456
0.0676362552171088,-0.4721960116207248,-1.1794028060352646
0.0702015445719687,-0.41135373139681697,-1.3630672363472343
0.032283255152068105,-0.3355395164202728,-1.5265040915259447
-0.004049453496408771,-0.2907244295492972,-1.5530724371944056
0.016655976956750352,-0.32687739098442836,-1.437799338194609
0.08039830017845745,-0.35126655034420207,-1.3280919773835804
0.16494759424044478,-0.3692923113662096,-1.2953482624405868
0.20454550569484922,-0.36887497094423616,-1.2777834811557358
0.21262892025577168,-0.38398848045979217,-1.2244390441145163
0.1758928354278202,-0.4554905201459331,-1.1323936919024205
0.04242812456199923,-0.5285431021576379,-1.0288387821412208
-0.16680276016386536,-0.4993396098355305,-1.011339945127097
-0.3182971710626074,-0.42293125534480913,-1.0761112107331199
-0.32234163233211477,-0.34871023700256343,-1.1758807564389546
-0.1816295563369172,-0.3534586664370943,-1.1652162347521493
-0.034077789553663154,-0.4351838881985146,-1.035162808841446
0.06736930303316152,-0.56979925425459,-0.8112767138473298
0.12829158438176805,-0.6845716329910292,-0.49086974352607965
0.1163411071041755,-0.8338733884139049,-0.04915134881120524
-0.07723659645966115,-1.0013069113191222,0.5065382307352977
-3.4090402399901403,0.21767866076143097,2.345613066299316
-2.47888605340194,0.03088687899591258,2.529648594598161
-2.193725739530654,-0.011645006160560311,3.0621818269814076
-4.102748793614595,0.24368029378396822,3.055660188536362
-3.399203756971763,-0.08486347103922226,2.485927097033379
-3.2015554891937756,-0.27030922778262584,2.6767187473557352
-2.2521849002941003,-0.12869640358487133,1.7302169676377357
-1.6104079258340394,-0.2944239340991844,1.206975109141707
-1.268360356457122,-0.4206483365294636,1.0257494738935309
-1.3866671475503267,-0.4517163757774708,1.3991094867973615
-1.1956614289743848,-0.40782092823286425,-0.08315043538028091
-0.9402881553044055,-0.3446803732598109,-0.555117309587021
-0.7237179914762535,-0.3148159392107166,-0.81621453539021
-0.5811526371374356,-0.31650051047019484,-0.8746997483838155
-0.5604305255938565,-0.30779576630171124,-0.8526399652174939
-0.7284709406532238,-0.25858210350817534,-0.7742089360151733
-1.0254701400132291,-0.15607208732333835,-0.681910179294287
-1.2051830076152084,-0.11289371947235798,-0.5803902057782979
-1.06460328937342,-0.17594669561887544,-0.5133242161821077
-0.7174318347934403,-0.2547557829902443,-0.5699349389162481
-0.40444377100340984,-0.29467561994610497,-0.7042190204640394
-0.243231982528842,-0.28917745720843957,-0.9224293618180452
-0.20033327752751,-0.2662688579935478,-1.120354759838446
-0.1932427437078309,-0.2259445737347141,-1.2591611596948002
-0.18476319892731208,-0.231183403231836,-1.2993651663299346
-0.18705998936945553,-0.28463684126139166,-1.2238657970094888
-0.26736696553500783,-0.3787882871152737,-1.0390974492422989
-0.5959844331949403,-0.49308910529802374,-0.6020110213447755
-2.28196896669548,0.13306946675289044,1.093037990019636
-1.4888897152439882,-0.005957650225631965,0.4944082704701604
-1.0279064853759319,-0.08324709184999657,0.1101449591896549
-0.7838037320791698,-0.175210398961415,-0.09583765147439804
-0.7381031336814305,-0.26821454965741554,-0.12527504769866596
-0.8616342382841865,-0.34848006671105125,0.059674651042598156
-1.1816154730328017,-0.2504887666412824,0.44470835339290393
-1.672983295602091,0.04637775140922979,0.8845300324828035
-2.0449640461788743,0.3317011326652336,1.0705545751635954
-1.908462081671648,0.33320020173468384,0.8457881223992747
-1.5354987537240883,0.18312229216255566,0.6145289629215018
-1.2368509624239488,0.08069750390323666,0.5759076107239217
-0.981890083282806,0.001006601488614452,0.4552632678473515
-0.896574376998734,-0.061115897885441195,0.3624023465353351
-0.888509362785856,-0.06999661269935743,0.42787910797401996
-0.89643750441226,0.002216053806335209,0.6019519660086776
-0.9282003224742921,0.06109236196155825,0.5393080367704212
-1.1004674032982327,0.09295762816846792,0.22890296478773722
-1.341157395452504,0.10562095976033911,-0.020721979813986918
-1.4075738115384202,0.03984962082822432,-0.049657437663923734
-1.2278987206630458,-0.13571980251263646,0.19169375534646266
-0.7912260940673989,-0.3737555233184255,0.5307442663161732
-0.28208720789869896,-0.5887246861047036,1.0385335576287065
-0.11134165449891804,-0.5266431685079214,2.10861660736142
-2.8406955809328664,0.3252503228799392,0.8914110808634982
-2.4340542124791407,0.27973957637698443,0.6125236366990445
-2.0752593005163917,0.23194595075372604,0.5875611941234619
-1.8147895875013453,0.0685672509698365,0.5846100455518908
-1.6442428394703876,-0.2629590749997432,0.7176173804184423
-1.6115515188718672,-0.6218145072783915,1.1270314407165865
-1.4655943837067218,-0.1544461284303136,-0.1683545803745582
-1.7045430900144947,-0.08966047710940367,-0.3428500078284141
-2.501723192340118,0.201136756721283,-0.14992970454892654
-4.967847612416752,0.764371024087645,1.9464703281442235
-4.38783373745792,0.4668064171246567,1.9538712780172642
-4.235196394434459,0.4221945622273218,1.7111125826872915
-4.601355184458495,0.5548915865815577,1.7956216762998423
-4.092590172671403,0.33718689186855855,0.9518699969553012
-2.4428510110950725,-0.13851600581374768,0.07278766481714592
-1.318476816149312,-0.2775044076868322,-0.3444883394280115
-0.45598353215732607,-0.35634628310463856,-0.5982324583206619
0.019808542806416023,-0.4039388168260997,-0.7982047920649099
0.14917758299450318,-0.4134808400049539,-0.983793537777488
0.11371201746416036,-0.41328182543394043,-1.1191630652565012
0.018012785868252616,-0.4310942314342754,-1.1707362809969375
-0.11949946018960969,-0.44638351173528545,-1.1216203917073329
-0.301539428134892,-0.4054991530747568,-1.0685564650261803
-0.4357824409584108,-0.33093804838376323,-1.017086766418726
-0.47445253036239876,-0.2894180710326661,-1.0191289520059963
-0.41629535888328023,-0.2937152208162122,-1.0752519009109471
-0.3101797373838128,-0.2849064644613775,-1.1702064081797336
-0.15820060771167438,-0.3254024745094948,-1.23803835493006
-0.09108574815239678,-0.3263346466354058,-1.2430736185873623
-0.11442099235612423,-0.2961572045482124,-1.242055059377826
-0.18035701331733142,-0.2982277494017711,-1.1924020180564863
-0.3804972191954479,-0.34194929436308097,-0.9837804939951837
-0.5381178417952674,-0.37182180105520124,-0.8148985994843703
-0.6687860129414238,-0.40576232776100996,-0.6377177201392923
-0.6826937490610773,-0.47886200299648896,-0.41833768421463147
-0.5847838945270776,-0.5363069134560646,-0.13479503354911665
-0.43811932071667825,-0.5361613567806355,0.23247708991006646
-0.3495327495935399,-0.522762570394315,0.5810460463193988
-0.3599250146605528,-0.5686004330581426,0.8928990230791906
-4.4251659819847,0.5511662084232952,3.060029374973152
-1.1014502681363376,-0.7537849771422582,2.0031083215095196
0.12556202538137934,-0.6208350219250028,1.501389236094838
1.090481611299455,-0.056724716451563614,1.9335264982048463
1.395989258440139,0.47029378186262705,2.776326838033899
1.2152347045676826,0.3495361983287282,3.520719108808959
1.0590593592573816,0.11220138620452358,4.295239498144045
0.584872953564859,0.052924974193230175,4.811532813435499
-4.0673853857977065,0.45289182423471125,1.556228088312177
-3.5166959163730827,0.3321626686809836,0.9724600455149132
-3.2262135462162975,0.1933818918600401,0.6814225708656294
-2.9928332460521165,0.032230536003525545,0.5181491533556338
-2.754793715747231,-0.08913880365872984,0.4716807652204636
-2.5804926408502924,-0.14115949716512313,0.5457653034376023
-2.5539160996883763,-0.1476301680163226,0.6501825267365329
-2.7559047976257474,-0.06362598829700636,0.7943692670327247
-3.2940179813309407,0.20730899460372554,1.0808981093971142
-3.0355341317989986,0.2429866903939039,0.18312502722404947
-1.912752083603604,-0.2045331388653406,-0.5121834936684047
-1.3946282226496913,-0.3703952531623832,-0.8153362809687202
-1.0335869236915418,-0.42223821067876605,-1.0165257327199257
-0.7613595040830721,-0.4081682230924429,-1.1492334281770995
-0.5778213473740967,-0.3841655193777533,-1.2385510170045202
-0.4267221837932799,-0.4153622967733804,-1.2102312863156803
-0.22722702852281032,-0.4971068054450472,-1.0453020738586836
-0.03296890468360893,-0.5002537029817696,-0.9129946916334796
0.11491370421969448,-0.48985760487076063,-0.9362622066264528
0.16702398230871832,-0.43624903407054305,-1.1376077951285375
0.14353803935849643,-0.3948852228688362,-1.3656730284068803
0.08544704828304109,-0.3605625277222958,-1.535650689359259
0.06598000583370703,-0.3548231269555795,-1.58027368977375
0.0636621199207677,-0.37237179624884237,-1.5475581715453273
0.0450111064371561,-0.40257735648779136,-1.4919253225717102
0.03962166298233278,-0.4291018987443718,-1.4345333554422395
0.02744616813719659,-0.4601731140185108,-1.3550082065470404
0.0035079191567231843,-0.5745438535544435,-1.1614896110749582
0.06546486214324757,-0.8152204116347236,-0.7844508060835713
0.08139137512958229,-1.109901738127559,-0.2209370380399994
-2.711223161778194,-0.15902227062523766,0.6409166744627504
-2.588157376273006,-0.25000082248373806,0.54876594531702
-2.4853364012293313,-0.36834795536319415,0.5734685187412735
-2.351197250114937,-0.530688445509837,0.6530240572150254
-2.208227321713356,-0.7526303209568894,0.9165102661654883
-2.2079944019252413,-0.9257913328931948,1.4688064310398738
-2.481464098757318,-0.9255166706001009,2.2970425801554666
-4.561037876667017,0.7733067189979873,1.0554130415517216
-3.4189241046481635,0.32030619438652436,0.5398228753336405
-2.642167623273388,0.005604089592204109,0.3310181479763024
-2.1063645768633443,-0.1995275412567771,0.3111762447688854
-1.685025900706356,-0.36210037954395086,0.4170875750451661
-1.3076648350367903,-0.46172404396715405,0.5698838246059243
-0.99680841889317,-0.46696942346845544,0.5873808802469941
-0.90166539283794,-0.3906562665792234,0.27357908983876156
-1.0244716851427194,-0.27139934734047283,-0.19632087413623334
-1.2815981959764684,-0.16772838220515343,-0.5573126650032457
-1.7652700188048072,-0.07001972475750042,-0.69652264904013
-2.663071700238401,0.12271119595475037,-0.5447116313040886
-2.6689778116046705,0.19121471242414864,-0.5046454001798079
-1.6606429117679544,-0.07821715612844177,-0.8936075719261322
-1.118920245091287,-0.1910680583964934,-0.945173524198437
-0.8411101940842667,-0.2720279524512396,-0.8496644485600165
-0.7183799456471311,-0.3375236742835099,-0.6966902739257397
-0.7253324538733357,-0.45796691574889037,-0.4740412435427089
-0.7673743884358828,-0.6663406328731933,-0.1093737890626471
-0.9329712278609555,-0.8723314075107742,0.5042489793954981
-2.000832209064509,-0.109754506331141,0.47330244979107916
-1.7716209860388785,-0.12010389676607616,0.24956986276611068
-1.6202076589120433,-0.1690935928104119,0.20508113893217111
-1.535886666084864,-0.2824543556810111,0.3290637303599146
-1.558765827235233,-0.4485105280890805,0.647503448764967
-0.6606583351891955,-0.3687991436128795,-0.13999761779443803
-0.8953706640273033,-0.29069346521232886,-0.3826193408691012
-1.5427860653090302,-0.15558154700107824,-0.3487626045101953
-2.925938583888877,0.31347834396402535,0.15043588611047912
-2.8956304868249343,0.5658682784199773,0.4084298520973168
-1.3586733239910695,0.05802910449235175,-0.348930211235796
-0.6047542561493249,-0.19773976615192135,-0.4235135185026126
-0.2708662218105712,-0.32329238060646187,-0.27493941661455146
-0.11297313421492249,-0.32783195796720577,-0.11661791738866589
0.030381127972017214,-0.2986726747752662,-0.0185315170748743
0.17429384090249914,-0.3032502827878232,0.007115162307795086
0.21766806353056442,-0.30237616112029264,-0.06501557037924052
0.1422800069262651,-0.23318241156692132,-0.24930578944227594
0.08412917957417905,-0.20349656387692786,-0.39070259470797475
0.10831734333788265,-0.1894978109415666,-0.36562278800357606
0.18582946919256152,-0.1970777876460743,-0.19712171505565715
0.23280271440952016,-0.20509021108500963,-0.007668664367502181
0.22307853261761199,-0.147028914643275,-0.09744652473227719
0.20385567432820434,-0.044524796943482846,-0.3005825171951793
0.2624478535875324,-0.07100141288974209,-0.17327484898939463
0.36204690424569685,-0.1896326847187634,0.5662086944587487
0.42259480265374927,-0.2732885165873626,1.2044777362611414
0.4036923371795898,-0.3429555296323575,0.9865312241776234
0.299400835338966,-0.35244842169509616,0.22079400868173327
0.1728271128029091,-0.28009581609817885,-0.3792844563779117
0.14420853561729297,-0.18413504138735123,-0.616993017561957
0.21529101196576408,-0.09840777982347573,-0.794205615325882
0.3237913996469416,-0.08255845262347067,-0.886872132473773
0.4124463391090648,-0.1229285544556689,-0.8856653606747013
0.45365384434406153,-0.16015113708927559,-0.8553681020559638
0.4685522282724183,-0.1817486491158562,-0.8606558999061273
0.48968248655148905,-0.2176684479464076,-0.8884156665215888
0.5714901130035402,-0.23436252685502526,-0.8977207354210872
0.6263428136611907,-0.20553522549805375,-0.9184242704110104
0.6284987977517561,-0.18898875216667033,-0.9229744649716645
0.6603156488881948,-0.22354742439610475,-0.9341131490170028
0.7043087315365423,-0.23293953136298132,-0.9927341116790237
0.7288486438685609,-0.21104051493283194,-1.038983440895806
0.6818748304084951,-0.15916168112377654,-1.0394735499834011
0.55447429741579,-0.12426570437447508,-1.00445092926154
0.4096964079159162,-0.09206936335237213,-1.0429228068608118
0.3016955835780995,-0.058061944480200904,-1.0608909057487723
0.2108832375246432,-0.12665793891737684,-0.9302419317979586
0.04254831227147869,-0.31704822739929933,-0.709767514864662
-0.2767366170582661,-0.45067340615567963,-0.5203703778765081
-0.9026897922379177,-0.38506562458316324,-0.3659584355670517
-1.9285771140312944,-0.07520204842492764,0.014522817365640891
-3.15772679241395,0.6561886237618706,1.0840797348270952
-1.8163810591932397,0.19946647147934038,0.6210410667896612
-1.2107043307942098,0.08341146125419861,0.6652674613724309
-0.8636404062496021,0.058437516723511,0.671160389060961
-0.5962276682218646,0.12911618847722448,0.6021994976964681
-0.24203460145912392,0.03745428033461457,0.6831775529771614
0.05552168632464403,0.007347464238497786,0.7605707410780769
0.15809436232432342,0.06973421154366698,0.6487123110383471
-0.005004006630243705,0.1905480510525055,0.2756830095103187
-0.20114666730634184,0.2682260111682908,-0.12576869017131012
-0.28790715758894686,0.3135959237019142,-0.31871788479515833
-0.27688698272665513,0.2935488635157698,-0.3391204742913887
-0.2847784342470913,0.27298116766839164,-0.2716358612954918
-0.3517094622093899,0.2687546453191656,-0.2802913423504754
-0.4129649923420778,0.27911263705238043,-0.4257175451118323
-0.41543134823059846,0.2346257714656325,-0.530789220556641
-0.3773170954885977,0.21444639732091356,-0.5574945044885704
-0.3083900571210694,0.17079458121530597,-0.5075003451127654
-0.23814627526290194,0.1544954250814867,-0.46243421802484247
-0.15548870545701726,0.13530674015919472,-0.396907928062468
-0.05146287787646429,0.10888290030550643,-0.32754927512236565
0.028078757817348192,0.057923266187203434,-0.29305735349942674
0.013698990891222453,0.04912723630479006,-0.30240600186749556
-0.05580928034311014,0.05004212944615614,-0.30152629979362744
-0.142322803544795,0.09607418548321417,-0.25935131004634593
-0.17033789449686684,0.12968769607907227,-0.1882130731641674
-0.09461933298862736,0.17618832654537367,0.022245489691764177
0.049478238600516304,0.13825097465086458,0.5047050566986021
0.07875679568490566,0.05561432687579648,0.8336945110777872
-0.07535496963850717,-0.004550137809100881,0.6364426952242298
-0.2801298559714551,-0.00035416655114519263,0.15393191871460943
-0.3684754406946506,0.043836779817932686,-0.10994465927222376
-0.4056664063539639,0.06912300733837598,-0.2326702729177352
-0.5068555011508665,0.050240476617881454,-0.36108208701334327
-0.7102040542344599,0.01309551918729541,-0.3715311046352875
-0.972814873856625,-0.08929451057492446,-0.16956495108920158
-1.0486258891990805,-0.2879361522958872,0.21955477503982965
-0.9634611195677766,-0.5330674581942555,0.5768787592656529
-0.44907149044568934,-0.734107511188175,0.09300231869125536
-0.5746436307160026,-0.9495259579848494,0.4468943666016591
-1.1087728200120879,-0.3005178681172222,0.3496222671696001
-0.7560507744316813,-0.23935337565121675,-0.13080701986045598
-0.5572904662744013,-0.1964604700097581,-0.4671301922321468
-0.5169022194816354,-0.18640222557854177,-0.6730524477280808
-0.5696288361923326,-0.21249159358914319,-0.7546312173377886
-0.6442024210945229,-0.27788508655987504,-0.6836956819657453
-0.770591518965143,-0.35736453175020005,-0.5138541519001392
-0.9833036750568936,-0.3854494512171164,-0.40091181120275254
-1.285047734378943,-0.2878655161955276,-0.37149040283639273
-1.5899178709468118,-0.17424775114979238,-0.27809345607015906
-1.7280753292552888,-0.12228099241837671,-0.1700951842800249
-1.5511629050196174,-0.20288379434584405,-0.18934913364629433
-1.1211738004697398,-0.35754720944953994,-0.28498082873674957
-0.631406639770527,-0.47409712613839555,-0.3247137890011101
-0.28047588385327815,-0.527261801897496,-0.3077123972100183
-0.12946574619323978,-0.49947398938106696,-0.34523406885850694
-0.0784094157203236,-0.45879391816864556,-0.4491125330269912
-0.04403778204817619,-0.44334950521155075,-0.5558060641469941
-0.0653803888539061,-0.5046346673320666,-0.5901822902055626
-0.2757304548909241,-0.5124493075437779,-0.5987692939083044
-0.581136938432314,-0.46771004401843613,-0.5239407643566125
-0.8625887337883201,-0.3740590812344806,-0.285782863984734
-1.074335884513783,-0.24927124003425874,0.09124372735849352
-1.1237120897599506,-0.24578226809436676,0.4606201943678606
-0.975304850770408,-0.4639899525493243,0.6763185065594046
-3.1974522098565856,0.17328665918657624,0.48471336688879957
-2.7720530967700676,0.4066476276875108,0.045775360243070856
-1.2912196326707845,-0.21641560821823136,-0.5179233030160042
-0.6517171630140266,-0.6239532921085537,-0.4542623360586344
-0.9825945127791319,-0.9558855003090455,1.187304671295828
-1.196718451299123,-0.6535183596294591,2.049427913223847
-0.5814610857540823,-0.5402943084672248,2.638208200042858
0.5654776065560354,-0.7352492267837193,3.128355762823022
1.2630717114912249,-1.004454026692903,3.6542805095162327
1.2680199545537338,-1.2723525728060034,3.7708731972594647
0.867230336338308,-1.4151958247965524,3.332387852041277
0.17999908810462154,-1.3455173542474268,2.883110850647641
-0.7239117370091601,-1.0665341054317456,2.671581968534526
-1.5691001058740703,-0.7755611607550764,2.4959321889464885
-3.2225592374846457,0.09185716533979912,0.691431969503014
-2.0063539236990175,-0.37361168350256047,0.04581936035810072
-1.3538690485667024,-0.5682042381733459,-0.17246639911658335
-0.9705041849438285,-0.6245448969928774,-0.3004868800326085
-0.7491503594210189,-0.6267849386620064,-0.38364182832021043
-0.6295372830826534,-0.5932709978395826,-0.4277710314994093
-0.5696553742851591,-0.513026113187923,-0.4702282744247064
-0.5527800492584921,-0.38884565584953057,-0.5301308784263504
-0.5767935108053645,-0.23599601681313898,-0.6269168037407528
-0.5838097259059082,-0.1511667552480908,-0.7524638247499182
-0.5075346840393039,-0.19018432238731584,-0.8342159436198563
-0.39140139819199776,-0.2688716285423301,-0.8814247100186107
-0.28875266864731985,-0.32762132302321895,-0.9290511914672592
-0.20936605327169855,-0.35887485690323173,-0.9817588397995682
-0.16765135467161954,-0.338130964141586,-1.0738834223237956
-0.17398602528463075,-0.2756468094509352,-1.1938394602472622
-0.19625744536491818,-0.20503903936311946,-1.3009330344351346
-0.1880185301424762,-0.15795493439930058,-1.3836080572860276
-0.14528961096912604,-0.16245611877492386,-1.459413659275104
-0.10202543855768627,-0.211159415409803,-1.507963244350516
-0.05052310605192376,-0.2718367089134809,-1.488822543368176
-0.0039055120037647145,-0.3117188392762096,-1.4097511972518932
0.020620336701345963,-0.3308716681334782,-1.3371554974204778
0.032693148681916265,-0.33669933010088166,-1.3034257174137711
0.030926393661425123,-0.32853371365044765,-1.3211062874200774
0.014419660712149276,-0.3163374675299275,-1.3960465090760195
-0.040175975941580455,-0.29949842030404394,-1.4324589691329606
-0.1224902890472697,-0.28118698682028714,-1.4151453790495496
-0.1924528828416571,-0.27158684011323964,-1.4261053635825083
-0.2249655888940367,-0.28081468389092223,-1.4387180109253697
-0.23035534337737257,-0.3024874200260207,-1.389163149867692
-0.24235603909517944,-0.319603735406298,-1.255536019080793
-0.2749030484295936,-0.35191558834746073,-1.100001464530517
-0.3122407677870977,-0.4297697198821051,-0.9673889571684661
-0.31810844766192525,-0.6109860202030978,-0.7586841388386925
-0.340711364923054,-0.8789945182826758,-0.3736913202869154
-0.4864652558735321,-0.8127470976280294,0.6578540457719336
-0.25928577679010983,-0.6183891958404771,0.004262619388865971
-0.19528463025573875,-0.4348874785343496,-0.4854605256047327
-0.14421856622617113,-0.33821504712326533,-0.7910883889449963
-0.06005239681069619,-0.29906097358113565,-0.9488863356814773
0.008616929211614896,-0.29257639844685474,-0.9721381046333086
0.016670829383529612,-0.3064798817089859,-0.94369158247294
-0.01355643290776628,-0.3052239558923139,-0.9709828981895684
-0.06030717308715038,-0.2794273198277697,-1.0195420574783454
-0.13212806862408197,-0.25822594031877766,-1.015183432600737
-0.20811485810103134,-0.2673436501108938,-0.9416651941944946
0.5118491782933614,-0.31998437164807897,0.3000465664845654
0.40737180767407766,-0.18572039016459752,-0.1921981510448692
0.050002297182194434,-0.07173609451594432,-0.6517586822353025
-0.21335706446095154,-0.0017334976499677082,-0.9773714554224758
-0.23311449133226733,0.009319372460861489,-1.1457102223337772
-0.15192622770587547,0.004699842445992389,-1.1946898916620121
-0.07731647092802497,-0.01523704849566039,-1.2035986963941983
-0.036538302878783964,-0.05986768712888684,-1.1921071532601752
-0.04300320817342317,-0.09987858347883735,-1.2003670094467374
-0.05009474438541873,-0.10717718104351373,-1.1833977445488142
-0.0848019379887482,-0.09527016336946666,-1.1898738679092224
-0.1046232550151459,-0.08918931220841943,-1.2266396334893788
-0.042339767788916176,-0.07385996555140525,-1.2722490849143384
0.015500385553862649,-0.0415369271224479,-1.3303060297542726
0.0195064802917681,-0.023784156383355567,-1.3282590595535035
-0.026972379131832622,-0.0719407195494517,-1.2554317527828476
-0.14437608454900797,-0.13890349534716726,-1.162729915295734
-0.39096264192973373,-0.13012920698754862,-1.0889345175532648
-0.7612526061208325,-0.09154411951591822,-1.0282874645682942
-1.041659202138094,-0.08799564307199517,-0.8737149161483571
-0.9919538943466938,-0.1440704481271172,-0.6566555540261667
-0.716982554677756,-0.1579920179977599,-0.5393996138930903
-0.3878609907443846,-0.10544082061335651,-0.5432510822786107
-0.14163626464956042,-0.032277795209136984,-0.6233199303757424
-0.049999155850172707,0.043565426718875803,-0.7078053430375398
-0.05571137969228462,0.10305467314772618,-0.7802120984173755
-0.12099405158327585,0.14464385339518435,-0.8076992233162763
-0.20892462381882104,0.19178171800376326,-0.7686886661386753
-0.2803022643049159,0.23244967253495522,-0.7285460744748764
-0.31345258488970346,0.2695187556268308,-0.7104046273147107
-0.3330402401297343,0.2826889242509886,-0.7245643011108639
-0.37632385718633304,0.28563741079796945,-0.7639538932302333
-0.4316388302902825,0.3038084244881314,-0.8143070624734857
-0.43865336696825813,0.2893954263992716,-0.8326866983880008
-0.3671060798739313,0.24983949691182736,-0.8046320026546069
-0.3094881610978757,0.24619849674887603,-0.810302340528376
-0.2999976269648986,0.2389129706663075,-0.8773293454610996
-0.2625109520300665,0.24775302462929485,-0.9535168176328565
-0.18341960751062622,0.25591236231291625,-1.0037851298127427
-0.1515444029089154,0.28851655355397604,-1.036584559362347
-0.1989125868501377,0.3416635206271411,-1.065074760956634
-0.36953973508459353,0.37318581536435463,-1.0114424518186818
-0.6909926628166572,0.4521551444049956,-0.8739133052161274
-1.1221358843755942,0.5768325573806503,-0.6966985654799106
-1.459977921575223,0.6746503073641974,-0.6413955801809544
-1.3641548772337406,0.6390817559734829,-0.8615628987295988
-0.894880785547484,0.4782662778687412,-1.0928377413438886
-0.4180880363466676,0.33082461344506925,-1.1553413039272948
-0.07188963676600411,0.24591388667728767,-1.118911111585646
0.06920491216051942,0.2542383714608318,-1.1377104707229793
0.0718840435089521,0.257922522493685,-1.1737840749944657
0.04694527905466899,0.22915893126584583,-1.1468676341033588
0.03152510512735178,0.23223772048027774,-1.118789618030143
0.018998243356297056,0.2787672801152636,-1.0865349347565405
-0.001408734182852702,0.2938799431870623,-1.0423202516232397
-0.0178160905131634,0.26073845422668485,-0.9619045838042292
-1.0063424222777018,0.5576768361895953,0.8020808203172798
-1.1757386398670828,0.6997769691692673,1.018865399270933
-1.4049198939000542,0.7928405173578533,1.422581971503834
-1.9101716123115158,0.806519701261597,1.8401270719652958
-2.638890485278676,0.745528031897024,1.9793001240518
-3.0080075657155194,0.5719981113082002,1.5297214727203168
-2.7540685562980127,0.26470124609523077,0.7096325343578092
-2.4185340418955343,-0.02280974440802493,0.1451184742402683
-2.364501457344933,-0.1798562722917158,0.03817607872599253
-2.4896869116894003,-0.26757890136871215,0.11134642704131634
-2.79363225937092,-0.2817450564421389,0.25299946871939216
-3.4134424038622107,-0.1211275823677293,0.6385283431124494
-4.492424876306783,0.27282645719011717,1.3830018465824196
-3.9545776990877024,0.2800374366374097,2.103527230297341
-3.0173685061097997,-0.0025792979712309433,1.9641222871363109
-2.211741479656469,-0.29385610383956423,1.881041483002764
-1.4450487729981396,-1.3037401780979307,3.3566210623915755
-0.8294623498214219,-1.1003797453521529,2.0599979883620114
-0.504384375006024,-0.7983617925021895,0.895347559139619
-0.3589472479190216,-0.6171326851497193,0.16058106938577754
-0.33720829576959693,-0.4853345581399124,-0.29870922589279036
-0.42117070415118163,-0.3160350925122926,-0.5909765429057077
-0.5323364728551663,-0.17100281036012557,-0.7966667453027362
-0.6012192839505277,-0.1114088409075362,-0.8681400068296933
-0.6453783263979179,-0.13622811556807013,-0.7787418522807398
-0.7101717147927026,-0.16756724800290193,-0.7132160292109323
-0.7966901499902712,-0.18063374904842008,-0.8012974858180213
-0.8145324569773313,-0.2486525637283435,-0.8935096855026005
-0.7502125686225223,-0.34898180265535406,-0.7053766641881417
-0.6288599372281573,-0.44214176404300404,-0.06555771255131929
-0.46251913158646807,-0.598489709491043,1.0575395548399824
-0.3090887683949361,-0.8795719112629397,2.2710423716838095
0.719015193836047,-0.09663571631870337,3.10684058974571
0.615933451869291,0.234450564839486,3.099884159421525
0.6723043051232468,0.2561788540961862,2.994208999692499
1.036799453819402,0.1041230943178478,3.037303442009651
1.461343717138291,-0.106775817401795,3.249246094378423
1.6900413265666725,-0.2727661567482426,3.4454625441644526
1.6933813931420991,-0.3230002640014699,3.3866486460771874
1.5670473845660309,-0.19284748279994743,3.1398403256328646
1.4129615797834068,0.016388327858670313,2.839232584871882
1.3512096928505821,0.13694504312628922,2.6100726234266873
1.3699118805238044,-0.10934541462812382,2.545963441868301
1.1955370823791793,-0.8998300580991165,2.5454265874421935
0.6337264281450352,-1.6634982438462478,2.611564810241042
-0.1804427598923076,-2.0041957825301746,2.71313223083364
-1.4508583332920109,-0.5335130503255043,1.4922043844006947
-1.207158471402085,-0.5201219769680061,0.30545472512196936
-0.903941950701638,-0.49554535904014574,-0.3853295671786536
-0.6381489457877035,-0.4934673644276206,-0.8837524104732537
-0.4976078954994635,-0.5037358791917839,-1.221894957462749
-0.445812718652733,-0.5087132248178682,-1.3858645053660046
-0.39964464491618734,-0.4895718493780134,-1.4463771768123885
-0.3141658862110658,-0.4910559153531212,-1.4367594847228036
-0.1665689724132782,-0.5743495589457646,-1.304310794771201
-0.08028482907065787,-0.6268978568651138,-1.1557007546825793
-0.11850419737978271,-0.5450143381870354,-1.1076292282676294
-0.13914556314219975,-0.35569957235944377,-1.14207414527242
-0.08280801680193405,-0.189256082630743,-1.2122523763281876
-0.03129759646314573,-0.10322977658252247,-1.2892728563794211
-0.026538845305133136,-0.0567601673196247,-1.3315398102386429
-0.0024625304959031654,-0.07575896233384775,-1.2944593783970546
0.058591601821287156,-0.12702520232156084,-1.2320998645596373
0.09727539594337146,-0.13214282458005888,-1.2531211362819816
0.11227903825308912,-0.1365681047237457,-1.4474112672525532
0.13408056683072966,-0.1990227604879578,-1.6564292914128766
0.18663995851064014,-0.24005895594870658,-1.62513467676088
0.2282520185236313,-0.16301946781744753,-1.3956576747066949
0.2110658020313693,-0.005008022099820617,-1.2941376990882936
0.15827931061021625,0.10299311321062106,-1.4173210138590295
0.12331462299996508,0.21304686820990595,-1.5000281131750608
0.12444021571920198,0.21335520835964147,-1.4935642089592451
0.12042286170753821,0.06252056754049183,-1.4757663373415926
0.17061250620617716,-0.03896953785244578,-1.4843560703393033
0.4174240831472684,-0.19660296933325858,-1.3853517507673383
0.8290360372186752,-0.45450909960821895,-0.8986793865947984
-0.4189551351088765,-1.510113321523953,2.7860015200816513
1.0544699619248523,-1.265030433786099,2.6859622904131863
1.808844387120405,-0.7583344890828345,2.791781896634361
2.0306786804436388,-0.5788316781284399,2.8448568016296245
1.6646371084663059,-0.7393219966898337,2.7728341635306455
1.2556079570612835,-0.7881583667200615,2.465462155971494
1.0381909294528693,-0.6269431102481052,2.1315427145013492
0.7676439824586164,-0.3335441267812647,1.9601040628321529
0.4098825247600222,-0.005350578765469404,1.9101456239360464
0.07749853900987155,0.20362620032309334,1.9576847335945688
-0.2937186185591429,0.3328159869917674,2.107143742459817
-0.6954607206762191,0.3448331661194121,2.1585281965839123
-0.8817560322800305,0.26631551197530356,1.9001064326365593
-1.0830335940305378,0.016121698560134626,1.7470852370257353
-1.6806493807092955,-0.46979708330974035,1.6174206670743412
-3.0088563297093103,-0.5823310476430603,1.9492962315373534
-1.7458658668380078,-0.584873345542243,1.7480716151049005
0.008173735143724645,-1.2248324744594918,1.2015304712262107
1.0764004726405356,-1.4551446483828023,1.58044444864335
1.9800380722162343,-1.432325541160836,2.722243289089061
2.532203076738005,-1.3576094307432562,3.8759183046152312
-1.131077724245064,-1.0288124200188065,1.9061411930307557
-1.7607942955366744,-0.191265612373155,2.3182383355983687
-0.6462065123532471,0.23458911649786496,3.6654561874345037
-1.2852169303373695,0.12335884000436347,3.488364426410643
1.140700609254158,-0.2961140967632291,3.3229255971420337
1.3463121602963386,-0.5595709083758017,3.13800360794731
1.4996585981202943,-0.6460399680297899,2.8242090482991786
1.5770608360266627,-0.9532486265774758,2.5937998527724733
1.5798974269712434,-1.5704679142297504,3.0876398834264145
-0.3451603816573589,-0.4952004815024282,3.965060128673929
0.7568929044639695,-0.24193246938199428,1.3664125439851889
0.1238419008147748,-0.13805000461663053,1.2370341340081823
-1.2169614315335224,0.02140480594445278,1.1222159456720475
-2.444597621689983,-0.20559919823316045,0.5327631791364592
-2.061122445136902,-0.15987732897219128,0.12119131052807054
-1.7167856975933617,-0.1592140427068272,-0.06438044575920415
-1.4538386762922575,-0.08978763100445439,-0.08763831125124993
-1.238477353023739,0.050752866934564746,0.10481245534218393
-1.0927072968437892,0.16247969560531608,0.6407899972024838
-1.0310196816009853,0.14984731421141798,1.336604615375777
-1.8435996108205484,0.13400320205779223,1.9004043084938766
-2.008502146967521,0.22348846856533966,1.2657739625048117
-2.08395062011729,0.29373790098729197,0.6815041567750784
-2.1062299339936117,0.3026303557805232,0.39082048418761556
-2.187552207416401,0.2880247173453709,0.5967054427905485
-2.434347784810248,0.3600998243062154,1.0287783552629095
-2.8158744653859085,0.545982661798629,1.4061678419914172
-3.1245542714805987,0.8522701036696688,2.026457781486236
-3.25637980095337,1.2080973035866944,2.8071254424217975
-2.682715758708574,1.307983340804443,2.8161364463624654
2.6169370966828596,-0.37367566795365237,2.2186895196618126
1.6320478077326095,-1.0565165553918874,2.138821575619681
0.14308655565795947,-1.2033124761535685,1.932398941745286
-1.4837117310514496,-0.7887017120117495,1.7702003337703032
-2.803305167756036,-0.27332344136098413,1.8245906025024192
-3.6505940176246794,0.10116129800258268,2.2762767573088003
-4.179909903419744,0.2921015301861192,2.8386844841204133
-4.982892574800506,0.09008397563757435,2.397052330567953
-1.9859820293829413,0.08498991833069093,2.1628222043038132
-0.17177155217761997,-0.11887812550900814,2.7278541063266983
1.5772643036085936,-0.6105160551544134,2.0352564826566697
1.1299106618305033,-0.5873553731872381,2.0078510324303065
0.1433457055059027,-0.7614626964079156,1.959382515745702
-1.4658615601935967,-0.7648868480422614,1.7898949383457292
-3.16974513223179,-0.47632564290109886,1.6494131721307912
