CALI,RHOB,NPHI,DTC,LITHOLOGY
17.363323212,2.0004403591,0.5890346169,133.39370728,SandstoneShale
17.306394577,2.0072553158,0.5954430103,135.01968384,SandstoneShale
17.303955078,2.0170853138,0.6104481816,136.6607666,SandstoneShale
17.368221283,2.0276217461,0.6145867705,136.61581421,SandstoneShale
17.433296204,2.0335755348,0.6009938121,134.9360199,SandstoneShale
17.332830429,1.9937821627,0.6332134008,141.69979858,SandstoneShale
17.305009842,1.9815971851,0.596888721,141.42420959,SandstoneShale
17.648685455,1.926004529,0.5502502918,140.95210266,SandstoneShale
17.555011749,1.8995585442,0.5612719655,142.64108276,SandstoneShale
17.534988403,2.0047111511,0.5874267817,138.45013428,SandstoneShale
17.408748627,1.9923685789,0.5235689282,140.94094849,SandstoneShale
17.348819733,1.9905287027,0.523080945,141.12171936,SandstoneShale
17.529714584,2.0032217503,0.6399722695,139.78411865,SandstoneShale
17.599365234,1.994954586,0.601947248,140.05101013,SandstoneShale
17.632246017,1.9867856503,0.5705868006,140.36270142,SandstoneShale
17.634716034,1.9760919809,0.563111186,140.97375488,SandstoneShale
17.627613068,1.989566803,0.6454413533,142.84645081,SandstoneShale
17.609619141,1.9939284325,0.6367449164,142.887146,SandstoneShale
17.573503494,1.9992666245,0.6334698796,142.76246643,SandstoneShale
14.075368881,1.80479002,0.5493162274,147.54789734,SandstoneShale
14.090128899,1.8217326403,0.5406078696,146.53739929,SandstoneShale
14.94063282,1.828368187,0.5159128904,146.22244263,SandstoneShale
14.996161461,1.8295228481,0.5124033093,147.74737549,SandstoneShale
15.041924477,1.8334077597,0.5077378154,151.15370178,SandstoneShale
15.427605629,1.8393716812,0.490519762,147.14567566,SandstoneShale
15.442127228,1.8485745192,0.5005617142,146.02952576,SandstoneShale
15.454026222,1.8698804379,0.5333076715,149.03477478,SandstoneShale
13.699995995,1.9834103584,0.5030508637,152.47242737,Sandstone
13.696201324,1.9933565855,0.4720915556,149.22735596,Sandstone
13.699129105,2.0010197163,0.4349440336,147.55545044,Sandstone
13.696586609,2.0042648315,0.4227328598,149.30610657,Sandstone
13.698842049,2.0032608509,0.4211226702,150.69586182,Sandstone
13.70923233,2.0009996891,0.4262441099,152.42651367,Sandstone
13.732307434,1.993997097,0.4317797124,153.33595276,Sandstone
13.780005455,1.9789119959,0.4310763776,152.42222595,Sandstone
13.841901779,1.9578534365,0.429266572,151.78117371,Sandstone
13.897144318,1.9355112314,0.4368208945,151.03935242,Sandstone
13.926101685,1.9198038578,0.4740116,151.94488525,Sandstone
13.918689728,1.9203206301,0.5217151046,153.41337585,Sandstone
13.859601974,1.9319771528,0.5578449368,154.08726501,Sandstone
13.712539673,1.949119091,0.5629319549,153.50033569,Sandstone
13.438775063,1.9562795162,0.5504709482,152.8354187,Sandstone
13.161705971,1.9605003595,0.5375970602,152.17050171,Sandstone
13.026386261,1.9666173458,0.5073295832,152.70570374,Sandstone
12.973670006,1.9723562002,0.4767152369,151.24441528,Sandstone
12.965229034,1.975288868,0.4552733004,151.47145081,Sandstone
12.972801208,1.9772213697,0.4515858293,151.38484192,Sandstone
13.013237,1.9884389639,0.458455503,152.40846252,Sandstone
13.104063988,2.0051336288,0.4615289867,152.72900391,Sandstone
13.210116386,2.0098798275,0.4618665874,150.00984192,Sandstone
13.274252892,1.9925493002,0.4664665461,148.49769592,Sandstone
13.349066734,1.9571990967,0.4861830175,148.88583374,Sandstone
13.544324875,1.9327545166,0.5070621967,149.44685364,Sandstone
13.826939583,1.9301105738,0.5213990211,150.9671936,Sandstone
14.027161598,1.9370652437,0.5226735473,151.91273499,Sandstone
14.113732338,1.9248430729,0.515111208,152.33659363,Sandstone
14.219483376,1.8857302666,0.5114042759,152.03936768,Sandstone
14.393721581,1.8309185505,0.518347919,152.44619751,Sandstone
14.606926918,1.7805058956,0.5289137363,153.05610657,Sandstone
14.829509735,1.7436363697,0.5385782123,153.06954956,Sandstone
14.993730545,1.7267508507,0.531532824,153.00721741,Sandstone
15.056215286,1.7322865725,0.5161723495,153.11022949,Sandstone
15.114328384,1.7636127472,0.5016412735,151.91601563,Sandstone
15.211798668,1.8066854477,0.4853859246,151.53083801,Sandstone
15.356415749,1.8205960989,0.4994701147,151.17224121,Sandstone
15.569860458,1.7943880558,0.5338423848,151.45176697,Sandstone
15.859294891,1.7578663826,0.5498585701,151.17420959,Sandstone
16.160131454,1.7460805178,0.5450642705,151.34153748,Sandstone
16.442911148,1.7461053133,0.5288825035,151.15911865,Sandstone
16.710103989,1.7299348116,0.5319886804,151.25952148,Sandstone
16.958101273,1.7159131765,0.5367388725,151.4153595,Sandstone
17.165849686,1.7170848846,0.5624741316,151.57119751,Sandstone
17.339408875,1.7354227304,0.5908749104,151.72703552,Sandstone
17.421442032,1.7469160557,0.586882472,151.53739929,Sandstone
17.419368744,1.7488481998,0.5520055294,151.28805542,Sandstone
17.382581711,1.7560552359,0.5241043568,151.03869629,Sandstone
17.287527084,1.7707858086,0.5291888714,151.10531616,Sandstone
17.182271957,1.8021813631,0.5705009103,151.02000427,Sandstone
17.116268158,1.8289110661,0.599152863,150.79067993,Sandstone
17.08000946,1.8425596952,0.5944070816,150.95864868,Sandstone
17.089458466,1.8443272114,0.5662468672,150.47998047,Sandstone
17.134153366,1.8323568106,0.5305660963,150.99703979,Sandstone
17.217885971,1.8182855844,0.5051518679,151.95176697,Sandstone
17.332229614,1.8049485683,0.4963837564,153.67027283,Sandstone
17.397346497,1.7986717224,0.5244317651,154.82151794,Sandstone
17.433208466,1.7937393188,0.5612257719,156.63780212,Sandstone
17.388645172,1.7808642387,0.6035144329,157.30609131,Sandstone
17.236328125,1.7453830242,0.6311941147,158.18864441,Sandstone
17.047344208,1.7029653788,0.6240724921,158.17224121,SandstoneShale
16.714214325,1.6622515917,0.598411262,158.63026428,SandstoneShale
16.2186203,1.6371947527,0.5789687037,159.55577087,SandstoneShale
15.781517982,1.6252030134,0.5697928071,161.55708313,SandstoneShale
15.357936859,1.6429564953,0.5538600683,162.30018616,SandstoneShale
14.792373657,1.6878679991,0.5336807966,163.97079468,SandstoneShale
12.154698372,2.0217654705,0.4524592757,146.10169983,SandstoneShale
12.12280941,2.0050981045,0.4507671297,147.4881897,SandstoneShale
13.96572113,2.1295163631,0.5414440036,139.99934387,Limestone
13.829253197,2.2040314674,0.5316879749,120.71784973,Limestone
13.570147514,2.1784706116,0.4906641543,113.89911652,Limestone
14.04224968,2.1038527489,0.5761318803,131.93110657,Limestone
13.493611336,2.1473021507,0.5766146779,127.14173126,Limestone
13.152923584,2.0465445518,0.4582533538,62.497806549,Limestone
13.048430443,2.1282429695,0.4703921378,62.19070816,Limestone
12.613965034,2.2376475334,0.4795267582,112.97047424,Limestone
12.705791473,2.181650877,0.4405632913,115.57054138,Limestone
12.627165794,2.0790483952,0.42820099,124.61909485,Limestone
12.969851494,2.0575959682,0.4679863453,137.62303162,Limestone
13.045228958,2.0824632645,0.4999463856,130.9150238,Limestone
13.129533768,2.0865221024,0.5085084438,123.97113037,Limestone
13.216772079,2.0667088032,0.5006061196,128.43701172,Limestone
13.307081223,2.0524556637,0.481090486,138.25918579,Limestone
12.51834774,1.9869208336,0.5612290502,149.66142273,Limestone
12.531263351,1.9745037556,0.5463556647,148.63780212,Limestone
13.118612289,2.0156760216,0.4870499969,143.82611084,Limestone
12.992114067,1.9971215725,0.5044972301,147.38648987,Limestone
12.794545174,2.0288989544,0.443213135,127.19390106,Limestone
12.778353691,2.020004034,0.4109546542,128.09054565,Limestone
12.762227058,2.0169444084,0.415958792,142.53445435,Limestone
13.028808594,2.1266098022,0.5128716826,112.50476074,Limestone
12.981984138,2.1376006603,0.5041248202,113.66978455,Limestone
13.014004707,2.1016206741,0.4827488661,111.41321564,Limestone
13.153358459,2.0653493404,0.4565030336,112.07201385,Limestone
13.159000397,2.0430140495,0.4445384145,125.03001404,Limestone
13.097431183,2.2980854511,0.4876483977,132.09973145,Limestone
13.094249725,2.4534027576,0.4973681271,123.95210266,Limestone
13.021068573,2.386288166,0.505597651,112.79330444,Limestone
12.917257309,2.2139799595,0.5057818294,110.34908295,Limestone
12.823857307,2.0809168816,0.4858762622,133.00524902,Limestone
12.788235664,2.0273559093,0.4874281883,149.60629272,Limestone
12.678966522,2.2049674988,0.4710647464,133.26771545,Limestone
12.749141693,2.0999531746,0.4514807761,131.95932007,Limestone
13.250652313,1.9656778574,0.4425364435,167.77952576,Limestone
13.273029327,1.9607746601,0.4705300033,166.21128845,Limestone
13.297170639,1.9620728493,0.5077420473,164.83990479,Limestone
14.382365227,1.8841779232,0.4531891048,162.02230835,Limestone
14.292186737,1.8615427017,0.4756436646,161.75328064,Limestone
15.675662041,1.7418881655,0.5297760367,162.94488525,Limestone
15.621854782,1.7268077135,0.5806209445,165.33595276,Limestone
15.568047523,1.7617303133,0.5872018933,166.66470337,Limestone
14.221586227,1.9937530756,0.4721444845,146.93832397,Limestone
14.049474716,1.9863843918,0.4819958806,140.99047852,Limestone
13.421298027,2.3942050934,0.4885183573,134.22441101,Limestone
13.36856842,2.3813934326,0.4755702019,126.43701172,Limestone
13.308044434,2.2584311962,0.4570151865,136.27157593,Limestone
13.214139938,2.1357889175,0.4513489604,146.71284485,Limestone
13.105709076,2.0785062313,0.4821134806,157.54330444,Limestone
13.38403511,2.1280801296,0.5262573361,140.55905151,Limestone
13.302892685,2.1277778149,0.4899814725,133.52001953,Limestone
13.200967789,2.0897114277,0.4530525804,125.22277069,Limestone
13.186184883,2.0331795216,0.4217433929,126.28839111,Limestone
13.360640526,1.9837594032,0.4056833684,133.47703552,Limestone
13.719039917,1.9574497938,0.4059658051,142.69947815,Limestone
14.179621696,1.9521406889,0.4087773263,152.48129272,Limestone
14.243354797,1.9566147327,0.414445281,156.75033569,Limestone
14.40626049,1.9564269781,0.4328651428,146.89074707,Limestone
14.445398331,2.0411775112,0.4387797713,145.13877869,Limestone
14.42810154,2.1326811314,0.4596294761,138.57020569,Limestone
14.365493774,2.1712036133,0.4861061275,134.59382629,Limestone
14.299789429,2.2601981163,0.3955498338,124.73540497,Limestone
14.063889503,2.1875450611,0.3884408474,124.92881012,Limestone
13.884067535,2.1142988205,0.4129188061,129.85334778,Limestone
12.804714203,2.0569884777,0.4253589809,126.54724121,Limestone
12.963601112,2.0437979698,0.4263082147,130.98425293,Limestone
13.161402702,2.0358390808,0.4434962571,137.18045044,Limestone
13.092172623,2.0357046127,0.4764838219,138.62400818,Limestone
15.246946335,2.0662736893,0.5629374385,137.20013428,Limestone
15.755464554,2.0803797245,0.5518971086,125.00738525,Limestone
16.360544205,2.0625872612,0.5148205757,125.15010071,Limestone
13.308227539,2.061599493,0.4906225502,135.99671936,Limestone
12.768707275,2.0497279167,0.4813704491,124.79937744,Limestone
12.402676582,2.0213580132,0.4701096117,131.18060303,Limestone
12.387129784,2.0035603046,0.4657447934,150.32676697,Limestone
14.657828331,2.1172847748,0.6216809154,97.183067322,Limestone
15.534099579,2.0364618301,0.5887718201,67.343505859,Limestone
16.313680649,1.8967667818,0.5328586698,74.784446716,Limestone
17.161901474,1.7670738697,0.4930219054,75.866142273,Limestone
17.796159744,1.6808171272,0.500164032,126.03411865,Limestone
15.73276329,1.8171155453,0.5362210274,148.03149414,Limestone
16.150220871,1.7633459568,0.5347251296,154.5925293,Limestone
16.211120605,1.7749911547,0.5356784463,141.64633179,Limestone
15.763115883,1.8872127533,0.5559720993,136.00492859,Limestone
15.242533684,1.9079275131,0.563151598,127.97605133,Limestone
16.499656677,1.905539155,0.5305776,113.94143677,Limestone
16.099479675,1.956238389,0.5182700753,109.52346039,Limestone
15.940975189,1.944254756,0.4965153337,110.375,Limestone
15.966531754,1.7978935242,0.4875851274,133.33267212,Limestone
16.441524506,1.7927168608,0.5349674225,130.76574707,Limestone
14.140339851,2.093804121,0.5102977753,79.614006042,Limestone
14.195595741,2.0809979439,0.4993338287,85.528541565,Limestone
14.429496765,2.0180191994,0.5076105595,121.9114151,Limestone
14.073428154,1.7790126801,0.5202174187,155.96948242,Limestone
14.069383621,1.8127131462,0.5299065113,154.80413818,Limestone
13.122665405,2.3479995728,0.58869344,135.47538757,Limestone
13.01867485,2.2439205647,0.5341202021,132.09350586,Limestone
13.042341232,2.1256844997,0.4696338475,132.02461243,Limestone
20.82600975,1.8719673157,0.580165863,170.86810303,SandstoneShale
19.814996719,1.8864566088,0.564409554,171.05445862,SandstoneShale
19.521722794,1.9063016176,0.5253161788,169.53085327,SandstoneShale
18.985012054,1.9503920078,0.4792670608,160.28215027,SandstoneShale
18.641921997,1.912206769,0.4671093822,156.06298828,SandstoneShale
18.308433533,1.8923631907,0.4479982853,153.57775879,SandstoneShale
18.375743866,1.8966151476,0.4440409541,153.18011475,SandstoneShale
18.479423523,1.9101715088,0.4647099674,155.21226501,SandstoneShale
18.069477081,1.925401926,0.4779201448,155.50492859,SandstoneShale
17.620643616,1.9313639402,0.4600938559,155.53511047,SandstoneShale
17.973251343,1.9272087812,0.4334520102,154.91174316,SandstoneShale
18.680397034,1.9189919233,0.4390168488,154.16142273,SandstoneShale
15.932403564,1.9669196606,0.5625702143,140.46620178,SandstoneShale
16.399440765,1.919554472,0.5534587502,143.20373535,SandstoneShale
16.503950119,1.9170886278,0.5489025712,145.63812256,SandstoneShale
16.11895752,1.9400992393,0.5659306645,143.6978302,SandstoneShale
16.499498367,2.001875639,0.5744081736,138.89862061,SandstoneShale
17.273654938,2.0148224831,0.5533200502,134.78707886,SandstoneShale
17.911981583,1.965102911,0.533542335,132.3274231,SandstoneShale
18.622535706,1.9383960962,0.5468443036,134.5846405,SandstoneShale
19.396062851,1.9037646055,0.5784783363,141.39830017,SandstoneShale
19.375936508,1.8806782961,0.5859861374,147.26705933,SandstoneShale
18.780515671,1.8738248348,0.5628573298,148.04920959,SandstoneShale
18.776378632,1.9047148228,0.520643115,145.39370728,SandstoneShale
18.826066971,1.9360713959,0.4954294264,142.11450195,SandstoneShale
18.843381882,1.9411828518,0.5215241313,140.60531616,SandstoneShale
18.63020134,1.8967007399,0.5560981035,143.13615417,SandstoneShale
18.557394028,1.8498450518,0.5592849255,144.46095276,SandstoneShale
18.710704803,1.8291772604,0.5263214707,146.72637939,SandstoneShale
18.412460327,1.8481708765,0.5030452013,148.00590515,SandstoneShale
18.149091721,1.9017564058,0.5073416233,149.48457336,SandstoneShale
17.864048004,1.9311195612,0.5098028779,150.8021698,SandstoneShale
17.725921631,1.9272277355,0.4943018556,150.45045471,SandstoneShale
18.325750351,1.9105046988,0.4825890064,151.72079468,SandstoneShale
18.625911713,1.9137918949,0.5087840557,155.84645081,SandstoneShale
18.573543549,1.9263263941,0.5469304919,161.49998474,SandstoneShale
18.273685455,1.901190877,0.5659788251,164.57905579,SandstoneShale
18.54151535,1.8813199997,0.5613744855,161.40452576,SandstoneShale
19.456485748,1.8809584379,0.5359279513,157.52362061,SandstoneShale
19.660839081,1.9357635975,0.5178546309,157.15617371,SandstoneShale
19.556570053,1.9230098724,0.5066524148,156.84645081,SandstoneShale
19.753822327,1.8627880812,0.5011383295,156.66273499,SandstoneShale
19.559129715,1.8068995476,0.5081807971,156.62844849,SandstoneShale
19.027603149,1.8050615788,0.5129573941,156.44143677,SandstoneShale
18.658390045,1.840067029,0.5239567757,155.7721405,SandstoneShale
18.753583908,1.8690663576,0.5417166352,154.83711243,SandstoneShale
18.574018478,1.8974962234,0.5439795852,153.14466858,SandstoneShale
17.832155228,1.9359017611,0.5344967842,151.10466003,SandstoneShale
17.621376038,1.924826622,0.5149316788,149.10990906,SandstoneShale
17.892934799,1.9059185982,0.5143486857,147.19389343,SandstoneShale
18.102510452,1.8921195269,0.5407059789,147.5193634,SandstoneShale
18.007627487,1.920196414,0.5591540337,150.23326111,SandstoneShale
17.781925201,1.9403557777,0.5617685318,152.74407959,SandstoneShale
17.671390533,1.9439027309,0.5527278185,144.82807922,SandstoneShale
18.038301468,1.9547914267,0.5533179045,141.04199219,SandstoneShale
18.604772568,1.9551862478,0.5482214093,145.07086182,SandstoneShale
18.821258545,1.9395576715,0.5224353075,153.19192505,SandstoneShale
18.810602188,2.0120148659,0.4923820198,159.33235168,SandstoneShale
18.521270752,2.1374630928,0.4948489666,159.76477051,SandstoneShale
17.607381821,2.3625488281,0.517246604,158.67224121,SandstoneShale
16.304536819,2.4279527664,0.5050626397,138.5403595,SandstoneShale
15.535209656,2.4092242718,0.4829796851,123.35531616,Limestone
15.389791489,2.2035079002,0.4780626595,122.22342682,Limestone
15.542597771,2.0451483727,0.5069125891,122.59744263,Limestone
16.268774033,1.9237723351,0.5365675092,128.28642273,Limestone
14.356503487,1.9109297991,0.6023839712,129.77362061,Limestone
15.192490578,1.8786500692,0.5518380404,118.93766022,Limestone
15.668642998,1.8487528563,0.4713378847,112.92388153,Limestone
15.76627636,1.7936574221,0.4111543894,116.1496048,Limestone
15.924408913,1.7756557465,0.4154088497,127.07611847,Limestone
16.595762253,1.7960275412,0.4788477123,140.39239502,Limestone
13.912201881,2.1201617718,0.3887932003,77.401901245,Limestone
13.866321564,2.0139086246,0.3572534025,78.359909058,Limestone
13.9319067,1.892080307,0.3635078073,90.598419189,Limestone
14.457942963,1.7924275398,0.3899576366,126.63352966,Limestone
15.149594307,1.7499434948,0.4327167869,147.34088135,Limestone
16.267532349,1.7841756344,0.4922187924,157.02067566,Limestone
15.509840965,2.4582993984,0.511004746,133.30511475,Limestone
14.911655426,2.322259903,0.4952487946,141.6368103,Limestone
14.550918579,2.1975295544,0.5208797455,146.83760071,Limestone
13.627978325,2.1420342922,0.5645419955,150.30610657,Limestone
12.879221916,2.200303793,0.4659679234,122.28378296,Sandstone
12.751889229,2.1682431698,0.4567709863,117.33792877,Sandstone
12.538262367,2.1305530071,0.4218091965,111.11367798,Sandstone
12.364388466,2.104159832,0.3742270768,108.92076874,Sandstone
12.385832787,2.0928316116,0.3371393681,110.93684387,Sandstone
12.544644356,2.0868554115,0.3225111067,110.96112061,Sandstone
12.703526497,2.0801565647,0.319185257,113.90534973,Sandstone
12.848212242,2.0702857971,0.3220215738,117.23867798,Sandstone
12.987112045,2.0611972809,0.3315932453,117.51230621,Sandstone
13.07888031,2.0558395386,0.3470497429,116.92503357,Sandstone
13.057520866,2.0514616966,0.3649156392,115.38845062,Sandstone
12.893865585,2.0474238396,0.3820493817,116.82873535,Sandstone
12.689308167,2.0489997864,0.3958804905,117.17453766,Sandstone
12.623476028,2.0599126816,0.4055472612,115.2217865,Sandstone
12.674855232,2.0762262344,0.4082630575,110.78444672,Sandstone
12.705037117,2.112610817,0.4096640646,103.04756927,Sandstone
12.698579788,2.2018668652,0.4185203314,77.336776733,Sandstone
12.671276093,2.319653511,0.4366170168,76.88533783,Sandstone
12.660685539,2.362878561,0.447181046,88.598258972,Sandstone
12.742530823,2.2819492817,0.4379198551,99.24130249,Sandstone
13.069008827,2.142588377,0.423868984,117.97834015,Sandstone
13.632256508,2.0340452194,0.4190001786,130.24606323,SandstoneShale
13.866041183,1.9861273766,0.4348697066,143.5193634,SandstoneShale
13.490297318,2.0017273426,0.4662136734,136.99310303,SandstoneShale
13.053168297,2.0822196007,0.4975352883,95.051673889,SandstoneShale
12.900138855,2.2102017403,0.5135960579,94.190452576,SandstoneShale
13.244930267,2.3332731724,0.5006337166,81.622047424,SandstoneShale
13.849236488,2.3847866058,0.4685125649,97.322174072,SandstoneShale
14.083374023,2.3802249432,0.4454626143,103.85744476,SandstoneShale
14.317511559,2.3628268242,0.44277215,107.31053162,SandstoneShale
14.551649094,2.3760783672,0.4605448246,109.05445862,SandstoneShale
14.785786629,2.4213914871,0.474301666,113.45735168,SandstoneShale
14.439349174,2.4406673908,0.4674519598,121.62204742,SandstoneShale
13.189350128,2.3938758373,0.4462551773,111.49408722,Sandstone
12.465041161,2.2965898514,0.4264362156,107.94667816,Sandstone
12.311542511,2.1987636089,0.429360956,107.57726288,Sandstone
12.255272865,2.1265320778,0.4500721693,114.42388153,Sandstone
12.183917999,2.074691534,0.46588853,130.9954071,Sandstone
12.1519804,2.0262925625,0.467433095,133.99409485,Sandstone
12.201760292,1.9785244465,0.4574580193,116.56298828,Sandstone
12.321173668,1.9458281994,0.4638300538,113.05659485,Sandstone
12.481827736,1.9530415535,0.4985406399,110.58316803,Sandstone
12.636665344,2.0002534389,0.5380672812,110.93585968,Sandstone
12.715373039,2.0633871555,0.5398225188,109.61236572,Sandstone
12.787889481,2.1142866611,0.5015060902,110.76722717,Sandstone
12.960746765,2.1385629177,0.4528436363,111.12089539,Sandstone
13.171294212,2.1439492702,0.4146870077,109.3067627,Sandstone
13.294142723,2.144920826,0.3930101991,107.32382202,Sandstone
13.343252182,2.1438500881,0.3729608059,105.72113037,Sandstone
13.400100708,2.1383421421,0.3554439843,104.84022522,Sandstone
13.522634506,2.1284797192,0.3487588763,108.19635773,Sandstone
13.714989662,2.1172401905,0.3584297001,108.57562256,Sandstone
13.780697823,2.1119811535,0.3719602823,109.17601776,Sandstone
13.546005249,2.1102538109,0.3691368401,108.57234192,Sandstone
13.3013134,2.1137149334,0.3511069715,109.1792984,Sandstone
13.241737366,2.1217637062,0.34011361,108.5670929,Sandstone
13.201544762,2.1237442493,0.3405918479,108.99901581,Sandstone
13.195794106,2.1200652122,0.3370956481,108.87434387,Sandstone
13.22278595,2.1151740551,0.3292133808,108.7485199,Sandstone
13.230140686,2.1117944717,0.3309978247,108.1875,Sandstone
13.199258804,2.1109392643,0.3439711928,107.19012451,Sandstone
13.153727531,2.1087613106,0.3506002724,106.75228882,Sandstone
13.074707031,2.108934164,0.3442643583,106.5639801,Sandstone
12.998408318,2.1127026081,0.3347842395,106.9954071,Sandstone
13.001605034,2.1187353134,0.3306388855,106.01312256,Sandstone
13.069863319,2.1248137951,0.3374050558,105.01574707,Sandstone
13.142148972,2.1287417412,0.3503963649,104.57054138,Sandstone
13.207396507,2.1280169487,0.3587112725,104.19537354,Sandstone
13.230144501,2.1223332882,0.3519552648,103.02804565,Sandstone
13.194821358,2.1188395023,0.3367705345,103.18257904,Sandstone
13.137420654,2.1254458427,0.3298861384,102.76263428,Sandstone
13.09636879,2.1382510662,0.3317085803,102.99211884,Sandstone
13.105368614,2.1449146271,0.3385737836,103.18109894,Sandstone
13.168663025,2.1472845078,0.3418766558,102.76607513,Sandstone
13.24709034,2.1454174519,0.3408075273,102.65994263,Sandstone
13.292404175,2.1424603462,0.335119307,102.56643677,Sandstone
13.268333435,2.137301445,0.3309957087,102.38336945,Sandstone
13.187866211,2.1372151375,0.3312582374,102.07726288,Sandstone
13.153909683,2.1335961819,0.3284626305,101.76557922,Sandstone
13.236224174,2.1306395531,0.3236737251,101.98687744,Sandstone
13.308356285,2.1293153763,0.332410574,101.58661652,Sandstone
13.316765785,2.1253693104,0.3464102447,101.76861572,Sandstone
13.2804842,2.1149778366,0.3468701839,101.98679352,Sandstone
13.15948391,2.1135470867,0.3358173668,102.52706909,Sandstone
13.094842911,2.1300098896,0.3272262514,102.38730621,Sandstone
13.141471863,2.1432030201,0.334836781,102.46234894,Sandstone
13.184217453,2.1445405483,0.3465577662,102.5558548,Sandstone
13.178470612,2.1436228752,0.3503156304,101.80970764,Sandstone
13.152171135,2.1417081356,0.3522001803,101.8510437,Sandstone
13.082564354,2.1380171776,0.3597578704,101.96013641,Sandstone
12.934458733,2.1309843063,0.3647407889,102.0692215,Sandstone
12.811405182,2.1304860115,0.362303555,102.17831421,Sandstone
12.803865433,2.1291725636,0.3557597697,101.98769379,Sandstone
12.809474945,2.120193243,0.3588012457,101.76951599,Sandstone
12.78000927,2.1147453785,0.372174561,101.57971954,Sandstone
12.729193687,2.107468605,0.380163461,101.39271545,Sandstone
12.710585594,2.1098303795,0.3805827498,101.54428864,Sandstone
12.706377029,2.1125438213,0.3729480803,101.39369965,Sandstone
12.698707581,2.1192193031,0.3791550398,102.44094849,Sandstone
12.713898659,2.1160690784,0.3951460719,102.31077576,Sandstone
12.79207325,2.1108567715,0.4048684537,102.03026581,Sandstone
12.893432617,2.1038088799,0.4118145704,101.6107254,Sandstone
12.932394028,2.1002030373,0.4124414027,101.95062256,Sandstone
12.901311874,2.1011483669,0.4111476541,101.778862,Sandstone
12.772234917,2.1115095615,0.4101018906,102.13582611,Sandstone
12.594522476,2.1294510365,0.4099387527,102.51722717,Sandstone
12.527608871,2.1495559216,0.4081429243,101.85021973,Sandstone
12.537022591,2.1547818184,0.3964501917,102.29625702,Sandstone
12.576523781,2.1511399746,0.3831718266,102.45669556,Sandstone
12.594719887,2.1449975967,0.3777469695,102.55019379,Sandstone
12.566959381,2.1459608078,0.3802136481,102.23769379,Sandstone
12.538107872,2.14580369,0.3884997368,102.43036652,Sandstone
12.497599602,2.1385159492,0.3886114061,102.71087646,Sandstone
12.476940155,2.1315562725,0.3825261891,102.10630035,Sandstone
12.504741669,2.1295118332,0.3743055463,102.64173126,Sandstone
12.549528122,2.1301643848,0.3694737256,102.43011475,Sandstone
12.582420349,2.1236548424,0.3689107001,102.21555328,Sandstone
12.608265877,2.1271958351,0.3708091378,101.81659698,Sandstone
12.649510384,2.1353340149,0.3650521338,102.80641937,Sandstone
12.738946915,2.1450331211,0.3521775901,103.4739151,Sandstone
12.882459641,2.1385345459,0.3411125839,103.71997833,Sandstone
12.972970963,2.1296536922,0.348097086,104.11630249,Sandstone
12.983223915,2.1264951229,0.3601863384,104.29183197,Sandstone
12.961038589,2.1293346882,0.3580318391,104.41650391,Sandstone
12.928253174,2.1253159046,0.3488984406,104.54117584,Sandstone
12.924972534,2.1261789799,0.3480987847,104.25246429,Sandstone
12.97099781,2.1349816322,0.3673321605,104.34203339,Sandstone
13.072631836,2.1435053349,0.3972323239,104.52903748,Sandstone
13.179737091,2.1374447346,0.4160082042,104.92076874,Sandstone
13.232387543,2.1274783611,0.4130794108,105.15305328,Sandstone
13.248641968,2.1064736843,0.3974131942,105.34005737,Sandstone
13.221323013,2.1055448055,0.3893092275,104.86811066,Sandstone
13.131211281,2.1138708591,0.3973616362,104.67420959,Sandstone
13.109083176,2.1284000874,0.4034993649,104.58071136,Sandstone
13.265921593,2.1278944016,0.405841887,104.71308899,Sandstone
13.429656982,2.1203632355,0.4007371664,104.59989929,Sandstone
13.45139122,2.106218338,0.3944200277,104.7121048,Sandstone
13.388805389,2.1104888916,0.390651077,104.79970551,Sandstone
13.271468163,2.1211295128,0.3825545311,104.86203766,Sandstone
13.156835556,2.126134634,0.3832808137,104.92437744,Sandstone
13.092670441,2.1291041374,0.3839741051,104.98670959,Sandstone
12.984431267,2.1260812283,0.3827003837,105.29428864,Sandstone
12.906564713,2.1312704086,0.3882434964,104.88615417,Sandstone
12.931289673,2.1386322975,0.3973907828,105.72441101,Sandstone
13.017465591,2.1460237503,0.4160932302,105.36876678,Sandstone
13.061587334,2.1541137695,0.4225694537,105.39720154,Sandstone
12.974521637,2.1480712891,0.4147733748,105.66732025,Sandstone
12.857330322,2.131944418,0.4083275497,105.93744659,Sandstone
12.82905674,2.1257483959,0.4173731804,105.76049805,Sandstone
12.880494118,2.1273233891,0.4341359138,105.44882202,Sandstone
12.958675385,2.1215722561,0.4329647124,105.23228455,Sandstone
13.006271362,2.1032636166,0.4206048846,105.04527283,Sandstone
13.038459778,2.0846076012,0.4036601782,104.527565,Sandstone
13.187777519,2.0775654316,0.3943037689,104.98704529,Sandstone
13.522997856,2.0828676224,0.3874818981,105.9381485,Sandstone
13.57152462,2.0885324478,0.3684621453,105.86023712,Sandstone
13.620052338,2.0963737965,0.3457703888,106.07611084,Sandstone
13.658549309,2.1031196117,0.3298506737,104.98047638,Sandstone
13.379648209,2.0987555981,0.3326015174,104.42372894,Sandstone
13.416939735,2.0959148407,0.3517239988,103.91404724,Sandstone
13.23211956,2.0959517956,0.3639382124,104.07152557,Sandstone
12.94895649,2.1078486443,0.3556922376,104.59941101,Sandstone
12.891201019,2.129899025,0.3389908671,104.93241119,Sandstone
12.907649994,2.1328353882,0.3353250325,105.72703552,Sandstone
12.797503471,2.1230075359,0.3444551229,106.13581848,Sandstone
12.817863464,2.1101398468,0.3474367559,105.33037567,Sandstone
12.739099503,2.1044089794,0.3579498827,104.82021332,Sandstone
12.540906906,2.099625349,0.3925496936,104.90674591,Sandstone
12.532313347,2.0977060795,0.4233178198,105.12491608,Sandstone
12.420815468,2.0937290192,0.4160471261,105.05413055,Sandstone
12.393280029,2.0958757401,0.3903675377,104.9114151,Sandstone
12.358351707,2.0949134827,0.3755782545,104.78674316,Sandstone
12.254199982,2.0925371647,0.3811351061,105.18963623,Sandstone
12.200819969,2.0786519051,0.3860780597,105.24359894,Sandstone
12.163350105,2.065977335,0.3804214597,105.75476074,Sandstone
12.159105301,2.0784871578,0.3694291711,105.6957016,Sandstone
12.199564934,2.0973973274,0.3670928478,106.12549591,Sandstone
12.335944176,2.10324049,0.3819614649,106.93585968,Sandstone
12.475028038,2.0969152451,0.4002920091,106.75771332,Sandstone
12.510134697,2.0965080261,0.4188602567,106.43405151,Sandstone
12.609289169,2.100256443,0.4175922871,105.82054138,Sandstone
12.844229698,2.104146719,0.3947777152,106.36974335,Sandstone
12.957240105,2.1015231609,0.3689980805,106.36908722,Sandstone
12.848290443,2.0931885242,0.3448430896,105.76590729,Sandstone
12.753196716,2.0873720646,0.3322399855,106.10842896,Sandstone
12.638347626,2.0925192833,0.3276621699,105.95669556,Sandstone
12.422469139,2.1046512127,0.3254345059,105.91666412,Sandstone
12.351266861,2.1169126034,0.3124496341,105.833992,Sandstone
12.417822838,2.1325752735,0.2947160006,106.03936768,Sandstone
12.438322067,2.1356556416,0.2923320234,106.3110199,Sandstone
12.447833061,2.1218283176,0.3096418381,106.25196075,Sandstone
12.473615646,2.1052165031,0.3221895397,106.31003571,Sandstone
12.43392086,2.092369318,0.3162832856,106.90386963,Sandstone
12.324573517,2.0985684395,0.3148504794,107.30905151,Sandstone
12.236167908,2.1108703613,0.3315447867,107.31446838,Sandstone
12.243806839,2.1139173508,0.3542028964,107.22096252,Sandstone
12.300164223,2.124506712,0.3659789264,106.78723907,Sandstone
12.34401989,2.1178600788,0.3651547432,106.44290924,Sandstone
12.339477539,2.1179380417,0.3635365367,106.25589752,Sandstone
12.326227188,2.113244772,0.3705922365,106.24679565,Sandstone
12.27791214,2.1108903885,0.3839490414,106.34030151,Sandstone
12.243462563,2.1100654602,0.3938254416,105.74770355,Sandstone
12.313124657,2.1120839119,0.39679721,105.99967194,Sandstone
12.38019371,2.1171786785,0.3944604397,106.49163055,Sandstone
12.366238594,2.1245369911,0.388238579,106.33021545,Sandstone
12.354192734,2.1128175259,0.3838136494,106.41879272,Sandstone
12.350542068,2.088486433,0.3901647329,107.79084778,Sandstone
12.350960732,2.0515189171,0.3968749344,109.67092896,Sandstone
12.484974861,2.0234107971,0.4016580582,110.60334778,Sandstone
13.057939529,2.0031208992,0.4020518661,110.90157318,Sandstone
13.819225311,2.0036578178,0.3963181376,109.90583801,Sandstone
14.204496384,2.0090286732,0.375837177,110.01394653,Sandstone
14.356877327,2.0151534081,0.3462902606,109.96407318,Sandstone
14.527885437,1.9873732328,0.3361890614,111.9457016,Sandstone
14.808514595,1.9010685682,0.3582507372,119.49425507,Sandstone
16.871448517,2.0222625732,0.4563596249,111.36712646,Limestone
17.298410416,1.9196448326,0.408893317,137.0193634,Limestone
18.19669342,1.8659602404,0.4061796367,147.10662842,Limestone
19.001703262,1.8440126181,0.4476924539,155.17814636,Limestone
19.411331177,1.8300117254,0.5015352368,159.59416199,Limestone
19.205310822,1.8284734488,0.5373950005,157.47473145,Limestone
17.416938782,2.0639460087,0.4562728107,130.35366821,Limestone
17.560770035,2.0305604935,0.4585551918,132.34841919,Limestone
17.628038406,2.0265097618,0.482191205,134.89764404,Limestone
18.030992508,2.0389840603,0.5177031159,131.43307495,Limestone
17.98617363,2.0580279827,0.5180126429,126.00984955,Limestone
17.823055267,2.0669484138,0.4909904003,125.9553833,Limestone
17.426738739,2.0591785908,0.4670186043,132.4924469,Limestone
16.251731873,2.0483210087,0.45920524,131.46063232,Limestone
16.562618256,2.0511021614,0.4570521116,131.45767212,Limestone
17.001068115,2.0463705063,0.4670525193,134.7739563,Limestone
19.478849411,1.9670841694,0.4555892944,145.12631226,Limestone
19.233272552,1.9799494743,0.4685897827,146.11712646,Limestone
19.513040543,1.9541416168,0.5086455941,147.73294067,Limestone
19.553060532,1.8984231949,0.5408725739,150.46391296,Limestone
21.252861023,2.2655088902,0.4484442174,117.54067993,Limestone
21.576179504,2.183763504,0.448018223,118.21128845,Limestone
21.332523346,2.090682745,0.4401219785,125.29133606,Limestone
20.693048477,2.0448455811,0.4317621887,140.65158081,Limestone
20.339391708,2.3240704536,0.5309076309,133.23425293,Limestone
18.72256279,2.3624670506,0.4973412752,122.28838348,Limestone
18.12358284,2.2753381729,0.4548245072,118.56003571,Limestone
17.974491119,2.1725332737,0.4202385843,126.33956909,Limestone
17.825401306,2.1158576012,0.4205538929,138.30807495,Limestone
16.880661011,2.4860403538,0.4531648457,67.469490051,Limestone
18.133880615,2.3270804882,0.3930602074,47.586612701,Limestone
19.439702988,2.1698613167,0.3831991553,46.385826111,Limestone
20.269420624,2.0739378929,0.4322380722,62.003444672,Limestone
20.045248032,2.0446586609,0.4773989618,102.02312469,Limestone
19.916584015,2.1833636761,0.5164805651,81.576766968,Tuff
19.87014389,2.2106869221,0.4924141467,79.164535522,Tuff
20.064117432,2.2244665623,0.4667184353,70.585136414,Tuff
18.763500214,2.3184452057,0.498439312,75.028213501,Limestone
18.544683456,2.3995730877,0.4621708095,56.876934052,Limestone
18.571865082,2.3840117455,0.4062781334,56.006153107,Limestone
19.231723785,2.28048563,0.3745613098,59.339565277,Limestone
19.672365189,2.1900339127,0.3926654458,109.89074707,Limestone
19.615743637,2.1453485489,0.4351982474,132.64665222,Limestone
19.37471199,2.1382234097,0.4630594552,142.81626892,Limestone
17.289499283,2.3822243214,0.4140346944,94.897636414,Limestone
17.165189743,2.2456014156,0.4010089934,99.996879578,Limestone
17.040880203,2.1277360916,0.3878129423,107.27214813,Limestone
17.104791641,2.0610311031,0.4019493163,126.18372345,Limestone
18.345308304,1.9277995825,0.4665222466,141.20898438,Limestone
18.998552322,1.9541372061,0.4601757824,139.5403595,Limestone
19.708883286,1.966283679,0.4654962718,139.47900391,Limestone
20.020551682,1.9640202522,0.4841185808,142.71391296,Limestone
19.753686905,1.9662246704,0.4999271333,145.02854919,Limestone
19.212278366,2.0405631065,0.4544717073,142.16929626,Tuff
19.103618622,2.0563631058,0.4621635675,141.83529663,Tuff
19.699260712,2.0625460148,0.4638366103,139.94554138,Tuff
19.861322403,1.9834833145,0.5296297073,143.59054565,Tuff
20.246570587,1.9922164679,0.5316867232,145.96128845,Tuff
19.968444824,2.001042366,0.5033969879,146.7424469,Tuff
19.651021957,2.0163674355,0.4757694006,146.61122131,Tuff
19.509069443,2.0240585804,0.5021696091,147.22047424,Tuff
20.017290115,2.2508845329,0.4776935279,134.2782135,Limestone
19.107032776,2.2799930573,0.4814419448,127.58071136,Limestone
17.790565491,2.247089386,0.4904339015,127.32710266,Limestone
17.053119659,2.1709721088,0.4837744236,131.19717407,Limestone
20.118722916,2.1475939751,0.4405907989,146.06726074,Tuff
20.252422333,2.198754549,0.4690353274,146.97637939,Tuff
20.47546196,2.2274422646,0.4903408289,139.51837158,Tuff
20.322206497,2.2527530193,0.4996230304,141.87400818,Tuff
20.982818604,2.2831249237,0.4861516953,138.70735168,Tuff
20.092885971,2.3548283577,0.4384856522,126.36811066,Limestone
19.54149437,2.3546013832,0.4320791066,120.66781616,Limestone
19.399333954,2.2953925133,0.4440672696,118.71243286,Limestone
20.045227051,2.2157700062,0.4908640087,122.41239929,Limestone
20.75103569,2.1564898491,0.5480491519,133.02624512,Limestone
20.94109726,1.9214568138,0.3915916085,141.37269592,Limestone
22.575214386,1.8739775419,0.4412922263,150.99278259,Limestone
23.713579178,1.8419849873,0.4892554879,160.89764404,Limestone
21.223470688,1.5733225346,0.5019883513,129.19094849,Tuff
21.835391998,1.5820928812,0.4850755632,141.17585754,Tuff
21.122831345,1.6026608944,0.495747298,144.97637939,Tuff
19.290876389,1.6704949141,0.5272709131,142.71653748,Tuff
17.447912216,1.7928304672,0.5569426417,138.49278259,Tuff
16.617136002,1.9564284086,0.5640176535,137.10203552,Tuff
15.690746307,2.1207311153,0.5466684103,128.375,Tuff
14.46318531,2.2641012669,0.5146050453,124.75951385,Tuff
14.103210449,2.3435842991,0.4677429199,121.01968384,Tuff
14.059467316,2.3613879681,0.4437645674,119.01574707,Tuff
13.990781784,2.3479764462,0.4492349327,118.5670929,Tuff
13.867379189,2.332736969,0.4591515958,119.98113251,Tuff
13.576436996,2.3133637905,0.4656893611,119.75393677,Tuff
13.44788456,2.2896571159,0.4634072185,121.95866394,Tuff
13.402157784,2.2469286919,0.4557890594,120.77624512,Tuff
13.430632591,2.1810774803,0.44332847,127.95079041,Tuff
13.39720726,2.1227383614,0.4257539511,132.26345825,Tuff
13.375678062,2.0766167641,0.4126999974,131.03970337,Tuff
13.611495018,2.0556023121,0.4086118937,139.83760071,Tuff
14.023747444,2.0590884686,0.4239099026,128.77592468,Tuff
14.13769722,2.1054186821,0.4456172585,130.42192078,Tuff
13.810041428,2.1822252274,0.4605002701,130.74015808,Tuff
13.537280083,2.2506041527,0.4570084512,132.3067627,Tuff
13.496433258,2.2771627903,0.437437892,129.15058899,Tuff
13.470452309,2.2763319016,0.418237865,119.05561066,Tuff
13.446630478,2.2541871071,0.417357564,119.92831421,Tuff
13.491548538,2.2179563046,0.4386859834,120.35531616,Tuff
13.583272934,2.1871695518,0.4696415663,122.85530853,Tuff
13.668984413,2.1751978397,0.4830554724,128.18241882,Tuff
13.694905281,2.1823554039,0.4765484035,125.56365204,Tuff
13.574334145,2.1831612587,0.4597987533,126.31200409,Tuff
13.403277397,2.1286249161,0.4349434376,125.09022522,Tuff
13.295674324,2.0399780273,0.4179131091,118.24475098,Tuff
13.390428543,1.9674379826,0.4226519465,116.47244263,Tuff
13.740168571,1.9491834641,0.4401034713,123.78707886,Tuff
13.907466888,1.9741396904,0.4537940323,120.50623322,Tuff
13.565433502,2.0360267162,0.4515313208,130.83956909,Tuff
13.125232697,2.1188144684,0.437641561,128.64961243,Tuff
13.099276543,2.1813251972,0.4221624434,122.70718384,Tuff
13.166448593,2.1922688484,0.40464589,125.0989151,Tuff
13.235500336,2.1640450954,0.3973318338,119.17044067,Tuff
13.232645035,2.1484456062,0.405674994,114.92995453,Tuff
13.206694603,2.1634891033,0.4258835912,124.35334778,Tuff
13.283331871,2.2007083893,0.4459985793,128.64796448,Tuff
13.495550156,2.2194139957,0.4489484429,128.21226501,Tuff
13.643874168,2.2353701591,0.4427208304,126.38583374,Tuff
13.608335495,2.2443935871,0.4338523448,125.79592896,Tuff
13.524914742,2.2668733597,0.4309744537,125.41535187,Tuff
13.510210991,2.2744426727,0.441075027,125.20816803,Tuff
13.678900719,2.2739105225,0.4497729242,119.31020355,Tuff
13.746947289,2.2821578979,0.444719404,117.18044281,Tuff
13.671413422,2.2928516865,0.4289911091,114.8503952,Tuff
13.713995934,2.2918105125,0.4190705419,110.33103943,Tuff
13.773446083,2.2697701454,0.4223192036,115.22900391,Tuff
13.825028419,2.2475814819,0.4279302955,120.86170959,Tuff
13.785341263,2.2219574451,0.4261033535,125.21144867,Tuff
13.622724533,2.1883230209,0.4112195671,122.11203766,Tuff
13.525502205,2.1655766964,0.3901454806,124.70226288,Tuff
13.610877991,2.1808028221,0.3872434795,120.49212646,Tuff
13.690909386,2.2206943035,0.4079210758,122.54789734,Tuff
13.683824539,2.2371389866,0.4251685441,123.48277283,Tuff
13.689213753,2.2156367302,0.4128358066,123.72293091,Tuff
13.672687531,2.1912271976,0.3910332322,125.82923889,Tuff
13.676129341,2.1894791126,0.3809236586,121.08513641,Tuff
13.650180817,2.2143208981,0.3791613579,122.73080444,Tuff
13.545228958,2.232052803,0.3803253472,121.81414032,Tuff
13.436466217,2.2339553833,0.3892741799,116.50738525,Tuff
13.354894638,2.2201743126,0.4021015167,117.92470551,Tuff
13.341288567,2.1817193031,0.4042442441,117.85170746,Tuff
13.387602806,2.1487782001,0.3990377188,122.60137939,Tuff
13.516032219,2.1624293327,0.402695328,124.55052185,Tuff
13.661518097,2.2120833397,0.4098805785,125.57939911,Tuff
13.702375412,2.2264831066,0.411252141,127.2485199,Tuff
13.450818062,2.1970009804,0.4057580531,120.9693222,Tuff
13.184912682,2.1287631989,0.40058285,114.47933197,Tuff
13.217551231,2.1365849972,0.4041991532,112.55609894,Tuff
13.250154495,2.1821050644,0.410438031,105.53871155,Tuff
13.282447815,2.2685484886,0.4133194685,104.96620941,Tuff
13.317741394,2.3051400185,0.407009989,106.15058899,Tuff
13.535470963,2.3171927929,0.4037788808,107.0318222,Tuff
13.705928802,2.3210465908,0.4065503776,112.1732254,Limestone
13.691102982,2.3432621956,0.4236088991,117.08956146,Limestone
13.637322426,2.3585047722,0.4373444915,117.49967194,Tuff
13.599526405,2.3565323353,0.4329871535,115.13090515,Tuff
13.556754112,2.3322095871,0.4081455767,110.2878952,Tuff
13.517577171,2.3171510696,0.3896211386,113.79478455,Tuff
13.481588364,2.3147397041,0.3827583492,115.29625702,Tuff
13.471138954,2.3081114292,0.3901822567,115.86712646,Tuff
13.443380356,2.3093285561,0.4038134813,117.56954956,Tuff
13.396332741,2.2999703884,0.4162599444,112.96488953,Tuff
13.276349068,2.3026816845,0.4216559529,110.78297424,Tuff
13.160264015,2.3036711216,0.4114077687,109.00869751,Tuff
13.192657471,2.2952554226,0.4015590847,108.12696075,Tuff
13.285020828,2.2546839714,0.4048790336,108.28936768,Tuff
13.327690125,2.1760299206,0.4263387322,112.84497833,Tuff
13.342061996,2.1305983067,0.4562916756,123.81544495,Tuff
13.551418304,2.1302301884,0.4791554511,127.80019379,Tuff
13.649435997,2.1311211586,0.4790531695,124.3667984,Tuff
13.477194786,2.1003482342,0.4635765851,128.73425293,Tuff
13.599505424,2.0421061516,0.4696179628,131.91732788,Tuff
13.532666206,2.0675809383,0.5026319027,134.16404724,Tuff
13.241057396,2.1657505035,0.5138974786,126.35203552,Limestone
13.041708946,2.2839744091,0.4557337761,111.1732254,Limestone
12.868979454,2.2780997753,0.3719606102,92.837265015,Limestone
13.090322495,2.1715071201,0.3261393607,89.299865723,Limestone
13.463254929,2.1482334137,0.3550230861,92.89566803,Limestone
13.479597092,2.1554501057,0.4223682284,109.90305328,Limestone
12.31358242,2.554387331,0.4111585021,99.249504089,Limestone
12.323401451,2.5865983963,0.3443347514,85.465385437,Limestone
12.336807251,2.495932579,0.2748838067,74.367126465,Limestone
12.362916946,2.3281681538,0.2421187013,78.110237122,Limestone
12.421507835,2.2277340889,0.2678745687,94.146980286,Limestone
12.478699684,2.2070372105,0.3243509829,106.91928864,Tuff
12.484427452,2.2413861752,0.3774378002,115.64976501,Tuff
12.434023857,2.2731571198,0.4137355089,118.50213623,Tuff
12.371310234,2.3092734814,0.4318595231,113.86958313,Tuff
12.346852303,2.3662772179,0.4282734692,108.46276093,Tuff
12.333971024,2.4565565586,0.4027853608,100.00098419,Limestone
12.32954216,2.566473484,0.3525266647,87.633857727,Limestone
12.333272934,2.6460134983,0.2825126946,76.482444763,Limestone
12.335664749,2.6488473415,0.2160111219,68.797409058,Limestone
12.336000443,2.5674984455,0.1844701916,65.259841919,Limestone
12.336000443,2.4584813118,0.1871557981,68.130249023,Limestone
12.338415146,2.3826901913,0.2059003562,75.612533569,Limestone
12.352153778,2.3480682373,0.2416216731,84.603347778,Limestone
12.3695755,2.3402414322,0.2905240953,97.175689697,Limestone
12.375657082,2.3418679237,0.332783401,105.46636963,Tuff
12.379677773,2.3492655754,0.3567635417,104.97982025,Tuff
12.38257885,2.3476185799,0.3660378754,105.35121155,Tuff
12.390374184,2.3337643147,0.3685141206,108.07710266,Tuff
12.404320717,2.3154456615,0.3656914234,108.60334778,Tuff
12.40545845,2.3110527992,0.3666060269,109.82627869,Tuff
12.399557114,2.3074803352,0.3775682449,111.38139343,Tuff
12.391652107,2.2993872166,0.3948676884,111.27755737,Tuff
12.385172844,2.2864866257,0.4016577005,112.24081421,Tuff
12.77188015,2.2786154747,0.3861396313,120.35334778,Tuff
12.76680088,2.27237463,0.3811183572,119.66764832,Tuff
12.769738197,2.2738618851,0.3600637317,119.041008,Tuff
13.017028809,2.3450565338,0.3989912271,121.50640106,Limestone
12.979513168,2.395626545,0.3914584219,117.10121918,Limestone
12.945735931,2.3906078339,0.3935705423,113.99687958,Limestone
12.930129051,2.2800843716,0.397719115,119.7099762,Tuff
12.924257278,2.2903003693,0.4014514089,119.82972717,Tuff
12.915076256,2.2998776436,0.3930048048,121.35170746,Tuff
13.449415207,2.1633791924,0.4449254572,123.22441101,Limestone
13.368717194,2.2374424934,0.4374556541,123.68700409,Limestone
13.31403923,2.3058907986,0.4098905027,122.10105133,Limestone
13.314260483,2.3396675587,0.3781628609,112.20571136,Limestone
13.719190598,2.237950325,0.4635665417,122.79035187,Limestone
13.64474678,2.315829277,0.445170939,116.93634796,Limestone
13.62133503,2.3868482113,0.4016673267,108.9903183,Limestone
13.662171364,2.3687860966,0.374238193,109.35383606,Limestone
13.700904846,2.3064279556,0.3807174861,106.99507904,Limestone
14.232790947,2.1875166893,0.4298876226,89.217025757,SandstoneShale
14.443265915,2.1865718365,0.4286524951,90.011642456,SandstoneShale
14.427404404,2.1931114197,0.4232726693,87.54133606,SandstoneShale
14.328483582,2.2047212124,0.4298469424,84.736221313,SandstoneShale
14.038784027,2.209672451,0.4259452522,117.41994476,Limestone
14.11989212,2.1698217392,0.4051734209,118.78149414,Limestone
13.930425644,2.1332068443,0.4729391038,127.38549805,SandstoneShale
13.846702576,2.1303327084,0.4664299786,126.03379059,SandstoneShale
13.923859596,2.1002779007,0.4629534483,124.38877869,SandstoneShale
13.272138596,1.8894314766,0.4219942987,70.111053467,SandstoneShale
12.942345619,1.8305357695,0.4443267286,95.024116516,SandstoneShale
13.051018715,1.8425148726,0.4559037387,121.5482254,SandstoneShale
13.36000061,1.9120525122,0.4602137208,121.35990906,SandstoneShale
14.188710213,2.0299928188,0.4339334071,131.44882202,SandstoneShale
13.754814148,2.1083984375,0.4290581346,130.57611084,SandstoneShale
13.262442589,2.1678631306,0.4374196529,126.46046448,SandstoneShale
13.016640663,2.1655144691,0.4419163465,120.82332611,SandstoneShale
13.145480156,2.1143081188,0.4432018101,117.28100586,SandstoneShale
13.350571632,2.097263813,0.4513209164,119.20554352,SandstoneShale
13.35003376,2.135966301,0.4571375847,118.71752167,SandstoneShale
13.062138557,2.1875970364,0.4488068521,119.19783783,SandstoneShale
12.762835503,2.1913511753,0.4274394512,119.21341705,SandstoneShale
12.732652664,2.1378071308,0.4137185812,116.13730621,SandstoneShale
12.847418785,2.060444355,0.4244911969,113.77591705,SandstoneShale
12.922783852,1.9792747498,0.4499334395,120.58037567,SandstoneShale
13.282161713,1.9510757923,0.4665238857,126.38779449,SandstoneShale
13.776857376,2.0081431866,0.4601039886,127.916008,SandstoneShale
13.821352005,2.1133754253,0.4462513328,126.5625,SandstoneShale
13.29178524,2.194081068,0.4285463393,120.67372131,SandstoneShale
12.767435074,2.225536108,0.4028361142,114.60826874,SandstoneShale
12.616240501,2.2435772419,0.3814846873,116.09907532,SandstoneShale
12.509471893,2.2674138546,0.3780052662,115.15354156,SandstoneShale
12.378684044,2.2574477196,0.3804386854,116.32021332,SandstoneShale
12.33604908,2.1853916645,0.3856501281,114.95554352,SandstoneShale
12.468928337,2.0962648392,0.4042885005,113.7121048,SandstoneShale
12.871132851,2.0529940128,0.4283197224,119.2545929,SandstoneShale
13.166711807,2.0715169907,0.4369364977,116.568573,SandstoneShale
13.014247894,2.1018314362,0.419187516,117.17273712,SandstoneShale
12.812663078,2.0843458176,0.3955762088,115.37417603,SandstoneShale
12.768363953,2.0040988922,0.3898183405,108.5639801,SandstoneShale
12.786123276,1.9177361727,0.4007753432,105.45964813,SandstoneShale
12.974411011,1.8937475681,0.4266496003,110.59513855,SandstoneShale
13.373738289,1.9550189972,0.4635580182,116.10694885,SandstoneShale
13.861432076,2.0643315315,0.4910571575,115.96456909,SandstoneShale
14.214690208,2.1295437813,0.4867478311,118.50886536,SandstoneShale
14.379993439,2.1125206947,0.471940577,115.62401581,SandstoneShale
14.414491653,2.063621521,0.4719752669,112.79330444,SandstoneShale
14.226102829,2.0573456287,0.4840420783,110.93667603,SandstoneShale
13.968101501,2.107865572,0.4938471615,113.43569183,SandstoneShale
14.093242645,2.1574807167,0.4880507886,115.3607254,SandstoneShale
14.252973557,2.144217968,0.4657159448,113.46046448,SandstoneShale
14.253652573,2.0648474693,0.4355278313,115.48851776,SandstoneShale
14.200427055,1.9942964315,0.4146423638,118.29724121,SandstoneShale
14.046338081,1.9815721512,0.4215142429,116.01049805,SandstoneShale
13.848822594,1.9950419664,0.4408383071,115.98425293,SandstoneShale
13.492944717,1.9912434816,0.4568994939,116.00541687,SandstoneShale
13.297706604,1.9726024866,0.4613443017,109.21636963,SandstoneShale
13.744502068,1.9913413525,0.4518630207,111.72605133,SandstoneShale
14.148945808,2.0625903606,0.4475637078,110.72145844,SandstoneShale
13.620080948,2.1517899036,0.4463959932,109.95783234,SandstoneShale
12.725399971,2.1948356628,0.4258463681,105.84235382,SandstoneShale
12.382285118,2.1643459797,0.3903285265,108.59055328,SandstoneShale
12.542189598,2.1197388172,0.3706051409,103.79264832,SandstoneShale
12.722747803,2.0781946182,0.3724409938,98.656494141,Limestone
12.781446457,2.0383486748,0.3789803684,99.955711365,Limestone
12.848743439,2.0164446831,0.3879018724,116.26262665,Limestone
12.996896744,2.0308334827,0.4025461674,110.14386749,Limestone
13.313727379,2.0883216858,0.4108980596,112.96013641,SandstoneShale
13.521260262,2.1614053249,0.4104522169,124.93028259,SandstoneShale
13.341719627,2.2218308449,0.4023577273,117.85678864,SandstoneShale
13.123305321,2.2416503429,0.3804282546,119.1264801,SandstoneShale
13.086888313,2.2186794281,0.3534304798,114.54445648,SandstoneShale
13.152425766,2.163008213,0.340026021,111.44143677,SandstoneShale
13.252368927,2.0729949474,0.35077402,110.73425293,SandstoneShale
13.203517914,1.9580321312,0.3820142746,111.06233978,SandstoneShale
13.183368683,1.8435246944,0.4271558821,116.20735168,SandstoneShale
13.582247734,1.7618494034,0.4678036273,117.31988525,SandstoneShale
14.011142731,1.7331844568,0.4757140875,118.89091492,SandstoneShale
14.210177422,1.7746084929,0.4521630108,121.65863037,SandstoneShale
14.409928322,1.8781387806,0.434283793,125.52017975,SandstoneShale
14.384856224,2.0037043095,0.4476338029,117.26033783,SandstoneShale
14.002976418,2.1209893227,0.4647650421,116.9517746,SandstoneShale
13.570343971,2.2072463036,0.4515621066,114.71752167,SandstoneShale
13.079194069,2.247149229,0.4214920104,116.6650238,SandstoneShale
12.619659424,2.2486650944,0.4017950594,118.38254547,SandstoneShale
12.481755257,2.2561674118,0.389452368,115.88975525,SandstoneShale
12.475013733,2.2910966873,0.3614821434,112.81430817,SandstoneShale
12.474017143,2.2982320786,0.3223554492,115.71620941,SandstoneShale
12.47695446,2.2195050716,0.3006846011,111.82578278,SandstoneShale
12.49217701,2.0882055759,0.3035563231,111.84629059,SandstoneShale
12.563529968,2.0256791115,0.3108994067,110.52346039,SandstoneShale
12.657621384,2.044523716,0.3171181977,113.3139801,SandstoneShale
12.73415184,2.0640342236,0.3399392664,119.03050995,SandstoneShale
12.770210266,2.0835351944,0.3829722404,118.35695648,SandstoneShale
12.675369263,2.0756044388,0.4207770824,114.31496429,SandstoneShale
13.288432121,2.1661126614,0.3951404691,112.43897247,SandstoneShale
13.465327263,2.1964113712,0.4048435986,112.83792114,SandstoneShale
13.342654228,2.2146959305,0.3956103325,111.08366394,SandstoneShale
13.065947533,2.2097702026,0.3771968484,108.46949005,SandstoneShale
12.999821663,2.181984663,0.3559446037,109.57595825,SandstoneShale
12.969944954,2.1522154808,0.3458192647,111.40075684,SandstoneShale
12.962984085,2.1580505371,0.3567453921,109.89074707,SandstoneShale
12.969860077,2.2021853924,0.37577191,111.17552185,SandstoneShale
12.968146324,2.2442951202,0.3830891252,109.17798615,SandstoneShale
12.907142639,2.2152087688,0.3815200329,111.33020782,SandstoneShale
12.80670166,2.1113426685,0.3827424049,112.87630463,SandstoneShale
12.822182655,2.0120973587,0.3873611987,111.87565613,SandstoneShale
13.022147179,1.9708347321,0.3877130747,118.04576874,SandstoneShale
13.340494156,1.9794579744,0.383590281,116.29412079,SandstoneShale
13.710730553,2.0110518932,0.3802269697,117.81562042,SandstoneShale
13.860356331,2.0673706532,0.3764642179,118.63976288,SandstoneShale
13.513243675,2.154583931,0.3707600534,116.87926483,SandstoneShale
13.092764854,2.2509958744,0.3662195504,114.89533997,SandstoneShale
13.003436089,2.3038468361,0.362845093,112.97736359,SandstoneShale
12.997362137,2.3079910278,0.3571254313,109.35532379,SandstoneShale
13.012004852,2.3100266457,0.343547821,109.19947815,SandstoneShale
13.02957058,2.3144214153,0.3327597678,112.89369202,SandstoneShale
13.042254448,2.2895388603,0.3438566625,111.11811066,SandstoneShale
13.032556534,2.2390429974,0.3641176224,118.86351776,SandstoneShale
13.051283836,2.1553146839,0.3638168871,115.58513641,SandstoneShale
13.267712593,2.0916166306,0.3370400071,111.52575684,SandstoneShale
13.751660347,2.0453841686,0.3262996972,110.54970551,SandstoneShale
13.924877167,1.9585719109,0.4568143785,123.20324707,SandstoneShale
13.494415283,2.0136814117,0.4428810179,124.02427673,SandstoneShale
13.336289406,2.1043763161,0.4099847376,111.72112274,SandstoneShale
12.322628975,2.0481688976,0.4690007269,120.1628952,SandstoneShale
12.412601471,2.0684022903,0.4282286465,112.52346039,SandstoneShale
12.645505905,2.0898587704,0.3892582655,109.23178864,SandstoneShale
12.741753578,2.0294280052,0.3833771348,106.14616394,SandstoneShale
12.586131096,1.873349309,0.4000450075,112.82907104,SandstoneShale
12.508120537,1.7337911129,0.4108977318,110.52263641,SandstoneShale
12.53789711,1.6832509041,0.4007650614,110.96555328,SandstoneShale
12.744794846,1.6973870993,0.3719994128,109.8221817,SandstoneShale
13.010089874,1.7524322271,0.351485312,107.87073517,SandstoneShale
13.130426407,1.8666962385,0.3691502213,114.54330444,SandstoneShale
12.957110405,2.0259432793,0.4092723131,114.59120941,SandstoneShale
12.55351162,2.1822254658,0.4281561375,117.35777283,SandstoneShale
12.387865067,2.2416706085,0.4000790417,111.23277283,SandstoneShale
12.378809929,2.2508430481,0.3630954623,107.4493103,SandstoneShale
12.316823006,2.2564406395,0.356544584,110.13238525,SandstoneShale
12.300585747,2.2588427067,0.3717474639,113.71456909,SandstoneShale
12.298784256,2.2442331314,0.3884991705,114.34449768,SandstoneShale
12.29176712,2.2306759357,0.3961451054,111.79872131,SandstoneShale
12.293056488,2.2195909023,0.3915233314,114.70226288,SandstoneShale
12.312156677,2.1994576454,0.3704667687,111.12926483,SandstoneShale
12.368001938,2.1566283703,0.351355195,109.33103943,SandstoneShale
12.464126587,2.1272256374,0.3579921424,114.05462646,SandstoneShale
12.510461807,2.1151549816,0.3848585784,115.2960968,SandstoneShale
12.453269005,2.1359605789,0.408747077,116.83792877,SandstoneShale
12.384299278,2.1527140141,0.4175554812,118.23425293,SandstoneShale
12.372085571,2.1647801399,0.4062470198,108.52985382,SandstoneShale
12.434189796,2.1469945908,0.3805858493,108.43470764,SandstoneShale
12.525172234,2.1133255959,0.3557726741,110.17519379,SandstoneShale
12.56778717,2.0845873356,0.3516102731,110.20866394,SandstoneShale
12.626506805,2.0577046871,0.3746660948,113.55970764,SandstoneShale
12.695334435,2.0432004929,0.4230790138,116.09449005,SandstoneShale
12.803913116,2.0470035076,0.465467602,117.25426483,SandstoneShale
12.937650681,2.0894327164,0.468084842,112.44389343,SandstoneShale
13.066767693,2.152875185,0.4396829307,114.37204742,SandstoneShale
13.28077507,2.1978213787,0.4079592228,111.6456604,SandstoneShale
16.331344604,2.0799732208,0.4544177055,76.071853638,Limestone
16.450475693,2.0326435566,0.4559133947,79.705215454,Limestone
16.27312088,1.9970821142,0.4693848789,79.621231079,Limestone
16.211221695,1.9858443737,0.4901146889,85.547080994,Limestone
16.387638092,2.0000715256,0.5083667636,80.248519897,Limestone
16.568164825,1.9819777012,0.5185498595,80.876480103,Limestone
16.757726669,1.9676811695,0.5255720615,120.03461456,Limestone
16.929286957,1.9986667633,0.5211849809,127.63188171,Limestone
17.077236176,2.0927436352,0.4890569746,120.38910675,Limestone
17.021362305,2.1299114227,0.451451838,111.93273926,Limestone
13.015805244,2.3605706692,0.306633532,103.92584991,Marl
13.096342087,2.316857338,0.3035016954,104.22736359,Marl
13.263767242,2.2755026817,0.3168168068,106.74606323,Marl
13.342894554,2.2499270439,0.3532058299,110.39894867,Marl
13.09264946,2.2728617191,0.3901058733,107.50738525,Marl
12.70303154,2.3103425503,0.395653069,95.814468384,Marl
12.544569969,2.3276839256,0.3680179119,84.337921143,Marl
12.553344727,2.3239543438,0.33303684,81.288711548,Limestone
12.572556496,2.3181166649,0.307228297,80.176673889,Limestone
12.577441216,2.3222067356,0.2846734226,79.490653992,Limestone
12.578582764,2.3222229481,0.2656857371,78.958747864,Limestone
12.586566925,2.3174026012,0.2576029003,77.867866516,Limestone
12.601446152,2.3092925549,0.2604433894,77.293060303,Limestone
12.61109066,2.2996001244,0.2710003555,77.573570251,Limestone
12.615606308,2.2947232723,0.2903330922,78.420768738,Limestone
12.625862122,2.2965111732,0.3075136542,80.527069092,Limestone
12.645833015,2.3101994991,0.306458205,82.324310303,Limestone
12.662654877,2.3290407658,0.293584764,82.358757019,Limestone
12.674098015,2.3487992287,0.2786985636,81.842681885,Limestone
12.678712845,2.3621304035,0.2728944123,81.428642273,Limestone
12.675228119,2.3666572571,0.2742159367,81.121055603,Limestone
12.662459373,2.3844292164,0.2780742943,80.780181885,Limestone
12.633964539,2.4207193851,0.2867956758,81.007713318,Limestone
12.574642181,2.4818899632,0.2926364243,81.213096619,Limestone
12.493083,2.5454847813,0.2788975835,78.687339783,Limestone
12.437941551,2.5850698948,0.2418924421,76.074150085,Limestone
12.40694809,2.5905315876,0.200337857,70.726867676,Limestone
12.393125534,2.5811672211,0.1698261946,65.376480103,Limestone
12.390999794,2.5827622414,0.1477919519,64.895835876,Limestone
12.390999794,2.5954082012,0.1319443285,63.125492096,Limestone
12.390999794,2.5969758034,0.1248214021,62.210533142,Limestone
12.391532898,2.5720310211,0.1259364486,60.003837585,Limestone
12.396272659,2.5304448605,0.1295512021,59.618637085,Limestone
12.409697533,2.4964413643,0.1384926289,62.215549469,Limestone
12.426711082,2.4805169106,0.1597691327,65.448982239,Limestone
12.436754227,2.4809763432,0.1831546724,69.192420959,Limestone
12.443951607,2.4884684086,0.1980741173,70.250167847,Limestone
12.4565382,2.5000312328,0.1998707056,69.136650085,Limestone
12.465450287,2.5203680992,0.1929743886,67.381401062,Limestone
12.45847702,2.5445723534,0.1839565188,65.315124512,Limestone
12.42865181,2.5608658791,0.1704107076,63.919948578,Limestone
12.384140968,2.5630722046,0.1537335068,61.513778687,Limestone
12.359285355,2.5595562458,0.1399480999,59.967189789,Limestone
12.364880562,2.5596535206,0.1335252672,59.468486786,Limestone
12.368722916,2.5628769398,0.1324067116,60.76669693,Limestone
12.365395546,2.5680968761,0.1324217916,60.952919006,Limestone
12.364831924,2.5755648613,0.1301512718,60.205150604,Limestone
12.362431526,2.5866541862,0.1248712465,59.612979889,Limestone
12.362729073,2.5910570621,0.1210058779,58.854003906,Limestone
12.366057396,2.5829093456,0.1219346449,58.21736908,Limestone
12.367947578,2.56574893,0.1259476691,58.863109589,Limestone
12.371013641,2.5499317646,0.1283967048,59.159179688,Limestone
12.366220474,2.5445971489,0.1269637942,59.543964386,Limestone
12.352039337,2.5451512337,0.1249515414,60.209140778,Limestone
12.343317032,2.5529608727,0.1229388267,60.839202881,Limestone
12.339300156,2.5705928802,0.1170407757,60.63092041,Limestone
12.336511612,2.5898451805,0.1036768183,59.642520905,Limestone
12.336709976,2.5968549252,0.0858784467,59.524082184,Limestone
12.340581894,2.5884604454,0.0732364431,58.733539581,Limestone
12.346630096,2.5757260323,0.0707868487,58.696075439,Limestone
12.346707344,2.5649659634,0.0758216903,59.444129944,Limestone
12.343440056,2.5526399612,0.0832112655,61.027942657,Limestone
12.348408699,2.5456941128,0.0885220692,61.834682465,Limestone
12.356790543,2.5527629852,0.088688314,62.045276642,Limestone
12.363669395,2.5666258335,0.083722733,62.090484619,Limestone
12.370990753,2.5769889355,0.0789050683,61.877254486,Limestone
12.374728203,2.5810987949,0.0775926933,62.282413483,Limestone
12.375000954,2.584218502,0.0748733804,62.362827301,Limestone
12.375000954,2.5837137699,0.0679804087,61.458206177,Limestone
12.375000954,2.5722527504,0.0614279583,60.908290863,Limestone
12.373226166,2.5535171032,0.0628711879,60.816818237,Limestone
12.361275673,2.5380208492,0.0747003779,61.814273834,Limestone
12.338657379,2.534250021,0.0902692154,62.811626434,Limestone
12.323095322,2.5390315056,0.1018137708,63.681144714,Limestone
12.319998741,2.5449082851,0.1054620817,63.913619995,Limestone
12.32064724,2.550596714,0.103147544,63.508407593,Limestone
12.324942589,2.5530846119,0.0995543301,63.103252411,Limestone
12.335051537,2.549716711,0.0955316499,62.742835999,Limestone
12.345884323,2.5422494411,0.0920058712,62.47379303,Limestone
12.355359077,2.5373914242,0.0936958417,61.968833923,Limestone
12.366803169,2.5420193672,0.1019561663,61.812992096,Limestone
12.374120712,2.552713871,0.1093590856,61.657154083,Limestone
12.375000954,2.5644142628,0.1102777049,61.501312256,Limestone
12.375000954,2.5766654015,0.1068901792,61.227352142,Limestone
12.375000954,2.5901343822,0.1009757519,60.518005371,Limestone
12.375000954,2.6006908417,0.0942117199,60.038223267,Limestone
12.373171806,2.6009104252,0.0890524611,59.41462326,Limestone
12.359816551,2.5917725563,0.087993972,59.699760437,Limestone
12.337363243,2.5787153244,0.0904150307,60.291904449,Limestone
12.32715416,2.565687418,0.0938726515,60.992332458,Limestone
12.325161934,2.5577178001,0.0992890894,61.965351105,Limestone
12.320923805,2.5564758778,0.1072470546,61.762783051,Limestone
12.319998741,2.5583024025,0.1122140512,61.575710297,Limestone
12.319998741,2.5600986481,0.1069681346,61.466598511,Limestone
12.319998741,2.5618932247,0.0962878838,61.344982147,Limestone
12.319998741,2.5656762123,0.0902322829,61.123516083,Limestone
12.319998741,2.5677218437,0.0920146778,60.873153687,Limestone
12.319998741,2.5627651215,0.0991486982,61.408309937,Limestone
12.319998741,2.560208559,0.1068541035,61.504962921,Limestone
12.319998741,2.5656614304,0.1132653654,61.027557373,Limestone
12.319998741,2.5696299076,0.1163146421,61.216827393,Limestone
12.320183754,2.5654675961,0.1157166213,61.419441223,Limestone
12.322530746,2.5587625504,0.1162015796,61.676387787,Limestone
12.326453209,2.5553171635,0.1168903708,62.268531799,Limestone
12.325559616,2.5572605133,0.1158194095,62.835586548,Limestone
12.321317673,2.5659513474,0.1140707657,63.162895203,Limestone
12.319998741,2.5803227425,0.1125892028,62.895503998,Limestone
12.319998741,2.5918068886,0.1101949513,61.986709595,Limestone
12.319998741,2.5893452168,0.1037347838,60.420230865,Limestone
12.319998741,2.5748932362,0.097657904,59.296916962,Limestone
12.319998741,2.5612955093,0.0992145985,60.200786591,Limestone
12.319998741,2.5541481972,0.1088950932,61.137138367,Limestone
12.319998741,2.5513596535,0.1205957085,62.20866394,Limestone
12.319998741,2.5483071804,0.1243506595,62.399120331,Limestone
12.319998741,2.5459117889,0.1204652712,62.486186981,Limestone
12.319998741,2.5414190292,0.1209781095,61.636444092,Limestone
12.320506096,2.5345511436,0.1304397732,62.14074707,Limestone
12.323137283,2.5329144001,0.1411945075,63.396808624,Limestone
12.326395035,2.546405077,0.1398826838,63.572460175,Limestone
12.324944496,2.5697200298,0.1263183057,63.206695557,Limestone
12.321052551,2.586098671,0.1110774055,61.464611053,Limestone
12.319998741,2.5821623802,0.1051347777,60.276737213,Limestone
12.319512367,2.5700342655,0.1085294485,61.222690582,Limestone
12.315965652,2.5670876503,0.1140024215,61.643665314,Limestone
12.305111885,2.5744481087,0.1165086105,62.17224884,Limestone
12.287670135,2.5839443207,0.1121572703,61.984008789,Limestone
12.272726059,2.5857040882,0.101756461,61.781440735,Limestone
12.266721725,2.5816559792,0.0922730491,61.622505188,Limestone
12.265999794,2.5728223324,0.0895561129,62.012081146,Limestone
12.265999794,2.5650947094,0.0937593281,62.368602753,Limestone
12.265999794,2.5630638599,0.102106154,62.275100708,Limestone
12.265999794,2.5687355995,0.1105025783,62.124511719,Limestone
12.265999794,2.5814263821,0.115793027,61.078083038,Limestone
12.265999794,2.5944333076,0.1153890714,59.306430817,Limestone
12.267933846,2.5994746685,0.1127163619,58.209888458,Limestone
12.274001122,2.5877816677,0.1188133061,58.656040192,Limestone
12.276907921,2.5663504601,0.1385617703,59.860774994,Limestone
12.271468163,2.5521225929,0.1638224423,61.413387299,Limestone
12.266755104,2.5475299358,0.1837896258,62.213993073,Limestone
12.265999794,2.5537900925,0.1946664006,62.773330688,Limestone
12.265999794,2.5618283749,0.1973511726,62.585800171,Limestone
12.265999794,2.5687983036,0.1916778237,62.38318634,Limestone
12.265999794,2.5720312595,0.1791027933,62.153381348,Limestone
12.269599915,2.5716297626,0.1666535437,61.193405151,Limestone
12.282766342,2.5757243633,0.1660771221,61.335300446,Limestone
12.29635334,2.583738327,0.1771995723,60.004920959,Limestone
12.301324844,2.5940847397,0.1872163862,60.191928864,Limestone
12.304219246,2.6005568504,0.1872199476,60.367126465,Limestone
12.305000305,2.5965082645,0.1756411791,59.997989655,Limestone
12.305000305,2.5840466022,0.1659663618,59.88892746,Limestone
12.304216385,2.5755162239,0.1678141952,59.775966644,Limestone
12.297119141,2.5764341354,0.1742940992,59.379264832,Limestone
12.279158592,2.5770797729,0.1823115051,59.785972595,Limestone
12.265999794,2.5674469471,0.1858761013,60.376148224,Limestone
12.265999794,2.5571136475,0.1854405701,60.596324921,Limestone
12.265999794,2.5554666519,0.1818113178,61.593799591,Limestone
12.265999794,2.5632190704,0.1742089391,61.998935699,Limestone
12.265999794,2.5740098953,0.1581348777,61.782447815,Limestone
12.265999794,2.5828404427,0.1357738227,60.386074066,Limestone
12.265999794,2.5920777321,0.118187353,60.081264496,Limestone
12.265999794,2.5947570801,0.111431174,59.785194397,Limestone
12.265999794,2.5978512764,0.1125232354,59.012298584,Limestone
12.265999794,2.5921909809,0.1142392904,58.601165771,Limestone
12.265999794,2.5889761448,0.1136031896,58.196029663,Limestone
12.265999794,2.5784385204,0.1122533679,58.095966339,Limestone
12.265999794,2.5681226254,0.1125520244,58.00246048,Limestone
12.267126083,2.5522091389,0.1147529557,59.153213501,Limestone
12.27101326,2.5354273319,0.1186458692,59.974411011,Limestone
12.271626472,2.522932291,0.1254598051,60.362205505,Limestone
12.267272949,2.5187540054,0.1352255344,61.940288544,Limestone
12.265999794,2.5161230564,0.1428865641,62.96062851,Limestone
12.265679359,2.5146567822,0.1450712085,63.74848938,Limestone
12.263224602,2.5188438892,0.1414012015,63.99023819,Limestone
12.256871223,2.5313620567,0.1336264312,63.047245026,Limestone
12.249998093,2.5397233963,0.1251034588,63.564094543,Limestone
12.245024681,2.538877964,0.1169166043,62.823852539,Limestone
12.241998672,2.5419976711,0.1114632636,62.604129791,Limestone
12.242200851,2.5571980476,0.1058318466,61.828216553,Limestone
12.243626595,2.5781755447,0.0969645828,61.047164917,Limestone
12.246222496,2.583999157,0.0873189792,61.175689697,Limestone
12.245545387,2.5793561935,0.0781278759,60.997680664,Limestone
12.242444038,2.5761389732,0.0703503191,60.795063019,Limestone
12.241998672,2.5728948116,0.0658031851,60.606987,Limestone
12.241998672,2.5623850822,0.0691816062,61.520301819,Limestone
12.241998672,2.5396859646,0.0838955119,63.614795685,Limestone
12.241998672,2.5215761662,0.1042606756,65.249511719,Limestone
12.24136734,2.5114037991,0.1192488,66.121391296,Limestone
12.23547554,2.5015356541,0.1248995289,66.531005859,Limestone
12.217247963,2.4954555035,0.1237183064,67.133369446,Limestone
12.197669029,2.5128717422,0.1212148368,67.529037476,Limestone
12.194944382,2.5439648628,0.1179657206,66.824638367,Limestone
12.194037437,2.577580452,0.1088852659,65.504920959,Limestone
12.175584793,2.5742447376,0.0930515975,63.230644226,Limestone
12.154887199,2.5589051247,0.078937836,61.734050751,Limestone
12.148464203,2.5470352173,0.0760103837,60.864379883,Limestone
12.14799881,2.5500602722,0.0806629509,62.039859772,Limestone
12.14799881,2.5587947369,0.0823431686,61.825012207,Limestone
12.14799881,2.5529870987,0.0853817165,61.419788361,Limestone
12.148152351,2.5323264599,0.0951889679,61.652229309,Limestone
12.1492939,2.5209617615,0.1107147709,61.963909149,Limestone
12.151591301,2.5285248756,0.1218869537,62.33070755,Limestone
12.154308319,2.5532932281,0.1268716455,62.045276642,Limestone
12.162559509,2.5571556091,0.1301679015,62.164375305,Limestone
12.171523094,2.554407835,0.137425229,61.832473755,Limestone
12.171998978,2.5449671745,0.1476282924,61.617912292,Limestone
12.172203064,2.5405271053,0.1517920047,62.815460205,Limestone
12.175375938,2.5377283096,0.152200073,63.514228821,Limestone
12.189108849,2.5439138412,0.1551700085,64.430274963,Limestone
12.202515602,2.5486440659,0.1634307057,64.7239151,Limestone
12.203000069,2.5496623516,0.1699985415,63.91859436,Limestone
12.20293808,2.538490057,0.1708196849,63.273220062,Limestone
12.201688766,2.5305769444,0.1690178812,62.840919495,Limestone
12.195391655,2.5296304226,0.1713993996,62.72808075,Limestone
12.190104485,2.5313026905,0.1760227829,62.665775299,Limestone
12.195269585,2.5345437527,0.1780844182,62.603473663,Limestone
12.201523781,2.5427749157,0.1815034002,62.40945816,Limestone
12.203000069,2.542560339,0.1879239231,63.214893341,Limestone
12.203000069,2.5366675854,0.1965790689,63.898288727,Limestone
12.203000069,2.5200352669,0.2035550773,64.417320251,Limestone
12.203000069,2.5131428242,0.2112701386,64.916007996,Limestone
12.203000069,2.5156180859,0.2134860903,65.155509949,Limestone
12.202697754,2.5189089775,0.2079841495,65.342521667,Chalk
12.198829651,2.5184531212,0.2017071843,65.065948486,Chalk
12.184090614,2.5118262768,0.2012824118,64.794616699,Chalk
12.162421227,2.5049705505,0.2058161348,64.596458435,Chalk
12.150032043,2.5022382736,0.2123961151,65.072669983,Chalk
12.14799881,2.4920322895,0.2158517092,65.645179749,Chalk
12.14799881,2.4888601303,0.2127106786,66.408958435,Chalk
12.14799881,2.4799950123,0.2005818039,67.067749023,Chalk
12.14799881,2.4778511524,0.1887714416,67.64074707,Chalk
12.14799881,2.4733526707,0.183531478,67.950790405,Chalk
12.148191452,2.472268343,0.1834515184,68.300193787,Chalk
12.150902748,2.4707725048,0.1830054671,67.577102661,Chalk
12.158932686,2.4813723564,0.1746119559,67.524116516,Chalk
12.162321091,2.4873301983,0.1596580744,68.355148315,Chalk
12.166165352,2.4850862026,0.148237288,68.34853363,Chalk
12.181507111,2.4743163586,0.1495581418,68.078414917,Chalk
12.174106598,2.4745469093,0.1546640396,67.808288574,Chalk
12.146067619,2.4902188778,0.1604981273,67.310035706,Chalk
12.133440018,2.5081357956,0.1605025381,65.774604797,Chalk
12.131419182,2.5142607689,0.1517620683,63.82118988,Chalk
12.127295494,2.5088067055,0.1354478002,64.004096985,Chalk
12.125603676,2.5099396706,0.1230640188,64.476867676,Chalk
12.123354912,2.5143382549,0.1213636026,65.187332153,Chalk
12.11865139,2.5228497982,0.1297649145,65.854003906,Chalk
12.122548103,2.5109536648,0.1372001767,65.832923889,Chalk
12.12369442,2.5068080425,0.1363088936,65.614746094,Chalk
12.118618965,2.5127766132,0.1384024918,65.420272827,Chalk
12.116999626,2.5288279057,0.1453714222,65.847442627,Chalk
12.116945267,2.523525238,0.147395879,66.141242981,Chalk
12.115511894,2.5161859989,0.1328254193,66.04675293,Chalk
12.110958099,2.5148575306,0.1098455116,65.672737122,Chalk
12.111093521,2.5264306068,0.0902591869,64.537567139,Chalk
12.116312981,2.5303561687,0.081487678,63.746437073,Chalk
12.112020493,2.5453672409,0.0839324519,62.992321014,Chalk
12.089645386,2.5449376106,0.0923333094,62.642986298,Chalk
12.057413101,2.5422198772,0.1020666733,62.880851746,Chalk
12.044795036,2.5301277637,0.1084894389,63.270427704,Chalk
12.047905922,2.526558876,0.1109405085,64.241470337,Chalk
12.049693108,2.5120079517,0.110560663,64.880577087,Chalk
12.038433075,2.4994075298,0.108600378,65.271652222,Chalk
12.007562637,2.5070092678,0.106891945,64.788551331,Chalk
11.985307693,2.5045752525,0.1061081812,64.292816162,Chalk
11.973268509,2.5115976334,0.1077114865,63.896442413,Chalk
11.961983681,2.4848506451,0.1098228246,63.937431335,Chalk
11.956781387,2.4971005917,0.1142816916,64.133361816,Chalk
11.934885025,2.4954190254,0.1229556426,64.320373535,Chalk
11.910358429,2.5180022717,0.1285347939,63.823371887,Chalk
11.881666183,2.5167224407,0.1288269162,63.02217865,Chalk
11.845416069,2.5355644226,0.1320252419,62.49654007,Chalk
11.836123466,2.5284593105,0.13719742,61.829593658,Chalk
11.834720612,2.5419716835,0.1404509097,61.311203003,Chalk
11.81600666,2.5409340858,0.1377411485,61.88041687,Chalk
11.783694267,2.5742390156,0.1361066252,62.252216339,Chalk
11.767349243,2.5737416744,0.1399482489,62.345718384,Chalk
11.758042336,2.5597908497,0.1474735588,62.118110657,Chalk
11.750351906,2.5297188759,0.1542712152,61.317584991,Chalk
11.746931076,2.540817976,0.156059444,61.403659821,Chalk
11.743251801,2.5502169132,0.1563916355,61.445636749,Chalk
11.742041588,2.5506925583,0.1581919938,61.248523712,Chalk
11.742412567,2.5500323772,0.1610903442,62.405345917,Chalk
11.74546814,2.5737726688,0.1674112827,62.456203461,Chalk
11.747196198,2.5933001041,0.175944224,62.0625,Chalk
11.732719421,2.5661351681,0.1773645878,62.124511719,Chalk
11.680015564,2.524641037,0.1752765328,62.321868896,Chalk
11.565237045,2.4994609356,0.17460379,62.524482727,Chalk
11.460379601,2.4969787598,0.1751478463,62.98336792,Chalk
11.408508301,2.4769048691,0.1659187078,63.841041565,Chalk
11.251912117,2.4575221539,0.1528764665,64.553642273,Chalk
10.928871155,2.443656683,0.1466220915,64.628448486,Chalk
10.26676178,2.4628353119,0.1524539441,64.844978333,Chalk
9.139749527,2.4864110947,0.1612288654,65.763618469,Chalk
8.0504255295,2.5148208141,0.1673700213,63.625823975,Chalk
7.4605431557,2.510281086,0.1680153459,62.566162109,Marl
7.325138092,2.5088789463,0.1695779413,62.404102325,Marl
7.3718223572,2.4972748756,0.1711375415,61.930561066,Marl
7.5169429779,2.496117115,0.1610051095,61.905960083,Marl
7.7111263275,2.474927187,0.1347387433,62.103340149,Marl
7.8591365814,2.473903656,0.109872207,62.30072403,Marl
7.9178342819,2.4693877697,0.0987938643,62.763778687,Chalk
7.9286575317,2.4890758991,0.0949082002,62.496723175,Chalk
7.9324088097,2.4830205441,0.0935767815,62.553695679,Chalk
7.9324302673,2.4791507721,0.0914589539,63.030738831,Chalk
7.9242596626,2.4824666977,0.0927255377,63.493274689,Chalk
7.8996067047,2.5056285858,0.0997222438,63.991962433,Chalk
7.8521208763,2.5305738449,0.1100147814,64.073814392,Chalk
7.7954826355,2.5515294075,0.1197653487,64.45275116,Chalk
7.7566890717,2.5631554127,0.1276915222,64.900260925,Chalk
7.7634196281,2.5618364811,0.1356402934,65.336616516,Chalk
7.8458819389,2.5377295017,0.140889287,64.966697693,Chalk
8.0344324112,2.5145661831,0.1441715807,64.673721313,Chalk
8.2925634384,2.5123317242,0.1480923742,64.30708313,Chalk
8.5112485886,2.5164027214,0.1542767286,63.761123657,Chalk
8.6088848114,2.5162153244,0.1579286903,64.050994873,Chalk
8.6520299911,2.5441901684,0.1517672539,64.593505859,Chalk
8.7084903717,2.5477046967,0.1393111795,65.112533569,Chalk
8.7494049072,2.5518145561,0.1267641038,65.266731262,Chalk
8.7985744476,2.5523235798,0.1173910201,65.241386414,Chalk
8.8719263077,2.5608398914,0.1171653643,65.334892273,Chalk
8.9081010818,2.5618634224,0.1289495975,65.268211365,Chalk
8.9029922485,2.5671513081,0.1463052034,65.754432678,Chalk
8.8788900375,2.5538625717,0.160940811,66.240402222,Chalk
8.8882799149,2.5327644348,0.1657546461,66.333908081,Chalk
8.9531726837,2.5192351341,0.1631917357,65.920768738,Chalk
9.0302972794,2.5166432858,0.1617689431,65.35383606,Chalk
9.1200094223,2.5219378471,0.1604871303,64.945213318,Chalk
9.3095655441,2.5308206081,0.1613526493,64.336608887,Chalk
9.5277414322,2.5381176472,0.1609886438,64.102851868,Chalk
9.6229496002,2.5401191711,0.1577981859,64.49458313,Chalk
9.7040939331,2.5359218121,0.1534917057,64.648132324,Chalk
9.8360977173,2.5257813931,0.1514501125,65.001808167,Chalk
9.9461240768,2.5253732204,0.1508213282,65.576774597,Chalk
9.978638649,2.5278234482,0.1483017504,65.816932678,Chalk
9.9846658707,2.5327811241,0.150187254,65.941604614,Chalk
9.9923782349,2.5345242023,0.1554696411,65.768043518,Chalk
10.013718605,2.5247404575,0.1583792269,65.611961365,Chalk
10.345734596,2.5191087723,0.1537121683,65.705459595,Chalk
11.507499695,2.5215256214,0.1476293504,65.358268738,Chalk
12.682200432,2.5273506641,0.1501830816,64.675193787,Chalk
12.955566406,2.539857626,0.1574843079,64.068023682,Chalk
12.988911629,2.5432362556,0.1599289626,63.934009552,Chalk
12.998843193,2.5490379333,0.1565284431,64.230079651,Chalk
12.998455048,2.5355980396,0.1561464667,64.979660034,Chalk
13.014310837,2.526832819,0.1612241417,65.879104614,Chalk
13.056836128,2.5269253254,0.1648491472,66.234741211,Chalk
13.085720062,2.5337240696,0.1622447073,66.32824707,Chalk
13.033701897,2.5365805626,0.1588969082,66.187995911,Chalk
12.916595459,2.5316762924,0.1620852202,66.279037476,Chalk
12.957759857,2.5404324532,0.1555667073,65.0885849,Chalk
13.075555801,2.5459592342,0.1494562626,65.275588989,Chalk
13.131447792,2.5524930954,0.1447991431,65.462600708,Chalk
13.078495979,2.5561797619,0.1470820755,66.027069092,Chalk
13.019873619,2.546284914,0.1508868486,66.764602661,Chalk
12.991473198,2.5390179157,0.1523697823,66.712928772,Chalk
13.035926819,2.5476169586,0.1563635468,66.003936768,Chalk
13.225684166,2.565741539,0.1640972048,65.392227173,Chalk
13.493138313,2.5675063133,0.1683904827,65.441436768,Chalk
13.619314194,2.5466337204,0.1632857919,66.395179749,Chalk
13.642254829,2.5299818516,0.1544280648,67.63369751,Chalk
13.615701675,2.5217049122,0.154369995,68.048881531,Chalk
13.524141312,2.5223038197,0.1661413163,67.737205505,Chalk
13.37569809,2.5133883953,0.181336984,67.644683838,Chalk
12.986284256,2.6007165909,0.1797101796,66.406005859,Marl
12.998888969,2.6045970917,0.1812694967,66.52444458,Marl
13.201522827,2.571097374,0.1510803699,67.686347961,Chalk
13.222137451,2.5545027256,0.150383532,68.258857727,Chalk
13.216917992,2.5520842075,0.1534070671,67.926177979,Chalk
13.16944313,2.5612926483,0.1592101455,67.117126465,Chalk
13.141817093,2.5562772751,0.1625995487,67.279525757,Chalk
13.138429642,2.5413775444,0.1621156782,67.842521667,Chalk
13.097602844,2.5296669006,0.1613472998,68.206695557,Chalk
13.002414703,2.5290791988,0.1629133075,68.927330017,Chalk
12.910032272,2.5353684425,0.1667193025,69.788879395,Chalk
12.870297432,2.542807579,0.1676454544,70.120079041,Chalk
12.888821602,2.5517556667,0.1656964421,69.910758972,Chalk
12.929712296,2.5504899025,0.1671785414,69.683563232,Chalk
12.807899475,2.5232717991,0.1704266667,68.6614151,Marl
12.731245041,2.5228037834,0.1725604832,67.916007996,Marl
12.883536339,2.5495598316,0.140716061,66.153053284,Chalk
13.041292191,2.5424177647,0.146873191,65.467353821,Chalk
13.233397484,2.5396609306,0.1553924382,65.178642273,Chalk
13.385407448,2.5389413834,0.1578440666,65.621551514,Chalk
13.443555832,2.5395171642,0.1536563784,65.789039612,Chalk
13.454044342,2.5388300419,0.1463846564,65.913711548,Chalk
13.441417694,2.5317602158,0.141410321,66.230316162,Chalk
13.35912323,2.5204081535,0.1402252614,67.301834106,Chalk
13.193281174,2.5173709393,0.1413756013,68.449310303,Chalk
12.984880447,2.5200295448,0.1465123147,68.087760925,Chalk
12.811120033,2.5235469341,0.1574036181,67.755302429,Chalk
12.740884781,2.5171744823,0.1711917371,67.422843933,Chalk
12.72334671,2.5070989132,0.1798941344,67.351379395,Marl
12.688402176,2.5024769306,0.1798956245,67.822181702,Marl
12.629917145,2.506210804,0.1735019088,68.214569092,Marl
12.574587822,2.5143563747,0.1650426239,68.980316162,Marl
12.55371666,2.5172080994,0.161759153,69.738021851,Marl
12.574491501,2.5142168999,0.1651427001,70.04839325,Marl
12.602895737,2.5141179562,0.1710698754,69.549705505,Marl
12.610023499,2.5153656006,0.1756778657,68.743927002,Marl
12.599970818,2.509873867,0.1780880839,67.292160034,Marl
12.565483093,2.4955351353,0.1773848981,66.411911011,Chalk
12.494271278,2.485278368,0.1732652932,65.834320068,Chalk
12.457579613,2.4929702282,0.1673600823,65.637466431,Chalk
12.509212494,2.5141854286,0.1611619443,66.399360657,Chalk
12.551581383,2.5304000378,0.1544006616,66.492866516,Chalk
12.54695797,2.5327262878,0.1468423158,66.673881531,Chalk
12.547562599,2.5260734558,0.1408457309,67.070869446,Chalk
12.611814499,2.5198118687,0.1386782825,67.351379395,Chalk
12.722156525,2.5200798512,0.1391556859,67.516242981,Chalk
12.753880501,2.528023243,0.1398361027,67.420768738,Chalk
12.699030876,2.5352909565,0.1410161406,67.517227173,Chalk
12.648417473,2.5308177471,0.1431390345,66.748031616,Chalk
12.657333374,2.5170061588,0.1447854787,64.425193787,Chalk
12.704371452,2.5069768429,0.1454815567,63.002716064,Chalk
12.748177528,2.5040991306,0.1439389139,61.831813812,Chalk
12.791745186,2.5059659481,0.1378107667,62.08562851,Chalk
12.772507668,2.5159909725,0.1262706518,63.052165985,Chalk
12.643554688,2.5318171978,0.1123036519,65.556266785,Chalk
12.544651985,2.5450806618,0.1020529121,66.14616394,Chalk
12.521551132,2.5493586063,0.0997779444,66.081695557,Chalk
12.487415314,2.5491056442,0.104535535,66.200134277,Chalk
12.438542366,2.5450172424,0.1123466194,65.502708435,Chalk
12.394494057,2.5363304615,0.1211285666,65.222198486,Chalk
12.348970413,2.5304114819,0.1288374662,64.95464325,Chalk
12.300008774,2.5278322697,0.1327508688,64.736465454,Chalk
12.259431839,2.5252995491,0.1314571649,64.625656128,Chalk
12.231438637,2.5193045139,0.1265170276,64.937332153,Chalk
12.220169067,2.5143511295,0.1210935786,65.261322021,Chalk
12.218999863,2.5171117783,0.1158189923,65.720306396,Chalk
12.21795845,2.5256729126,0.1119148731,65.955871582,Chalk
12.208853722,2.5345714092,0.1109606177,64.033958435,Chalk
12.187617302,2.5418002605,0.1110031754,63.043067932,Chalk
12.161515236,2.5467054844,0.1090196222,61.484703064,Chalk
12.118750572,2.5458340645,0.1055356041,61.181102753,Chalk
12.058834076,2.5398139954,0.1022455394,62.033466339,Chalk
12.025920868,2.5358490944,0.0978877693,62.813980103,Chalk
12.023306847,2.5402333736,0.0916357934,65.685035706,Chalk
12.022999763,2.5449547768,0.0874458477,65.103111267,Chalk
12.022999763,2.5451893806,0.0887395144,63.747173309,Chalk
12.021425247,2.5453886986,0.0929689258,63.544555664,Chalk
12.012795448,2.545633316,0.0964782014,63.476703644,Chalk
11.997131348,2.5444192886,0.0975969285,64.280181885,Chalk
11.986193657,2.5397465229,0.0966328382,65.907478333,Chalk
11.98400116,2.5354571342,0.0961580873,66.411254883,Chalk
11.98400116,2.5394656658,0.1011291146,64.443580627,Chalk
11.98400116,2.5498969555,0.1116779819,63.898170471,Chalk
11.98400116,2.5539135933,0.1194163635,64.479820251,Chalk
11.98400116,2.5445930958,0.1190137789,64.171417236,Chalk
11.98400116,2.5287969112,0.1135691106,65.444389343,Chalk
11.98400116,2.5207474232,0.1081904322,66.800033569,Chalk
11.986397743,2.5257077217,0.1040999666,65.349243164,Chalk
12.00173378,2.5344521999,0.1003975719,64.401573181,Chalk
12.030079842,2.5379891396,0.098006025,66.942588806,Chalk
12.04829216,2.5363306999,0.0968301147,66.666992188,Chalk
12.05804348,2.5352277756,0.0950628221,67.327758789,Chalk
12.078248978,2.5396089554,0.0939284414,67.073242188,Chalk
12.101202011,2.5486571789,0.0976173282,67.665435791,Chalk
12.121570587,2.5596382618,0.1071282327,68.209648132,Chalk
12.141263962,2.5619101524,0.1157920137,68.490486145,Chalk
12.161316872,2.5505366325,0.1160583273,69.170440674,Chalk
12.179247856,2.5350475311,0.1114592701,67.390258789,Chalk
12.195604324,2.5246884823,0.1107821241,66.060531616,Chalk
12.220683098,2.5234398842,0.116181694,66.605148315,Chalk
12.248887062,2.5287106037,0.1226727515,67.01033783,Chalk
12.269966125,2.5357522964,0.1256259084,67.537071228,Chalk
12.288653374,2.5379891396,0.1252805293,68.939308167,Chalk
12.303153992,2.5275614262,0.1225957349,68.339569092,Chalk
12.318230629,2.5102512836,0.1181169674,67.833496094,Chalk
12.345292091,2.4982068539,0.1159354374,66.098258972,Chalk
12.37182045,2.4980506897,0.1196637452,65.203742981,Chalk
12.385277748,2.5051207542,0.1275767833,65.416992188,Chalk
12.396553993,2.5127179623,0.1327188164,65.915679932,Chalk
12.40896225,2.5192849636,0.1299687028,66.311019897,Chalk
12.419960976,2.527328968,0.1251672953,65.576774597,Chalk
12.433684349,2.5324420929,0.1261314005,65.883201599,Chalk
12.445513725,2.5318212509,0.1295571476,67.478347778,Chalk
12.450453758,2.522149086,0.1266991496,66.400588989,Chalk
12.466399193,2.508701086,0.118131265,66.672080994,Chalk
12.499418259,2.5020139217,0.1126929596,65.653053284,Chalk
12.528812408,2.5099599361,0.113134928,66.93963623,Chalk
12.55038166,2.5273675919,0.1164406911,66.010826111,Chalk
12.569788933,2.5395834446,0.1185157672,66.318405151,Chalk
12.589537621,2.5399358273,0.1195983291,68.427986145,Chalk
12.61405468,2.5347762108,0.1217766479,65.959480286,Chalk
12.641730309,2.5246925354,0.1277641654,65.329231262,Chalk
12.660172462,2.5123105049,0.1333616227,68.106628418,Chalk
12.67264843,2.5049395561,0.1360420585,66.382873535,Chalk
12.69534111,2.5020353794,0.1397945881,66.555114746,Chalk
12.720339775,2.5009732246,0.14582555,66.404853821,Chalk
12.739445686,2.5016491413,0.1497449428,67.172569275,Chalk
12.762708664,2.505723238,0.1470130086,66.852363586,Chalk
12.79737854,2.5112872124,0.1425106525,70.028869629,Chalk
12.829908371,2.505656004,0.1436477453,70.888450623,Chalk
12.854596138,2.4979979992,0.1488702148,66.72416687,Chalk
12.878407478,2.4929223061,0.1531923711,65.633285522,Chalk
12.90692234,2.4964010715,0.152282089,64.614173889,Chalk
12.928133965,2.5036575794,0.1471429467,67.384841919,Chalk
12.942521095,2.5092744827,0.1422357261,68.016815186,Chalk
12.961916924,2.5178365707,0.1420467496,69.294700623,Chalk
12.990431786,2.5232203007,0.1443252712,70.565948486,Chalk
13.01670742,2.5290634632,0.1442436129,70.992454529,Chalk
13.034452438,2.532674551,0.1408809721,69.568901062,Chalk
13.053123474,2.5275011063,0.1360065937,72.0,Chalk
13.07133007,2.5193309784,0.1319521964,69.194885254,Chalk
13.081728935,2.5077364445,0.1356754303,73.726051331,Chalk
13.075122833,2.503538847,0.1473852098,74.080711365,Chalk
13.036964417,2.5051724911,0.1569590718,74.413169861,Chalk
12.995583534,2.5173633099,0.1589657217,74.745628357,Chalk
12.97681427,2.5257344246,0.1570239216,71.059051514,Chalk
12.945630074,2.5297515392,0.1524532139,72.717849731,Chalk
12.890717506,2.5176210403,0.1491355896,69.262306213,Chalk
12.847216606,2.5141954422,0.1510069817,69.553642273,Chalk
12.815192223,2.5104730129,0.1545280367,70.718833923,Chalk
12.771989822,2.5103712082,0.1547538191,68.807739258,Chalk
12.726984024,2.5087800026,0.1497244388,70.323822021,Chalk
12.68192482,2.5112504959,0.1410681307,73.453742981,Chalk
12.627142906,2.5160140991,0.1393750459,72.779853821,Chalk
12.577641487,2.522187233,0.1469311416,74.671257019,Chalk
12.552796364,2.5302054882,0.1553870738,71.875984192,Chalk
12.535718918,2.5334527493,0.1577942669,71.988845825,Chalk
12.531000137,2.5270185471,0.1524716169,69.856300354,Chalk
12.531000137,2.5195658207,0.1471509933,68.087272644,Chalk
12.530284882,2.5088179111,0.1482655406,68.532974243,Chalk
12.526236534,2.5001049042,0.1558559835,70.452262878,Chalk
12.518192291,2.4966957569,0.1625517905,69.09022522,Chalk
12.506137848,2.4956073761,0.1653635651,71.583992004,Chalk
12.488435745,2.5062468052,0.1678434461,72.921257019,Chalk
12.476612091,2.5160264969,0.1712049097,70.897636414,Chalk
12.473525047,2.5306544304,0.1735043228,70.982940674,Chalk
12.463994026,2.5293807983,0.1729032099,72.451774597,Chalk
12.449004173,2.5166730881,0.1704009771,73.315292358,Chalk
12.437036514,2.5066564083,0.1682754904,71.180770874,Chalk
12.425737381,2.5047698021,0.1685703397,72.266731262,Chalk
12.40306282,2.5015499592,0.1697911173,73.121391296,Chalk
12.381682396,2.4944460392,0.1672180444,72.443244934,Chalk
12.377188683,2.4832756519,0.1587903351,74.943901062,Chalk
12.376665115,2.4795968533,0.147063151,74.10597229,Chalk
12.361834526,2.4814214706,0.1389267296,71.275588989,Chalk
12.336024284,2.4843122959,0.1406109184,74.056098938,Chalk
12.321124077,2.4973199368,0.1514739841,74.205711365,Chalk
12.317557335,2.5059876442,0.1632797718,76.325622559,Chalk
12.311454773,2.5099077225,0.1696486771,77.123519897,Chalk
12.305930138,2.5032663345,0.1685969085,73.775260925,Chalk
12.306018829,2.504134655,0.1619072706,70.140090942,Chalk
12.311934471,2.5083403587,0.1584206671,72.641731262,Chalk
12.3172369,2.5085282326,0.1621006131,72.778213501,Chalk
12.31247139,2.5107722282,0.171006456,74.021492004,Chalk
12.306409836,2.5187287331,0.177409485,76.83316803,Chalk
12.304927826,2.5306415558,0.1752796769,76.473098755,Chalk
12.303901672,2.5335080624,0.1712760776,78.12828064,Chalk
12.298177719,2.5276119709,0.1711097807,77.500984192,Chalk
12.283490181,2.5180599689,0.1734532267,78.083007813,Chalk
12.26921463,2.4936006069,0.175851807,78.893371582,Chalk
12.263215065,2.4625225067,0.1766395867,76.726379395,Chalk
12.247076035,2.4392573833,0.1753449589,77.940124512,Chalk
12.208159447,2.4422650337,0.1717273742,77.16519165,Chalk
12.159873009,2.4651267529,0.1657541245,77.482772827,Chalk
12.119463921,2.4994795322,0.1623549312,76.22555542,Chalk
12.093793869,2.5182299614,0.1622305512,76.479820251,Chalk
12.086001396,2.5251374245,0.1625424773,78.954238892,Chalk
12.086001396,2.5140037537,0.1595069021,75.454071045,Chalk
12.086001396,2.5098488331,0.1501320004,74.591537476,Chalk
12.085601807,2.5177161694,0.138524726,74.404525757,Chalk
12.082351685,2.5285449028,0.1307785958,71.855316162,Chalk
12.078811646,2.5355808735,0.1284481287,71.872131348,Chalk
12.085006714,2.5348865986,0.1261755377,72.464317322,Chalk
12.096554756,2.531832695,0.1195734739,71.41847229,Chalk
12.101600647,2.5306704044,0.1133779585,69.995239258,Chalk
12.103490829,2.525945425,0.1129682586,71.920272827,Chalk
12.109794617,2.5149276257,0.1181420758,72.684051514,Chalk
12.123226166,2.5176944733,0.1232745349,73.263450623,Chalk
12.139388084,2.5150949955,0.1274663508,73.451774597,Chalk
12.14799881,2.5168557167,0.1323331296,73.545272827,Chalk
12.148176193,2.5069086552,0.1390814334,73.409942627,Chalk
12.150478363,2.5100369453,0.1464985162,70.282974243,Chalk
12.158145905,2.5081582069,0.1456763446,70.067749023,Chalk
12.169424057,2.517966032,0.1369686127,71.295440674,Chalk
12.19617939,2.5220582485,0.1277142614,69.805610657,Chalk
12.238243103,2.5274541378,0.1256633699,70.475723267,Chalk
12.26234436,2.5224711895,0.1256917417,71.747375488,Chalk
12.274560928,2.5219116211,0.1231414452,68.470962524,Chalk
12.293045998,2.525731802,0.1174220145,69.940452576,Chalk
12.319458961,2.5321998596,0.1135467887,70.414367676,Chalk
12.350627899,2.5326120853,0.1147522628,69.587600708,Chalk
12.376013756,2.5279569626,0.1181971356,69.080711365,Chalk
12.403082848,2.52602005,0.1179802641,67.582351685,Chalk
12.437853813,2.5159549713,0.1101663336,66.700294495,Chalk
12.46182251,2.5208621025,0.1007157564,65.348587036,Chalk
12.489235878,2.5249707699,0.0938906074,66.693733215,Chalk
12.528981209,2.5418303013,0.0919303969,67.959152222,Chalk
12.565796852,2.5520951748,0.0927546099,67.082023621,Chalk
12.59095192,2.5407958031,0.096964784,66.318901062,Chalk
12.622862816,2.5399224758,0.1012267992,66.4739151,Chalk
12.669351578,2.5324342251,0.1022338122,65.04019165,Chalk
12.722714424,2.5517010689,0.0999943465,66.4114151,Chalk
12.767951012,2.5477721691,0.0996377692,67.425193787,Chalk
12.815552711,2.5482032299,0.1034811735,69.822341919,Chalk
12.874303818,2.5443418026,0.1113468036,73.142883301,Chalk
12.933028221,2.5539467335,0.1233363524,73.251968384,Chalk
12.975773811,2.5573589802,0.1360081732,75.236221313,Chalk
13.027145386,2.5458884239,0.1431448013,73.771652222,Chalk
13.12592411,2.5412595272,0.1445909292,74.896652222,Chalk
13.230840683,2.5156972408,0.1485563964,72.612365723,Chalk
13.323013306,2.509411335,0.1575711668,68.485069275,Chalk
13.408560753,2.4992973804,0.1580366343,69.709152222,Chalk
13.489073753,2.5037658215,0.1483710855,70.288879395,Chalk
13.562125206,2.5094857216,0.1421656013,69.733100891,Chalk
13.633110046,2.5120940208,0.1529969573,73.637306213,Chalk
13.6994524,2.5210568905,0.1733607501,73.428146362,Chalk
13.752475739,2.5252897739,0.1832284778,72.480316162,Chalk
13.822195053,2.5288386345,0.1771432012,70.673225403,Chalk
13.899597168,2.5245888233,0.1681647003,69.419944763,Chalk
13.951994896,2.5027139187,0.1633051634,72.299377441,Chalk
13.982545853,2.4891602993,0.1684400439,72.986709595,Chalk
14.000281334,2.4921557903,0.1808377206,73.764930725,Chalk
14.02758503,2.4955391884,0.1924257427,75.154693604,Chalk
14.006940842,2.4885442257,0.2012742609,76.394676208,Chalk
13.975265503,2.4844901562,0.2046484202,75.222763062,Chalk
14.062261581,2.4827427864,0.1990511268,77.214241028,Chalk
14.153916359,2.4872741699,0.1895356327,75.603347778,Chalk
14.17280674,2.4714040756,0.1845318675,75.626144409,Chalk
14.182370186,2.4634566307,0.1888030022,76.74622345,Chalk
14.179607391,2.4247999191,0.198568359,77.128448486,Chalk
14.207741737,2.4372725487,0.2069399655,78.424377441,Chalk
14.229688644,2.4535212517,0.2103569508,78.150260925,Chalk
14.175635338,2.4840400219,0.2063209116,76.268699646,Chalk
14.115517616,2.4738409519,0.1975594908,76.785102844,Chalk
14.064484596,2.4833977222,0.1901275218,73.763450623,Chalk
14.048575401,2.474601984,0.1894986928,73.3385849,Chalk
14.033343315,2.4606702328,0.1957059056,76.666664124,Chalk
13.998765945,2.4359331131,0.194274351,74.264762878,Chalk
13.947844505,2.4543800354,0.1870911568,77.252952576,Chalk
13.904356956,2.4670498371,0.1834538132,77.526573181,Chalk
13.839108467,2.488096714,0.1864652187,75.30872345,Chalk
13.757814407,2.4761416912,0.1880242527,73.769683838,Chalk
13.705503464,2.485357523,0.1810048223,72.273620605,Chalk
13.66475296,2.4827494621,0.1722946018,72.276741028,Chalk
13.608858109,2.4846303463,0.1719847918,71.392227173,Chalk
13.564878464,2.4909815788,0.178914398,72.960464478,Chalk
13.523555756,2.4819219112,0.1848569959,73.667160034,Chalk
13.467993736,2.4891886711,0.1834979653,73.893211365,Chalk
13.428263664,2.4856860638,0.1808639169,74.703575134,Chalk
13.382472992,2.4975275993,0.1797813922,73.734909058,Chalk
13.312182426,2.5057873726,0.173642844,71.582679749,Chalk
13.238278389,2.4910612106,0.1679408997,70.397148132,Chalk
13.187491417,2.4808211327,0.1693448424,71.319717407,Chalk
13.13938427,2.4742259979,0.1705822349,71.105804443,Chalk
13.078534126,2.4833204746,0.1681066155,70.05921936,Chalk
13.031475067,2.4843902588,0.1729051471,70.752296448,Chalk
12.987339973,2.4846684933,0.1809462458,71.259841919,Chalk
12.923653603,2.4883544445,0.1768967211,71.799049377,Chalk
12.858760834,2.4938626289,0.1610419601,73.74786377,Chalk
12.818573952,2.4981298447,0.1525284797,73.802658081,Chalk
12.801019669,2.5032835007,0.1558470875,72.583824158,Chalk
12.777071953,2.5030136108,0.1558751017,72.074806213,Chalk
12.745203018,2.4941167831,0.1471648514,71.625984192,Chalk
12.725855827,2.4833600521,0.1424563229,71.002624512,Chalk
12.693034172,2.4793028831,0.1476441175,71.60269165,Chalk
12.640837669,2.4819550514,0.157048896,71.596946716,Chalk
12.608201981,2.4825694561,0.1613174081,70.599571228,Chalk
12.594432831,2.4839844704,0.1574476063,71.943405151,Chalk
12.584993362,2.4838526249,0.15337345,71.075294495,Chalk
12.57526207,2.4927568436,0.1575255394,69.925033569,Chalk
12.566046715,2.4953866005,0.1765115112,71.089729309,Chalk
12.5443964,2.5045769215,0.1984530985,72.468505859,Chalk
12.514269829,2.5077059269,0.2075333595,74.144355774,Marl
12.487448692,2.5085926056,0.2069592923,74.750823975,Marl
12.457745552,2.5014138222,0.2035847157,75.129432678,Marl
12.436205864,2.4893853664,0.2005002797,75.104003906,Marl
12.411037445,2.4813528061,0.193076551,74.434051514,Chalk
12.370681763,2.4684484005,0.1803872138,73.523620605,Chalk
12.335960388,2.4608666897,0.1692347378,71.991470337,Chalk
12.312147141,2.4430437088,0.1603105962,69.837600708,Chalk
12.29583168,2.430413723,0.1544713378,68.887794495,Chalk
12.283218384,2.4228765965,0.1541865915,69.754264832,Chalk
12.2698946,2.4229519367,0.1570692956,70.477363586,Chalk
12.250288963,2.4395103455,0.157518059,70.019195557,Chalk
12.230581284,2.4526593685,0.1542057842,68.481132507,Chalk
12.219225883,2.4691967964,0.1483933479,67.02444458,Chalk
12.210595131,2.4627304077,0.1379351616,67.097930908,Chalk
12.204561234,2.4601325989,0.1269316226,67.828903198,Chalk
12.203103065,2.4661636353,0.1198804602,68.327590942,Chalk
12.201235771,2.4813325405,0.1164519042,68.36466217,Chalk
12.195010185,2.5026316643,0.1176389307,69.663879395,Chalk
12.186626434,2.5205266476,0.1221208125,71.718177795,Chalk
12.182806969,2.5331523418,0.127692759,72.277557373,Chalk
12.182272911,2.5356376171,0.1349859685,71.961288452,Chalk
12.176973343,2.5299692154,0.1442749798,71.13910675,Chalk
12.173204422,2.5242285728,0.1554219574,70.370567322,Chalk
12.176691055,2.5129182339,0.163939923,69.678314209,Chalk
12.179535866,2.4959712029,0.1648529023,69.599082947,Chalk
12.180000305,2.4796497822,0.1593136489,67.480316162,Chalk
12.178632736,2.4827320576,0.1487632543,64.389053345,Chalk
12.173082352,2.4938380718,0.1347360462,64.170875549,Chalk
12.166548729,2.5124819279,0.1187040731,65.554626465,Chalk
12.16323185,2.5325524807,0.0998055115,68.25869751,Chalk
12.159353256,2.5646374226,0.0823158547,70.582839966,Chalk
12.158107758,2.5906424522,0.075819321,70.607772827,Chalk
12.161100388,2.5856244564,0.0805197433,69.514434814,Chalk
12.1580019,2.5529532433,0.0929673612,69.271652222,Chalk
12.154557228,2.5288746357,0.1081406474,69.952758789,Chalk
12.156481743,2.5206496716,0.1210765764,70.285430908,Chalk
12.156857491,2.5179226398,0.1300561875,69.62335968,Chalk
12.15484333,2.5110735893,0.1319619566,69.561019897,Chalk
12.149506569,2.508644104,0.1290576011,69.512138367,Chalk
12.14799881,2.5159187317,0.1274822354,68.574806213,Chalk
12.149303436,2.5186743736,0.1291602552,68.084648132,Chalk
12.154022217,2.5120358467,0.1327395737,66.017715454,Chalk
12.158209801,2.5087594986,0.1401665658,63.899543762,Chalk
12.18920517,2.5047097206,0.148482129,64.880195618,Chalk
12.257266045,2.5002505779,0.1495691091,66.272636414,Chalk
12.32684803,2.4920039177,0.1412140578,66.911087036,Chalk
12.393801689,2.4897170067,0.1269254982,67.029525757,Chalk
12.43150425,2.4993386269,0.1171514243,65.845146179,Chalk
12.446722031,2.5099077225,0.1167075112,65.10433197,Chalk
12.466114998,2.5125741959,0.1203552634,65.606300354,Chalk
12.495856285,2.5060486794,0.1211263388,67.607772827,Chalk
12.525994301,2.5054626465,0.1159959063,69.868270874,Chalk
12.548881531,2.5187849998,0.1072796136,71.101867676,Chalk
12.574180603,2.5396311283,0.1005889252,70.029037476,Chalk
12.600373268,2.5561118126,0.1016440839,67.572181702,Chalk
12.628541946,2.5547442436,0.1124191508,67.332183838,Chalk
12.653175354,2.5337705612,0.1252619177,68.111381531,Chalk
12.682924271,2.5153121948,0.1299597472,68.483757019,Chalk
12.727238655,2.5103247166,0.1263334602,69.366142273,Chalk
12.771759987,2.5169289112,0.1231432632,70.50377655,Chalk
12.8295784,2.5274407864,0.1247435957,69.911582947,Chalk
12.890914917,2.5316677094,0.1282361597,69.818405151,Chalk
12.940509796,2.5373313427,0.1298535019,68.712760925,Chalk
12.992782593,2.5429019928,0.131338805,66.739334106,Chalk
13.049927711,2.5492415428,0.134772256,68.907478333,Chalk
13.103696823,2.5472524166,0.136820823,71.924537659,Chalk
13.144249916,2.5375180244,0.1334266216,73.995735168,Chalk
13.18161869,2.5305252075,0.1288852543,76.528533936,Chalk
13.223505974,2.5344371796,0.1312685013,75.796417236,Chalk
13.244718552,2.5360007286,0.1427882463,75.017555237,Chalk
13.185972214,2.5250201225,0.1570698172,74.147148132,Chalk
13.159697533,2.4941780567,0.168413654,74.792160034,Chalk
13.300834656,2.4671397209,0.1748834848,77.137138367,Chalk
13.441896439,2.4597375393,0.1789696664,76.608261108,Chalk
13.506227493,2.4661185741,0.1841602325,76.984909058,Chalk
13.541604042,2.470908165,0.1906181723,78.512466431,Chalk
13.563075066,2.457015276,0.1967601627,78.704238892,Marl
13.573109627,2.4417994022,0.1994785517,77.424705505,Marl
13.58240509,2.4333980083,0.1998004317,76.093009949,Marl
13.590385437,2.4339232445,0.1999422312,73.168800354,Chalk
13.588785172,2.4386291504,0.1990914643,71.869422913,Chalk
13.58160305,2.4463946819,0.1962482929,73.19619751,Chalk
13.575611115,2.4602832794,0.1892822981,73.712104797,Chalk
13.571460724,2.4678275585,0.1809550375,73.605148315,Chalk
13.566923141,2.4742202759,0.1743360013,73.895011902,Chalk
13.561860085,2.4811432362,0.169667244,73.064964294,Chalk
13.556430817,2.4919028282,0.1661183238,72.90813446,Chalk
13.551635742,2.5046331882,0.1635686606,71.820541382,Chalk
13.551979065,2.5131695271,0.1640652567,68.993598938,Chalk
13.549445152,2.5141539574,0.1658365726,67.053314209,Chalk
13.54281044,2.5072689056,0.1642029583,71.0625,Chalk
13.539162636,2.4961676598,0.1598714441,74.241630554,Chalk
13.536078453,2.4913005829,0.1531520039,76.826118469,Marl
13.527487755,2.4938981533,0.1462884247,76.916007996,Marl
13.5145998,2.4994990826,0.1464262903,75.046257019,Marl
13.497771263,2.5020365715,0.1600981802,75.150260925,Marl
13.457073212,2.504680872,0.1789344847,76.059547424,Chalk
13.397929192,2.5122981071,0.1876868159,76.305603027,Chalk
13.360450745,2.5135233402,0.1810843945,76.503936768,Chalk
13.343545914,2.4983756542,0.1714235544,76.568572998,Chalk
13.325201988,2.4787311554,0.1697866321,76.875244141,Chalk
13.29484272,2.4680259228,0.1770922393,76.470054626,Chalk
13.256240845,2.4707682133,0.185918346,76.130897522,Chalk
13.222037315,2.4734904766,0.1904987544,75.326774597,Chalk
13.192732811,2.4732539654,0.1944295615,73.286582947,Chalk
13.1599226,2.4711890221,0.1974711865,71.893539429,Chalk
13.126272202,2.4707224369,0.1949233711,71.824806213,Chalk
13.094957352,2.4744513035,0.1863080412,73.032150269,Chalk
13.060919762,2.480795145,0.179559961,72.419944763,Chalk
13.022309303,2.4852159023,0.1750321835,72.592521667,Chalk
12.977881432,2.4835417271,0.1679471582,70.333824158,Chalk
12.935361862,2.4757933617,0.1626492292,67.26574707,Chalk
12.892551422,2.4660871029,0.1657045037,67.546257019,Chalk
12.842049599,2.4567689896,0.1718399227,68.415351868,Chalk
12.802481651,2.450095892,0.1689090729,70.339569092,Chalk
12.774746895,2.4539148808,0.1557820886,70.281494141,Chalk
12.75169754,2.4740166664,0.1428473145,69.944389343,Chalk
12.733527184,2.4977796078,0.1379989982,72.939796448,Chalk
12.710324287,2.5095005035,0.1414721459,74.14616394,Chalk
12.681045532,2.5041775703,0.1517627239,74.417816162,Chalk
12.659520149,2.490588665,0.1666256189,73.745407104,Chalk
12.649881363,2.4784197807,0.1788201928,72.637794495,Chalk
12.640684128,2.4732425213,0.182811901,71.858596802,Chalk
12.61738205,2.4773929119,0.1800765395,73.243438721,Chalk
12.579623222,2.4845929146,0.1746400446,74.856788635,Chalk
12.548610687,2.4878280163,0.1709154397,75.081855774,Chalk
12.536211967,2.4864838123,0.1717293859,74.988845825,Chalk
12.527785301,2.4872944355,0.1763105541,75.907478333,Chalk
12.513026237,2.4919691086,0.1821059436,76.572395325,Chalk
12.498037338,2.4954020977,0.1859125495,77.237312317,Chalk
12.476672173,2.4912164211,0.1866105646,77.47883606,Chalk
12.436068535,2.4766120911,0.1863500923,76.111053467,Chalk
12.390693665,2.4599986076,0.1877636164,74.255744934,Chalk
12.356082916,2.4528672695,0.1911679059,73.270179749,Chalk
12.325320244,2.4565172195,0.1936200261,73.657806396,Chalk
12.273630142,2.4682984352,0.1913310736,73.905838013,Chalk
12.199192047,2.4801414013,0.1846688241,74.120567322,Chalk
12.136617661,2.4850997925,0.1790239364,76.056259155,Chalk
12.088992119,2.4811270237,0.178057164,75.484741211,Chalk
12.037670135,2.4701373577,0.1798026413,75.468994141,Marl
11.993658066,2.4624083042,0.1797115356,76.284614563,Marl
11.965584755,2.4558324814,0.1783411354,75.100227356,Marl
11.927404404,2.4471418858,0.17910254,74.713088989,Marl
11.864556313,2.4449136257,0.1805869788,74.368270874,Marl
11.803501129,2.4523081779,0.1820346713,73.263122559,Chalk
11.754367828,2.4619100094,0.1867591739,72.295272827,Chalk
11.704638481,2.4611024857,0.1932703555,73.154853821,Chalk
11.654395103,2.4524216652,0.1951034516,71.306098938,Chalk
11.602968216,2.4483847618,0.1895775199,70.377464294,Chalk
11.548319817,2.4510793686,0.1804078817,67.417488098,Chalk
11.498497963,2.4570403099,0.1718702018,67.211616516,Chalk
11.458051682,2.4665126801,0.1620538682,69.169288635,Chalk
11.422370911,2.4801311493,0.148656562,68.560691833,Chalk
11.381465912,2.4911265373,0.1356346458,70.312004089,Chalk
11.325029373,2.4988350868,0.1314552873,69.700294495,Chalk
11.27996254,2.5065178871,0.1370630711,68.319717407,Chalk
11.25531292,2.514200449,0.1437417567,68.839897156,Chalk
11.225679398,2.5174922943,0.1453283727,68.157478333,Chalk
11.196018219,2.5130109787,0.1443684399,69.116142273,Chalk
11.180240631,2.5099270344,0.1441194564,69.69291687,Chalk
11.170277596,2.516818285,0.1429175586,69.618110657,Chalk
11.148885727,2.5279221535,0.1423612535,70.669288635,Chalk
11.108169556,2.531699419,0.1460737437,68.091369629,Chalk
11.044717789,2.5266120434,0.1492423713,64.240646362,Chalk
10.984418869,2.5218238831,0.143274039,64.010406494,Chalk
10.957708359,2.5285725594,0.1259801984,60.94770813,Chalk
10.954348564,2.5486440659,0.1032001972,63.505413055,Chalk
10.950904846,2.5682651997,0.0862241313,65.669128418,Chalk
10.942581177,2.5765771866,0.0806873664,66.479492188,Chalk
10.922647476,2.5753397942,0.0871180966,66.911911011,Chalk
10.883370399,2.5747244358,0.0992904678,65.339241028,Chalk
10.852186203,2.5796706676,0.1065532044,67.659446716,Chalk
10.844338417,2.5806527138,0.1077555642,66.970474243,Chalk
10.843999863,2.569839716,0.1081194207,66.894355774,Chalk
10.843999863,2.5620441437,0.1092543975,67.858924866,Chalk
10.843999863,2.5638227463,0.1120405272,66.72933197,Chalk
10.843999863,2.5621416569,0.1140582934,66.34727478,Chalk
10.843317986,2.5536093712,0.1097295508,64.398460388,Chalk
10.839856148,2.5475432873,0.1004201546,63.051181793,Chalk
10.835634232,2.5528392792,0.0949545279,63.549865723,Chalk
10.833022118,2.5632479191,0.0958398357,64.248847961,Chalk
10.824371338,2.5668275356,0.0976176038,66.621551514,Chalk
10.814406395,2.5650961399,0.0963340476,67.221946716,Chalk
10.813000679,2.5635271072,0.0942476317,67.439796448,Chalk
10.813000679,2.5680639744,0.0909069031,65.998031616,Chalk
10.813000679,2.5775077343,0.0857832953,63.897628784,Chalk
10.813000679,2.5852077007,0.0805772394,62.69984436,Chalk
10.813000679,2.5917344093,0.0781996325,61.766536713,Chalk
10.812843323,2.598354578,0.0780511424,61.638988495,Chalk
10.811576843,2.6067225933,0.0780625045,62.260993958,Chalk
10.809432983,2.6121613979,0.07661549,63.158706665,Chalk
10.809850693,2.611392498,0.0716903433,62.659648895,Chalk
10.812270164,2.6043930054,0.0632650852,60.985641479,Chalk
10.813306808,2.5949251652,0.054344371,60.692619324,Chalk
10.815930367,2.5921878815,0.0506276786,59.459888458,Chalk
10.821626663,2.5983154774,0.0535217896,60.838947296,Chalk
10.823253632,2.6067891121,0.0584893338,61.722736359,Chalk
10.818027496,2.6107730865,0.061710272,60.66299057,Chalk
10.820243835,2.6096513271,0.0607776567,59.603244781,Chalk
10.839404106,2.6081256866,0.0564690679,58.612895966,Chalk
10.860348701,2.6144855022,0.0516310073,58.99023819,Chalk
10.871923447,2.6228208542,0.0503972359,58.798358917,Chalk
10.883571625,2.62245965,0.056429442,59.242862701,Chalk
10.89467907,2.6086363792,0.0674300492,60.68901062,Chalk
10.90953064,2.5908551216,0.0775776133,63.249343872,Chalk
10.933933258,2.580532074,0.0824813396,64.948822021,Chalk
10.955274582,2.5744884014,0.082349211,63.381309509,Chalk
10.968283653,2.575165987,0.0798671097,63.53546524,Chalk
10.979428291,2.5781331062,0.076318942,61.309299469,Chalk
10.994249344,2.5816736221,0.0761520714,58.639633179,Chalk
11.020233154,2.5862414837,0.0853337273,60.843784332,Chalk
11.055301666,2.5849146843,0.1001838595,64.227851868,Chalk
11.077810287,2.5791213512,0.1115295887,66.776245117,Chalk
11.083450317,2.5665280819,0.1130892038,68.754592896,Chalk
11.092223167,2.5535402298,0.1100455895,69.170272827,Chalk
11.108057022,2.5508377552,0.1079436392,66.992454529,Chalk
11.119785309,2.5542559624,0.1031986549,65.563652039,Chalk
11.125,2.5581450462,0.0966802537,66.0,Chalk
11.125,2.5550115108,0.0913255438,66.374015808,Chalk
11.125,2.5527739525,0.0865940899,64.385498047,Chalk
11.125245094,2.5547103882,0.0816046819,63.196849823,Chalk
11.12859726,2.560246706,0.0770069584,61.39402771,Chalk
11.142120361,2.5632910728,0.0750265867,60.203083038,Chalk
11.164879799,2.5659427643,0.0745873302,60.771850586,Chalk
11.182272911,2.5706663132,0.0763656497,61.180034637,Chalk
11.189684868,2.5804431438,0.0809671655,62.166507721,Chalk
11.197169304,2.5869250298,0.0852900967,60.234745026,Chalk
11.206614494,2.5853152275,0.0876727104,60.58303833,Chalk
11.217733383,2.583575964,0.0907014534,62.323570251,Chalk
11.232650757,2.5824542046,0.0977119133,62.980316162,Chalk
11.241488457,2.5820541382,0.1080563217,66.078742981,Chalk
11.244380951,2.5835449696,0.1103177518,64.802818298,Chalk
11.248122215,2.5885074139,0.0990158841,62.468502045,Chalk
11.250242233,2.5927243233,0.0861196071,63.333003998,Chalk
11.253040314,2.5931367874,0.0842206255,64.330383301,Chalk
11.255284309,2.5807552338,0.0980154276,65.327758789,Chalk
11.249433517,2.5745193958,0.1115692481,66.325134277,Chalk
11.24360466,2.5623981953,0.1112052053,64.124671936,Chalk
11.245219231,2.5587265491,0.10284473,62.110237122,Chalk
11.255373001,2.557312727,0.0943340734,60.67490387,Chalk
11.270890236,2.5598020554,0.0887862816,60.769882202,Chalk
11.280124664,2.5574738979,0.0830941051,59.844284058,Chalk
11.281194687,2.5523278713,0.0773735121,59.60610199,Chalk
11.283364296,2.5430519581,0.0719011873,58.661949158,Chalk
11.290331841,2.5448997021,0.069557339,59.900341034,Chalk
11.296552658,2.5564353466,0.0713553652,61.273948669,Chalk
11.29736805,2.5658481121,0.0776298046,61.95242691,Chalk
11.300938606,2.5755250454,0.0863601193,63.266727448,Chalk
11.311282158,2.5728411674,0.094425194,62.111877441,Chalk
11.318278313,2.5676343441,0.0978935063,63.087760925,Chalk
11.31477356,2.5661489964,0.0958149433,62.64522171,Chalk
11.315005302,2.5661387444,0.0908852369,61.483764648,Chalk
11.319091797,2.5697591305,0.0861765295,61.942584991,Chalk
11.320334435,2.5669090748,0.0837000906,61.448181152,Chalk
11.322910309,2.5636405945,0.0825494006,60.840381622,Chalk
11.329275131,2.5652971268,0.0800152719,62.413017273,Chalk
11.336019516,2.5708110332,0.0762997791,61.864467621,Chalk
11.338558197,2.5734593868,0.0745027512,61.417655945,Chalk
11.331124306,2.5780470371,0.0772787333,61.040355682,Chalk
11.321392059,2.5771961212,0.08153864,61.333660126,Chalk
11.324573517,2.5768806934,0.0825792104,60.84821701,Chalk
11.336613655,2.5733556747,0.0813520849,62.550228119,Chalk
11.350534439,2.5743131638,0.0792734474,62.422977448,Chalk
11.35180378,2.5846459866,0.0778853968,62.732158661,Chalk
11.347703934,2.59370327,0.0780727863,61.904647827,Chalk
11.353013992,2.5992155075,0.078638427,61.972446442,Chalk
11.360406876,2.5873520374,0.0816858783,63.906169891,Chalk
11.372569084,2.5752737522,0.0889190435,64.893371582,Chalk
11.392583847,2.5691094398,0.0952596515,64.133857727,Chalk
11.405047417,2.5750310421,0.0934609175,64.323822021,Chalk
11.409208298,2.5799570084,0.084563747,62.841579437,Chalk
11.413514137,2.584653616,0.074033007,61.896457672,Chalk
11.413999557,2.5941894054,0.0671936274,60.578010559,Chalk
11.414123535,2.6070234776,0.0615206063,59.708621979,Chalk
11.415447235,2.6107060909,0.0565101467,59.088832855,Chalk
11.420523643,2.6094379425,0.0591726452,59.317913055,Chalk
11.431848526,2.6074352264,0.0690021515,60.74835968,Chalk
11.445319176,2.6040775776,0.0796752423,61.500286102,Chalk
11.45362854,2.5909676552,0.0865810663,61.934967041,Chalk
11.461963654,2.5710196495,0.0903947055,62.497169495,Chalk
11.47919178,2.5714430809,0.0901568457,62.254688263,Chalk
11.493635178,2.5736312866,0.0872158259,60.861427307,Chalk
11.501084328,2.5817821026,0.0862157941,62.252574921,Chalk
11.516724586,2.5806517601,0.0916455165,63.2396698,Chalk
11.529927254,2.5807058811,0.0990834087,63.890087128,Chalk
11.537035942,2.583006382,0.105712831,64.462104797,Chalk
11.547026634,2.5696167946,0.1059939414,64.408958435,Chalk
11.553987503,2.5691754818,0.1001148298,64.528053284,Chalk
11.555000305,2.5666100979,0.0983520746,64.409942627,Chalk
11.55517292,2.5764703751,0.1015926152,65.033958435,Chalk
11.558004379,2.5789041519,0.1105958223,65.642227173,Chalk
11.572258949,2.571460247,0.1195854098,66.404693604,Chalk
11.597342491,2.5676083565,0.1274787784,65.759353638,Chalk
11.61397934,2.5591871738,0.134899959,64.611877441,Chalk
11.617590904,2.5652720928,0.1373776197,64.225395203,Chalk
11.611952782,2.5519509315,0.1350158006,64.038383484,Chalk
11.578962326,2.5392904282,0.1322437674,64.792648315,Chalk
11.536159515,2.5256166458,0.1341369599,66.234413147,Chalk
11.513081551,2.5263216496,0.1402083337,67.98966217,Chalk
11.500000954,2.5209589005,0.1449056566,68.080711365,Chalk
11.499939919,2.5256323814,0.1463479251,68.146652222,Chalk
11.498907089,2.5366060734,0.1477036178,68.04133606,Marl
11.495615959,2.5478072166,0.1537776291,68.461288452,Marl
11.492533684,2.5513343811,0.1624146104,69.053474426,Marl
11.491999626,2.5399851799,0.1617583632,67.644195557,Marl
11.491703033,2.5313389301,0.1464502811,65.64944458,Marl
11.485404968,2.5215854645,0.1304824352,64.193588257,Marl
11.459759712,2.5325436592,0.1201963797,62.90014267,Chalk
11.43037796,2.5448331833,0.1174714863,63.354877472,Chalk
11.419493675,2.5621275902,0.1178620309,63.143360138,Chalk
11.409387589,2.5577147007,0.1205086783,63.661418915,Chalk
11.396821976,2.5634658337,0.1199450567,64.534118652,Chalk
11.376830101,2.5594892502,0.1173655391,64.022842407,Chalk
11.355367661,2.565551281,0.1127348095,63.640968323,Chalk
11.338644028,2.5631511211,0.1059674025,62.545513153,Chalk
11.31570816,2.5699901581,0.0964863375,62.709751129,Chalk
11.304470062,2.5777654648,0.0933637097,63.411006927,Chalk
11.291993141,2.5853056908,0.1002499089,64.446510315,Chalk
11.273637772,2.5838057995,0.1087507084,64.336616516,Chalk
11.260974884,2.5752410889,0.1082754433,63.455215454,Chalk
11.248662949,2.5834431648,0.1007992327,62.526245117,Chalk
11.234321594,2.5890877247,0.0965142399,61.622375488,Chalk
11.223278046,2.5790143013,0.0982523933,63.412403107,Chalk
11.213217735,2.581592083,0.1003371701,63.330379486,Chalk
11.185128212,2.5733294487,0.098530896,62.494358063,Chalk
11.13903141,2.5938134193,0.0952848047,61.793102264,Chalk
11.110696793,2.5718913078,0.0928092301,61.01367569,Chalk
11.10900116,2.5813188553,0.0896846652,61.20356369,Chalk
11.108133316,2.5729904175,0.0886791945,61.530056,Chalk
11.103552818,2.5869178772,0.0927237719,62.299835205,Chalk
11.093450546,2.5822803974,0.0972429886,63.846717834,Chalk
11.086082458,2.5802385807,0.0967520326,63.958942413,Chalk
11.082152367,2.5856816769,0.0935772732,63.497634888,Chalk
11.065131187,2.5896074772,0.0936788768,62.831645966,Chalk
11.041614532,2.5878484249,0.0955601707,62.030807495,Chalk
11.026975632,2.5768322945,0.0963653624,60.810546875,Chalk
11.010557175,2.5743715763,0.0992618501,61.342060089,Chalk
10.994688988,2.5760395527,0.1068393812,63.558086395,Chalk
10.992063522,2.5723412037,0.1158251315,65.611877441,Chalk
10.989483833,2.5575115681,0.1231372282,65.635169983,Chalk
10.96184063,2.5584368706,0.1227544397,64.570869446,Chalk
10.929214478,2.5513334274,0.1150791198,63.786956787,Chalk
10.924667358,2.5618698597,0.1096187308,62.24993515,Chalk
10.909408569,2.5663838387,0.1099028587,61.447357178,Chalk
10.892596245,2.5830800533,0.1128020212,62.979198456,Chalk
10.881286621,2.582198143,0.1142282784,63.926525116,Chalk
10.867647171,2.5873799324,0.1152179763,64.124015808,Chalk
10.859508514,2.5694522858,0.1197251901,64.558067322,Chalk
10.852235794,2.5626878738,0.1225309893,63.847766876,Chalk
10.84181881,2.5497815609,0.124509953,63.640533447,Chalk
10.834472656,2.5507705212,0.1263261884,64.045700073,Chalk
10.832465172,2.5546190739,0.1265727431,64.835792542,Chalk
10.818198204,2.5621225834,0.1241958961,64.017219543,Chalk
10.806891441,2.5698099136,0.1197566912,63.314712524,Chalk
10.799041748,2.573805809,0.1170550957,63.22121048,Chalk
10.770134926,2.5706043243,0.1168504432,61.533187866,Chalk
10.736427307,2.5686540604,0.1192262247,61.725128174,Chalk
10.72673893,2.5716981888,0.120604746,62.256401062,Chalk
10.71912384,2.5648910999,0.121755369,62.699314117,Chalk
10.705546379,2.5589332581,0.1219391152,62.745193481,Chalk
10.69685173,2.5553267002,0.1193059981,63.081790924,Chalk
10.695101738,2.5617730618,0.1184398159,64.385826111,Chalk
10.694999695,2.5622241497,0.1154529229,63.877296448,Chalk
10.694610596,2.5575282574,0.1125056446,63.688644409,Chalk
10.692094803,2.562918663,0.1089765951,62.387794495,Chalk
10.688898087,2.5801942348,0.1048835963,61.623470306,Chalk
10.689224243,2.5836985111,0.101363264,62.276050568,Chalk
10.692368507,2.5553123951,0.0998872817,61.021179199,Chalk
10.647158623,2.5627076626,0.1005787626,61.678939819,Chalk
10.564332962,2.5608263016,0.0996143818,61.334953308,Chalk
10.524193764,2.5810704231,0.0982163474,60.019714355,Chalk
10.505242348,2.560106039,0.0973257273,60.507400513,Chalk
10.506241798,2.5586628914,0.0963750556,59.683921814,Chalk
10.511583328,2.5628192425,0.0933769792,59.611732483,Chalk
10.496610641,2.5720851421,0.0932270437,60.536552429,Chalk
10.450827599,2.5655033588,0.0944861695,61.36656189,Chalk
10.40567112,2.5616290569,0.0953719169,61.544559479,Chalk
10.370809555,2.5499079227,0.0939635411,60.341812134,Chalk
10.334886551,2.5600244999,0.0913818926,59.828350067,Chalk
10.31686306,2.5753111839,0.0915599242,60.215549469,Chalk
10.28942585,2.590192318,0.0942796543,60.60741806,Chalk
10.265775681,2.595184803,0.0986670181,61.81357193,Chalk
10.257184029,2.5807988644,0.1046477929,62.257156372,Chalk
10.251029015,2.5755934715,0.1080008671,62.564304352,Chalk
10.244663239,2.5549032688,0.1073366031,62.648948669,Chalk
10.242258072,2.566917181,0.1030979678,62.602088928,Chalk
10.241999626,2.5708742142,0.099310331,63.233299255,Chalk
10.240543365,2.6010181904,0.0998134688,62.814941406,Chalk
10.236190796,2.592315197,0.0993552208,61.860237122,Chalk
10.236170769,2.5982143879,0.0961630568,61.268047333,Chalk
10.241061211,2.5917160511,0.0897053108,60.556430817,Chalk
10.241999626,2.6013758183,0.0833606943,59.966808319,Chalk
10.241999626,2.5949134827,0.0805149525,60.102302551,Chalk
10.241999626,2.5990023613,0.0797379091,60.324558258,Chalk
10.241999626,2.5939905643,0.0808198527,60.231052399,Chalk
10.241999626,2.5967724323,0.0864449814,60.820209503,Chalk
10.241999626,2.5978534222,0.0949740559,61.59041214,Chalk
10.241999626,2.5979807377,0.0991012305,62.622070313,Chalk
10.241999626,2.5871829987,0.0985885561,63.276573181,Chalk
10.241999626,2.5686044693,0.0958538353,63.399662018,Chalk
10.241999626,2.5647368431,0.094624497,63.122760773,Chalk
10.241999626,2.5575892925,0.0952700824,62.218940735,Chalk
10.241999626,2.5609164238,0.0948370323,61.475826263,Chalk
10.24165535,2.5629820824,0.0942965075,61.395446777,Chalk
10.23213768,2.5761911869,0.0938766152,61.084564209,Chalk
10.199440956,2.5841419697,0.0918631703,59.976352692,Chalk
10.162869453,2.5765039921,0.0865002647,59.48526001,Chalk
10.149538994,2.5814135075,0.0808194131,59.640796661,Chalk
10.147999763,2.5830681324,0.0791166127,59.734302521,Chalk
10.145963669,2.5918731689,0.0833149403,60.277313232,Chalk
10.142400742,2.5825862885,0.0890247971,60.688682556,Chalk
10.141124725,2.5810892582,0.0904767439,60.003200531,Chalk
10.140999794,2.5728800297,0.086823605,58.803260803,Chalk
10.140999794,2.572704792,0.0788549483,58.096458435,Chalk
10.140999794,2.583646059,0.0708884522,58.286720276,Chalk
10.138341904,2.5858547688,0.0668344572,58.398571014,Chalk
10.127096176,2.5925247669,0.0652642325,57.99338913,Chalk
10.114465714,2.5760211945,0.063810125,57.410079956,Chalk
10.115085602,2.5873708725,0.0612170137,56.232284546,Chalk
10.123330116,2.5933728218,0.0589980409,55.756725311,Chalk
10.131445885,2.6047759056,0.0563318357,55.997680664,Chalk
10.138916969,2.6071186066,0.05181849,56.245815277,Chalk
10.148925781,2.6027588844,0.051031597,56.882328033,Chalk
10.161767006,2.5589046478,0.0583721213,56.081363678,Chalk
10.179530144,2.4882516861,0.0655253157,55.999015808,Chalk
10.220412254,2.4650492668,0.0661560446,57.102363586,Chalk
10.237763405,2.4954669476,0.0611978769,56.44977951,Chalk
10.209576607,2.5618131161,0.0580225401,55.963554382,Chalk
10.202720642,2.5988953114,0.0580083206,55.657646179,Chalk
10.216942787,2.6184232235,0.0567521378,54.639598846,Chalk
10.231737137,2.6172029972,0.0542783216,54.807556152,Chalk
10.248281479,2.6204009056,0.0526318923,56.032062531,Chalk
10.262983322,2.6120605469,0.0537263788,56.852474213,Chalk
10.271497726,2.6055319309,0.0566474274,57.972442627,Chalk
10.278036118,2.5917983055,0.0587592497,58.219814301,Chalk
10.280368805,2.5860385895,0.0583554395,56.585857391,Chalk
10.278309822,2.5960402489,0.0551692694,55.442382813,Chalk
10.286668777,2.6089406013,0.0501892455,54.647624969,Chalk
10.320468903,2.6221337318,0.0450795442,54.266239166,Chalk
10.363607407,2.6341438293,0.041534286,54.466308594,Chalk
10.396785736,2.6386139393,0.0403370112,54.716903687,Chalk
10.413942337,2.6337418556,0.0410979949,55.012973785,Chalk
10.422693253,2.6213040352,0.0418103673,54.778049469,Chalk
10.437167168,2.609808445,0.04074727,54.352790833,Chalk
10.465928078,2.6052567959,0.0390129723,54.50535965,Chalk
10.501832962,2.5864598751,0.0398080833,54.299705505,Chalk
10.582993507,2.5823435783,0.0437688716,54.586448669,Chalk
10.695549011,2.5838410854,0.0485857986,55.261810303,Chalk
10.677308083,2.6029958725,0.0531656407,55.534919739,Chalk
10.563770294,2.6187186241,0.0557255559,55.940093994,Chalk
10.514107704,2.6275467873,0.0564483367,56.029670715,Chalk
10.508989334,2.6350295544,0.0583646744,55.937961578,Chalk
10.512379646,2.6257140636,0.0646030456,57.337104797,Chalk
10.51688385,2.6135184765,0.0779583827,60.020011902,Chalk
10.533611298,2.588203907,0.0948813111,61.906478882,Chalk
10.561655998,2.5632302761,0.1049337611,62.863323212,Chalk
10.576702118,2.5480661392,0.1021241099,61.800380707,Chalk
10.583882332,2.5563824177,0.0895273909,58.520702362,Chalk
10.590908051,2.5805118084,0.076926291,57.224739075,Chalk
10.597244263,2.5967857838,0.0722566769,59.531169891,Chalk
10.596264839,2.5809755325,0.0812564492,61.93944931,Chalk
10.574847221,2.5301373005,0.1021222174,64.166801453,Chalk
10.548710823,2.4761505127,0.122069478,64.685546875,Chalk
10.537137985,2.4461467266,0.1253281087,62.718273163,Chalk
10.532944679,2.4598357677,0.1098319292,59.308467865,Chalk
10.531206131,2.5074872971,0.0921409875,56.735595703,Chalk
10.531000137,2.5611162186,0.086448431,58.450786591,Chalk
10.531000137,2.588322401,0.093763113,62.014827728,Chalk
10.527729034,2.578394413,0.110631153,64.606674194,Chalk
10.507428169,2.5562460423,0.130430609,67.641731262,Chalk
10.467263222,2.5351955891,0.1437669992,68.553146362,Chalk
10.421845436,2.5170931816,0.1460205317,65.708335876,Chalk
10.382697105,2.5062718391,0.1384339482,64.233268738,Chalk
10.361863136,2.5076541901,0.1276211739,62.66463089,Chalk
10.347868919,2.523255825,0.1192898303,61.980251312,Chalk
10.320793152,2.5395269394,0.11481639,62.851837158,Chalk
10.285143852,2.5482552052,0.114133589,63.500328064,Chalk
10.249948502,2.5447971821,0.1166423336,64.373931885,Chalk
10.202076912,2.5345680714,0.1201463267,63.781738281,Chalk
10.147471428,2.5296459198,0.120431453,63.189533234,Chalk
10.116913795,2.5290260315,0.1181811914,62.539253235,Chalk
10.107626915,2.5313270092,0.1176422611,62.422241211,Chalk
10.085659981,2.5320425034,0.1215856224,63.565284729,Chalk
10.044965744,2.5331633091,0.1276775748,64.528213501,Chalk
10.011814117,2.5316464901,0.1285491437,65.525588989,Chalk
9.9778318405,2.5269880295,0.1205152646,64.110237122,Chalk
9.9463119507,2.5279712677,0.1060203239,61.706035614,Chalk
9.9348430634,2.5366425514,0.0915734693,60.763286591,Chalk
9.9200944901,2.5514776707,0.0833354369,59.898784637,Chalk
9.8745527267,2.5656607151,0.0838516802,59.527229309,Chalk
9.80560112,2.5707509518,0.0919103026,60.773635864,Chalk
9.7495956421,2.563226223,0.1011706442,61.44777298,Chalk
9.7127342224,2.5477850437,0.1038751975,61.202297211,Chalk
9.6806163788,2.5407209396,0.0997097045,62.669254303,Chalk
9.6479053497,2.5438971519,0.0919384956,61.999671936,Chalk
9.6176795959,2.5499491692,0.0834699795,60.670536041,Chalk
9.5951700211,2.5534667969,0.0782604143,59.890045166,Chalk
9.5789489746,2.5622487068,0.0794649199,60.717685699,Chalk
9.5625648499,2.5767500401,0.0863959193,62.236717224,Chalk
9.5466709137,2.5827565193,0.0937508941,62.090797424,Chalk
9.5380849838,2.5796849728,0.0948301256,60.999916077,Chalk
9.5355062485,2.5739278793,0.0892755315,60.235237122,Chalk
9.5338420868,2.5736584663,0.0839931294,60.579723358,Chalk
9.5278024673,2.5737929344,0.0835058093,61.538150787,Chalk
9.5194234848,2.5685095787,0.0868718699,62.940734863,Chalk
9.515999794,2.5597748756,0.0891550183,63.458423615,Chalk
9.515999794,2.5574326515,0.0862703025,61.154975891,Chalk
9.516913414,2.5685276985,0.0782618299,58.948654175,Chalk
9.5232372284,2.5860080719,0.0694749802,58.423721313,Chalk
9.534526825,2.5902559757,0.0675668865,59.326210022,Chalk
9.5434303284,2.5752592087,0.0764412954,60.149398804,Chalk
9.5506067276,2.5587830544,0.0925491527,62.017223358,Chalk
9.5590238571,2.5472872257,0.1095004752,64.145179749,Chalk
9.5688943863,2.5335633755,0.1199766397,63.909351349,Chalk
9.5798587799,2.5165891647,0.1178839803,63.635059357,Chalk
9.5903978348,2.5067763329,0.1056201234,63.17539978,Chalk
9.6016817093,2.5114202499,0.0924945772,60.784778595,Chalk
9.6166000366,2.5255048275,0.0850252137,60.25246048,Chalk
9.6349086761,2.5415856838,0.0842592418,61.22687149,Chalk
9.6541490555,2.5551371574,0.0880098268,61.647144318,Chalk
9.6722545624,2.5608949661,0.0917729363,62.956199646,Chalk
9.6896257401,2.557587862,0.0921468958,63.551597595,Chalk
9.704826355,2.5521492958,0.0885940716,61.500778198,Chalk
9.7207336426,2.5511772633,0.0822554827,60.25812912,Chalk
9.7509813309,2.557328701,0.0757314935,59.392829895,Chalk
9.7965803146,2.5640301704,0.0733527616,58.356002808,Chalk
9.8496599197,2.5611333847,0.0763383135,60.857982635,Chalk
9.9064474106,2.5524768829,0.0812463984,61.408794403,Chalk
9.9615573883,2.5510089397,0.0854312629,62.306102753,Chalk
10.012475967,2.5608868599,0.087755017,61.524604797,Chalk
10.065634727,2.572799921,0.0883075893,59.44751358,Chalk
10.12902832,2.5744731426,0.0871075988,59.64390564,Chalk
10.202103615,2.5611591339,0.0848424435,59.276069641,Chalk
10.279621124,2.5429646969,0.0839027166,60.726993561,Chalk
10.356398582,2.5311059952,0.0859574005,61.579730988,Chalk
10.429335594,2.5245714188,0.0916404799,62.624786377,Chalk
10.508882523,2.5199632645,0.0990772545,62.979534149,Chalk
10.618351936,2.5153291225,0.1065080538,64.190124512,Chalk
10.748720169,2.5106880665,0.1158271506,65.344978333,Chalk
10.867008209,2.5092687607,0.126118347,66.342353821,Chalk
10.968255043,2.5115613937,0.1328844428,67.120895386,Chalk
11.068974495,2.5139520168,0.135745585,66.993110657,Limestone
11.179316521,2.5138950348,0.1412581205,68.577102661,Limestone
11.289329529,2.5025582314,0.1517281979,69.957511902,Limestone
11.388445854,2.4810800552,0.1614137292,71.524116516,Limestone
11.482540131,2.465831995,0.1660564095,73.64944458,Limestone
11.571495056,2.4671366215,0.168143779,73.99130249,Limestone
11.652052879,2.4759171009,0.1746846288,72.616142273,Limestone
11.723872185,2.4751384258,0.1854130626,71.544944763,Limestone
11.78992939,2.4674494267,0.1903764755,70.235725403,Limestone
11.864922523,2.4669179916,0.1850075275,70.515258789,Limestone
11.942926407,2.469773531,0.1792110354,70.534446716,Limestone
11.992432594,2.4682788849,0.1816445887,73.241470337,Limestone
11.980093956,2.4741101265,0.190249294,74.763778687,Limestone
11.964875221,2.489587307,0.1980283111,73.202102661,Limestone
12.052096367,2.4976792336,0.2018716037,74.390258789,Limestone
12.169137001,2.4871194363,0.2014057636,71.342025757,Marl
12.224811554,2.4765872955,0.1987154484,69.434707642,Marl
12.263111115,2.4801268578,0.1964454949,68.355316162,Marl
12.289369583,2.4891102314,0.1898236573,68.168304443,Marl
12.308876038,2.4900574684,0.1807099879,68.155838013,Limestone
12.327468872,2.4843780994,0.1774188876,69.872047424,Limestone
12.34770298,2.4787118435,0.1861996949,72.584648132,Limestone
12.364767075,2.472215414,0.2014639974,70.971290588,Limestone
12.373444557,2.4705703259,0.2077164054,70.659614563,Limestone
12.372087479,2.4738941193,0.1979958862,70.169288635,Limestone
12.366520882,2.4738438129,0.1827776283,68.031494141,Limestone
12.349791527,2.468886137,0.1745170653,68.405509949,Limestone
12.314004898,2.4641036987,0.1741406173,68.799209595,Limestone
12.295339584,2.4658465385,0.1747524589,69.555770874,Limestone
12.326097488,2.4729526043,0.1760249138,71.823493958,Limestone
12.32875061,2.474323988,0.1812127382,72.781005859,Limestone
12.239715576,2.4659171104,0.1891675144,73.063812256,Limestone
12.15883255,2.4612891674,0.192767784,71.219161987,Limestone
12.145089149,2.4632234573,0.1922897249,69.047241211,Limestone
12.131952286,2.4690234661,0.1941632628,69.885826111,Limestone
12.100156784,2.4686088562,0.2006813139,72.032478333,Limestone
12.04745388,2.4620866776,0.2072015852,72.497047424,Limestone
11.98383522,2.4553391933,0.2054126859,71.332351685,Limestone
11.938282013,2.452662468,0.1980804056,70.521980286,Limestone
11.921701431,2.4605014324,0.1935603023,69.685035706,Limestone
11.901686668,2.4731330872,0.1931025982,68.427986145,Limestone
11.835906029,2.4851078987,0.1916137338,69.554626465,Limestone
11.707691193,2.4922316074,0.1869817823,69.32824707,Limestone
11.589513779,2.4925599098,0.1862138212,68.355148315,Limestone
11.590844154,2.4668424129,0.1938745975,72.715881348,Limestone
11.669415474,2.4161128998,0.2035541683,71.8385849,Limestone
11.698254585,2.3715035915,0.2063414752,74.546257019,Limestone
11.659270287,2.354569912,0.204868719,73.931098938,Limestone
11.58895874,2.3700199127,0.2073070556,71.394195557,Limestone
11.529707909,2.4001500607,0.2119526565,72.153381348,Limestone
11.491241455,2.4285502434,0.2121194303,70.547569275,Limestone
11.465870857,2.4458174706,0.202655986,69.744094849,Limestone
11.457064629,2.4472000599,0.1902583241,69.377464294,Limestone
11.447757721,2.4424982071,0.1811923534,69.571029663,Limestone
11.429852486,2.4358148575,0.1758240014,70.384353638,Limestone
11.415600777,2.4366803169,0.1709272712,71.557250977,Limestone
11.413999557,2.4400560856,0.1704087704,70.56414032,Limestone
11.416130066,2.4449679852,0.1777617931,71.1875,Limestone
11.429950714,2.4444146156,0.1861644387,71.99786377,Limestone
11.445389748,2.4406180382,0.1906071454,70.756561279,Marl
11.412290573,2.4364566803,0.1913444847,71.370079041,Marl
11.367338181,2.4372267723,0.1951716095,71.746063232,Marl
11.782697678,2.4017019272,0.2408204079,74.11277771,Marl
11.735946655,2.4052979946,0.2237444371,72.613845825,Marl
11.721893311,2.4300522804,0.1977368444,70.993110657,Marl
11.699892998,2.432870388,0.1828717291,71.597770691,Limestone
11.671228409,2.4406802654,0.1849865168,74.126968384,Limestone
11.643021584,2.436725378,0.1867023408,73.562004089,Limestone
11.606497765,2.4510009289,0.1803344339,71.85269165,Limestone
11.584253311,2.4624552727,0.165789634,71.091537476,Limestone
11.565074921,2.4760308266,0.1526863277,70.165351868,Limestone
11.53894043,2.4852600098,0.1546490937,70.624015808,Limestone
11.524356842,2.4812324047,0.1691216379,73.756561279,Limestone
11.513379097,2.474009037,0.19081828,73.70324707,Limestone
11.445344925,2.470842123,0.2050020993,74.747207642,Limestone
11.322525024,2.4776978493,0.1996953189,74.794616699,Limestone
11.232714653,2.4627094269,0.1868494898,74.135826111,Limestone
11.209492683,2.4506533146,0.175568372,73.489830017,Limestone
11.202046394,2.4400701523,0.1689909846,71.595146179,Limestone
11.189291,2.4259388447,0.1683498919,71.998519897,Limestone
11.15628624,2.4284517765,0.1663242728,71.379104614,Limestone
11.114294052,2.4456267357,0.1672567129,72.446525574,Limestone
11.089931488,2.4551255703,0.1734209657,73.101379395,Limestone
11.089781761,2.455095768,0.1804206818,72.837272644,Limestone
11.089069366,2.4510064125,0.1811686605,72.949478149,Limestone
11.039559364,2.4411504269,0.1760611087,72.652069092,Limestone
10.960308075,2.4508578777,0.1679055095,73.20652771,Limestone
10.926716805,2.4607012272,0.1600296795,72.897689819,Limestone
10.913211823,2.4784560204,0.1567039341,72.29511261,Limestone
10.882876396,2.4836752415,0.1579152942,71.692527771,Limestone
10.850728989,2.4819853306,0.1619131267,70.780349731,Limestone
10.841314316,2.4709150791,0.1649558544,70.41633606,Limestone
10.827131271,2.4629299641,0.1696676016,70.22933197,Limestone
10.809698105,2.4457449913,0.1759550869,70.332679749,Limestone
10.805533409,2.449059248,0.1755621135,72.400588989,Limestone
10.805001259,2.4423882961,0.1703639776,72.375167847,Limestone
10.805001259,2.4570763111,0.1614688039,72.331199646,Limestone
10.805047035,2.4557862282,0.1528443992,72.0885849,Limestone
10.806006432,2.4536688328,0.1506956667,68.194229126,Limestone
10.808546066,2.4564025402,0.157362178,68.659286499,Limestone
10.802693367,2.4568514824,0.1737052202,68.573326111,Limestone
10.752239227,2.4534561634,0.1924487799,71.105644226,Limestone
10.697177887,2.4450864792,0.1966822892,73.032150269,Limestone
10.694999695,2.4454820156,0.1834990382,73.094490051,Limestone
10.694999695,2.4554457664,0.1714818776,74.304458618,Limestone
10.69498539,2.4655230045,0.1700008512,73.728675842,Limestone
10.694487572,2.4781403542,0.1751790494,71.293304443,Limestone
10.691750526,2.4769144058,0.1726370305,71.161743164,Limestone
10.688464165,2.4696660042,0.1673136353,71.237205505,Limestone
10.683588982,2.4572160244,0.1669811308,71.050193787,Limestone
10.659076691,2.4570634365,0.1695901155,70.680770874,Limestone
10.633486748,2.4703907967,0.1665230244,71.743927002,Limestone
10.628468513,2.4776303768,0.157156989,72.911911011,Limestone
10.612470627,2.4851572514,0.1525589526,73.909286499,Limestone
10.5972929,2.4880619049,0.1534249336,75.311187744,Limestone
10.599748611,2.4983189106,0.161178574,74.496063232,Limestone
10.599463463,2.5015845299,0.17273058,73.286087036,Limestone
10.583659172,2.5052609444,0.1803141534,75.267219543,Limestone
10.57789135,2.4957134724,0.1852700412,76.45324707,Limestone
10.608342171,2.4858384132,0.1863781959,77.974571228,Limestone
10.615196228,2.4473302364,0.1833285838,79.00213623,Limestone
10.584638596,2.4399411678,0.1742326468,78.180114746,Limestone
10.599733353,2.4395074844,0.1652946174,76.353675842,Limestone
10.57963562,2.4444754124,0.1600661874,72.27230835,Limestone
10.534911156,2.4469354153,0.1646530479,72.135826111,Limestone
10.521616936,2.4388554096,0.1761682481,70.679130554,Limestone
10.509305,2.4308633804,0.1836915612,70.179786682,Limestone
10.519633293,2.3995280266,0.1876482368,73.243598938,Marl
10.488873482,2.3695244789,0.1893920451,73.069717407,Marl
10.419290543,2.3721551895,0.1923492402,73.607116699,Marl
10.376983643,2.3746910095,0.1897581518,75.668800354,Limestone
10.330949783,2.3850131035,0.178663969,74.224899292,Limestone
10.294746399,2.4084465504,0.166625306,73.124504089,Limestone
10.282049179,2.4338166714,0.1593731195,73.031005859,Limestone
10.277317047,2.4608280659,0.1609954536,72.333335876,Limestone
10.262773514,2.4496383667,0.1673033834,70.920928955,Limestone
10.246767044,2.4523911476,0.169689849,71.945869446,Limestone
10.238930702,2.4463968277,0.1735565066,72.255905151,Limestone
10.20283699,2.44703269,0.1778126061,71.056755066,Limestone
10.152183533,2.4471929073,0.1728701591,73.054130554,Limestone
10.129867554,2.4457104206,0.1588552147,73.195213318,Limestone
10.113411903,2.4554479122,0.1449506283,71.671096802,Limestone
10.109218597,2.4720411301,0.145352453,71.83316803,Limestone
10.109000206,2.491011858,0.1548468024,70.620079041,Limestone
10.106991768,2.5017857552,0.1599093527,70.910758972,Limestone
10.098204613,2.4890916348,0.1585421413,70.805114746,Limestone
10.087638855,2.4844288826,0.153390497,70.613189697,Limestone
10.075468063,2.4700491428,0.1475276053,70.374427795,Limestone
10.061824799,2.476903677,0.1425236017,69.782234192,Limestone
10.06230545,2.4850473404,0.1403798908,70.189796448,Limestone
10.05358696,2.4911367893,0.141532138,70.211120605,Limestone
10.032135963,2.4933183193,0.1419237703,69.49458313,Limestone
10.03291893,2.4846818447,0.1368089467,69.535926819,Limestone
10.046504021,2.4875679016,0.1307603717,69.518699646,Limestone
10.056016922,2.4924716949,0.1325039715,68.146652222,Limestone
10.055662155,2.4831731319,0.1399276108,67.757217407,Limestone
10.047869682,2.4848568439,0.1468608528,69.065620422,Limestone
10.045451164,2.4776580334,0.1457188874,69.295272827,Limestone
10.041312218,2.4906868935,0.1393855214,70.660102844,Limestone
10.04138279,2.4975128174,0.1327171922,71.299209595,Limestone
10.045868874,2.5066299438,0.1284887195,69.204727173,Limestone
10.046934128,2.5202336311,0.1264609247,68.111709595,Limestone
10.046999931,2.5232071877,0.1249673292,67.33480835,Limestone
10.046999931,2.5231368542,0.128393203,66.897636414,Limestone
10.048139572,2.5189328194,0.1334854662,66.853019714,Limestone
10.055828094,2.518219471,0.1371939778,67.920600891,Limestone
10.058811188,2.5073184967,0.1374675632,67.730316162,Limestone
10.050060272,2.5068216324,0.1387202889,68.377624512,Limestone
10.048354149,2.5039050579,0.1459088922,69.483268738,Limestone
10.054615021,2.5103347301,0.1555308402,68.52066803,Limestone
10.061976433,2.5019338131,0.1637117118,69.466537476,Limestone
10.063369751,2.490871191,0.1646784097,70.073654175,Limestone
10.065032959,2.4872641563,0.1596912593,69.456199646,Limestone
10.064539909,2.4896922112,0.1577004939,68.810691833,Limestone
10.056368828,2.4941551685,0.1627231836,67.462272644,Limestone
10.048205376,2.5028760433,0.1742016971,68.007873535,Limestone
10.046999931,2.5032963753,0.1852571815,69.20866394,Limestone
10.04590416,2.5074415207,0.1888936311,69.47883606,Limestone
10.039557457,2.5032997131,0.1845846325,70.354820251,Limestone
10.03183651,2.4979116917,0.1772356033,70.554298401,Limestone
10.026851654,2.4869120121,0.1745861024,70.085136414,Limestone
10.016819,2.4778869152,0.1748389006,70.950790405,Limestone
10.003341675,2.4712362289,0.1762032658,71.648620605,Limestone
9.994017601,2.4733877182,0.1772480458,71.898788452,Limestone
9.9920988083,2.4756453037,0.1770712584,71.95324707,Limestone
9.9919996262,2.4830040932,0.1746223271,71.650100708,Limestone
9.9919996262,2.4826374054,0.1721925735,71.264274597,Limestone
9.9919996262,2.4875423908,0.1704770029,70.769195557,Limestone
9.991648674,2.4879012108,0.1690723747,71.087432861,Limestone
9.9812908173,2.490678072,0.1705695987,71.464569092,Limestone
9.9457988739,2.4802625179,0.1779122949,71.797241211,Limestone
9.9019966125,2.4639561176,0.1855001748,72.995407104,Limestone
9.8570690155,2.4577465057,0.1893335432,73.364173889,Marl
9.8060541153,2.4583559036,0.1913626194,72.488189697,Marl
9.7767353058,2.474265337,0.1926523298,72.604660034,Marl
9.7566995621,2.4818267822,0.1888344139,72.459320068,Limestone
9.737288475,2.4831051826,0.1767116338,71.246063232,Limestone
9.7272825241,2.4706668854,0.1617227346,70.609008789,Limestone
9.720615387,2.4606723785,0.1519495398,70.328491211,Limestone
9.7116317749,2.4627051353,0.1499306411,69.939468384,Limestone
9.6975431442,2.4690585136,0.1499521583,69.44078064,Limestone
9.6672897339,2.4681124687,0.1503269821,69.386894226,Limestone
9.6379203796,2.4738790989,0.1507790983,69.792076111,Limestone
9.6230287552,2.4791562557,0.1509201229,69.028869629,Limestone
9.5981884003,2.486076355,0.1511210948,68.362205505,Limestone
9.5646734238,2.4854433537,0.1514992118,69.530509949,Limestone
9.5394525528,2.4921545982,0.1518096477,70.569061279,Limestone
9.5169439316,2.5056743622,0.1520971954,70.974243164,Limestone
9.4800376892,2.5069284439,0.1526328623,71.659942627,Limestone
9.4437456131,2.4989161491,0.1531207114,71.805770874,Limestone
9.4261112213,2.4940497875,0.1532979012,70.907806396,Limestone
9.4222793579,2.4950761795,0.1533199996,69.997535706,Limestone
9.4219999313,2.4962146282,0.1533199996,68.725227356,Limestone
9.4200620651,2.4977319241,0.1533555537,67.864830017,Limestone
9.4110679626,2.5015206337,0.1535268873,67.800193787,Limestone
9.3932332993,2.5116763115,0.1537708044,67.108428955,Limestone
9.3537797928,2.5185353756,0.1541976929,66.111053467,Limestone
9.2906827927,2.5235402584,0.1549594551,65.646652222,Limestone
9.2440576553,2.531078577,0.155541122,66.19619751,Limestone
9.2288188934,2.5390422344,0.1557357609,67.997535706,Limestone
9.2285757065,2.5486238003,0.1557600051,70.003448486,Limestone
9.2299690247,2.5532011986,0.1557600051,70.124176025,Limestone
9.2283124924,2.557986021,0.1557600051,69.04511261,Limestone
9.2271575928,2.5653815269,0.1557600051,68.808067322,Limestone
9.2270002365,2.571958065,0.1557600051,69.64402771,Limestone
9.2279291153,2.5675060749,0.1557290256,69.86630249,Limestone
9.2313632965,2.553706646,0.155620724,69.554626465,Limestone
9.2328672409,2.5448145866,0.1555771083,69.11089325,Limestone
9.2295417786,2.5450556278,0.1556821167,68.251312256,Limestone
9.2273340225,2.5444231033,0.1557499915,67.901573181,Limestone
9.2273035049,2.540879488,0.1557600051,68.71194458,Limestone
9.2287387848,2.5410704613,0.1557600051,68.929954529,Limestone
9.2292804718,2.5466096401,0.1557600051,68.639274597,Limestone
9.2276916504,2.5467805862,0.1557600051,69.004264832,Limestone
9.2270002365,2.5438494682,0.1557600051,69.299209595,Limestone
9.2240180969,2.546807766,0.1557957828,69.338088989,Limestone
9.2116374969,2.5534236431,0.1559479237,69.238349915,Limestone
9.1952056885,2.5562899113,0.1561472416,68.353675842,Limestone
9.1863765717,2.5582203865,0.1562373787,67.848426819,Limestone
9.1844263077,2.5599353313,0.15625,67.291175842,Limestone
9.1860361099,2.551333189,0.15625,65.799049377,Limestone
9.1885061264,2.5433969498,0.15625,64.874015808,Limestone
9.1910219193,2.5368232727,0.15625,64.303146362,Limestone
9.1917572021,2.5354180336,0.15625,64.49671936,Limestone
9.1879749298,2.5331199169,0.15625,65.968505859,Limestone
9.188454628,2.5336236954,0.15625,67.797080994,Limestone
9.2225751877,2.5371460915,0.1548818201,68.327262878,Limestone
9.3859214783,2.5372877121,0.1012175605,64.834648132,Limestone
9.2900686264,2.5361735821,0.1044554487,65.125984192,Limestone
9.2581567764,2.5331504345,0.106424205,64.916664124,Limestone
9.2610931396,2.5319972038,0.1064224616,63.865631104,Limestone
9.2771606445,2.5380959511,0.1056991518,63.193862915,Limestone
9.2956171036,2.5526380539,0.1027212888,62.446208954,Limestone
9.3137836456,2.5696518421,0.096917145,62.46263504,Limestone
9.3317432404,2.5817902088,0.0904598534,62.377613068,Limestone
9.3497028351,2.5860660076,0.0863569081,62.721683502,Limestone
9.3697309494,2.5887095928,0.0859137774,62.687294006,Limestone
9.3969697952,2.596735239,0.0868045911,62.98336792,Limestone
9.4326810837,2.5975391865,0.0861335322,63.216533661,Limestone
9.4718780518,2.5859646797,0.0835380182,63.310035706,Limestone
9.5086765289,2.5743129253,0.0808012933,63.622371674,Limestone
9.5373535156,2.5681385994,0.0805815086,64.300689697,Limestone
9.5568323135,2.5659506321,0.0837079883,64.693405151,Limestone
9.5722665787,2.5641520023,0.0881291851,64.925849915,Limestone
9.586979866,2.5654225349,0.0915245488,64.823493958,Limestone
9.6031780243,2.570533514,0.0930851027,65.081939697,Limestone
9.626449585,2.5762214661,0.0925733,65.362449646,Limestone
9.6587467194,2.5784060955,0.0918062031,65.222770691,Limestone
9.6954278946,2.5781877041,0.0940019339,64.153526306,Limestone
9.7328186035,2.5781009197,0.0988396704,63.646385193,Limestone
9.7701997757,2.578099966,0.1028829664,63.285713196,Limestone
9.8073797226,2.578099966,0.1030221209,62.275588989,Limestone
9.839179039,2.578099966,0.0996338129,62.829395294,Limestone
9.8598823547,2.578099966,0.0969862118,62.324310303,Limestone
9.8736047745,2.578099966,0.0969204158,62.346446991,Limestone
9.8851127625,2.578099966,0.0982054695,62.574111938,Limestone
9.8946151733,2.578099966,0.0994649082,61.893386841,Limestone
9.9026069641,2.578099966,0.099933587,61.748069763,Limestone
9.9100780487,2.578099966,0.0998376533,62.444721222,Limestone
9.9175672531,2.578099966,0.0996059403,63.290916443,Limestone
9.9245767593,2.578099966,0.0993875116,63.640968323,Limestone
9.9308242798,2.578099966,0.0992492884,63.633239746,Limestone
9.9368066788,2.578099966,0.0993534327,63.141239166,Limestone
9.9427881241,2.578099966,0.1001025364,62.900848389,Limestone
9.9485454559,2.578099966,0.1017684564,62.63904953,Limestone
9.9540290833,2.578099966,0.1039671898,62.684181213,Limestone
9.9595155716,2.578099966,0.1061300188,62.422977448,Limestone
9.9645442963,2.578099966,0.1079222709,62.625541687,Limestone
9.9688062668,2.578099966,0.108781144,63.062705994,Limestone
9.9727973938,2.578099966,0.1080829352,64.171257019,Limestone
9.9765634537,2.578099966,0.1061964184,64.975723267,Limestone
9.9802722931,2.578099966,0.1042513475,65.72908783,Limestone
9.9853649139,2.5766367912,0.1025821418,65.63558197,Limestone
9.9920730591,2.5715973377,0.1005564705,65.739501953,Limestone
9.996222496,2.5652346611,0.0979517773,66.334648132,Limestone
9.9941158295,2.5623278618,0.096647948,65.842025757,Limestone
9.988202095,2.5650165081,0.099249512,64.437828064,Limestone
9.981502533,2.5721006393,0.1049120128,63.84563446,Limestone
9.9745178223,2.5792474747,0.1111518592,63.579719543,Limestone
9.967751503,2.5833394527,0.1180021018,64.577095032,Limestone
9.9591636658,2.5836699009,0.1251845062,65.773948669,Limestone
9.9405765533,2.5785713196,0.1276537478,67.64566803,Limestone
9.9063434601,2.5694015026,0.1206563786,68.871391296,Limestone
9.8627386093,2.5614898205,0.1093558818,69.410926819,Limestone
9.8171749115,2.5561597347,0.104536742,69.149116516,Limestone
9.771279335,2.5513184071,0.1096624061,67.223587036,Limestone
9.7253828049,2.5464298725,0.1188540459,66.493598938,Limestone
9.679690361,2.5411682129,0.1245242804,66.040351868,Limestone
9.6363420486,2.535025835,0.1234147027,65.486549377,Limestone
9.5983333588,2.5290420055,0.1179712564,65.923065186,Limestone
9.5644950867,2.5288374424,0.1128142774,65.389274597,Limestone
9.529384613,2.5384316444,0.1114357784,64.594490051,Limestone
9.4853382111,2.5522449017,0.1142927483,64.51902771,Limestone
9.4284973145,2.5597987175,0.1164992079,63.209644318,Limestone
9.3657455444,2.5604202747,0.1131820008,62.425853729,Limestone
9.3104429245,2.5609643459,0.1070428789,62.737533569,Limestone
9.2742443085,2.5615620613,0.103325747,63.029525757,Limestone
9.2556238174,2.5621161461,0.102368094,63.06167984,Limestone
9.2405490875,2.5635333061,0.1015472412,62.408309937,Limestone
9.2174100876,2.5673763752,0.0993330479,62.533016205,Limestone
9.1841192245,2.5725884438,0.0957187042,62.012962341,Limestone
9.148601532,2.5757162571,0.0905902535,61.085720062,Limestone
9.1183633804,2.5735948086,0.0853929147,61.651371002,Limestone
9.0926380157,2.5648326874,0.083590202,62.108669281,Limestone
9.0683679581,2.5529026985,0.0861928761,62.998725891,Limestone
9.0444393158,2.5422158241,0.0907721296,64.425193787,Limestone
9.021607399,2.5349178314,0.0945725515,64.832023621,Limestone
9.0022201538,2.5335898399,0.0971652642,65.503608704,Limestone
8.9862642288,2.5363516808,0.1014774367,66.348754883,Limestone
8.9713087082,2.5423362255,0.1099153385,66.140968323,Limestone
8.9563560486,2.5537452698,0.1188103631,65.933181763,Limestone
8.9408607483,2.5699305534,0.1207864508,65.543304443,Limestone
8.9212760925,2.5850214958,0.1142638922,63.743770599,Limestone
8.8928833008,2.5914785862,0.1044246256,61.827144623,Limestone
8.8595628738,2.5893242359,0.0961201563,62.122055054,Limestone
8.8333711624,2.5836722851,0.091055505,61.529899597,Limestone
8.8215446472,2.5823318958,0.0888125747,61.124671936,Limestone
8.8191747665,2.5888254642,0.0876699761,62.145923615,Limestone
8.8183460236,2.5974824429,0.0867081881,61.722076416,Limestone
8.8178329468,2.5985226631,0.0854997486,61.236057281,Limestone
8.8171834946,2.5910251141,0.0836511999,61.734745026,Limestone
8.8153581619,2.5800189972,0.0822655708,62.170280457,Limestone
8.8111276627,2.5704021454,0.0832802951,61.963752747,Limestone
8.8049850464,2.5657331944,0.0852889866,61.558609009,Limestone
8.7985162735,2.5703101158,0.084966287,61.019519806,Limestone
8.7921743393,2.5797250271,0.082029514,59.090877533,Limestone
8.7860279083,2.587549448,0.0781388879,58.061519623,Limestone
8.7798814774,2.5889365673,0.0748456344,58.767021179,Limestone
8.7765445709,2.587567091,0.0733894184,58.608631134,Limestone
8.7804918289,2.5875320435,0.0733144954,58.811244965,Limestone
8.7911319733,2.5865666866,0.0729032308,59.01279068,Limestone
8.8034620285,2.5878138542,0.0721944124,59.253116608,Limestone
8.8154230118,2.5929059982,0.0723761395,60.175689697,Limestone
8.8270931244,2.5992295742,0.0730315298,59.975479126,Limestone
8.8376569748,2.6006600857,0.0722808838,59.553195953,Limestone
8.8471508026,2.5925235748,0.068441242,58.851894379,Limestone
8.8567466736,2.582638979,0.0626823455,58.177658081,Limestone
8.8665771484,2.576641798,0.0588823557,58.019481659,Limestone
8.8757858276,2.5754857063,0.0580147505,58.409107208,Limestone
8.8835601807,2.580322504,0.0589994676,58.799423218,Limestone
8.8891992569,2.5903017521,0.0615038015,59.212436676,Limestone
8.8936662674,2.6004257202,0.0648948997,59.813282013,Limestone
8.8984622955,2.6058797836,0.0671137348,60.556957245,Limestone
8.9047222137,2.6053261757,0.0662585571,59.603927612,Limestone
8.9135446548,2.6031508446,0.0630919635,59.899997711,Limestone
8.9236488342,2.599063158,0.0600252673,60.158630371,Limestone
8.9341011047,2.5921599865,0.0585246198,59.176837921,Limestone
8.9446020126,2.5884175301,0.0587023906,58.762844086,Limestone
8.9550485611,2.5901477337,0.0613813102,58.016407013,Limestone
8.9655380249,2.5949380398,0.0664960071,58.796226501,Limestone
8.9759883881,2.5920615196,0.0730473027,59.634643555,Limestone
8.9864912033,2.5852873325,0.0804786086,62.198165894,Limestone
8.9969358444,2.5849001408,0.0865565836,62.993438721,Limestone
9.0074272156,2.5928800106,0.089706935,62.39566803,Limestone
9.0180034637,2.5997908115,0.0923514813,65.000984192,Limestone
9.0302438736,2.602057457,0.0962018818,65.183807373,Limestone
9.0478124619,2.6008777618,0.0991670862,63.781299591,Limestone
9.07172966,2.5979363918,0.0988691151,64.747459412,Limestone
9.0976409912,2.5913379192,0.096972093,61.019683838,Limestone
9.1237039566,2.5852513313,0.0974553972,60.59690094,Limestone
9.1501150131,2.5813295841,0.1014387831,61.366798401,Limestone
9.1764535904,2.5774698257,0.1073135883,64.150588989,Limestone
9.202246666,2.5723860264,0.113817282,66.709648132,Limestone
9.2273674011,2.574005127,0.1207477227,67.731628418,Limestone
9.2510251999,2.5868697166,0.1272280812,70.319885254,Marl
9.2734966278,2.6052336693,0.1315002292,71.168304443,Marl
9.2958869934,2.6182706356,0.1328378618,69.605148315,Marl
9.3183689117,2.6189367771,0.13330625,71.140586853,Marl
9.3407859802,2.6145086288,0.1372265071,72.94291687,Marl
9.3632678986,2.6069629192,0.1461625993,72.758529663,Marl
9.3846883774,2.6022737026,0.1561752111,75.880577087,Marl
9.4004716873,2.5919859409,0.1618890464,76.720466614,Marl
9.4058933258,2.5535855293,0.1598777622,74.65436554,Marl
9.4053220749,2.5386345387,0.1505983919,78.025756836,Marl
9.4043245316,2.5384306908,0.1389437467,75.507873535,Marl
9.4034309387,2.5460503101,0.1302451491,75.196853638,Marl
9.4028978348,2.5519654751,0.1274469346,74.239990234,Marl
9.4023332596,2.5630590916,0.1297165453,70.407974243,Marl
9.4014358521,2.5719063282,0.1344094723,69.245239258,Marl
9.4009008408,2.5708744526,0.1414965093,68.24786377,Limestone
9.4003400803,2.5593864918,0.1528181285,68.363189697,Limestone
9.3994398117,2.5317790508,0.1641737372,68.550193787,Limestone
9.3986167908,2.5129718781,0.1667674631,73.395996094,Limestone
9.3962020874,2.5083656311,0.1559462398,75.259841919,Marl
9.3911085129,2.5257537365,0.1387740821,76.64894104,Marl
9.3852138519,2.5402405262,0.1281252801,78.424537659,Marl
9.3804187775,2.5518503189,0.1276759356,73.437995911,Marl
9.3795537949,2.5600545406,0.1321529448,73.516731262,Marl
9.3832788467,2.5685207844,0.1370206624,72.646492004,Marl
9.3888149261,2.5733382702,0.1388654858,71.306594849,Marl
9.3947143555,2.5752024651,0.1333267838,71.016731262,Marl
9.4002408981,2.5761933327,0.1194848269,70.432411194,Marl
9.4050922394,2.5817360878,0.1021109596,70.205215454,Limestone
9.4060020447,2.5851316452,0.0871977881,66.914535522,Limestone
9.3990659714,2.5963103771,0.0791009963,63.355316162,Limestone
9.3877954483,2.607634306,0.0789539441,60.840015411,Limestone
9.3784770966,2.6169660091,0.0865198523,59.866592407,Limestone
9.3770856857,2.6119115353,0.1001563892,60.868854523,Limestone
9.3852710724,2.59456563,0.1173378751,64.002952576,Limestone
9.3967866898,2.5790579319,0.1359798759,68.810691833,Limestone
9.4081392288,2.5646803379,0.1524315327,71.14402771,Marl
9.4184484482,2.5521008968,0.1635904312,73.138778687,Marl
9.4239845276,2.5425882339,0.168798551,76.012794495,Marl
9.4244728088,2.5394635201,0.1672267914,76.539367676,Marl
9.4239292145,2.5401058197,0.1595017612,76.398620605,Marl
9.423406601,2.5457389355,0.1491858959,75.830383301,Marl
9.4224090576,2.5501987934,0.1388347447,75.424209595,Marl
9.4215450287,2.5608642101,0.1303501576,73.101379395,Marl
9.4221830368,2.5661380291,0.1277714223,70.699150085,Marl
9.4281663895,2.568680048,0.1320331097,70.69783783,Marl
9.4406423569,2.5670876503,0.1415624171,70.106300354,Marl
9.45515728,2.5614676476,0.159565568,69.46522522,Marl
9.4700098038,2.5375702381,0.1866673231,70.228019714,Marl
9.4881029129,2.4778313637,0.2101642042,74.467521667,Marl
9.5095939636,2.4327275753,0.2104627937,83.294288635,Marl
9.5319948196,2.4372415543,0.1847405881,84.433074951,Marl
9.5547780991,2.4907536507,0.1489484012,85.744094849,Marl
9.5799818039,2.5525352955,0.1220313087,73.874015808,Marl
9.6099472046,2.5799987316,0.1167769134,66.381889343,Marl
9.6423768997,2.5825498104,0.1282873452,66.731300354,Marl
9.6753559113,2.5683689117,0.1464248449,68.14402771,Marl
9.7095441818,2.5470292568,0.1662184298,72.210960388,Marl
9.7514257431,2.5365622044,0.1809709668,77.443901062,Marl
9.805727005,2.5314130783,0.1896428466,80.332351685,Marl
9.8650960922,2.5428040028,0.1947571635,80.339241028,Marl
9.9232616425,2.550560236,0.193689391,79.840553284,Marl
9.9745931625,2.5597717762,0.1891801804,77.505249023,Marl
10.016610146,2.5577213764,0.187421605,75.372703552,Marl
10.053299904,2.548886776,0.1903771758,74.341041565,Marl
10.082763672,2.5487587452,0.1913919896,74.035926819,Marl
10.108258247,2.5579595566,0.1835800558,72.690620422,Marl
10.133607864,2.570483923,0.1731869727,73.253448486,Marl
10.159107208,2.5663950443,0.1732552499,74.344322205,Marl
10.184416771,2.5513489246,0.1827244908,75.210792542,Marl
10.208804131,2.5358991623,0.1929416806,78.705215454,Marl
10.230285645,2.5266480446,0.1992298365,81.643211365,Marl
10.25024128,2.5144662857,0.2029214799,81.84185791,Marl
10.270195961,2.5091757774,0.2108460963,82.537399292,Marl
10.289732933,2.4959347248,0.2214620262,83.73097229,Marl
10.303322792,2.49213624,0.2248292416,84.92880249,Marl
10.306969643,2.4933035374,0.2149854004,82.995079041,Marl
10.306503296,2.5110063553,0.197237134,81.112533569,Marl
10.305477142,2.5281362534,0.1822839677,79.056266785,Marl
10.303637505,2.5332815647,0.173858121,76.247535706,Marl
10.295020103,2.5416014194,0.1719151586,76.043136597,Marl
10.276735306,2.544834137,0.1727443635,75.277389526,Marl
10.255782127,2.5474374294,0.1719828248,74.379432678,Marl
10.234787941,2.5437009335,0.1681490391,73.283630371,Marl
10.212957382,2.5532102585,0.1631670892,73.142227173,Marl
10.18998909,2.5721282959,0.1598045677,72.431594849,Marl
10.166596413,2.5835087299,0.158336252,71.575462341,Marl
10.143112183,2.5881521702,0.1578667909,70.765090942,Marl
10.120246887,2.5788147449,0.1593449414,69.674209595,Marl
10.099684715,2.5840229988,0.1637732387,68.629592896,Limestone
10.084882736,2.5747599602,0.1709489971,69.582023621,Limestone
10.073413849,2.5698463917,0.17855528,71.896652222,Limestone
10.044504166,2.5426363945,0.187107265,74.175849915,Limestone
9.9773769379,2.5123133659,0.197592631,77.68963623,Limestone
9.9089403152,2.5001981258,0.2031237781,80.214569092,Marl
9.8684682846,2.5044286251,0.2000878304,80.020339966,Marl
9.8351888657,2.5345573425,0.1943434924,79.022964478,Marl
9.8020963669,2.550134182,0.1908665746,77.301177979,Marl
9.7466754913,2.5569782257,0.1892924756,75.486877441,Marl
9.681271553,2.5614118576,0.1854382157,75.134841919,Marl
9.6254396439,2.5682606697,0.178527683,74.874015808,Marl
9.5769786835,2.5730218887,0.1731958687,74.214569092,Marl
9.5450401306,2.5640923977,0.1724703759,74.133369446,Marl
9.5307369232,2.5563952923,0.1761517525,73.47883606,Marl
9.508728981,2.5590589046,0.1771178842,73.584648132,Marl
9.4279489517,2.5488753319,0.1712194234,75.332679749,Marl
9.3057546616,2.5277431011,0.1610192209,78.102363586,Marl
9.1976776123,2.4985761642,0.1493596733,81.225395203,Marl
9.1156539917,2.4979045391,0.137131989,83.143867493,Marl
9.0533895493,2.5085983276,0.1247021779,80.660926819,Marl
8.9910020828,2.523140192,0.1127494648,78.943572998,Marl
8.9259757996,2.5386753082,0.1015277952,74.924865723,Marl
8.8808956146,2.5585794449,0.0921044573,71.517715454,Marl
8.8540439606,2.5858490467,0.0863745809,70.238189697,Marl
8.8271207809,2.5977385044,0.0847921073,67.790679932,Limestone
8.8065032959,2.6067054272,0.0866939723,64.210632324,Limestone
8.7888088226,2.5991802216,0.0905078128,63.927494049,Limestone
8.774969101,2.6016581059,0.095735915,65.046913147,Limestone
8.7666625977,2.5933496952,0.1026409715,66.169784546,Limestone
8.7534408569,2.5943219662,0.1113578007,67.354164124,Limestone
8.7501344681,2.5783634186,0.1203699708,69.742126465,Limestone
8.75,2.5726091862,0.1265002191,70.625984192,Marl
8.75,2.5636656284,0.1299953908,70.974243164,Marl
8.75,2.5550632477,0.1320151091,71.310531616,Marl
8.7491836548,2.5557172298,0.1326236129,71.497535706,Marl
8.7460317612,2.5594284534,0.1327411383,71.440452576,Marl
8.7452096939,2.5631325245,0.1359219402,72.266403198,Marl
8.7457895279,2.5545077324,0.1436178684,74.202758789,Marl
8.7435979843,2.5527920723,0.1508498788,75.482284546,Marl
8.7455711365,2.5697205067,0.152527824,77.311019897,Marl
8.7458248138,2.5786206722,0.1476538777,77.031494141,Marl
8.745218277,2.5837800503,0.1382687688,75.620735168,Marl
8.7465782166,2.5706093311,0.1293896884,74.554954529,Marl
8.7459344864,2.5692207813,0.1247652322,72.297737122,Marl
8.7449188232,2.5747337341,0.1244513392,71.05027771,Marl
8.7426395416,2.5857930183,0.1256125569,70.832099915,Marl
8.7453174591,2.5909457207,0.1248403266,70.283462524,Marl
8.748292923,2.5921149254,0.1205654442,69.845146179,Limestone
8.746090889,2.6000006199,0.1151914746,69.518699646,Limestone
8.751499176,2.6002659798,0.1116739735,69.144683838,Limestone
8.7663393021,2.5948476791,0.1120556146,69.17199707,Limestone
8.7724761963,2.580165863,0.1165634096,69.452507019,Limestone
8.7729997635,2.5745985508,0.1236580908,70.547737122,Marl
8.7729997635,2.5728638172,0.1299404949,71.791175842,Marl
8.771065712,2.572435379,0.1307719797,71.454971313,Marl
8.7694692612,2.5734598637,0.1257051528,70.23941803,Marl
8.7731113434,2.5710496902,0.118074052,68.446685791,Marl
8.7923145294,2.5640389919,0.1127221584,68.41519165,Limestone
8.8431444168,2.5482404232,0.1118389741,69.110725403,Limestone
8.8860025406,2.5298044682,0.1134994403,69.66519165,Limestone
8.890999794,2.5210771561,0.1159600765,71.170600891,Limestone
8.890999794,2.5167295933,0.1193965599,71.85433197,Marl
8.8921327591,2.5141305923,0.1271399409,73.743927002,Marl
8.894153595,2.5260388851,0.1424006969,77.605484009,Marl
8.8915491104,2.542658329,0.1602897495,80.165359497,Marl
8.8878221512,2.5752007961,0.1720959842,78.461280823,Marl
8.8895072937,2.5864064693,0.1729428917,75.290512085,Marl
8.8923273087,2.5779583454,0.1623357832,73.514274597,Marl
8.8946733475,2.5533063412,0.1450527459,72.64730835,Marl
8.8950004578,2.5251390934,0.1337524056,75.39402771,Limestone
8.8961057663,2.5063197613,0.139451012,80.125984192,Limestone
8.8977403641,2.4940371513,0.1579268873,83.217193604,Limestone
8.8979997635,2.5092329979,0.1812101603,83.287567139,Marl
8.8979997635,2.5293381214,0.1973008364,80.702262878,Marl
8.8965454102,2.540997982,0.1962982565,78.741798401,Marl
8.894733429,2.5233461857,0.1825653911,77.487854004,Marl
8.8945446014,2.5132217407,0.1719246656,77.191436768,Marl
8.8944568634,2.5150420666,0.1785097718,80.907974243,Marl
8.895980835,2.5326235294,0.1986098289,81.732284546,Marl
8.8977041245,2.5561869144,0.2105197459,78.259841919,Marl
8.8979997635,2.5727446079,0.2016433477,75.151573181,Marl
8.8979997635,2.5746643543,0.179695189,73.219818115,Marl
8.8979997635,2.5467469692,0.1636430919,74.464569092,Marl
8.8962402344,2.5373618603,0.1657440513,76.721786499,Marl
8.8928289413,2.5545618534,0.1760200411,78.843994141,Marl
8.8912143707,2.5810203552,0.1778597683,79.765258789,Marl
8.8896064758,2.5882072449,0.1699655354,78.146987915,Marl
8.888833046,2.5756268501,0.1603599042,76.485565186,Marl
8.8891658783,2.5518295765,0.155157432,75.488189697,Marl
8.8860731125,2.5363280773,0.1561827362,74.363517761,Marl
8.8793363571,2.5290501118,0.1632124037,75.586288452,Marl
8.8710327148,2.537955761,0.1713366956,77.563980103,Marl
8.8664474487,2.5540039539,0.1727519929,78.56463623,Marl
8.859246254,2.5759618282,0.1631818116,79.967193604,Marl
8.8491134644,2.5825326443,0.1459715217,77.586120605,Marl
8.8446140289,2.5740695,0.1345760375,74.655021667,Marl
8.8419771194,2.562782526,0.1409868151,74.657974243,Marl
8.8310203552,2.5543618202,0.1589519829,75.630409241,Marl
8.8145656586,2.5438482761,0.17363213,77.447998047,Marl
8.8062887192,2.5258350372,0.1772706658,78.096946716,Marl
8.8043355942,2.5186266899,0.174299702,78.240150452,Marl
8.7999477386,2.5292205811,0.1738973707,78.738845825,Marl
8.793006897,2.5538547039,0.1759298444,78.881233215,Marl
8.7895393372,2.5758655071,0.1703267843,76.860237122,Marl
8.7889995575,2.5854427814,0.1569442004,74.015914917,Marl
8.7886724472,2.5794074535,0.1503565162,72.253120422,Marl
8.7868347168,2.5624866486,0.1562461704,72.203742981,Marl
8.785861969,2.5484726429,0.1621051729,74.385498047,Marl
8.7877540588,2.5476317406,0.1620610207,75.304130554,Marl
8.7888555527,2.5675530434,0.159453094,75.085632324,Marl
8.7889995575,2.5915677547,0.1558653116,74.449638367,Marl
8.7889995575,2.6117124557,0.1466048062,72.038879395,Marl
8.7889995575,2.6169712543,0.1284742653,69.205711365,Marl
8.7870931625,2.6164429188,0.1067005023,66.912399292,Limestone
8.7858076096,2.614603281,0.0914261118,64.952590942,Limestone
8.7918767929,2.61328125,0.0879716873,64.545768738,Limestone
8.800406456,2.6115603447,0.090597488,65.60269165,Limestone
8.8062562943,2.6075558662,0.0951167345,66.511154175,Limestone
8.8178653717,2.5935308933,0.1047063395,66.82283783,Limestone
8.8367109299,2.5602631569,0.124025166,67.941604614,Limestone
8.852640152,2.5332014561,0.1516287476,71.05921936,Marl
8.8665332794,2.523501873,0.1816584021,75.688484192,Marl
8.8780908585,2.5310790539,0.2045618743,79.592521667,Marl
8.8874721527,2.5326528549,0.2123826146,81.236221313,Marl
8.898431778,2.5236706734,0.2085930258,81.48425293,Marl
8.90853405,2.5168123245,0.2009560466,81.03805542,Marl
8.9168233871,2.5151057243,0.1985739768,80.150428772,Marl
8.922961235,2.5199229717,0.2028706372,80.048721313,Marl
8.9329938889,2.5240142345,0.2062154114,80.927986145,Marl
8.9484233856,2.5299119949,0.203022033,80.783294678,Marl
8.9587221146,2.5341646671,0.1949287355,80.011810303,Marl
8.9595127106,2.5370714664,0.1877031922,79.849739075,Marl
8.9571857452,2.5346570015,0.183158949,79.752296448,Marl
8.9580011368,2.5246508121,0.1799487472,78.907485962,Marl
8.96027565,2.5066783428,0.1792598963,78.260826111,Marl
8.9610004425,2.496335268,0.1846410632,78.4114151,Sandstone
8.9610004425,2.4972639084,0.194402203,78.504920959,Sandstone
8.9610004425,2.5027270317,0.2035462558,79.400756836,Sandstone
8.9610004425,2.504447937,0.2103508413,81.368438721,Marl
8.9610004425,2.5145576,0.218137309,82.611221313,Marl
8.9610004425,2.5388069153,0.2263956815,82.530830383,Marl
8.9610004425,2.5683863163,0.2260570973,80.259178162,Marl
8.9610004425,2.5832777023,0.2123289555,77.310531616,Marl
8.9601488113,2.5804374218,0.1916279942,75.253448486,Marl
8.9583044052,2.5673749447,0.177961573,74.00328064,Marl
8.9583244324,2.555839777,0.1797091812,76.202758789,Marl
8.9593629837,2.55793643,0.1899479032,76.842681885,Marl
8.9580440521,2.5654194355,0.1961717457,76.986381531,Marl
8.9575166702,2.5712947845,0.192392379,77.617126465,SandstoneShale
8.9594640732,2.5666296482,0.1834147125,76.671585083,SandstoneShale
8.9602432251,2.5519697666,0.1788100451,76.007713318,SandstoneShale
8.9585876465,2.5275611877,0.1826992333,77.663879395,SandstoneShale
8.9577178955,2.4970371723,0.1928031892,79.465057373,SandstoneShale
8.959435463,2.4715137482,0.206237942,82.061836243,SandstoneShale
8.9607896805,2.4593515396,0.2199853212,84.173225403,SandstoneShale
8.9604597092,2.4618840218,0.229894951,85.251968384,SandstoneShale
8.9580821991,2.4736363888,0.2334734201,85.625,SandstoneShale
8.9531993866,2.4879658222,0.2331975847,85.168304443,SandstoneShale
8.9434404373,2.5032291412,0.2313367128,84.503936768,SandstoneShale
8.9276332855,2.520802021,0.2274896801,83.542320251,SandstoneShale
8.9105100632,2.5417208672,0.2221366763,82.139755249,SandstoneShale
8.8985424042,2.5614571571,0.2162460089,80.487037659,SandstoneShale
8.8939495087,2.5747740269,0.2071010917,78.54347229,SandstoneShale
8.8918952942,2.5854613781,0.1897672266,76.243598938,SandstoneShale
8.890999794,2.5917673111,0.1654655486,72.555114746,SandstoneShale
8.890999794,2.5897018909,0.1419686675,70.440292358,SandstoneShale
8.890999794,2.5710299015,0.126260668,69.44291687,SandstoneShale
8.8912572861,2.536345005,0.121241428,68.940292358,SandstoneShale
8.8950910568,2.4977755547,0.1297201812,70.638946533,SandstoneShale
8.9050168991,2.4660060406,0.1536462456,75.301673889,SandstoneShale
8.9182367325,2.4498026371,0.1890872419,80.320381165,SandstoneShale
8.9312429428,2.447316885,0.2275959104,83.683235168,SandstoneShale
8.9438667297,2.4551916122,0.2532444894,86.429626465,SandstoneShale
8.9542007446,2.4623396397,0.2539541721,85.876808167,SandstoneShale
8.9571990967,2.4658982754,0.2404296845,84.098098755,SandstoneShale
8.9582796097,2.4761264324,0.2308974862,83.7864151,Sandstone
8.9575357437,2.4929428101,0.2306277007,83.615158081,Sandstone
8.9468240738,2.5057225227,0.2319091409,83.141403198,Sandstone
8.9306840897,2.5021681786,0.226776883,81.398864746,Sandstone
8.9227437973,2.4937222004,0.2175612748,80.806678772,Sandstone
8.9219999313,2.4981348515,0.2089949548,80.645339966,SandstoneShale
8.9219999313,2.5142354965,0.2061870694,81.592521667,SandstoneShale
8.9222393036,2.5330736637,0.2108913213,81.707023621,SandstoneShale
8.9239397049,2.5429625511,0.2135144174,80.063323975,SandstoneShale
8.9274368286,2.5392072201,0.2086293846,78.878936768,SandstoneShale
8.931646347,2.5281653404,0.2007309347,77.887458801,SandstoneShale
8.9356813431,2.5128042698,0.1958674192,78.023948669,SandstoneShale
8.9377393723,2.4955055714,0.1950814426,79.579727173,SandstoneShale
8.9382333755,2.4782650471,0.1953100711,80.327758789,SandstoneShale
8.9412908554,2.4618258476,0.1964690983,80.811676025,SandstoneShale
8.9551668167,2.4467885494,0.1985891014,81.091537476,SandstoneShale
8.9850902557,2.4333922863,0.2011397332,81.707023621,SandstoneShale
9.0177745819,2.4261407852,0.2065269947,82.660430908,SandstoneShale
9.0354576111,2.4261696339,0.2166213393,82.4635849,SandstoneShale
9.0413198471,2.4286856651,0.2282542884,83.17339325,SandstoneShale
9.0446386337,2.4335515499,0.2373369485,84.605804443,SandstoneShale
9.0442085266,2.44328475,0.2424447387,84.707183838,Sandstone
9.0348482132,2.4557883739,0.2418782264,84.788223267,Sandstone
9.008893013,2.4610733986,0.2352328748,85.11630249,Sandstone
8.9625320435,2.4546499252,0.2263704836,83.52116394,Sandstone
8.9158010483,2.447742939,0.2243307531,83.293304443,SandstoneShale
8.8862314224,2.4586868286,0.2378553599,83.1614151,SandstoneShale
8.862112999,2.4919235706,0.259313494,83.882873535,SandstoneShale
8.8393573761,2.5362401009,0.2663432062,83.495742798,SandstoneShale
8.7874259949,2.5762746334,0.2426683605,79.228507996,Sandstone
8.6951284409,2.6011304855,0.1970518082,74.462104797,Sandstone
8.6364965439,2.608836174,0.1567874253,69.492782593,Sandstone
8.6187725067,2.6032104492,0.1363857538,66.712600708,Marl
8.5974588394,2.5961198807,0.1293663979,66.796257019,Marl
8.5783195496,2.5961344242,0.1282319576,67.798553467,Marl
8.5705881119,2.5988516808,0.1337584108,68.383201599,Marl
8.5699996948,2.5910453796,0.1430795789,70.295272827,Marl
8.5699996948,2.5689644814,0.1487676352,71.783790588,Marl
8.5699996948,2.5460512638,0.1506222785,73.048553467,Marl
8.5642986298,2.5341460705,0.1548852473,74.556098938,Marl
8.5459852219,2.5320885181,0.1631367952,75.408462524,Marl
8.5184173584,2.5328717232,0.1695845574,75.529525757,Marl
8.487906456,2.5357201099,0.170783788,75.342521667,Marl
8.4651212692,2.5454280376,0.1704450548,75.422080994,Marl
8.4549655914,2.5569200516,0.170726344,76.363021851,Marl
8.4459209442,2.5646350384,0.1679978967,75.209648132,Marl
8.433049202,2.5723109245,0.160529241,74.01902771,Marl
8.4236793518,2.5799934864,0.1510756165,71.997375488,Marl
8.4160900116,2.5815958977,0.144392401,71.0885849,Marl
8.4019365311,2.5742766857,0.1435037404,71.630249023,Marl
8.391951561,2.5682749748,0.1470115632,72.361549377,Marl
8.3902406693,2.570638895,0.1517725885,74.32824707,Marl
8.3845014572,2.5797920227,0.1552356631,74.016571045,Marl
8.3732395172,2.588337183,0.1554234773,73.551506042,Marl
8.3657646179,2.5936756134,0.1537605226,72.038383484,Marl
8.3641586304,2.6006236076,0.1507746279,69.521820068,Marl
8.3629369736,2.6075277328,0.1442028284,66.349243164,Marl
8.3613080978,2.6059463024,0.1352881193,64.970718384,Marl
8.3607282639,2.5979099274,0.1282731444,64.752540588,Marl
8.3624973297,2.5917716026,0.1279108524,64.691108704,Marl
8.3638706207,2.5866279602,0.1321727931,65.688484192,Marl
8.3657159805,2.5724475384,0.1339933872,66.462272644,Marl
8.3739852905,2.5495753288,0.1302797496,65.727363586,Marl
8.3978281021,2.5303518772,0.1261954159,65.754432678,Marl
8.4338264465,2.5247573853,0.1340059489,67.764930725,Marl
8.4614200592,2.533727169,0.15916574,72.660102844,Marl
8.4717512131,2.5519521236,0.1881286949,76.554130554,Marl
8.472741127,2.5697319508,0.1966879964,77.58972168,Marl
8.4741067886,2.5769171715,0.1776075065,73.852851868,Marl
8.4766550064,2.5729017258,0.1530080587,70.872047424,Marl
8.4770002365,2.5648500919,0.1455567479,69.930770874,Marl
8.4770002365,2.5599758625,0.1532464921,71.817420959,Marl
8.4770002365,2.562169075,0.1605225801,74.140258789,Marl
8.4770002365,2.5703179836,0.1603103429,73.641571045,Marl
8.4770002365,2.5834095478,0.157059744,73.025756836,Marl
8.477976799,2.5998547077,0.152943939,71.342521667,Marl
8.4836072922,2.6109342575,0.1474088877,70.979003906,Marl
8.4944086075,2.61332798,0.1439942569,70.785598755,Marl
8.5039968491,2.6074135303,0.1470213979,71.172737122,Marl
8.5147981644,2.5984203815,0.1522459984,71.021408081,Marl
8.5327014923,2.5890426636,0.1530457884,71.30191803,Marl
8.5478906631,2.5786423683,0.1519089937,71.664367676,Marl
8.5508775711,2.5737774372,0.1559012681,72.97227478,Marl
8.5488080978,2.5757980347,0.1610292345,72.567092896,Marl
8.5523433685,2.5781767368,0.1596190333,72.124504089,Marl
8.5589942932,2.576223135,0.1581033468,71.308235168,Marl
8.5642843246,2.5696761608,0.1685949564,73.313812256,Marl
8.5653066635,2.5646636486,0.1889176369,75.38533783,Marl
8.5650281906,2.5688898563,0.1996565908,75.519851685,Marl
8.5663318634,2.5802409649,0.1925046742,74.650260925,Marl
8.5660448074,2.5909817219,0.1778197289,72.714569092,Marl
8.5656661987,2.5929403305,0.168427527,72.061347961,Marl
8.5639438629,2.587297678,0.1682858467,73.409118652,Marl
8.5595312119,2.5790474415,0.1699970067,74.148132324,Marl
8.5543966293,2.5731384754,0.1664368063,73.171424866,Marl
8.5509080887,2.5728673935,0.1589680314,72.811843872,Marl
8.550614357,2.5744531155,0.1565942168,74.588088989,Marl
8.5509996414,2.5690307617,0.1663396806,75.393043518,Marl
8.550863266,2.5605916977,0.1789761037,76.004920959,Marl
8.5505256653,2.5579955578,0.1814638674,76.149108887,Marl
8.550069809,2.5618286133,0.1764579564,74.554626465,Marl
8.548037529,2.5673730373,0.1724319607,74.212760925,Marl
8.5445795059,2.5652930737,0.1706849784,75.518211365,Marl
8.5439167023,2.5618772507,0.1648582667,72.742614746,Marl
8.5466995239,2.5531852245,0.1545507908,72.180938721,Marl
8.5466938019,2.5453803539,0.1476713121,71.553146362,Marl
8.5423145294,2.5462501049,0.1493253559,70.402229309,Marl
8.5413923264,2.5567419529,0.1582342237,75.556266785,Marl
8.5430002213,2.5705521107,0.164902702,73.1875,Marl
8.5434970856,2.5713181496,0.162661016,74.184875488,Marl
8.5499334335,2.5579507351,0.1571844071,75.182250977,Marl
8.5714569092,2.5469589233,0.1571660191,72.769195557,Marl
8.5961618423,2.5437173843,0.1637053341,75.161911011,Marl
8.6053781509,2.5504021645,0.1668622643,73.768867493,Marl
8.6134881973,2.5602006912,0.1595983207,71.412399292,Marl
8.6345129013,2.5623526573,0.1502006501,71.006889343,Marl
8.6681394577,2.5592627525,0.1505275667,70.388122559,SandstoneShale
8.7112045288,2.5482861996,0.1657192856,76.843505859,SandstoneShale
8.7472515106,2.5351493359,0.1894790083,79.130088806,SandstoneShale
8.7630586624,2.5129776001,0.2115656734,78.580543518,SandstoneShale
8.7665576935,2.4866671562,0.2271624804,81.104812622,SandstoneShale
8.7686653137,2.4574649334,0.2327701449,84.447341919,Sandstone
8.7699575424,2.4346899986,0.2286788672,92.087928772,Sandstone
8.7693576813,2.4176080227,0.2219245285,92.014762878,Sandstone
8.7686405182,2.413848877,0.2175092101,91.760490417,Sandstone
8.7667512894,2.4214088917,0.2142989635,91.570869446,Sandstone
8.7650098801,2.4361112118,0.2069440186,91.383857727,Sandstone
8.7628297806,2.4486346245,0.1969370693,90.424865723,Sandstone
8.7613620758,2.4543633461,0.1925859451,88.657646179,Sandstone
8.7606668472,2.4551682472,0.192105487,88.03099823,Sandstone
8.7587718964,2.4562034607,0.1924590766,87.234413147,Sandstone
8.7564439774,2.4558339119,0.1925472915,86.600227356,Sandstone
8.7509069443,2.4576692581,0.1931273341,86.035430908,Sandstone
8.7436227798,2.4628965855,0.195774585,84.656822205,Sandstone
8.7344350815,2.4707992077,0.199412033,84.970146179,Sandstone
8.7100028992,2.479855299,0.2011788785,84.245079041,Sandstone
8.6815452576,2.4797990322,0.1973396689,84.70866394,Sandstone
8.6660432816,2.4768908024,0.1889080852,85.154197693,Sandstone
8.6541376114,2.4706690311,0.1842551678,85.936019897,Sandstone
8.6433696747,2.4733932018,0.1860458553,85.425849915,Sandstone
8.6347980499,2.4790961742,0.1942615211,84.802490234,Sandstone
8.6359987259,2.4884195328,0.2048137337,84.978347778,Sandstone
8.639550209,2.4908154011,0.2152556181,85.341537476,Sandstone
8.6399412155,2.4890766144,0.2181863338,85.034446716,Sandstone
8.6371650696,2.4874925613,0.2223277539,83.443649292,Sandstone
8.6367053986,2.4750993252,0.2527897954,81.729415894,Sandstone
8.638753891,2.4488515854,0.3124382496,86.964073181,Sandstone
8.6382770538,2.4226295948,0.3725557029,89.5260849,SandstoneShale
8.6443080902,2.4040257931,0.3964269459,89.414375305,SandstoneShale
8.6607732773,2.3901081085,0.3677904308,90.602035522,SandstoneShale
8.6622200012,2.3866012096,0.3118505776,98.257385254,SandstoneShale
8.6582250595,2.4040496349,0.2649760246,94.918151855,SandstoneShale
8.7071781158,2.4387812614,0.2404354811,89.399604797,SandstoneShale
8.820016861,2.4796173573,0.2379783094,85.608268738,SandstoneShale
8.9278297424,2.5150310993,0.2352316231,79.362365723,SandstoneShale
8.9743309021,2.5738124847,0.1614273638,64.119544983,Limestone
8.904797554,2.5555877686,0.1522357613,67.478012085,Limestone
8.797586441,2.5262086391,0.1549908072,70.948326111,Limestone
8.731256485,2.5046954155,0.1626941115,71.91469574,Limestone
8.69668293,2.488982439,0.1746023297,72.32283783,Marl
8.6879997253,2.4804973602,0.1882772744,70.980316162,Marl
8.6897573471,2.4709122181,0.1984734535,70.963912964,Marl
8.7018699646,2.4577989578,0.1999213248,73.559051514,Marl
8.7048492432,2.4575889111,0.1947423518,74.318901062,Marl
8.6421689987,2.4729218483,0.189714849,80.309379578,Marl
8.5342445374,2.4993598461,0.1874855906,78.522628784,Marl
8.4692821503,2.5121304989,0.1889028996,77.473426819,Marl
8.4566507339,2.5181422234,0.1898902506,77.060035706,Marl
8.4454622269,2.514497757,0.1873609424,71.296096802,Marl
8.403213501,2.4962975979,0.183623001,71.491630554,Marl
8.3449802399,2.4461996555,0.1801707149,71.593994141,Marl
8.318104744,2.4124679565,0.1831334531,72.080871582,Marl
8.3290147781,2.4205570221,0.1925986707,74.1510849,Marl
8.3606357574,2.4772555828,0.2104892135,77.704559326,Marl
8.3995027542,2.5259656906,0.2277553827,76.885993958,Marl
8.4483242035,2.5054883957,0.2346451133,75.897148132,Marl
8.4792919159,2.4183225632,0.2322580218,73.964401245,Marl
8.4859676361,2.3328444958,0.2334965765,77.173057556,Marl
8.5660419464,2.4653968811,0.3751875758,88.994750977,Marl
8.5118951797,2.4500460625,0.3620380759,77.225723267,Marl
8.5146141052,2.4309966564,0.3228822649,72.712104797,Marl
8.5440416336,2.4411244392,0.2756621242,73.77280426,Marl
8.6207952499,2.4761440754,0.236129418,74.829399109,Marl
8.7038621902,2.5248644352,0.2117610425,75.935035706,Marl
8.7229642868,2.542593956,0.2056650817,78.688980103,Marl
8.7087631226,2.5451617241,0.2070749998,77.810699463,Marl
8.7017822266,2.5501422882,0.1983599961,76.887786865,Marl
8.6956167221,2.5506699085,0.1837090701,77.089889526,Marl
8.6962099075,2.5394408703,0.1722939759,73.945213318,Marl
8.6939554214,2.5199861526,0.1680699885,70.685035706,Marl
8.6771640778,2.4795894623,0.1659552008,70.76902771,Marl
8.6573991776,2.4335925579,0.1607592702,74.353019714,Marl
8.6810588837,2.3753302097,0.1563286632,75.6614151,Marl
8.8086071014,2.344694376,0.1553547978,76.083000183,Marl
9.0210599899,2.3178796768,0.1628588438,79.980140686,SandstoneShale
9.1054878235,2.3001437187,0.1895334721,83.455215454,SandstoneShale
8.9932632446,2.2892923355,0.2356687784,83.575462341,SandstoneShale
8.9564752579,2.298615694,0.2822972238,82.389762878,SandstoneShale
9.0612802505,2.3205156326,0.3077275753,81.080711365,SandstoneShale
9.047287941,2.3366932869,0.3069258928,79.58530426,SandstoneShale
8.9447488785,2.3460216522,0.2951747179,80.348098755,SandstoneShale
9.0497817993,2.343495369,0.2874659002,81.490150452,SandstoneShale
9.2428827286,2.3425097466,0.2894704044,84.285270691,SandstoneShale
9.338508606,2.3426949978,0.289626956,85.463088989,SandstoneShale
9.359000206,2.3503098488,0.2791732848,86.157478333,SandstoneShale
9.359000206,2.3585743904,0.2773308158,85.782150269,SandstoneShale
9.3591117859,2.3560869694,0.290207088,84.835464478,SandstoneShale
9.3652667999,2.3368039131,0.2977808416,84.426681519,SandstoneShale
9.3498706818,2.3246386051,0.2903668284,83.788551331,SandstoneShale
9.1979818344,2.3442118168,0.2930508852,83.157966614,SandstoneShale
8.9401626587,2.378184557,0.3017501235,82.820861816,SandstoneShale
8.726111412,2.3661649227,0.3018141389,81.322181702,SandstoneShale
8.6291751862,2.3077554703,0.2815723419,79.194061279,SandstoneShale
8.7648735046,2.2650911808,0.2649482787,79.979820251,SandstoneShale
9.0192747116,2.2652916908,0.2642986178,83.51902771,SandstoneShale
9.1644487381,2.2976746559,0.2731508613,84.35433197,SandstoneShale
9.3492116928,2.3159675598,0.2804135382,84.318901062,SandstoneShale
9.5921077728,2.3411386013,0.2938560843,86.731300354,SandstoneShale
9.3996105194,2.348721981,0.3180386722,87.489173889,SandstoneShale
9.0495386124,2.3530848026,0.3310296535,85.426177979,SandstoneShale
8.881696701,2.3607752323,0.3147974014,83.483917236,SandstoneShale
8.8605213165,2.3752198219,0.287203759,77.885498047,SandstoneShale
9.0221004486,2.3608326912,0.2904700935,82.412895203,SandstoneShale
9.0498247147,2.3387336731,0.3257327676,87.481788635,SandstoneShale
9.0918989182,2.3444399834,0.3346484601,88.502464294,SandstoneShale
9.2987232208,2.3523538113,0.2916320562,97.365646362,SandstoneShale
9.6112136841,2.3235795498,0.248407647,91.31791687,SandstoneShale
9.9825305939,2.2769699097,0.2355352044,82.595474243,SandstoneShale
10.232149124,2.2695877552,0.2298464626,76.608757019,SandstoneShale
10.335313797,2.2990686893,0.2323601395,74.4375,SandstoneShale
10.30479908,2.326747179,0.2642623484,74.624015808,SandstoneShale
9.9824676514,2.3449590206,0.3400796056,83.761810303,SandstoneShale
9.5834550858,2.3308618069,0.4202543497,91.936599731,SandstoneShale
9.556014061,2.3854496479,0.33265692,93.744094849,Limestone
9.5586366653,2.3846693039,0.3470204771,89.773788452,Limestone
9.5542392731,2.3891372681,0.3509686291,90.675682068,Limestone
8.8070487976,2.4801061153,0.2836547196,87.861221313,Limestone
8.8924646378,2.4498503208,0.2315414548,87.748847961,Limestone
8.9964780807,2.456802845,0.3278164268,94.074966431,Limestone
8.9813184738,2.4423398972,0.2947688997,93.399932861,Limestone
9.0522022247,2.431176424,0.2702777088,93.178146362,Limestone
9.1813735962,2.4208142757,0.2798788846,96.606628418,Limestone
8.3134841919,2.4318399429,0.2694252729,89.252960205,SandstoneShale
8.2969741821,2.428845644,0.2683247328,89.500984192,SandstoneShale
8.2767028809,2.4296503067,0.2655759454,89.855316162,SandstoneShale
8.259926796,2.437953949,0.2583702505,89.583335876,SandstoneShale
8.249958992,2.454110384,0.2468131483,89.125984192,SandstoneShale
8.2439775467,2.4697957039,0.233897537,88.173225403,SandstoneShale
8.244143486,2.4798154831,0.2222887874,87.626480103,SandstoneShale
8.2468509674,2.4850866795,0.2189044058,87.316436768,SandstoneShale
8.213388443,2.4853036404,0.2282790095,87.248771667,SandstoneShale
8.1342363358,2.4844613075,0.2433172464,87.342269897,SandstoneShale
8.0805282593,2.4844005108,0.250726372,87.253448486,SandstoneShale
8.0659952164,2.4853274822,0.2475023568,86.662895203,SandstoneShale
8.0594072342,2.4862320423,0.2466678619,86.776901245,SandstoneShale
8.0585956573,2.4854698181,0.2540562153,86.479652405,SandstoneShale
8.05884552,2.4835619926,0.2628100812,85.908462524,SandstoneShale
8.0611219406,2.4824843407,0.2642211616,86.146980286,SandstoneShale
8.0600652695,2.4813945293,0.2582481503,86.137794495,SandstoneShale
8.0495147705,2.4786531925,0.2527114153,85.606300354,SandstoneShale
8.0366039276,2.4741294384,0.248839125,85.767059326,SandstoneShale
8.0313816071,2.4756085873,0.2443209291,86.976051331,SandstoneShale
8.0286245346,2.4816782475,0.2452230901,88.06791687,SandstoneShale
8.0264863968,2.4823846817,0.2571511567,88.87828064,SandstoneShale
8.0246953964,2.4797039032,0.2701403499,88.686347961,SandstoneShale
8.018075943,2.4775202274,0.2764168978,87.376960754,SandstoneShale
8.0096330643,2.4710435867,0.2742933929,86.6353302,SandstoneShale
7.9995517731,2.4609436989,0.2658419013,86.828903198,SandstoneShale
7.993689537,2.4550149441,0.2530126274,87.227363586,SandstoneShale
7.9913439751,2.4595425129,0.2404701412,86.771324158,SandstoneShale
7.9866399765,2.4659368992,0.2349023968,86.431350708,SandstoneShale
7.9757728577,2.4658119678,0.2328636348,86.524848938,SandstoneShale
7.9665827751,2.4624538422,0.2315918952,86.934875488,SandstoneShale
7.9650659561,2.4630541801,0.2353022844,87.669448853,SandstoneShale
7.9646186829,2.4669523239,0.2392460555,87.741630554,SandstoneShale
7.9633059502,2.4659280777,0.2390018106,87.819709778,SandstoneShale
7.9632806778,2.4621412754,0.2324642837,87.743927002,SandstoneShale
7.964785099,2.4584050179,0.2268645465,87.398620605,SandstoneShale
7.9650001526,2.4547996521,0.2269267738,87.118110657,SandstoneShale
7.9646239281,2.4568855762,0.2292488962,86.422569275,SandstoneShale
7.9629483223,2.4608137608,0.2331452519,85.856300354,SandstoneShale
7.962729454,2.4658370018,0.2390893847,86.322174072,SandstoneShale
7.9620723724,2.4662520885,0.2484051585,86.5364151,SandstoneShale
7.9514942169,2.4677293301,0.2559746504,86.835632324,SandstoneShale
7.9379544258,2.4712176323,0.253123641,87.293304443,SandstoneShale
7.9303693771,2.4631032944,0.2441029251,86.462272644,SandstoneShale
7.929090023,2.4483892918,0.2350085378,85.889762878,SandstoneShale
7.9327626228,2.4418113232,0.2311405689,86.104324341,SandstoneShale
7.9331798553,2.4543144703,0.2330357283,86.499008179,SandstoneShale
7.9307165146,2.4754054546,0.2395603061,86.887794495,SandstoneShale
7.9305477142,2.4924461842,0.2458313257,86.657150269,SandstoneShale
7.9334454536,2.4981575012,0.2462131828,85.28314209,SandstoneShale
7.9329147339,2.4947450161,0.2459406704,84.035438538,SandstoneShale
7.9305634499,2.4858314991,0.2495879978,83.209320068,SandstoneShale
7.9295525551,2.472053051,0.2570524216,83.624351501,SandstoneShale
7.9241695404,2.4593622684,0.2633645236,85.345474243,SandstoneShale
7.9155955315,2.4488811493,0.2704795003,86.287399292,SandstoneShale
7.9139995575,2.4445765018,0.2795212567,86.540679932,SandstoneShale
7.9139995575,2.4418988228,0.2898009419,86.852363586,SandstoneShale
7.9132928848,2.4410009384,0.2944845259,87.295272827,SandstoneShale
7.9108018875,2.444685936,0.2937399745,89.227363586,SandstoneShale
7.9066696167,2.4541037083,0.299572587,90.457679749,SandstoneShale
7.8972291946,2.4645087719,0.3133725226,89.444229126,SandstoneShale
7.8862876892,2.4720025063,0.3159810603,87.528213501,SandstoneShale
7.8832235336,2.4795866013,0.2984164953,84.743598938,SandstoneShale
7.8819589615,2.4912507534,0.2697862983,82.964729309,SandstoneShale
7.8799982071,2.5054144859,0.2484053522,82.370079041,SandstoneShale
7.8791165352,2.5174412727,0.2378064841,80.582679749,SandstoneShale
7.8752217293,2.5234060287,0.2361801565,78.874176025,SandstoneShale
7.8641724586,2.5214188099,0.243937254,78.157318115,SandstoneShale
7.8551468849,2.5054798126,0.2539917231,76.881889343,SandstoneShale
7.8565974236,2.4732153416,0.253678441,76.092514038,SandstoneShale
7.8593153954,2.4417321682,0.241010651,76.463577271,SandstoneShale
7.8539094925,2.4294643402,0.2317774892,80.075782776,SandstoneShale
7.846716404,2.4385082722,0.2367364615,84.533630371,SandstoneShale
7.8442549706,2.4471924305,0.2521903217,85.773788452,SandstoneShale
7.8439998627,2.4433858395,0.2688629627,86.270179749,SandstoneShale
7.8386683464,2.4331927299,0.2823590934,83.129104614,SandstoneShale
7.8201508522,2.4291601181,0.2924294174,81.839408875,SandstoneShale
7.7967338562,2.4280998707,0.3013523817,84.326278687,SandstoneShale
7.7828640938,2.4242942333,0.3102573454,83.827590942,SandstoneShale
7.7795314789,2.4201927185,0.3149938881,84.964073181,SandstoneShale
7.7818880081,2.4194357395,0.3107788861,86.301177979,SandstoneShale
7.7811880112,2.4167442322,0.2985032499,86.346450806,SandstoneShale
7.7735075951,2.4065463543,0.2859060466,86.950950623,SandstoneShale
7.7692275047,2.3952875137,0.2809276879,86.445373535,SandstoneShale
7.7743453979,2.3917696476,0.2843058109,84.739501953,SandstoneShale
7.7814998627,2.3940718174,0.2893003523,84.116798401,SandstoneShale
7.7832789421,2.3930137157,0.2880561054,84.19783783,SandstoneShale
7.7803258896,2.3887388706,0.2821243405,83.415351868,SandstoneShale
7.7776041031,2.3938746452,0.2833813429,83.249504089,SandstoneShale
7.7782645226,2.4066183567,0.2948148847,82.597930908,SandstoneShale
7.7788109779,2.4104824066,0.3055255115,81.895507813,SandstoneShale
7.7604722977,2.3987982273,0.3032894731,83.706199646,SandstoneShale
7.6987380981,2.3881733418,0.290590167,86.730316162,SandstoneShale
7.6205468178,2.3990616798,0.2762324512,90.471786499,SandstoneShale
7.616253376,2.417630434,0.2572128177,91.733924866,SandstoneShale
7.7205696106,2.4182975292,0.2320456803,88.753936768,SandstoneShale
7.8688817024,2.3982393742,0.2113844901,85.558891296,SandstoneShale
7.9894080162,2.3767068386,0.2046331316,84.764930725,Sandstone
8.0144910812,2.3660061359,0.2105150819,87.570869446,Sandstone
8.0060482025,2.3577103615,0.2239009142,92.785430908,Sandstone
7.9115004539,2.3439147472,0.2401301861,97.835792542,Sandstone
7.7519826889,2.3272914886,0.254060179,101.15994263,Sandstone
7.617623806,2.3188180923,0.2550619543,103.55413055,Sandstone
7.5575828552,2.3202044964,0.2420942336,105.40419769,Sandstone
7.5454192162,2.3258640766,0.2275094092,106.40157318,Sandstone
7.5537362099,2.3337376118,0.2193445116,107.54855347,Sandstone
7.5723047256,2.3450279236,0.2151652128,107.97867584,Sandstone
7.6064276695,2.3596835136,0.210682258,106.83366394,Sandstone
7.6584529877,2.3765320778,0.209814921,104.26460266,Sandstone
7.6954016685,2.3934400082,0.2151156664,101.02838135,Sandstone
7.7155137062,2.4010100365,0.2228199542,98.716537476,Sandstone
7.7425541878,2.3904900551,0.2244644612,94.98589325,Sandstone
7.7721238136,2.3757317066,0.2215472609,93.606300354,Sandstone
7.7899799347,2.3744575977,0.2230956703,95.968505859,Sandstone
7.826982975,2.3838481903,0.2278759778,98.102035522,Sandstone
7.91711092,2.392052412,0.2282278389,97.648948669,Sandstone
7.9791965485,2.4025781155,0.2209517807,95.143699646,Sandstone
8.0165481567,2.427311182,0.2163829654,94.175849915,Sandstone
7.961622715,2.4578661919,0.2226097137,91.728179932,Sandstone
7.8857326508,2.4717392921,0.2314549088,88.66683197,Sandstone
7.8529515266,2.4656667709,0.2291303426,85.457679749,Sandstone
7.8458399773,2.4534137249,0.2124735862,78.876312256,Sandstone
7.8458380699,2.444681406,0.19217816,75.659446716,Sandstone
7.8440198898,2.4351787567,0.182777077,78.703407288,Sandstone
7.8330068588,2.4158964157,0.1840764731,80.61089325,Sandstone
7.7883849144,2.3889074326,0.1911148131,83.135818481,Sandstone
7.7269792557,2.3667533398,0.1994934827,86.781494141,Sandstone
7.7036190033,2.3602535725,0.2051204592,89.773620605,Sandstone
7.7065787315,2.3675537109,0.2070577741,92.300193787,Sandstone
7.7153334618,2.3805308342,0.205178991,93.312004089,Sandstone
7.7253689766,2.3932404518,0.2016450316,92.520835876,Sandstone
7.7236356735,2.4019603729,0.1985952109,90.5260849,Sandstone
7.6997022629,2.3946588039,0.1960454881,87.813652039,Sandstone
7.644879818,2.362626791,0.194860056,85.833992004,Sandstone
7.5787768364,2.3182985783,0.1959121376,88.591537476,Sandstone
7.5447039604,2.282043457,0.1998936385,93.451774597,Sandstone
7.5409169197,2.2631232738,0.2045033872,101.5296936,Sandstone
7.5401396751,2.2550384998,0.2063730806,107.96013641,Sandstone
7.5373888016,2.2466487885,0.204580009,110.86334991,Sandstone
7.5383267403,2.2334148884,0.2018694431,110.44635773,Sandstone
7.5416288376,2.2199053764,0.2008627653,109.93799591,Sandstone
7.5440282822,2.2179186344,0.1993353814,108.95636749,Sandstone
7.5476117134,2.2389724255,0.196404323,108.30183411,Sandstone
7.5521111488,2.2801201344,0.1942901611,107.80314636,Sandstone
7.5547842979,2.3200469017,0.1924676597,103.6838913,Sandstone
7.5557641983,2.3336489201,0.187302202,99.14780426,Sandstone
7.5504670143,2.311226368,0.1807764173,95.404037476,Sandstone
7.5342555046,2.2714636326,0.1816323847,95.717353821,Sandstone
7.5185642242,2.2384932041,0.1933837533,100.45783997,Sandstone
7.5137372017,2.2200658321,0.2109990269,107.40206146,Sandstone
7.5137724876,2.2142517567,0.2277568281,114.33398438,Sandstone
7.512980938,2.2192018032,0.2401086092,117.81954956,Sandstone
7.5129981041,2.2349846363,0.2488472313,117.87942505,Sandstone
7.5132656097,2.2589118481,0.2534789443,117.18717194,Sandstone
7.5124988556,2.280983448,0.2530480921,114.987854,Sandstone
7.5122418404,2.2909064293,0.2503868341,110.52853394,Sandstone
7.5129880905,2.2873942852,0.2500453591,106.87270355,Sandstone
7.5135073662,2.2778713703,0.2532606125,105.88516998,Sandstone
7.5134930611,2.2700419426,0.2558339536,105.67617798,Sandstone
7.5132699013,2.2660844326,0.25156793,106.14468384,Sandstone
7.5129876137,2.2647969723,0.2387291491,106.61819458,Sandstone
7.5134797096,2.2633156776,0.2270223945,106.83636475,Sandstone
7.5137667656,2.2621059418,0.2268954068,106.64157104,Sandstone
7.5134949684,2.2677419186,0.2347222865,105.76296234,Sandstone
7.5132741928,2.2893891335,0.2359599024,106.17667389,Sandstone
7.5129914284,2.331455946,0.2219090611,104.79281616,Sandstone
7.5134649277,2.3849005699,0.2012132108,100.94193268,Sandstone
7.5135450363,2.4270353317,0.1865412295,94.529525757,Sandstone
7.5125403404,2.4301087856,0.1828397214,87.204727173,Sandstone
7.5120005608,2.3853764534,0.1897111684,82.432411194,Sandstone
7.5124483109,2.3160898685,0.2027080804,81.917320251,Sandstone
7.5134506226,2.2561044693,0.216340825,85.10433197,Sandstone
7.5137777328,2.2238817215,0.2256726027,91.367454529,Sandstone
7.5146017075,2.2197422981,0.2282141447,98.405509949,Sandstone
7.5171041489,2.2372119427,0.2243748903,103.55200195,Sandstone
7.5171890259,2.2678489685,0.2134892642,104.05298615,Sandstone
7.5163674355,2.301825285,0.1965586096,102.75196838,Sandstone
7.5229039192,2.329985857,0.180320859,99.080711365,Sandstone
7.5342907906,2.3472716808,0.1738409549,96.458824158,Sandstone
7.5410666466,2.3562161922,0.180848524,95.960136414,Sandstone
7.542286396,2.362388134,0.1940508336,95.284614563,Sandstone
7.5407309532,2.3680818081,0.2035246342,94.062828064,Sandstone
7.5392165184,2.3729429245,0.2049873918,93.094978333,Sandstone
7.5407447815,2.3765125275,0.1991377324,90.677650452,Sandstone
7.5427060127,2.3794648647,0.1922080368,88.646324158,Sandstone
7.5430002213,2.3798906803,0.1888878495,88.917320251,Sandstone
7.5397043228,2.3725829124,0.1868035346,89.051673889,Sandstone
7.5240054131,2.3578140736,0.1835674196,91.038215637,Sandstone
7.4985733032,2.3407840729,0.1822513193,90.408958435,Sandstone
7.4827127457,2.324413538,0.1877071112,90.852523804,Sandstone
7.4802017212,2.3092262745,0.1987196803,92.715057373,Sandstone
7.481095314,2.2955136299,0.2079163641,95.501480103,Sandstone
7.4819893837,2.2864534855,0.2105916291,97.575790405,Sandstone
7.4814167023,2.2824077606,0.2093812972,100.67945862,Sandstone
7.4805059433,2.2801501751,0.209325403,102.21850586,Sandstone
7.4810814857,2.2784485817,0.2143001407,102.50721741,Sandstone
7.4819865227,2.2767539024,0.2254288644,103.31758881,Sandstone
7.4814333916,2.2751021385,0.2354099602,104.05905914,Sandstone
7.4803147316,2.2710802555,0.2370399237,104.6556778,Sandstone
7.4800000191,2.2677595615,0.2304999083,106.06380463,Sandstone
7.4800000191,2.2742743492,0.2202203125,105.28617096,Sandstone
7.4801893234,2.2860383987,0.2127167434,104.69397736,Sandstone
7.4812431335,2.2904858589,0.2105132639,104.07021332,Sandstone
7.4830327034,2.2855849266,0.2135747075,103.32184601,Sandstone
7.4836297035,2.2810249329,0.2172191888,102.96521759,Sandstone
7.4828352928,2.2827439308,0.2180165052,102.61351776,Sandstone
7.4823060036,2.2850749493,0.2160660326,101.61613464,Sandstone
7.4820213318,2.28170228,0.2108912468,100.59416199,Sandstone
7.4821581841,2.2747764587,0.2040996253,99.514274597,Sandstone
7.4825105667,2.2698996067,0.1991503686,99.211120605,Sandstone
7.4824876785,2.2697439194,0.1987057328,99.62172699,Sandstone
7.4819784164,2.2761614323,0.2043848336,101.27690125,Sandstone
7.4819073677,2.2912881374,0.2158112973,100.46653748,Sandstone
7.484459877,2.3137030602,0.228497237,99.685035706,Sandstone
7.4858160019,2.3386745453,0.2370689809,98.8489151,Sandstone
7.4838471413,2.3626093864,0.2386768013,95.746551514,Sandstone
7.4825134277,2.3862042427,0.233410567,92.355644226,Sandstone
7.4826555252,2.4123556614,0.2237680405,93.356300354,Sandstone
7.4828300476,2.4417748451,0.20969221,89.424209595,Sandstone
7.4823460579,2.4700834751,0.1888594478,84.194229126,Sandstone
7.482167244,2.4869587421,0.1615905613,81.554954529,Sandstone
7.4828157425,2.4810497761,0.132659331,72.016242981,Sandstone
7.4834842682,2.4468822479,0.1132514402,70.926177979,Sandstone
7.4833526611,2.3944714069,0.1118132621,76.837928772,Sandstone
7.4828367233,2.345156908,0.1287286729,82.482772827,Sandstone
7.4821929932,2.3154468536,0.157461524,92.40272522,Sandstone
7.4811964035,2.3044059277,0.1841015369,94.688980103,Sandstone
7.4803581238,2.2953577042,0.1960720122,93.980316162,Sandstone
7.4800000191,2.2762200832,0.1914942861,93.673881531,Sandstone
7.4804720879,2.2564520836,0.1791181415,92.855644226,Sandstone
7.4817547798,2.2546079159,0.1700716764,94.156494141,Sandstone
7.4823641777,2.2737250328,0.1690295041,93.737205505,Sandstone
7.4819998741,2.2961421013,0.1736510247,93.669128418,Sandstone
7.4816946983,2.3047106266,0.179010883,95.175689697,Sandstone
7.4807386398,2.2997312546,0.1831718385,95.154693604,Sandstone
7.4801502228,2.2921614647,0.1892679334,97.587760925,Sandstone
7.4807777405,2.2932605743,0.1995092183,97.986213684,Sandstone
7.4816269875,2.3115186691,0.2095285505,97.582679749,Sandstone
7.4817056656,2.3460562229,0.2116322815,94.313156128,Sandstone
7.4807529449,2.3789653778,0.2011155784,89.403053284,Sandstone
7.4800000191,2.3878366947,0.1822953969,86.089889526,Sandstone
7.4801440239,2.3670246601,0.1665769517,84.041992188,Limestone
7.4809045792,2.334603548,0.1618930548,85.179626465,Limestone
7.4823760986,2.3121564388,0.1675042659,89.769195557,Limestone
7.4833359718,2.3074681759,0.1758722365,95.289863586,Limestone
7.4829092026,2.3146352768,0.1836313456,98.173721313,Sandstone
7.4824748039,2.3230080605,0.1928251684,97.733757019,Sandstone
7.4821152687,2.3265964985,0.2034633607,97.092353821,Sandstone
7.4811868668,2.3280036449,0.2100830227,93.506401062,Sandstone
7.4816923141,2.3301925659,0.2087736875,91.191429138,Sandstone
7.4825253487,2.3381924629,0.2024209201,91.396820068,Sandstone
7.482738018,2.3534479141,0.195750311,92.572341919,Sandstone
7.4832115173,2.3711082935,0.1899774522,93.208007813,Sandstone
7.4824514389,2.3820848465,0.1844573021,94.729003906,Limestone
7.4820737839,2.3793613911,0.1784967035,92.748519897,Limestone
7.482527256,2.3668031693,0.1751207709,92.570045471,Limestone
7.4823451042,2.3558337688,0.1776733249,94.001480103,Limestone
7.4821829796,2.3518199921,0.1841610223,94.5625,Limestone
7.4825377464,2.3537569046,0.1894411594,95.559875488,Limestone
7.4829354286,2.3545076847,0.1917874813,96.370735168,Sandstone
7.4827132225,2.3519222736,0.193706587,95.754920959,Sandstone
7.4832282066,2.3487076759,0.1962897629,96.739494324,Sandstone
7.4813928604,2.3460757732,0.2010870427,97.181755066,Sandstone
7.4777154922,2.3442065716,0.2060438544,97.987197876,Sandstone
7.4782238007,2.3393027782,0.2106844485,98.184051514,Sandstone
7.4817004204,2.3331253529,0.2152706385,98.371063232,Sandstone
7.4823527336,2.3282532692,0.21982795,98.558067322,Sandstone
7.482064724,2.3270523548,0.2246152014,98.653785706,Sandstone
7.4820475578,2.3290274143,0.2273433506,98.747291565,Sandstone
7.4825325012,2.3286967278,0.2243384719,99.173721313,Sandstone
7.4823555946,2.3287408352,0.2154754847,99.006401062,Sandstone
7.4817385674,2.3333251476,0.2059546411,98.578575134,Sandstone
7.480424881,2.3446080685,0.2046443224,98.982772827,Sandstone
7.4800000191,2.3541815281,0.207777068,97.263618469,Sandstone
7.4801063538,2.3519861698,0.2061805576,96.052986145,Sandstone
7.4808855057,2.3431901932,0.2007882297,95.761810303,Sandstone
7.4823937416,2.3373191357,0.1987103969,96.165672302,Sandstone
7.4821953773,2.3390974998,0.2025991976,97.312660217,Sandstone
7.4804344177,2.3416571617,0.2066773623,96.784439087,Sandstone
7.4801006317,2.3418297768,0.2069087476,96.043304443,Sandstone
7.4808616638,2.3394618034,0.2030397654,94.649276733,Sandstone
7.4826841354,2.341814518,0.1948859394,93.098419189,Sandstone
7.4837098122,2.3519594669,0.1861331761,92.766403198,Sandstone
7.4822301865,2.3683178425,0.1782162338,92.575294495,Sandstone
7.4805378914,2.3826162815,0.1712662727,91.807571411,Sandstone
7.4808368683,2.3854513168,0.168423593,91.055114746,Sandstone
7.4823827744,2.3807771206,0.1701371968,90.422569275,Sandstone
7.4824357033,2.3769013882,0.1743727773,90.202262878,Sandstone
7.4817314148,2.3775122166,0.1740303338,89.900428772,Sandstone
7.4830985069,2.3793721199,0.1659856588,89.588745117,Sandstone
7.4840006828,2.3807723522,0.1534493715,88.477851868,Sandstone
7.4844341278,2.3831624985,0.1460704654,88.545768738,Sandstone
7.4878377914,2.3906505108,0.1494826823,89.47063446,Sandstone
7.4966564178,2.402797699,0.1571194828,89.732284546,Sandstone
7.5057086945,2.4143354893,0.1598321795,88.169937134,Sandstone
7.5101032257,2.4201395512,0.1551257074,87.437332153,Sandstone
7.5200705528,2.4140372276,0.1499014795,86.813972473,Sandstone
7.5368366241,2.4080717564,0.1560829729,87.840789795,Sandstone
7.5454487801,2.4133601189,0.1737302393,89.056350708,Sandstone
7.5462431908,2.4284424782,0.1862169653,88.297737122,Sandstone
7.5455217361,2.4426145554,0.1829527169,86.912231445,Sandstone
7.5351214409,2.4408459663,0.1693803817,85.865486145,Sandstone
7.5082564354,2.4282033443,0.1604998857,84.702758789,Sandstone
7.4872503281,2.4157495499,0.160365507,84.947181702,Sandstone
7.4829277992,2.4140322208,0.1627396792,85.87664032,Sandstone
7.4826164246,2.4151217937,0.1630811244,85.289863586,Sandstone
7.4830474854,2.4148962498,0.1569499522,85.514274597,Sandstone
7.4840006828,2.4138805866,0.1418273449,87.300033569,Sandstone
7.4851469994,2.4206674099,0.1244286746,87.724899292,Sandstone
7.4958825111,2.4261302948,0.1119537577,86.238845825,Sandstone
7.527964592,2.4172666073,0.1097539663,83.901573181,Limestone
7.5738511086,2.4035592079,0.1187313199,80.826774597,Limestone
7.6117110252,2.4007306099,0.1417794675,79.519363403,Limestone
7.626885891,2.4129445553,0.1789037287,80.387962341,Limestone
7.6096763611,2.4286122322,0.212475419,82.6353302,Sandstone
7.5666384697,2.4390294552,0.2207351178,81.092521667,SandstoneShale
7.5319347382,2.4433801174,0.1990019679,79.270996094,SandstoneShale
7.513463974,2.4368691444,0.168875128,77.788879395,SandstoneShale
7.4945249557,2.4291620255,0.1565697044,76.565124512,Sandstone
7.487953186,2.4200384617,0.1601103395,79.043800354,Sandstone
7.4887137413,2.4111516476,0.1657910794,81.753448486,Sandstone
7.4897933006,2.3989493847,0.1631828994,83.33152771,Sandstone
7.4903111458,2.3994398117,0.1539472342,85.895179749,Sandstone
7.492462635,2.4153707027,0.1455054581,86.891731262,Limestone
7.5094089508,2.4356594086,0.1434432715,86.484909058,Limestone
7.5324192047,2.4449839592,0.1495596617,85.707511902,Limestone
7.536318779,2.4328224659,0.1591316164,83.105804443,Limestone
7.5131173134,2.409070015,0.1630941182,83.225723267,Sandstone
7.4781870842,2.3849442005,0.1601316482,84.036087036,Sandstone
7.4585328102,2.3682897091,0.1576910019,85.961616516,Sandstone
7.4568295479,2.3654084206,0.1622917503,89.608596802,Sandstone
7.4551787376,2.3720114231,0.1733085513,89.871391296,Sandstone
7.4546585083,2.3861398697,0.1819636375,90.553146362,Sandstone
7.4584183693,2.3988423347,0.1817329973,90.149604797,Sandstone
7.4608478546,2.40265131,0.1770523936,89.501319885,Sandstone
7.4590415955,2.4029288292,0.1752897799,90.02116394,Sandstone
7.4567008018,2.3953077793,0.178655982,90.65813446,Sandstone
7.4584231377,2.3883383274,0.1836162359,91.250328064,Sandstone
7.461575985,2.380395174,0.184757039,92.162399292,Sandstone
7.463616848,2.3843529224,0.1798951626,90.167816162,Sandstone
7.4695353508,2.3871934414,0.1701828837,88.487037659,Sandstone
7.5035552979,2.372549057,0.1585499644,87.407974243,Sandstone
7.6446809769,2.304854393,0.144938007,87.964401245,Sandstone
7.9314284325,2.252761364,0.1329106241,89.590881348,Sandstone
8.2259483337,2.2345659733,0.1311450601,90.144683838,Sandstone
8.4461784363,2.2607655525,0.1421689391,92.013946533,Sandstone
8.6343011856,2.2787384987,0.1576499343,91.939788818,Sandstone
8.7223405838,2.2822217941,0.1594099402,90.843009949,Sandstone
8.7250366211,2.2797000408,0.143887341,89.944061279,Sandstone
8.7663230896,2.2796635628,0.1347240955,83.255081177,Sandstone
8.0606174469,2.4185326099,0.318179369,84.293304443,SandstoneShale
7.68764925,2.4460616112,0.2552446723,80.750656128,SandstoneShale
7.694920063,2.4609456062,0.1974064559,77.269683838,SandstoneShale
7.7520570755,2.460006237,0.1769143492,77.839569092,SandstoneShale
7.8124198914,2.4296629429,0.1827446222,79.697509766,SandstoneShale
7.854016304,2.3625059128,0.1878294647,79.733100891,SandstoneShale
7.9097166061,2.31412673,0.1834500432,79.290847778,SandstoneShale
8.0405626297,2.3176281452,0.1758583039,79.1198349,SandstoneShale
8.1866798401,2.3534612656,0.1751938462,79.026329041,SandstoneShale
8.3349552155,2.3882203102,0.1856046021,78.10433197,SandstoneShale
8.5975322723,2.3973045349,0.2018220425,76.768371582,SandstoneShale
8.8533725739,2.3954012394,0.2187691331,75.663711548,SandstoneShale
8.7774791718,2.3870954514,0.2380824238,75.950782776,SandstoneShale
8.5397748947,2.3761491776,0.2555015683,77.158294678,SandstoneShale
7.6051535606,2.4605090618,0.2012103051,75.124504089,SandstoneShale
7.657377243,2.4504549503,0.1578772068,72.260826111,SandstoneShale
7.6836872101,2.4472129345,0.1656467021,71.502952576,SandstoneShale
7.6797318459,2.434705019,0.2022476643,71.689964294,SandstoneShale
7.6749515533,2.4262471199,0.224695608,74.75491333,SandstoneShale
7.6518983841,2.4240891933,0.2207287401,79.13861084,SandstoneShale
7.6317415237,2.4257149696,0.2021582723,81.234413147,Sandstone
7.6524305344,2.4397695065,0.1846003681,82.106300354,Sandstone
7.7138037682,2.450922966,0.1761875898,81.458335876,Sandstone
7.7707886696,2.469060421,0.1771974862,79.671913147,Sandstone
7.8301978111,2.4628369808,0.1878058612,77.511802673,Sandstone
7.8126239777,2.4366509914,0.19442074,75.308891296,Sandstone
7.7290596962,2.3971338272,0.1816072315,73.660270691,Sandstone
7.7840900421,2.3795616627,0.1552653462,73.9635849,Sandstone
7.9654340744,2.413074255,0.1311886609,75.147964478,Sandstone
8.0601596832,2.4489405155,0.1428942382,75.501724243,Sandstone
7.9259338379,2.4690003395,0.1931904852,75.408218384,Sandstone
7.7749705315,2.4605836868,0.2329444885,74.852523804,Sandstone
7.6777176857,2.4583337307,0.2389046103,74.962760925,Sandstone
7.6001677513,2.4605903625,0.2268283963,75.705711365,SandstoneShale
7.5428929329,2.4570400715,0.2119518816,78.143707275,SandstoneShale
7.5153508186,2.4475600719,0.1976764649,81.272644043,SandstoneShale
7.5094799995,2.4453423023,0.1878749728,82.886810303,SandstoneShale
7.5092821121,2.4424760342,0.1839608699,83.363929749,SandstoneShale
7.5112500191,2.4337763786,0.1797363758,83.644439697,Sandstone
7.5131325722,2.4225137234,0.1729248613,86.004920959,Sandstone
7.5179915428,2.4071648121,0.1693232358,87.433067322,Sandstone
7.528447628,2.3975331783,0.1700853556,87.526573181,Sandstone
7.5367946625,2.3883697987,0.1720364392,85.374504089,Sandstone
7.5374455452,2.3847286701,0.1748959273,82.776901245,Sandstone
7.53211689,2.3878781796,0.1781574637,82.951446533,Sandstone
7.527367115,2.4046239853,0.1793059409,82.72883606,Sandstone
7.5353131294,2.4220798016,0.1782731712,84.715385437,SandstoneShale
7.5417675972,2.4187853336,0.1791704446,88.290847778,SandstoneShale
7.5429372787,2.3963570595,0.1896828711,89.824310303,SandstoneShale
7.5430002213,2.3743114471,0.2057980448,89.851051331,SandstoneShale
7.5430002213,2.3782711029,0.2155361325,87.525588989,SandstoneShale
7.5437598228,2.3974211216,0.2142588496,83.969978333,SandstoneShale
7.5486540794,2.4137346745,0.205518052,81.974571228,SandstoneShale
7.5607280731,2.4233307838,0.1970077157,80.97719574,SandstoneShale
7.5839533806,2.4185261726,0.1944225281,79.870574951,SandstoneShale
7.6085500717,2.4134726524,0.2025379986,81.912734985,SandstoneShale
7.6126785278,2.4056725502,0.218728736,84.002624512,SandstoneShale
7.5949578285,2.4111976624,0.2257114202,82.678642273,SandstoneShale
7.5761361122,2.4337162971,0.2085382342,78.022148132,SandstoneShale
7.5697402954,2.4865651131,0.176504463,75.01902771,SandstoneShale
7.5551075935,2.5439352989,0.1481326073,73.509841919,Limestone
7.5257468224,2.5930922031,0.1363887936,70.411087036,Limestone
7.4967803955,2.6020321846,0.1450583339,70.435035706,Limestone
7.4852881432,2.5749909878,0.1622573286,75.244087219,Limestone
7.4840006828,2.5198779106,0.1721975654,79.773612976,Limestone
7.4829068184,2.4560213089,0.1701949835,83.298881531,Limestone
7.4812688828,2.4177956581,0.1608472019,85.206695557,SandstoneShale
7.4817237854,2.4013741016,0.1554353684,85.580711365,SandstoneShale
7.4820923805,2.3900136948,0.1588806808,87.080711365,SandstoneShale
7.4808287621,2.3730080128,0.1653522402,87.100883484,SandstoneShale
7.4800958633,2.3563256264,0.1700475812,87.167480469,SandstoneShale
7.4803576469,2.3525257111,0.1725729257,87.764595032,SandstoneShale
7.4816131592,2.3517298698,0.1783651561,87.7967453,SandstoneShale
7.4820885658,2.3535580635,0.1873390228,89.065612793,SandstoneShale
7.4812035561,2.3513131142,0.1973464936,90.298225403,SandstoneShale
7.4820585251,2.3440687656,0.2036325485,90.727363586,SandstoneShale
7.482981205,2.3265385628,0.201923728,91.039039612,SandstoneShale
7.4825634956,2.3127586842,0.196872443,90.763122559,SandstoneShale
7.4821929932,2.305508852,0.1921837628,90.277557373,SandstoneShale
7.481218338,2.307751894,0.191348806,90.090553284,SandstoneShale
7.4820418358,2.313849926,0.1937624365,89.582023621,SandstoneShale
7.4836630821,2.3232076168,0.1969736964,88.675689697,SandstoneShale
7.4840006828,2.3352577686,0.2011861503,87.869255066,SandstoneShale
7.4840006828,2.3591160774,0.2019962817,87.879104614,SandstoneShale
7.4829721451,2.3819622993,0.1969655901,88.093009949,SandstoneShale
7.4820389748,2.3762338161,0.1910564303,88.375984192,Sandstone
7.4820795059,2.3589727879,0.1875316799,88.968177795,Sandstone
7.4819216728,2.3499519825,0.1856719404,88.970474243,Sandstone
7.4857969284,2.3548736572,0.1865974814,87.670600891,Sandstone
7.4908781052,2.375313282,0.1948583424,86.378440857,Sandstone
7.4926714897,2.3966269493,0.20933339,86.675682068,Sandstone
7.4947504997,2.3942072392,0.2216170579,87.76410675,Sandstone
7.4956126213,2.3712759018,0.2269596756,89.733261108,SandstoneShale
7.49771595,2.342684269,0.224085778,91.457672119,SandstoneShale
7.5049996376,2.3288476467,0.2141328156,91.391731262,SandstoneShale
7.5103974342,2.329577446,0.1996324658,91.089073181,SandstoneShale
7.5118660927,2.3375201225,0.1860614717,90.154029846,SandstoneShale
7.5120005608,2.3445186615,0.1731770635,89.176177979,SandstoneShale
7.5139608383,2.3486347198,0.1642852724,89.550193787,SandstoneShale
7.5217256546,2.3574910164,0.1656756103,87.543304443,SandstoneShale
7.5316567421,2.3727698326,0.1766573489,84.797897339,Sandstone
7.5375809669,2.3892257214,0.1889364272,84.189308167,Sandstone
7.5384902954,2.3947160244,0.1950680465,84.121063232,Sandstone
7.5365142822,2.3877520561,0.1928961575,86.293632507,Sandstone
7.5383076668,2.3728547096,0.1869680882,88.092849731,Sandstone
7.5415797234,2.3571608067,0.1851896644,87.693901062,Sandstone
7.5438036919,2.347424984,0.1854979396,87.569229126,Sandstone
7.5756306648,2.3463368416,0.1819012314,87.44455719,Sandstone
7.736676693,2.3543736935,0.1730003357,87.016731262,Sandstone
7.8001513481,2.3565502167,0.1688210666,86.315948486,Sandstone
7.8117957115,2.3509845734,0.1803367287,86.435691833,SandstoneShale
7.8234395981,2.3489916325,0.2061466873,86.891731262,SandstoneShale
7.5587568283,2.3220920563,0.2336965203,93.10055542,SandstoneShale
7.5735492706,2.2906229496,0.2313886881,96.381401062,SandstoneShale
7.5931682587,2.2742774487,0.2260462195,97.600639343,SandstoneShale
7.6152057648,2.272957325,0.2177233249,97.694145203,SandstoneShale
7.6241765022,2.28379035,0.2083840817,96.545272827,SandstoneShale
7.6255435944,2.3037719727,0.1990596801,93.802490234,SandstoneShale
7.6275839806,2.3218097687,0.1902082413,92.127296448,SandstoneShale
7.6288208961,2.3316271305,0.1818990409,91.282478333,SandstoneShale
7.6290006638,2.3288879395,0.1745701581,91.026901245,Sandstone
7.6281218529,2.3257846832,0.1699039787,91.919944763,Sandstone
7.6227588654,2.3252029419,0.1702369601,92.018699646,Sandstone
7.6154103279,2.3270359039,0.1736059487,91.845794678,Sandstone
7.6141576767,2.3234097958,0.1788860112,92.142715454,Sandstone
7.6191263199,2.3198664188,0.1857983619,91.997047424,Sandstone
7.623374939,2.3225007057,0.1922685057,91.51574707,Sandstone
7.6086959839,2.3280572891,0.1971621513,91.982933044,SandstoneShale
7.5824894905,2.3309962749,0.2007686943,92.606292725,SandstoneShale
7.5726733208,2.323551178,0.2049262077,93.643043518,SandstoneShale
7.5725207329,2.3140246868,0.2091455609,94.613189697,SandstoneShale
7.5727601051,2.3082203865,0.2133670002,94.148628235,SandstoneShale
7.5736021996,2.3123457432,0.2158982307,94.109580994,SandstoneShale
7.5739998817,2.3184800148,0.2126079202,93.768371582,SandstoneShale
7.5739998817,2.3210763931,0.2038049102,92.70866394,SandstoneShale
7.5739998817,2.3194973469,0.1932064444,93.648292542,SandstoneShale
7.5739998817,2.3168544769,0.1857759804,92.498191833,SandstoneShale
7.5737247467,2.3193473816,0.181530863,91.9739151,SandstoneShale
7.5726613998,2.327491045,0.1764012873,92.148292542,SandstoneShale
7.571419239,2.3437283039,0.1632946432,90.317588806,SandstoneShale
7.571814537,2.3629362583,0.1457204968,88.576774597,SandstoneShale
7.5725512505,2.3857324123,0.137134403,87.162071228,SandstoneShale
7.5721797943,2.409876585,0.1463914961,83.854164124,Sandstone
7.5720329285,2.427085638,0.1681295782,79.624504089,Sandstone
7.5709004402,2.4251475334,0.1899266988,80.611221313,Sandstone
7.567841053,2.4070780277,0.2056597322,83.147964478,Sandstone
7.5643205643,2.3858833313,0.2099003643,86.626480103,SandstoneShale
7.5632638931,2.3698658943,0.1984068602,90.182250977,SandstoneShale
7.5650887489,2.3523135185,0.1817457378,89.434555054,SandstoneShale
7.5686626434,2.3319480419,0.175158754,89.070373535,SandstoneShale
7.5734009743,2.321274519,0.1819714904,88.683227539,SandstoneShale
7.5763678551,2.3281810284,0.1936897784,90.613349915,SandstoneShale
7.5771799088,2.3373532295,0.1990795583,91.92716217,SandstoneShale
7.5883994102,2.3301942348,0.1959541887,93.054458618,SandstoneShale
7.6111688614,2.3112826347,0.191061452,93.448165894,SandstoneShale
7.6290955544,2.3076038361,0.1890941858,91.740158081,SandstoneShale
7.6421298981,2.3289518356,0.1873971671,88.726219177,SandstoneShale
7.6651935577,2.3606920242,0.181084767,86.470962524,SandstoneShale
7.6899266243,2.3858191967,0.1720715016,84.60433197,SandstoneShale
7.7027907372,2.4018986225,0.1660986394,84.105644226,SandstoneShale
7.7125787735,2.4136314392,0.1668767035,84.036087036,SandstoneShale
7.7216010094,2.4203145504,0.1769560575,84.874015808,SandstoneShale
7.7170920372,2.4192121029,0.1953990608,84.783790588,SandstoneShale
7.6869134903,2.4148702621,0.2125829458,84.097770691,SandstoneShale
7.6485652924,2.4052815437,0.2175872922,85.654525757,SandstoneShale
7.6347227097,2.3824362755,0.2097214311,88.296257019,SandstoneShale
7.6360325813,2.345243454,0.196380198,92.051017761,SandstoneShale
7.6350035667,2.3179018497,0.181511417,95.194389343,SandstoneShale
7.6356773376,2.3278799057,0.1657575369,92.547241211,SandstoneShale
7.6542377472,2.3662524223,0.1532745659,86.786087036,SandstoneShale
7.7446346283,2.3955698013,0.1502625495,83.066436768,Sandstone
7.9281568527,2.3916373253,0.1602608413,81.930282593,Sandstone
8.091135025,2.3721613884,0.1889826953,81.489822388,Sandstone
8.1433820724,2.3641197681,0.2303249091,83.382873535,Sandstone
8.127954483,2.3728821278,0.2590871751,86.967193604,Sandstone
8.1080570221,2.3926298618,0.2583785653,88.071525574,SandstoneShale
8.2286977768,2.413787365,0.2082201093,84.74786377,SandstoneShale
8.2633800507,2.4029664993,0.2119419277,79.798721313,SandstoneShale
8.2845497131,2.3973870277,0.2185404897,80.401901245,SandstoneShale
8.3386716843,2.3976740837,0.2219730169,79.716209412,SandstoneShale
8.4101600647,2.4049129486,0.2254303694,79.230316162,SandstoneShale
8.41173172,2.4178826809,0.2338101119,80.009849548,SandstoneShale
8.3056535721,2.4271347523,0.24289985,82.048065186,SandstoneShale
8.1908226013,2.4280028343,0.2457278073,81.461448669,SandstoneShale
8.1057491302,2.4274742603,0.2424838543,81.004318237,SandstoneShale
7.7892894745,2.4005651474,0.2153553814,83.413879395,SandstoneShale
7.9942150116,2.3890800476,0.2116730213,83.690452576,SandstoneShale
8.0061635971,2.397261858,0.2098136097,84.149604797,SandstoneShale
7.9470734596,2.4245610237,0.2014599591,83.351707458,SandstoneShale
7.9616699219,2.4585089684,0.1882894784,80.442420959,SandstoneShale
7.9681162834,2.4823024273,0.1791896373,78.908302307,Sandstone
7.9746203423,2.4841358662,0.1760577708,78.217025757,Sandstone
7.992975235,2.4698140621,0.1774033159,80.258369446,Sandstone
8.0293197632,2.450148344,0.1853207499,81.203086853,Sandstone
8.1050662994,2.4299976826,0.2010312974,84.401901245,Sandstone
8.2286119461,2.4192976952,0.222495079,86.696846008,Sandstone
8.3437385559,2.4308514595,0.2432280779,88.676506042,Sandstone
8.4036617279,2.4640214443,0.2553328574,86.868766785,Sandstone
8.4449243546,2.4993283749,0.2582027018,85.266731262,Sandstone
7.760951519,2.4177742004,0.1552978605,86.076766968,Sandstone
7.7193851471,2.4274482727,0.1551502198,81.521820068,Sandstone
7.7066440582,2.4412229061,0.1663262844,79.330215454,Sandstone
7.687104702,2.4343922138,0.1822609752,84.664367676,Sandstone
7.663608551,2.4060585499,0.1989677101,87.700790405,Sandstone
7.6886763573,2.3788838387,0.2051773071,87.350883484,Sandstone
7.8290657997,2.3711016178,0.1933084428,87.337104797,SandstoneShale
8.1326189041,2.3756976128,0.172583729,88.421257019,SandstoneShale
8.5511045456,2.3673007488,0.1628070772,88.606628418,SandstoneShale
8.7949028015,2.3427171707,0.1756291389,87.186027527,SandstoneShale
8.773018837,2.3230466843,0.202374965,83.754272461,SandstoneShale
8.7511358261,2.323217392,0.2297775745,78.887138367,SandstoneShale
8.7292518616,2.3377261162,0.2548214793,78.110229492,SandstoneShale
8.6963529587,2.3487427235,0.2771957815,79.403541565,SandstoneShale
8.7555885315,2.3495988846,0.2911547124,82.881233215,SandstoneShale
8.888215065,2.3399701118,0.3003261983,83.91683197,SandstoneShale
8.0720539093,2.3890488148,0.2063193023,91.314468384,SandstoneShale
8.1976976395,2.3726193905,0.1975474209,87.917320251,SandstoneShale
8.2399950027,2.3592891693,0.2200635225,84.332359314,SandstoneShale
8.2791500092,2.3557474613,0.2501365244,83.766403198,SandstoneShale
8.3699531555,2.3605008125,0.2588146329,84.188980103,SandstoneShale
7.6877818108,2.4926707745,0.2286076397,86.387634277,SandstoneShale
7.7504405975,2.4292576313,0.2228657454,91.187492371,SandstoneShale
7.7782239914,2.370793581,0.2298540026,89.566764832,SandstoneShale
7.7454705238,2.3574767113,0.2390546352,82.599243164,SandstoneShale
7.6833882332,2.4130060673,0.2450319529,81.570373535,SandstoneShale
7.6376037598,2.500565052,0.2452515811,78.037391663,SandstoneShale
7.6290006638,2.5505065918,0.2393769622,80.343833923,SandstoneShale
7.6290006638,2.5227546692,0.2280201912,88.618110657,SandstoneShale
7.6290006638,2.4424078465,0.211782828,95.866798401,SandstoneShale
7.6290006638,2.3556678295,0.1921515018,94.898620605,Sandstone
7.6290006638,2.2986123562,0.1766119748,93.776573181,Sandstone
7.6290006638,2.2792372704,0.1721495539,92.411087036,Sandstone
7.6291136742,2.2827353477,0.1784542203,92.95160675,Sandstone
7.6298012733,2.2841613293,0.1887689233,93.543800354,Sandstone
7.6308226585,2.2756216526,0.1996382624,96.279037476,Sandstone
7.6302733421,2.2591691017,0.2084662467,98.662727356,Sandstone
7.6290006638,2.24071908,0.2097530812,98.990158081,Sandstone
7.6290006638,2.2271568775,0.2034583986,100.13763428,Sandstone
7.6290006638,2.2187364101,0.1964191347,100.96374512,Sandstone
7.6290006638,2.2134745121,0.1937200427,101.35728455,Sandstone
7.6290006638,2.2106907368,0.1908179373,100.24671936,Sandstone
7.6296133995,2.2123527527,0.1767589748,100.00984192,Sandstone
7.6346149445,2.2267608643,0.1500100493,93.740158081,Sandstone
7.650806427,2.255320549,0.1259204596,86.602516174,Sandstone
7.676317215,2.3057131767,0.1244236007,78.670440674,Sandstone
7.6919250488,2.3740577698,0.1528638899,75.200790405,Sandstone
7.6894674301,2.4289195538,0.1934589595,78.503936768,Sandstone
7.6740012169,2.4493317604,0.2216023952,79.50705719,Sandstone
7.6499018669,2.4393889904,0.2308547497,82.349899292,Sandstone
7.6971292496,2.3846969604,0.1971975118,85.816932678,SandstoneShale
7.6738266945,2.3793570995,0.1995552182,86.515258789,SandstoneShale
7.6367206573,2.3786766529,0.2078310847,85.306594849,SandstoneShale
7.6254086494,2.3989667892,0.2170933634,83.87828064,SandstoneShale
7.6159090996,2.4233710766,0.2230098993,81.93372345,SandstoneShale
7.6014795303,2.4421312809,0.2266298234,81.240638733,SandstoneShale
7.6133666039,2.4344289303,0.2279978395,83.726867676,SandstoneShale
7.6563034058,2.4276268482,0.225395754,87.038383484,SandstoneShale
7.7022609711,2.4217216969,0.2152223289,87.038383484,Sandstone
7.7504315376,2.4068000317,0.2032476068,84.091209412,Sandstone
7.7408180237,2.3928272724,0.2008601725,82.188323975,Sandstone
7.7312049866,2.3950591087,0.2218870968,80.220474243,Sandstone
7.7245879173,2.4113564491,0.2590419352,78.891075134,Sandstone
7.7330303192,2.4273378849,0.2860193849,79.910926819,SandstoneShale
7.7419314384,2.4294626713,0.2956084609,81.219978333,SandstoneShale
7.7235050201,2.4133098125,0.2906340957,83.29839325,SandstoneShale
7.6874637604,2.3776347637,0.1933957785,85.453742981,SandstoneShale
7.7111101151,2.373696804,0.189344734,82.486221313,SandstoneShale
7.7182784081,2.368942976,0.1988057047,79.901573181,SandstoneShale
7.7113919258,2.3761513233,0.2086285502,78.221450806,SandstoneShale
7.7040901184,2.387969017,0.2073276192,81.208656311,SandstoneShale
7.7050242424,2.4019448757,0.2021581829,82.443077087,SandstoneShale
7.703523159,2.4167361259,0.210173741,84.103843689,SandstoneShale
7.6764369011,2.4269771576,0.2203326672,84.658462524,SandstoneShale
7.6962709427,2.397551775,0.2022546381,84.593505859,Sandstone
7.7014446259,2.3699102402,0.1885806173,84.926506042,Sandstone
7.6983456612,2.3538701534,0.1859503686,85.984901428,Sandstone
7.6966571808,2.3533792496,0.1880187541,86.497535706,Sandstone
7.6964898109,2.3690595627,0.1880817562,86.407974243,Sandstone
7.6977615356,2.3900744915,0.1862953901,85.040023804,SandstoneShale
7.6956739426,2.4101474285,0.1926252991,84.135826111,SandstoneShale
7.6943383217,2.4186761379,0.2106570452,83.18372345,SandstoneShale
7.6941695213,2.4224257469,0.2302884459,82.64402771,SandstoneShale
7.6879682541,2.4045548439,0.2400383949,83.373519897,SandstoneShale
7.6718239784,2.3844504356,0.2364126146,84.29511261,SandstoneShale
7.6526727676,2.383443594,0.2298645675,85.198982239,SandstoneShale
7.6411838531,2.3901970387,0.2306932807,84.27066803,SandstoneShale
7.6353144646,2.4075832367,0.2330003083,82.999343872,SandstoneShale
7.6397533417,2.4107124805,0.2324432284,82.94947052,SandstoneShale
7.6570854187,2.4033503532,0.2240033448,82.801177979,SandstoneShale
7.7030415535,2.3847830296,0.2135045528,82.452758789,SandstoneShale
7.7730722427,2.3716137409,0.2105810493,82.078742981,SandstoneShale
7.8342471123,2.3738982677,0.2159541547,82.590553284,SandstoneShale
7.8219246864,2.375317812,0.2248568237,83.878120422,SandstoneShale
7.7990989685,2.3436300755,0.2361906916,84.480804443,SandstoneShale
7.6493911743,2.3275899887,0.2601729631,84.416343689,SandstoneShale
7.6563091278,2.3082587719,0.2481540591,101.31348419,SandstoneShale
7.6596016884,2.315325737,0.2537087798,101.24671936,SandstoneShale
7.66441679,2.3155596256,0.2680047154,100.46046448,SandstoneShale
7.6895413399,2.3218333721,0.2773684859,99.743598938,SandstoneShale
7.7454333305,2.3243896961,0.2719590664,98.071685791,SandstoneShale
7.7073507309,2.5659708977,0.2339660227,77.940452576,SandstoneShale
7.5793719292,2.6060349941,0.2425684631,75.591369629,SandstoneShale
7.5555577278,2.587438345,0.2531405389,78.771492004,SandstoneShale
7.5550556183,2.5193936825,0.2609989643,83.356788635,SandstoneShale
7.5585513115,2.4282400608,0.2618821263,88.487205505,SandstoneShale
7.5656342506,2.3736009598,0.2536123991,92.696853638,Sandstone
7.5694365501,2.3447773457,0.2494939715,95.362205505,Sandstone
7.5699996948,2.318377018,0.2503705323,98.275588989,Sandstone
7.5699996948,2.2850606441,0.2576212287,101.32135773,Sandstone
7.5699996948,2.2640972137,0.2639234364,102.89616394,Sandstone
7.5699996948,2.2567913532,0.2639722526,103.89353943,Sandstone
7.5699996948,2.2607393265,0.2639400661,103.48408508,Sandstone
7.5691437721,2.2546072006,0.2605806887,101.47933197,Sandstone
7.5586075783,2.2605798244,0.2557177246,101.05544281,Sandstone
7.5487246513,2.2904913425,0.2523152232,100.18766022,Sandstone
7.5557694435,2.3017206192,0.25318259,98.667320251,Sandstone
7.5609073639,2.278468132,0.2556402683,98.575790405,Sandstone
7.5584626198,2.2584028244,0.252168566,97.374664307,Sandstone
7.5580296516,2.274160862,0.2414524704,93.324798584,Sandstone
7.562315464,2.311811924,0.2316194773,88.89238739,Sandstone
7.5629844666,2.3485832214,0.2268105596,85.947998047,Sandstone
7.563000679,2.3608322144,0.225604862,83.83316803,Sandstone
7.5621657372,2.3605306149,0.2262328267,84.789535522,Sandstone
7.5589647293,2.3323705196,0.2255802751,88.124183655,Sandstone
7.5556969643,2.3162662983,0.2248793542,89.918800354,Sandstone
7.5554375648,2.3054461479,0.2250156701,90.4375,Sandstone
7.5588636398,2.3065135479,0.225653559,90.687004089,Sandstone
7.5632219315,2.3056561947,0.2246237695,90.233268738,Sandstone
7.565202713,2.2947819233,0.2220187783,89.454071045,Sandstone
7.5656833649,2.2857532501,0.223187089,88.244255066,Sandstone
7.5636854172,2.2875459194,0.2320583761,87.259841919,Sandstone
7.5630331039,2.3123569489,0.2433263958,86.349082947,Sandstone
7.5634059906,2.3276665211,0.2509780228,87.418144226,Sandstone
7.5659866333,2.3142142296,0.2533319592,90.770179749,Sandstone
7.5692191124,2.2820973396,0.2509759367,93.353019714,Sandstone
7.5699615479,2.249423027,0.2471470535,95.280838013,Sandstone
7.5695986748,2.2376329899,0.2451696098,96.358757019,Sandstone
7.5678415298,2.2411191463,0.2482479811,96.443405151,Sandstone
7.567325592,2.2516548634,0.2498658597,96.137794495,Sandstone
7.5692653656,2.2571561337,0.2484160215,95.370079041,Sandstone
7.5699534416,2.256414175,0.2452510744,94.372703552,Sandstone
7.5699996948,2.260654211,0.2432812452,92.984909058,Sandstone
7.5751271248,2.2721333504,0.2443085909,91.636314392,Sandstone
7.6016201973,2.2873680592,0.2455480248,90.800361633,Sandstone
7.6588993073,2.3011291027,0.2462176979,91.449150085,Sandstone
7.7029671669,2.2997076511,0.2441269159,92.230316162,Sandstone
7.7073898315,2.2899241447,0.2381744981,92.26033783,Sandstone
7.7114429474,2.2859556675,0.2339354604,92.415847778,Sandstone
7.7246246338,2.2756381035,0.2329388857,92.941436768,Sandstone
7.7406058311,2.2684745789,0.2323475927,93.413879395,Sandstone
7.7389140129,2.2697398663,0.228745833,92.247703552,Sandstone
7.7227640152,2.2869210243,0.2262966633,90.776573181,Sandstone
7.7120828629,2.3140599728,0.2319874018,88.959968567,Sandstone
7.6562657356,2.3892090321,0.2430135757,82.131401062,SandstoneShale
7.6603131294,2.3798372746,0.2386424541,81.592514038,SandstoneShale
7.6689910889,2.3670828342,0.2343629003,81.695861816,SandstoneShale
7.6844468117,2.3645312786,0.2345617115,81.602363586,SandstoneShale
7.6930007935,2.3607206345,0.2390380055,82.134681702,SandstoneShale
7.692507267,2.3647079468,0.2466719151,82.91847229,SandstoneShale
7.6657619476,2.3773899078,0.2520712316,83.400100708,SandstoneShale
7.6379218102,2.393550396,0.2544453144,84.021003723,SandstoneShale
7.6469449997,2.4133219719,0.2554559112,84.269691467,SandstoneShale
7.6515750885,2.4261507988,0.2569092512,84.082679749,SandstoneShale
7.6523666382,2.4191706181,0.262567997,84.10433197,SandstoneShale
7.6547451019,2.4040386677,0.2687163353,84.74130249,SandstoneShale
7.6560940742,2.381221056,0.2708448768,85.63533783,SandstoneShale
7.6569123268,2.3767392635,0.2668542564,86.051422119,SandstoneShale
7.6723294258,2.3668210506,0.2550043762,86.144927979,SandstoneShale
7.7010445595,2.3616781235,0.2438684702,85.949798584,SandstoneShale
7.7124853134,2.3525984287,0.2435380071,85.209320068,SandstoneShale
7.7120265961,2.3570649624,0.2524406016,85.624343872,SandstoneShale
7.7428984642,2.3708283901,0.259676218,86.475395203,SandstoneShale
7.7782783508,2.3839373589,0.262149781,85.929786682,SandstoneShale
7.7859687805,2.3943343163,0.2641132474,86.236549377,SandstoneShale
7.6140441895,2.4251668453,0.2514993846,91.023620605,SandstoneShale
7.6219096184,2.3815631866,0.2544907928,91.634025574,SandstoneShale
7.6575584412,2.3533558846,0.2436228544,90.917160034,SandstoneShale
7.7350029945,2.3568408489,0.222312957,89.365646362,SandstoneShale
7.7968335152,2.3652780056,0.2139169872,87.37286377,SandstoneShale
7.7985215187,2.3687825203,0.2266772687,86.375488281,SandstoneShale
7.8066763878,2.352057457,0.2556913197,86.140991211,SandstoneShale
7.8063735962,2.3463132381,0.282027334,86.047485352,SandstoneShale
7.62834692,2.4126191139,0.285538584,88.812171936,SandstoneShale
7.6236982346,2.3820879459,0.2846258283,88.748191833,SandstoneShale
7.621137619,2.3613176346,0.2825384438,89.444389343,SandstoneShale
7.6260585785,2.3593497276,0.278118521,89.579727173,SandstoneShale
7.6287093163,2.3609523773,0.2707464695,89.290359497,SandstoneShale
7.6290006638,2.3543035984,0.2630060613,89.103347778,SandstoneShale
7.6290006638,2.3393409252,0.2586712837,89.167327881,Sandstone
7.6315484047,2.3149595261,0.2558098733,89.735404968,Sandstone
7.6421370506,2.2924880981,0.2554014325,90.435531616,Sandstone
7.6574234962,2.2868993282,0.2578291595,90.503448486,Sandstone
7.6675658226,2.2935295105,0.2575827539,89.91519165,SandstoneShale
7.6713752747,2.3067629337,0.2539840639,89.048225403,SandstoneShale
7.6719999313,2.3116025925,0.2550337017,88.455711365,SandstoneShale
7.6719999313,2.308478117,0.2601776719,88.482284546,SandstoneShale
7.6719999313,2.3029947281,0.2625675201,87.60433197,SandstoneShale
7.6723089218,2.3138968945,0.2605296969,86.82660675,SandstoneShale
7.6765193939,2.3361251354,0.2590007186,86.846290588,SandstoneShale
7.6845436096,2.3587272167,0.2586864829,86.531494141,SandstoneShale
7.678797245,2.3685362339,0.2568633258,87.009178162,SandstoneShale
7.6608257294,2.3679687977,0.2528961301,87.04019165,SandstoneShale
7.6577429771,2.3651721478,0.2501907945,86.229820251,SandstoneShale
7.6751446724,2.3558924198,0.2509700954,85.52116394,Sandstone
7.7061634064,2.337151289,0.2553836703,85.591697693,Sandstone
7.7318758965,2.3128983974,0.262655884,86.664367676,Sandstone
7.7185978889,2.3085083961,0.2726480961,87.050849915,Sandstone
7.677649498,2.3386859894,0.2839147151,86.339569092,SandstoneShale
7.6616802216,2.3838071823,0.2836918831,86.861221313,SandstoneShale
7.6731729507,2.4104011059,0.2696598172,87.943077087,SandstoneShale
7.6938142776,2.4038784504,0.2514795363,87.732444763,SandstoneShale
7.7014255524,2.3776650429,0.2426730245,87.686508179,SandstoneShale
7.6940646172,2.3590154648,0.2451950759,86.804298401,SandstoneShale
7.6845502853,2.3675410748,0.2508729696,84.974403381,SandstoneShale
7.6814308167,2.3944885731,0.2568140328,83.212593079,SandstoneShale
7.6919212341,2.4211764336,0.263956666,84.008201599,SandstoneShale
7.7257480621,2.4186446667,0.2666193247,85.658462524,SandstoneShale
7.7720880508,2.3920075893,0.2581379712,88.667808533,Sandstone
7.8276953697,2.356357336,0.239477247,91.394187927,Sandstone
7.8594489098,2.3335897923,0.2224763483,90.450286865,Sandstone
7.876853466,2.339754343,0.2214484513,86.738677979,Sandstone
7.8559131622,2.3738541603,0.2330289632,83.04133606,Sandstone
7.838242054,2.4270555973,0.2428488284,80.286087036,Sandstone
7.8264813423,2.4625740051,0.2438380718,79.199310303,Sandstone
7.8231377602,2.4695081711,0.2443675846,80.771484375,SandstoneShale
7.8473906517,2.4500732422,0.2534291744,83.698158264,SandstoneShale
7.5568799973,2.4369044304,0.2689217925,86.454231262,SandstoneShale
7.5483736992,2.4227566719,0.2755375803,86.527229309,SandstoneShale
7.5471973419,2.3648626804,0.2828896642,88.402557373,SandstoneShale
7.5464625359,2.2971897125,0.2865267396,92.053146362,SandstoneShale
7.5527505875,2.2477357388,0.2850281596,95.028213501,Sandstone
7.561270237,2.2237377167,0.2836375833,95.818901062,Sandstone
7.5655217171,2.2191233635,0.2848944068,96.153541565,Sandstone
7.5667104721,2.2233867645,0.2823504806,96.292160034,Sandstone
7.5682654381,2.2274386883,0.2734355032,95.721458435,Sandstone
7.5668244362,2.2271687984,0.2655630708,96.313644409,Sandstone
7.5701799393,2.224691391,0.2665792406,96.602355957,Sandstone
7.5983562469,2.2267811298,0.2716194689,95.716529846,Sandstone
7.6392145157,2.2407472134,0.2754433155,93.651580811,Sandstone
7.6677122116,2.2706565857,0.2782134116,90.846458435,Sandstone
7.6881012917,2.3059308529,0.2797881663,88.561019897,Sandstone
7.7005987167,2.3216867447,0.279527694,88.187004089,Sandstone
7.7046871185,2.3056659698,0.2785538435,89.305114746,Sandstone
7.7043814659,2.2740523815,0.2777706087,91.533958435,Sandstone
7.7003993988,2.252150774,0.2753694355,92.99130249,Sandstone
7.6943335533,2.2483668327,0.2700399458,92.180938721,Sandstone
7.6808404922,2.2527267933,0.2640821338,91.843009949,Sandstone
7.6635632515,2.2508738041,0.2642789185,92.895996094,Sandstone
7.6609516144,2.2364635468,0.2754805386,93.692588806,Sandstone
7.6740074158,2.2172827721,0.2907458246,95.206687927,Sandstone
7.6845231056,2.2085530758,0.2969418764,96.975715637,Sandstone
7.6881141663,2.2125165462,0.2906270921,97.66633606,Sandstone
7.6903896332,2.2225313187,0.2783726156,97.285430908,Sandstone
7.6926002502,2.2352230549,0.2699994445,96.880249023,SandstoneShale
7.6865749359,2.2500772476,0.2721615434,96.091697693,SandstoneShale
7.6515302658,2.2689118385,0.2812500298,94.162406921,SandstoneShale
7.5992102623,2.2863183022,0.2902031839,93.243766785,SandstoneShale
7.5692677498,2.2951419353,0.2962582707,92.594490051,SandstoneShale
7.5612959862,2.2907123566,0.3006264865,92.243110657,SandstoneShale
7.5602731705,2.276278019,0.3013651073,93.023292542,SandstoneShale
7.5619974136,2.2650380135,0.2926703095,92.050849915,SandstoneShale
7.5590543747,2.2661747932,0.2735283077,90.282478333,Sandstone
7.5520944595,2.2793271542,0.2512646019,88.107940674,Sandstone
7.5602970123,2.2968406677,0.2386825681,86.149772644,Sandstone
7.5959997177,2.3161537647,0.240616411,81.924705505,Sandstone
7.633146286,2.3411202431,0.2521514893,79.478675842,Sandstone
7.6531386375,2.3641691208,0.2653543949,81.232284546,Sandstone
7.6599998474,2.3624083996,0.2736696899,84.529525757,SandstoneShale
7.662027359,2.3270487785,0.2785547674,90.575462341,SandstoneShale
7.671816349,2.2808487415,0.2846988738,94.484916687,SandstoneShale
7.6860938072,2.2506494522,0.2919013202,95.032478333,SandstoneShale
7.6919183731,2.2421813011,0.2946005166,95.016899109,SandstoneShale
7.6902074814,2.2452578545,0.2897409499,94.218994141,SandstoneShale
7.6852760315,2.2466585636,0.2806057036,94.509353638,SandstoneShale
7.6744999886,2.2438626289,0.2695348561,95.279037476,SandstoneShale
7.6642389297,2.2410261631,0.2590194345,95.309707642,SandstoneShale
7.6603131294,2.2381334305,0.2569201291,92.212593079,SandstoneShale
7.6615409851,2.2637751102,0.265855372,87.961280823,SandstoneShale
7.6696882248,2.3281755447,0.2766768932,87.902229309,SandstoneShale
7.6847243309,2.3665430546,0.2842465937,89.413879395,Sandstone
7.6948022842,2.337695837,0.2937291861,93.949966431,Sandstone
7.6940574646,2.2692866325,0.3025800884,98.46522522,Sandstone
7.691696167,2.2139866352,0.2978847921,98.964569092,Sandstone
7.6932811737,2.1911635399,0.283651948,98.69783783,Sandstone
7.69526577,2.1878459454,0.2823748589,98.387794495,Sandstone
7.6950612068,2.1890056133,0.2992348075,98.481300354,Sandstone
7.6962137222,2.1837239265,0.3128753304,98.644523621,Sandstone
7.6986699104,2.1748502254,0.3090988398,99.199554443,Sandstone
7.6989998817,2.1735231876,0.2967537045,99.293067932,Sandstone
7.6959590912,2.1818833351,0.2841694653,99.297904968,Sandstone
7.6787858009,2.1913735867,0.2675843835,98.704727173,Sandstone
7.6441707611,2.194863081,0.2513546348,98.397148132,Sandstone
7.6142363548,2.1916995049,0.2484943867,98.425361633,Sandstone
7.6052360535,2.1893558502,0.2589879632,97.304458618,Sandstone
7.6096982956,2.1967947483,0.2695447505,96.467514038,Sandstone
7.6189365387,2.2152247429,0.2677816153,93.992454529,Sandstone
7.6250863075,2.2377171516,0.2598737478,92.230644226,Sandstone
7.6233673096,2.2524573803,0.258018434,91.102363586,Sandstone
7.6073088646,2.2519083023,0.2624070048,92.218177795,Sandstone
7.5706858635,2.2412085533,0.2640298009,94.169288635,Sandstone
7.5420255661,2.2295665741,0.2613927722,93.905509949,Sandstone
7.5472278595,2.2297074795,0.2601140738,92.758850098,Sandstone
7.5614624023,2.2464604378,0.2588924468,90.252296448,Sandstone
7.5670633316,2.2676541805,0.2553536296,88.875495911,Sandstone
7.5674238205,2.2807843685,0.2526076436,87.531005859,Sandstone
7.5677332878,2.2832651138,0.2556558251,87.395996094,Sandstone
7.5694823265,2.2801778316,0.2626508772,89.863189697,Sandstone
7.5684080124,2.268707037,0.2691442966,91.292152405,Sandstone
7.5651655197,2.2434175014,0.2704282701,92.635993958,Sandstone
7.563000679,2.2172863483,0.2606203556,93.535926819,Sandstone
7.5631556511,2.2109923363,0.2443648279,92.871879578,Sandstone
7.565328598,2.2401585579,0.2378636003,88.406661987,Sandstone
7.5789203644,2.3048791885,0.2450858504,86.073318481,SandstoneShale
7.6128473282,2.3791251183,0.2570114434,84.397644043,SandstoneShale
7.6525893211,2.4173057079,0.2594404221,84.912399292,SandstoneShale
7.6813020706,2.4008831978,0.2536253035,87.596946716,SandstoneShale
7.697906971,2.3607001305,0.2476343513,88.269523621,SandstoneShale
7.7028694153,2.3308069706,0.2498770654,89.890258789,SandstoneShale
7.7021121979,2.310600996,0.2620713711,92.656990051,Sandstone
7.6993770599,2.2831456661,0.2786799967,94.704727173,Sandstone
7.6987123489,2.2466669083,0.2896951437,97.768371582,Sandstone
7.6929035187,2.2154767513,0.2887859046,98.148132324,Sandstone
7.6684746742,2.203622818,0.2799589932,97.14730835,Sandstone
7.6219248772,2.2099013329,0.2738380134,96.056427002,Sandstone
7.5701770782,2.2228691578,0.2718147933,94.986221313,Sandstone
7.5412607193,2.2321972847,0.2621614039,94.470474243,Sandstone
7.5577816963,2.2418818474,0.2505225837,91.227363586,Sandstone
7.6091756821,2.2650039196,0.2468828708,85.698326111,Sandstone
7.6527242661,2.3115496635,0.2534662187,83.571685791,Sandstone
7.6659040451,2.3667142391,0.262429148,84.062004089,Sandstone
7.6658034325,2.3915462494,0.2700673342,87.440948486,Sandstone
7.6605358124,2.3541648388,0.2773697376,91.586288452,Sandstone
7.659137249,2.288115263,0.2805263996,93.365486145,Sandstone
7.6628899574,2.2370378971,0.2732169926,92.461616516,Sandstone
7.6624698639,2.2253205776,0.257237345,91.552986145,Sandstone
7.6595125198,2.2415866852,0.2420612872,89.747375488,Sandstone
7.6556963921,2.2664163113,0.2368194759,88.75,Sandstone
7.6524033546,2.2889962196,0.2392604798,87.378608704,Sandstone
7.6521229744,2.303845644,0.2421793193,87.685852051,Sandstone
7.6533265114,2.3108148575,0.2457407564,87.997528076,Sandstone
7.6559405327,2.312410593,0.2502512634,87.752624512,Sandstone
7.6560525894,2.3142564297,0.2544355989,87.379920959,Sandstone
7.6543564796,2.3200712204,0.2557987273,87.282730103,Sandstone
7.6544647217,2.3211500645,0.2522822022,87.189224243,Sandstone
7.6482415199,2.3123409748,0.2459875941,87.003936768,Sandstone
7.6345601082,2.3064861298,0.2408374548,85.230316162,Sandstone
7.6270499229,2.3193671703,0.2409379482,84.031166077,SandstoneShale
7.6268520355,2.3414447308,0.2480955571,83.757217407,SandstoneShale
7.6237664223,2.3435573578,0.2614955008,85.323822021,SandstoneShale
7.6132907867,2.3161578178,0.2776014209,87.306755066,Sandstone
7.578748703,2.2738926411,0.2866954207,90.625984192,Sandstone
7.5351948738,2.2419843674,0.2782407701,91.950790405,Sandstone
7.5213637352,2.2306728363,0.2522279918,91.041992188,Sandstone
7.5317277908,2.2485895157,0.2255669236,88.492126465,Sandstone
7.5521116257,2.2901244164,0.2123057991,84.38533783,Sandstone
7.5752887726,2.3499221802,0.2103454024,80.208824158,Sandstone
7.6047358513,2.4013319016,0.2121261507,77.335136414,Sandstone
7.6256942749,2.4262168407,0.2217054069,77.955207825,Sandstone
7.6122789383,2.4282791615,0.2377978414,80.237861633,Sandstone
7.5847959518,2.4091649055,0.244919464,84.133537292,Sandstone
7.571958065,2.3655910492,0.2401793599,87.186027527,Sandstone
7.5782084465,2.316163063,0.2410273701,88.484580994,Sandstone
7.6076321602,2.3060190678,0.2488763183,88.038375854,Sandstone
7.6366934776,2.3332071304,0.2567898929,86.315940857,SandstoneShale
7.6438617706,2.3567397594,0.2600291967,86.534942627,SandstoneShale
7.6425571442,2.3415229321,0.2617491186,89.160934448,SandstoneShale
7.6324300766,2.3138084412,0.2579075992,89.547737122,Sandstone
7.6252985001,2.2999424934,0.2534205019,88.816108704,Sandstone
7.6202673912,2.2895042896,0.2572460771,88.062988281,Sandstone
7.6027097702,2.2687091827,0.2648996115,88.513778687,Sandstone
7.5873394012,2.2419736385,0.2675684094,89.302497864,Sandstone
7.6041502953,2.2256381512,0.2632269263,90.453414917,Sandstone
7.6453294754,2.220375061,0.258901149,90.392715454,Sandstone
7.679394722,2.2215077877,0.2595419288,90.657150269,Sandstone
7.6994504929,2.2211091518,0.2646641731,90.968833923,Sandstone
7.7100191116,2.2196443081,0.2771106362,92.795265198,Sandstone
7.733279705,2.2141535282,0.2866841257,93.895011902,Sandstone
7.7261838913,2.2102191448,0.2864355147,94.501968384,Sandstone
7.7190880775,2.2105677128,0.2772807479,94.312255859,Sandstone
7.7119922638,2.2119143009,0.2682316899,94.031745911,Sandstone
7.7009525299,2.2212545872,0.2601004541,92.396820068,Sandstone
7.6762084961,2.2533771992,0.2544153929,89.376480103,SandstoneShale
7.6766448021,2.3152024746,0.2524273098,87.241470337,SandstoneShale
7.6894688606,2.3816001415,0.2527228296,86.287719727,SandstoneShale
7.7045435905,2.416220665,0.254394412,84.603355408,SandstoneShale
7.7004857063,2.4117751122,0.2551108599,85.083007813,SandstoneShale
7.6427021027,2.4016201496,0.2531014681,85.676177979,SandstoneShale
7.5749597549,2.4043748379,0.2542048097,84.559059143,SandstoneShale
7.5635480881,2.4211952686,0.2591761351,85.400428772,SandstoneShale
7.5641083717,2.4268097878,0.2715814412,86.100547791,SandstoneShale
7.5685853958,2.4111926556,0.2819333971,87.743103027,SandstoneShale
7.5725479126,2.3647396564,0.2853886783,89.33694458,SandstoneShale
7.5723891258,2.3101680279,0.2866183221,91.268539429,SandstoneShale
7.5721592903,2.2643761635,0.2872441411,92.412895203,SandstoneShale
7.5723514557,2.2422504425,0.2888654172,94.258041382,SandstoneShale
7.5724716187,2.2383944988,0.2834380567,93.558891296,SandstoneShale
7.5705986023,2.2503714561,0.2712193727,92.532478333,SandstoneShale
7.5674033165,2.2792189121,0.2618623674,91.692588806,Sandstone
7.5634961128,2.3190379143,0.2547445893,89.887962341,Sandstone
7.5632724762,2.3430528641,0.2540839016,90.553642273,Sandstone
7.5653996468,2.3354680538,0.2549219131,92.258041382,Sandstone
7.5671043396,2.3082704544,0.2522942126,93.080871582,Sandstone
7.566742897,2.2805888653,0.2463361323,92.825790405,Sandstone
7.5655636787,2.2675280571,0.2424224019,91.462265015,Sandstone
7.5637402534,2.2637729645,0.2481728643,89.390419006,Sandstone
7.5670824051,2.272949934,0.2573866546,88.641731262,SandstoneShale
7.5770668983,2.2774760723,0.261400491,88.715553284,SandstoneShale
7.6001372337,2.2830309868,0.2570964396,87.936347961,SandstoneShale
7.6226329803,2.2780809402,0.2523230016,88.561019897,Sandstone
7.6244330406,2.2695920467,0.2543432713,90.063652039,Sandstone
7.613161087,2.2525291443,0.2572065294,91.482933044,Sandstone
7.5887217522,2.2374842167,0.249955222,92.101379395,Sandstone
7.5658917427,2.2355217934,0.2372500449,92.037399292,Sandstone
7.5592617989,2.2488186359,0.2282952964,89.10761261,Sandstone
7.5575885773,2.2896630764,0.2275088578,84.89566803,Sandstone
7.5551829338,2.3382098675,0.2294649184,82.41469574,SandstoneShale
7.544239521,2.3891639709,0.2257162482,80.419944763,Sandstone
7.5363202095,2.4102957249,0.2243955135,80.221458435,Sandstone
7.539899826,2.4078035355,0.2312054485,80.501968384,Sandstone
7.5603461266,2.41066432,0.2436207086,81.980148315,SandstoneShale
7.5973992348,2.4029757977,0.2510873675,83.934059143,SandstoneShale
7.6409673691,2.363714695,0.2490496337,87.33694458,SandstoneShale
7.6744160652,2.3076262474,0.2444778532,89.106964111,SandstoneShale
7.6885662079,2.2720527649,0.2470297217,89.688491821,Sandstone
7.6965699196,2.2705626488,0.2543387711,90.093666077,Sandstone
7.6999797821,2.267074585,0.2571848333,90.474899292,Sandstone
7.7238779068,2.247328043,0.2492503077,91.326278687,Sandstone
7.7879257202,2.2312538624,0.2357774526,92.038223267,Sandstone
7.8535609245,2.2299981117,0.2330258638,90.670440674,Sandstone
7.8786673546,2.2589840889,0.2448823005,88.533950806,Sandstone
7.8830089569,2.3167383671,0.2593418658,86.305114746,SandstoneShale
7.883207798,2.3830552101,0.2700735629,83.685691833,SandstoneShale
7.8834066391,2.4332718849,0.2717088461,80.896156311,SandstoneShale
7.8801403046,2.437081337,0.2616714537,79.115974426,SandstoneShale
7.7840008736,2.4186248779,0.2459803671,80.235565186,SandstoneShale
7.6394815445,2.3957126141,0.2295482457,80.009841919,SandstoneShale
7.5707087517,2.3777880669,0.2291437536,80.487533569,SandstoneShale
7.5611619949,2.3735256195,0.2465607524,80.198822021,SandstoneShale
7.5526642799,2.3762209415,0.2651320994,80.86958313,SandstoneShale
7.5510001183,2.3698542118,0.275844574,83.786911011,SandstoneShale
7.5510077477,2.3487095833,0.2772493362,86.204063416,SandstoneShale
7.5514473915,2.3237292767,0.2731146514,88.379920959,SandstoneShale
7.5523824692,2.3003463745,0.2624458373,89.270675659,SandstoneShale
7.5484786034,2.3057031631,0.2461723834,87.487197876,SandstoneShale
7.5295510292,2.33045578,0.2317958921,85.630409241,SandstoneShale
7.51998806,2.3660180569,0.228012085,85.455215454,Sandstone
7.5664305687,2.3742539883,0.2379511446,85.295768738,Sandstone
7.6368832588,2.3529493809,0.2534538805,86.294776917,Sandstone
7.6698999405,2.3276913166,0.2662462294,88.029685974,Sandstone
7.6761217117,2.3073589802,0.2691540122,89.969322205,Sandstone
7.6751236916,2.2826936245,0.2665122747,92.664863586,Sandstone
7.6700539589,2.2471926212,0.2665939033,94.566108704,Sandstone
7.6789340973,2.2067575455,0.2666464448,95.695541382,Sandstone
7.7014145851,2.1912255287,0.2625680864,94.614173889,Sandstone
7.736061573,2.2065119743,0.256960541,92.87828064,Sandstone
7.7684955597,2.2394051552,0.2563094497,91.81627655,SandstoneShale
7.7754182816,2.277941227,0.2635060847,89.507385254,SandstoneShale
7.7720761299,2.3134191036,0.2713652849,87.880088806,SandstoneShale
7.7639279366,2.3435628414,0.2766031027,86.330383301,SandstoneShale
7.7573442459,2.3610572815,0.2790943086,85.369094849,SandstoneShale
7.7497844696,2.3547284603,0.2814892828,85.313980103,SandstoneShale
7.7226314545,2.3485076427,0.281163007,86.298881531,SandstoneShale
7.6721644402,2.3408977985,0.2743306756,87.168304443,SandstoneShale
7.6366176605,2.3516719341,0.2669806182,87.916664124,SandstoneShale
7.6398239136,2.3534269333,0.2665166557,87.772476196,SandstoneShale
7.6660995483,2.3602702618,0.2657606602,88.099899292,SandstoneShale
7.7195668221,2.3529086113,0.2570706308,88.251480103,SandstoneShale
7.7855238914,2.356710434,0.2457147986,87.982444763,SandstoneShale
7.8655567169,2.3644664288,0.2397035211,87.670768738,SandstoneShale
7.9368729591,2.4088671207,0.250313729,86.667480469,SandstoneShale
7.9456105232,2.4409201145,0.2802525759,86.065940857,SandstoneShale
7.8897843361,2.4698290825,0.3057868779,86.363189697,SandstoneShale
7.8350434303,2.4612686634,0.3072291017,87.848587036,SandstoneShale
7.8364949226,2.46372509,0.2808499336,89.723258972,SandstoneShale
7.831908226,2.4511551857,0.2600969672,89.218994141,SandstoneShale
7.8048510551,2.4288775921,0.2582023442,87.053962708,SandstoneShale
7.7756505013,2.3978970051,0.265404135,86.365394592,SandstoneShale
7.7730517387,2.3847494125,0.2712994814,86.645904541,SandstoneShale
7.7766718864,2.3843460083,0.2657600939,87.004837036,SandstoneShale
7.7777895927,2.377525568,0.2506462336,87.410018921,SandstoneShale
7.7796888351,2.3554258347,0.2338650227,85.968505859,SandstoneShale
7.7730369568,2.3367452621,0.2259359956,83.993438721,SandstoneShale
7.7456159592,2.360016346,0.2366917282,82.989501953,SandstoneShale
7.7150321007,2.408727169,0.2578286231,82.634841919,SandstoneShale
7.6933736801,2.433580637,0.2698979676,84.77935791,SandstoneShale
7.6903543472,2.4059994221,0.2754297256,87.74786377,SandstoneShale
7.7419581413,2.344935894,0.2768948078,89.621551514,SandstoneShale
7.7901077271,2.2974767685,0.2754165232,91.8853302,SandstoneShale
7.7732348442,2.276119709,0.2725389302,92.511642456,SandstoneShale
7.7424545288,2.2613546848,0.274764806,91.701278687,SandstoneShale
7.7227082253,2.2654936314,0.2838995457,90.667488098,SandstoneShale
7.7379522324,2.2857613564,0.287156105,90.891899109,SandstoneShale
7.7902007103,2.3089432716,0.2794609368,90.415351868,SandstoneShale
7.8142089844,2.3098824024,0.2719969749,90.117454529,SandstoneShale
7.8154172897,2.2958300114,0.2743759453,89.679954529,SandstoneShale
7.810172081,2.3039028645,0.2814235389,87.767219543,SandstoneShale
7.8103013039,2.3272442818,0.2828058004,86.423713684,SandstoneShale
7.8056793213,2.3440587521,0.2810122073,85.934875488,SandstoneShale
7.7980670929,2.348585844,0.2810598612,85.893699646,SandstoneShale
7.8160114288,2.3624808788,0.2854946256,85.928474426,SandstoneShale
7.8580470085,2.3768429756,0.2877207696,85.80380249,SandstoneShale
7.8577528,2.3908407688,0.2823012173,85.643699646,SandstoneShale
7.7674818039,2.3922998905,0.2748281956,85.456695557,SandstoneShale
7.6661820412,2.3879022598,0.2666701376,86.041992188,SandstoneShale
7.633810997,2.383667469,0.2637072802,87.366134644,SandstoneShale
7.6310887337,2.3652637005,0.2718508542,89.425849915,SandstoneShale
7.6364750862,2.3334577084,0.2860627174,91.912399292,SandstoneShale
7.6474647522,2.2997245789,0.2971787155,93.861213684,SandstoneShale
7.6693887711,2.2759933472,0.3048126996,94.905349731,SandstoneShale
7.6914548874,2.2629854679,0.3126474023,94.197998047,SandstoneShale
7.6983394623,2.264071703,0.3182200193,92.390258789,SandstoneShale
7.6997175217,2.2874612808,0.3142642379,90.177001953,SandstoneShale
7.7040290833,2.32087183,0.3042372465,89.302658081,SandstoneShale
7.7173089981,2.3426368237,0.2916281521,89.897148132,SandstoneShale
7.7470383644,2.3360702991,0.2872022688,90.387306213,SandstoneShale
7.801612854,2.3116724491,0.2962093055,90.197998047,SandstoneShale
7.8547873497,2.2899682522,0.309813261,89.512306213,SandstoneShale
7.8726530075,2.2916843891,0.3171414435,88.662567139,SandstoneShale
7.8709487915,2.3208556175,0.3147999048,87.436676025,SandstoneShale
7.8589730263,2.357499361,0.3113139272,86.132873535,SandstoneShale
7.8381094933,2.383767128,0.31029284,84.754592896,SandstoneShale
7.8107714653,2.3905344009,0.3102847636,84.30544281,SandstoneShale
7.7829823494,2.3826913834,0.3052199781,84.897636414,SandstoneShale
7.7264180183,2.3629763126,0.2911255062,86.492286682,SandstoneShale
7.6538376808,2.3373067379,0.2702710032,88.984741211,SandstoneShale
7.6309781075,2.2984948158,0.2487535179,90.470962524,Sandstone
7.6290006638,2.2677488327,0.2289088964,90.154693604,Sandstone
7.6290006638,2.2526209354,0.2149700373,87.972930908,Sandstone
7.6290006638,2.2693943977,0.2139214724,84.886810303,Sandstone
7.6290006638,2.2963960171,0.2277103215,82.789039612,Sandstone
7.6303491592,2.321543932,0.2469780445,82.954399109,Sandstone
7.6388821602,2.3247509003,0.2636812627,84.451774597,Sandstone
7.6495842934,2.3052339554,0.2755854726,86.158630371,Sandstone
7.6519994736,2.284724474,0.2820847034,88.243934631,SandstoneShale
7.6519994736,2.2833509445,0.2785737813,88.98474884,SandstoneShale
7.6519994736,2.2984814644,0.2655806243,88.771492004,SandstoneShale
7.6519994736,2.3104403019,0.248282373,89.356300354,SandstoneShale
7.6519994736,2.3073649406,0.2367573678,89.277557373,SandstoneShale
7.6579141617,2.3150997162,0.23367396,87.164367676,SandstoneShale
7.6815843582,2.3481180668,0.2319301069,84.820213318,SandstoneShale
7.7239618301,2.3973369598,0.2275428176,83.345474243,SandstoneShale
7.7482709885,2.4311079979,0.2239263058,81.826438904,SandstoneShale
7.712249279,2.4345846176,0.2283250093,81.646812439,SandstoneShale
7.6549434662,2.4344475269,0.2386766821,80.531990051,SandstoneShale
7.6293768883,2.4387686253,0.2509615123,79.300361633,SandstoneShale
7.6314873695,2.4577877522,0.26197806,81.175033569,SandstoneShale
7.6593561172,2.4576916695,0.2707341909,83.188484192,SandstoneShale
7.7000675201,2.4298787117,0.2738637626,85.07988739,SandstoneShale
7.7290616035,2.3880648613,0.2728213072,86.27066803,SandstoneShale
7.7417111397,2.362392664,0.2622221112,86.540351868,SandstoneShale
7.7383332253,2.3369774818,0.2468182594,87.380081177,SandstoneShale
7.7347545624,2.3006076813,0.2403621674,89.576278687,SandstoneShale
7.7435774803,2.260342598,0.2474909723,91.293792725,SandstoneShale
7.744228363,2.2552359104,0.2584483027,90.568725586,SandstoneShale
7.7092599869,2.2839357853,0.2651543319,89.08152771,SandstoneShale
7.6558537483,2.3149294853,0.2670640051,87.337104797,SandstoneShale
7.641977787,2.3233194351,0.2672437429,86.953407288,SandstoneShale
7.6587090492,2.3091213703,0.26033476,89.154853821,SandstoneShale
7.6804876328,2.2871022224,0.2527809739,91.271652222,SandstoneShale
7.7023034096,2.2702019215,0.2528573275,92.41469574,SandstoneShale
7.7214126587,2.2620165348,0.2583324015,93.721122742,SandstoneShale
7.7408738136,2.2626721859,0.2590121031,93.521652222,SandstoneShale
7.7533354759,2.2786762714,0.2493217438,90.224403381,SandstoneShale
7.7333555222,2.3194792271,0.2395763099,85.650588989,SandstoneShale
7.7164258957,2.3884897232,0.2376593053,80.581199646,SandstoneShale
7.7348399162,2.4550254345,0.2414871454,77.863349915,SandstoneShale
7.7565431595,2.4723677635,0.2460450679,77.052986145,SandstoneShale
7.7989931107,2.442565918,0.2476270944,78.063484192,SandstoneShale
7.8423542976,2.3923137188,0.2477096766,81.010498047,SandstoneShale
7.847026825,2.3599119186,0.2502520382,82.776901245,SandstoneShale
7.8382973671,2.3517665863,0.26126194,84.45816803,SandstoneShale
7.8493180275,2.3719909191,0.2742547989,85.331199646,SandstoneShale
7.8356690407,2.4095361233,0.2835918069,85.633857727,SandstoneShale
7.8165888786,2.4523859024,0.2817289531,84.994094849,SandstoneShale
7.8333163261,2.4708807468,0.2680046558,85.180938721,SandstoneShale
7.8466601372,2.4571182728,0.2545754015,87.352851868,SandstoneShale
7.848285675,2.4256768227,0.2501799464,86.167320251,SandstoneShale
7.8505091667,2.401761055,0.2556497455,83.94619751,SandstoneShale
7.8535404205,2.3838522434,0.2628592551,82.858924866,SandstoneShale
7.8527889252,2.3701283932,0.2614913285,83.669288635,SandstoneShale
7.8477478027,2.3583748341,0.2511610389,84.108840942,SandstoneShale
7.8347668648,2.357606411,0.2433082759,83.890663147,SandstoneShale
7.810022831,2.3626737595,0.2494797558,83.617126465,SandstoneShale
7.7883071899,2.3674068451,0.2662216723,83.089241028,SandstoneShale
7.7806191444,2.3695905209,0.2751907408,82.627952576,SandstoneShale
7.7728013992,2.3690764904,0.2743866146,82.966537476,SandstoneShale
7.7422385216,2.3750734329,0.2705844641,83.09563446,SandstoneShale
7.6877303123,2.3958063126,0.2723956704,82.02936554,SandstoneShale
7.6467857361,2.4200434685,0.2813227475,80.513290405,SandstoneShale
7.6397528648,2.4274380207,0.2868926823,79.373519897,SandstoneShale
7.6491918564,2.4101955891,0.2857309282,79.520835876,SandstoneShale
7.6474003792,2.3829112053,0.2822733819,80.831199646,SandstoneShale
7.6340560913,2.3606276512,0.2806045413,82.420768738,SandstoneShale
7.6309738159,2.3414933681,0.2788754404,84.826934814,SandstoneShale
7.6359777451,2.3148210049,0.2742959857,86.222434998,SandstoneShale
7.6425600052,2.2817146778,0.2688930631,88.700454712,SandstoneShale
7.6416573524,2.253203392,0.2653445601,90.366142273,SandstoneShale
7.6300806999,2.2367582321,0.2640140951,90.57283783,SandstoneShale
7.627617836,2.2288768291,0.2661667764,89.738517761,SandstoneShale
7.6459841728,2.2256309986,0.269128263,89.00164032,SandstoneShale
7.6708722115,2.229855299,0.2705457509,89.754432678,SandstoneShale
7.6674151421,2.2397668362,0.2705581486,90.434875488,SandstoneShale
7.6366868019,2.2501664162,0.2709220648,91.056594849,SandstoneShale
7.6152024269,2.2508745193,0.2711978853,91.355796814,SandstoneShale
7.6054000854,2.2446894646,0.269970715,91.527557373,SandstoneShale
7.5912232399,2.2410588264,0.2633855343,90.761154175,SandstoneShale
7.5767588615,2.2517616749,0.2476953119,89.768699646,Sandstone
7.5707159042,2.2740867138,0.230334267,88.353019714,Sandstone
7.5709953308,2.2940351963,0.2148863822,86.910102844,Sandstone
7.5812029839,2.3034462929,0.2000442445,85.643699646,Sandstone
7.6110501289,2.3145778179,0.1900000572,84.076118469,Sandstone
7.6523575783,2.350703001,0.1918568462,79.706695557,Sandstone
7.682592392,2.4119393826,0.2087229043,76.276573181,Sandstone
7.6942224503,2.469168663,0.2356663644,74.750328064,Sandstone
7.6948471069,2.4809970856,0.2637738585,77.541007996,Sandstone
7.6786785126,2.4372215271,0.2833921313,84.466537476,Sandstone
7.6494779587,2.3714096546,0.2905712128,90.76738739,Sandstone
7.633020401,2.3164885044,0.2897290289,92.539039612,Sandstone
7.6307759285,2.2843675613,0.2849856615,92.886314392,Sandstone
7.6297712326,2.2756597996,0.2724020779,91.742622375,Sandstone
7.6318273544,2.2901268005,0.2490248978,88.706695557,Sandstone
7.6465463638,2.3200535774,0.2258026302,85.899597168,Sandstone
7.6734423637,2.3476092815,0.2183816135,82.969818115,Sandstone
7.6953744888,2.3572547436,0.2328865826,81.457015991,Sandstone
7.7011375427,2.3487052917,0.2580965161,80.669288635,Sandstone
7.6932520866,2.3351893425,0.2758200765,81.422569275,Sandstone
7.6822834015,2.3258469105,0.2791672349,82.854492188,SandstoneShale
7.6768631935,2.3199186325,0.2726183832,83.659942627,SandstoneShale
7.6761617661,2.3116593361,0.2628801167,85.698493958,SandstoneShale
7.6871504784,2.2972652912,0.2514786124,87.981300354,SandstoneShale
7.7259941101,2.287037611,0.2386399359,90.499504089,Sandstone
7.7874155045,2.2986030579,0.2240280658,92.145179749,Sandstone
7.8357334137,2.3363630772,0.2093831599,91.274932861,Sandstone
7.861451149,2.3825495243,0.2014277577,88.047241211,Sandstone
7.883480072,2.4155728817,0.2016694695,84.827262878,Sandstone
7.90335989,2.4345469475,0.2084294856,81.75705719,Sandstone
7.9176402092,2.4528408051,0.2228983641,80.147636414,Sandstone
7.900727272,2.4751031399,0.2450609058,80.019683838,SandstoneShale
7.8354215622,2.4935894012,0.2675119638,80.113189697,SandstoneShale
7.7966971397,2.454079628,0.2821577787,83.461776733,SandstoneShale
7.8615813255,2.4006195068,0.2763433754,84.956199646,SandstoneShale
7.9173583984,2.3606276512,0.2748761773,86.647476196,SandstoneShale
7.9387326241,2.3559801579,0.2772902548,86.760498047,SandstoneShale
7.9217977524,2.3810098171,0.2780078948,85.490158081,SandstoneShale
7.8752980232,2.4096996784,0.2740921378,84.118774414,SandstoneShale
7.8324537277,2.4278481007,0.2701853812,82.954063416,SandstoneShale
7.8838920593,2.3730072975,0.2791485786,83.957351685,SandstoneShale
7.8840985298,2.3879086971,0.2829507589,83.718505859,SandstoneShale
7.8807616234,2.4064064026,0.2781735659,83.696853638,SandstoneShale
7.8665938377,2.4158680439,0.2663451731,84.436027527,SandstoneShale
7.63945961,2.4180061817,0.2838482559,84.337104797,SandstoneShale
7.6565918922,2.3818764687,0.2845979333,85.481460571,SandstoneShale
7.6644253731,2.3323783875,0.2743348777,87.50328064,SandstoneShale
7.6540131569,2.2867410183,0.2568403184,89.543312073,Sandstone
7.63742733,2.2581579685,0.2385376394,90.258201599,Sandstone
7.6295528412,2.2480666637,0.224313423,88.016731262,Sandstone
7.6313848495,2.2583830357,0.2218673527,85.381889343,Sandstone
7.6315207481,2.2912430763,0.2331766337,82.548881531,Sandstone
7.6282057762,2.3401899338,0.2496633381,79.666992188,Sandstone
7.6273407936,2.3798296452,0.2607538998,80.752952576,Sandstone
7.6316790581,2.3841631413,0.2581397891,83.575462341,Sandstone
7.645553112,2.3601133823,0.2465729117,85.166007996,SandstoneShale
7.6682085991,2.3404948711,0.2361150533,86.138778687,SandstoneShale
7.6779270172,2.3477993011,0.2326541394,84.165687561,SandstoneShale
7.672393322,2.3738288879,0.2353712916,82.315620422,SandstoneShale
7.6719412804,2.3943271637,0.2392525673,80.443901062,SandstoneShale
7.6815648079,2.3956646919,0.2449148446,81.127792358,SandstoneShale
7.6676850319,2.3772337437,0.2527974546,82.246551514,SandstoneShale
7.6082291603,2.3453402519,0.2592222095,82.91633606,Sandstone
7.5803780556,2.3135552406,0.2631455064,84.312667847,Sandstone
7.6107583046,2.2920670509,0.2689167261,83.847114563,Sandstone
7.6300029755,2.2833683491,0.2790701389,84.79133606,Sandstone
7.6375827789,2.283973217,0.2862235904,85.239173889,Sandstone
7.6398048401,2.2863352299,0.2844463289,85.839241028,Sandstone
7.6263198853,2.2826673985,0.276499182,86.858261108,Sandstone
7.6144223213,2.2720754147,0.2650184631,87.931755066,Sandstone
7.61830616,2.2594978809,0.2515476048,87.040023804,Sandstone
7.6164679527,2.2549929619,0.2393557578,85.296257019,Sandstone
7.6085476875,2.2625479698,0.2265127003,84.22277832,Sandstone
7.5927023888,2.2777457237,0.2187755704,82.361221313,Sandstone
7.5675139427,2.2948720455,0.2252378613,82.329231262,Sandstone
7.5773792267,2.3089468479,0.250297308,84.200294495,Sandstone
7.6453404427,2.3228502274,0.2778871059,84.387306213,Sandstone
7.5368900299,2.4635233879,0.2191257924,80.986221313,Sandstone
7.5293507576,2.4139120579,0.2135327607,80.580543518,Sandstone
7.5396151543,2.3639011383,0.2106550634,81.213737488,Sandstone
7.5394515991,2.3304121494,0.2010665387,82.144683838,Sandstone
7.5228185654,2.3186388016,0.1900406927,80.33694458,Sandstone
7.5200595856,2.3309640884,0.1954013854,78.547569275,Sandstone
7.5490245819,2.3497521877,0.2173932046,77.785430908,Sandstone
7.5922498703,2.3582644463,0.2385812998,80.022964478,Sandstone
7.6198868752,2.3414282799,0.2447624952,81.777549744,Sandstone
7.6217250824,2.3117585182,0.2414746583,84.387802124,Sandstone
7.6071181297,2.2855267525,0.2377569824,86.000984192,Sandstone
7.5866875648,2.2676179409,0.2378412932,86.191101074,Sandstone
7.5803194046,2.2584130764,0.2419620007,87.5625,Sandstone
7.5893311501,2.2581937313,0.2440174073,86.004104614,Sandstone
7.6082510948,2.2702760696,0.2394081503,85.005249023,Sandstone
7.6227946281,2.2853066921,0.2302560061,83.387794495,Sandstone
7.6255903244,2.2928755283,0.223907873,82.385498047,Sandstone
7.6249170303,2.2927184105,0.2227734923,82.189964294,Sandstone
7.6179404259,2.2973823547,0.2228031754,82.095230103,Sandstone
7.6116557121,2.3105442524,0.2254289836,82.001724243,Sandstone
7.6130809784,2.3206162453,0.2329160124,81.755241394,Sandstone
7.6196007729,2.318365097,0.2419015616,82.726379395,Sandstone
7.6228365898,2.3082909584,0.2457697093,83.541175842,Sandstone
7.6226787567,2.3013577461,0.2470335364,83.471458435,Sandstone
7.6253619194,2.2959158421,0.2478294373,83.377952576,Sandstone
7.6268706322,2.2881617546,0.2490316927,83.465553284,Sandstone
7.6229171753,2.2780220509,0.2513768375,83.559051514,Sandstone
7.6097140312,2.2704892159,0.251262188,84.162895203,Sandstone
7.5792717934,2.2627646923,0.2495817542,84.54675293,Sandstone
7.5578212738,2.2531960011,0.2472943217,84.980476379,Sandstone
7.5799150467,2.2494680882,0.246259436,84.58316803,Sandstone
7.6462883949,2.2524297237,0.2438044548,84.621879578,Sandstone
7.7397041321,2.2561914921,0.2383801043,84.68421936,Sandstone
7.8133735657,2.2602343559,0.233237654,84.746551514,Sandstone
7.8464632034,2.2762537003,0.2361037433,84.396659851,Sandstone
7.8503127098,2.3101601601,0.249632895,82.671913147,Sandstone
7.8493928909,2.3499660492,0.2643673122,81.098426819,Sandstone
7.848045826,2.3809437752,0.2688347101,79.306427002,SandstoneShale
7.8322048187,2.396538496,0.2636001706,80.293960571,SandstoneShale
7.6281666756,2.365332365,0.2445320487,80.728347778,Sandstone
7.6278157234,2.3411033154,0.2303999215,81.852363586,Sandstone
7.643453598,2.3179039955,0.2203786224,82.659446716,Sandstone
7.695204258,2.2963345051,0.2178662717,82.585632324,Sandstone
7.7631874084,2.2813050747,0.2206796259,82.070869446,Sandstone
7.8184971809,2.2816472054,0.2319691777,81.291984558,Sandstone
7.8261160851,2.30691576,0.256056577,81.513282776,Sandstone
7.7570385933,2.3623025417,0.282531321,81.400100708,Sandstone
7.5899095535,2.4706258774,0.2310050875,81.722923279,Sandstone
7.5760164261,2.4490158558,0.2138587981,81.110237122,Sandstone
7.5832748413,2.4007909298,0.2137366235,81.637786865,Sandstone
7.6231231689,2.3526723385,0.2301002145,83.286582947,Sandstone
7.6671819687,2.3220012188,0.2481181324,83.404037476,Sandstone
7.673593998,2.3177149296,0.2569097877,83.532974243,SandstoneShale
7.6662960052,2.3164978027,0.2564602494,83.247535706,SandstoneShale
7.6540050507,2.3197081089,0.2553948164,82.507217407,SandstoneShale
7.6557302475,2.3315629959,0.2526359558,83.053146362,SandstoneShale
7.6848721504,2.3521609306,0.2441097796,83.499504089,SandstoneShale
7.7255825996,2.3595201969,0.2366895825,82.888618469,SandstoneShale
7.7432384491,2.341999054,0.2331445217,83.576774597,Sandstone
7.7352676392,2.3118488789,0.2359538376,83.440948486,Sandstone
7.704928875,2.2925376892,0.2449959666,83.066925049,Sandstone
7.6602010727,2.2972962856,0.2548914552,82.795272827,Sandstone
7.6288118362,2.3113386631,0.2525318265,82.596946716,Sandstone
7.6050372124,2.331938982,0.2271654606,83.223587036,Sandstone
7.5883631706,2.3448779583,0.1958363503,83.679130554,Sandstone
7.6087422371,2.3415925503,0.1856024265,81.830055237,Sandstone
7.6715288162,2.343460083,0.2048184872,80.267059326,Sandstone
7.752820015,2.3599464893,0.2334443927,80.301177979,Sandstone
7.7874259949,2.3965075016,0.2532270849,79.574478149,Sandstone
7.7844729424,2.4130349159,0.2581050992,81.619094849,SandstoneShale
7.7822628021,2.3973531723,0.2513810396,84.871551514,SandstoneShale
7.7835497856,2.3704581261,0.2442443669,85.413879395,Sandstone
7.782658577,2.3514330387,0.2401756495,85.300933838,Sandstone
7.7775220871,2.3468358517,0.2417958528,85.207427979,Sandstone
7.7769665718,2.3547170162,0.2436996847,84.549873352,Sandstone
7.7763667107,2.3703238964,0.2428940535,83.886154175,Sandstone
7.7743492126,2.3882730007,0.2486825585,83.457679749,Sandstone
7.7831516266,2.3801612854,0.2605444491,83.66633606,Sandstone
7.8149561882,2.3627660275,0.2663963139,82.201438904,Sandstone
7.8420205116,2.3470377922,0.2564150393,81.942909241,Sandstone
7.8329663277,2.3418171406,0.239321053,82.576774597,Sandstone
7.7535996437,2.3345313072,0.2267905027,82.318901062,Sandstone
7.6315851212,2.3240265846,0.2226227522,82.020423889,Sandstone
7.5689902306,2.3196475506,0.2231590301,81.802238464,Sandstone
7.5514917374,2.3252501488,0.222768724,82.224082947,Sandstone
7.5439305305,2.3295238018,0.2146938592,81.619094849,Sandstone
7.5700488091,2.336796999,0.1990334392,80.62171936,Sandstone
7.6092634201,2.3383271694,0.1908941269,80.656494141,Sandstone
7.6219248772,2.3397936821,0.2070080191,79.253936768,Sandstone
7.6444478035,2.3524656296,0.2330234945,80.566925049,Sandstone
7.6760773659,2.3656830788,0.2478919476,80.583984375,Sandstone
7.6950383186,2.3827092648,0.2372850776,79.496063232,Sandstone
7.6913776398,2.3912804127,0.2132329196,78.864830017,Sandstone
7.6865286827,2.4034981728,0.1980493069,79.347114563,Sandstone
7.6881141663,2.407563448,0.1919603348,79.287895203,Sandstone
7.6405034065,2.3952291012,0.1981065422,80.327590942,Sandstone
7.5699033737,2.3645012379,0.2153351307,81.931427002,Sandstone
7.5625371933,2.3373813629,0.2311897576,83.099411011,Sandstone
7.5915350914,2.3138961792,0.2374666333,83.23966217,Sandstone
7.6102318764,2.3042445183,0.2315331101,83.322341919,Sandstone
7.583073616,2.3000321388,0.2221284658,83.5989151,Sandstone
7.5217847824,2.2988872528,0.2146863341,83.910598755,Sandstone
7.4730930328,2.29459095,0.2119802684,85.555931091,Sandstone
7.4727182388,2.2792406082,0.2160319239,85.74458313,Sandstone
7.5521039963,2.2696053982,0.2242037356,86.003768921,Sandstone
7.7205691338,2.2690079212,0.2198876143,86.055610657,Sandstone
7.8650860786,2.2875783443,0.1992901713,85.824806213,Sandstone
7.9582538605,2.3152608871,0.1872880459,82.957344055,Sandstone
7.9575338364,2.3527853489,0.2043188214,80.358924866,Sandstone
7.9559092522,2.3867352009,0.2495029867,78.10433197,Sandstone
7.4775781631,2.4030003548,0.2701629996,87.643699646,Sandstone
7.4987511635,2.343654871,0.2549714744,86.708335876,Sandstone
7.5611953735,2.2790691853,0.2581836879,85.046920776,Sandstone
7.6365208626,2.2717556953,0.2666458786,83.465545654,Sandstone
7.6687884331,2.312057972,0.2724696398,82.711776733,Sandstone
7.6702747345,2.3476190567,0.2634468973,82.439468384,Sandstone
7.6603684425,2.3485641479,0.250620842,83.273620605,Sandstone
7.6329159737,2.3187003136,0.2463383377,84.563652039,Sandstone
7.618329525,2.2950322628,0.251878947,86.134506226,Sandstone
7.6348800659,2.2759656906,0.2614320219,87.274604797,Sandstone
7.6378321648,2.2699825764,0.2620331347,87.843826294,Sandstone
7.6273136139,2.2734825611,0.2491718531,87.079391479,Sandstone
7.6227173805,2.2697429657,0.2335706204,86.761810303,Sandstone
7.6261582375,2.2594912052,0.2288288325,87.073493958,Sandstone
7.6226758957,2.2471656799,0.2419122159,87.246803284,Sandstone
7.612680912,2.2559719086,0.2631714344,87.340301514,Sandstone
7.6272034645,2.2666389942,0.2807906866,86.238021851,Sandstone
7.6413521767,2.2704944611,0.284763068,84.937828064,Sandstone
7.6461734772,2.267449379,0.2807735503,85.06791687,Sandstone
7.6717715263,2.2661106586,0.2743774354,84.755584717,Sandstone
7.6939382553,2.2749147415,0.2631507516,84.143707275,Sandstone
7.7119588852,2.2817189693,0.2506096065,84.345474243,Sandstone
7.7258486748,2.2870440483,0.2446760982,84.44783783,Sandstone
7.7297182083,2.2892894745,0.2553301454,83.157157898,Sandstone
7.7206912041,2.2967951298,0.2647333741,82.431838989,Sandstone
7.6853585243,2.2990236282,0.256812036,82.525344849,Sandstone
7.6420722008,2.2972531319,0.242581889,82.224411011,Sandstone
7.6233000755,2.2917132378,0.2368780524,82.224411011,Sandstone
7.6202974319,2.289511919,0.2417022437,81.555770874,Sandstone
7.6191296577,2.2929856777,0.2461928278,80.740486145,Sandstone
7.623187542,2.2962903976,0.2501744926,80.341041565,Sandstone
7.6284885406,2.3012254238,0.2504775524,79.820045471,Sandstone
7.6258664131,2.310407877,0.2441803217,79.269851685,Sandstone
7.622048378,2.3169736862,0.2324169874,78.77116394,Sandstone
7.6218252182,2.3227107525,0.2235965431,79.505088806,Sandstone
7.6243519783,2.3178126812,0.219961822,80.404037476,Sandstone
7.6240787506,2.3089265823,0.2175263911,81.496551514,Sandstone
7.6171808243,2.2968261242,0.2208921015,81.257713318,SandstoneShale
7.6109604836,2.2934806347,0.228098616,78.284286499,SandstoneShale
7.6061959267,2.3158183098,0.2303810716,76.349899292,SandstoneShale
7.5898280144,2.3630833626,0.2183220536,76.081687927,SandstoneShale
7.5664978027,2.4057478905,0.2027754784,76.982940674,Sandstone
7.5547103882,2.4080080986,0.204199791,78.763290405,Sandstone
7.5513458252,2.3752300739,0.2159612775,79.110397339,Sandstone
7.5506358147,2.3333237171,0.2195850462,78.64616394,Sandstone
7.5475416183,2.3180992603,0.2069256008,78.355804443,Sandstone
7.5443582535,2.3212451935,0.1868204176,78.290351868,Sandstone
7.5459003448,2.3341310024,0.1727892458,77.726707458,Sandstone
7.547358036,2.3488116264,0.1677886546,76.406494141,Sandstone
7.5524859428,2.3648974895,0.1665989459,74.668632507,Sandstone
7.5842094421,2.3890690804,0.170533821,72.909286499,Sandstone
7.6322746277,2.417027235,0.1842742413,72.287895203,Sandstone
7.6489577293,2.4357047081,0.204091236,74.406326294,Sandstone
7.6029820442,2.4172828197,0.2196524292,77.976867676,Sandstone
7.5383520126,2.3699932098,0.2270616442,81.145179749,Sandstone
7.5469107628,2.3261137009,0.2391564846,81.988349915,Sandstone
7.5665612221,2.3092105389,0.2583419979,80.897476196,SandstoneShale
7.532556057,2.3295969963,0.2662436366,79.757873535,SandstoneShale
7.5034117699,2.3563594818,0.2557429373,79.284454346,SandstoneShale
7.4985551834,2.3782684803,0.2408101559,80.725395203,SandstoneShale
7.5052967072,2.3651192188,0.2385473698,82.287895203,SandstoneShale
7.5558562279,2.3366379738,0.2420125902,83.389930725,SandstoneShale
7.6484379768,2.3132812977,0.2458484769,84.694061279,SandstoneShale
7.7183451653,2.3077971935,0.2510611117,85.093009949,SandstoneShale
7.7400875092,2.3242220879,0.2564665079,84.27936554,SandstoneShale
7.7474098206,2.3429956436,0.257699132,82.876808167,SandstoneShale
7.7464370728,2.3482882977,0.254561007,81.598426819,Sandstone
7.7377495766,2.3410730362,0.2497859299,81.092514038,Sandstone
7.7309703827,2.3296899796,0.248933211,81.325531006,Sandstone
7.7236628532,2.3267939091,0.2547581196,81.606048584,Sandstone
7.6564288139,2.3412516117,0.2326849699,81.400093079,Sandstone
7.6179981232,2.3306286335,0.2220174074,81.268203735,Sandstone
7.6028132439,2.32304883,0.2257747501,81.294776917,Sandstone
7.6003212929,2.3221986294,0.2323429883,81.001472473,Sandstone
7.6033949852,2.3253147602,0.2311358005,80.934875488,Sandstone
7.6088905334,2.3289971352,0.2231189162,81.003768921,Sandstone
7.5985374451,2.335354805,0.2152168602,80.593505859,Sandstone
7.5688796043,2.3465356827,0.2095457017,80.219490051,Sandstone
7.5398225784,2.3549671173,0.2064864337,79.896980286,Sandstone
7.5223574638,2.3555226326,0.2075625062,79.44291687,Sandstone
7.516685009,2.3549058437,0.2139067799,79.152557373,Sandstone
7.5159988403,2.3590352535,0.2205665857,79.526573181,Sandstone
7.5148015022,2.3631491661,0.2215871513,80.251968384,Sandstone
7.5085315704,2.3568742275,0.2226379216,81.224411011,Sandstone
7.4951424599,2.3465869427,0.22660245,81.810203552,Sandstone
7.4829220772,2.3437385559,0.2306131124,82.064468384,Sandstone
7.4771161079,2.3449132442,0.2310372442,81.752792358,Sandstone
7.4720935822,2.3366975784,0.2302848399,81.950950623,Sandstone
7.4699029922,2.3156998158,0.2347845733,82.948326111,Sandstone
7.4712610245,2.2925786972,0.2444908321,83.634353638,Sandstone
7.4711289406,2.2845056057,0.2550650239,83.464561462,Sandstone
7.4747695923,2.2905414104,0.2645584643,82.763771057,Sandstone
7.4922289848,2.2979955673,0.2678269744,82.140411377,Sandstone
7.5190143585,2.2978112698,0.2612272203,81.91305542,Sandstone
7.5405263901,2.2906472683,0.2466727793,82.488189697,Sandstone
7.5485563278,2.2857050896,0.2350500524,83.103340149,Sandstone
7.5483503342,2.2841272354,0.2340814024,83.383857727,Sandstone
7.5488395691,2.2895519733,0.2353863716,83.720962524,Sandstone
7.5580053329,2.3017392159,0.2312898338,83.910102844,Sandstone
7.5711116791,2.3139259815,0.2261614799,83.482284546,Sandstone
7.5830302238,2.3192324638,0.2267642617,82.9114151,Sandstone
7.6035780907,2.3206274509,0.2302109301,82.618110657,Sandstone
7.6324253082,2.324224472,0.2337331176,82.440452576,Sandstone
7.6395001411,2.3356683254,0.2346300185,82.843994141,Sandstone
7.6333088875,2.3500368595,0.2311334014,83.09563446,Sandstone
7.6271176338,2.3674991131,0.2290347666,82.370567322,SandstoneShale
7.6177377701,2.3878283501,0.2300010324,81.724899292,SandstoneShale
7.612402916,2.4009206295,0.2358034998,81.281982422,SandstoneShale
7.5998897552,2.3965594769,0.243838653,81.562492371,SandstoneShale
7.5700616837,2.3804543018,0.2491087466,81.884346008,SandstoneShale
7.5433487892,2.3693044186,0.2495107055,82.289527893,Sandstone
7.5341053009,2.364228487,0.2432762831,82.70488739,Sandstone
7.5335483551,2.3514976501,0.2356429398,83.504425049,Sandstone
7.5326628685,2.3260984421,0.2364491224,84.822669983,Sandstone
7.5296430588,2.3073124886,0.2493445426,84.99786377,SandstoneShale
7.5231952667,2.3112244606,0.2629388571,83.734741211,SandstoneShale
7.5175790787,2.3308672905,0.2686541975,82.574310303,SandstoneShale
7.5159988403,2.3454666138,0.2648055553,82.129432678,Sandstone
7.5159988403,2.3440291882,0.2571986616,82.230316162,Sandstone
7.5159988403,2.3319244385,0.2540859282,82.883201599,Sandstone
7.5162539482,2.3158380985,0.2535925806,83.489334106,Sandstone
7.5180368423,2.2960991859,0.2469634265,84.842025757,Sandstone
7.5195622444,2.2760605812,0.2305582613,86.671585083,Sandstone
7.5179314613,2.2694807053,0.2165674716,86.842193604,Sandstone
7.5162372589,2.2884221077,0.2136366665,84.287895203,Sandstone
7.5159988403,2.3281190395,0.220240429,80.483757019,Sandstone
7.5159988403,2.363581419,0.2308933586,78.249343872,Sandstone
7.5159988403,2.373404026,0.2386324257,77.389762878,SandstoneShale
7.5159988403,2.3604929447,0.2394311279,79.112205505,Sandstone
7.5159988403,2.344871521,0.2359962314,81.10433197,Sandstone
7.5159988403,2.338003397,0.2336505055,81.426673889,Sandstone
7.5159988403,2.3369252682,0.2344215363,81.340713501,Sandstone
7.5159988403,2.3377759457,0.2361257672,80.868270874,Sandstone
7.5159988403,2.3413231373,0.2377682626,81.070365906,Sandstone
7.5159988403,2.3462607861,0.238479197,80.650588989,Sandstone
7.5159988403,2.3495800495,0.2343932837,80.539039612,Sandstone
7.5159988403,2.3528761864,0.2250589877,80.837600708,SandstoneShale
7.5159988403,2.3608531952,0.2177135795,80.06955719,SandstoneShale
7.5157632828,2.3726391792,0.2152177542,79.235237122,SandstoneShale
7.5143203735,2.3789782524,0.2151778638,79.217521667,SandstoneShale
7.5111112595,2.3755874634,0.2155299485,78.656494141,Sandstone
7.5094442368,2.3652787209,0.2141263187,78.775917053,Sandstone
7.5114178658,2.3533372879,0.2112120092,80.137306213,Sandstone
7.5136914253,2.3451075554,0.2097965926,80.321029663,Sandstone
7.5151991844,2.3473079205,0.2130210102,79.428146362,Sandstone
7.5159988403,2.36358881,0.218992129,78.763778687,Sandstone
7.5159988403,2.3848042488,0.2215369344,77.897796631,Sandstone
7.5164504051,2.3949058056,0.2219146788,77.750167847,Sandstone
7.5203723907,2.386449337,0.2236340791,78.688980103,Sandstone
7.5276546478,2.3665547371,0.2233183533,79.891075134,Sandstone
7.5326132774,2.3475897312,0.2173110843,80.29133606,Sandstone
7.5362186432,2.3381693363,0.2109209895,79.862205505,Sandstone
7.5405464172,2.3406965733,0.209681645,79.293312073,Sandstone
7.5427193642,2.3520581722,0.2115471214,78.952919006,SandstoneShale
7.5430002213,2.3656919003,0.2119624317,78.734741211,SandstoneShale
7.5430002213,2.3742580414,0.2091801316,78.601867676,SandstoneShale
7.5430002213,2.3778574467,0.2087450325,78.840713501,SandstoneShale
7.5430002213,2.3826200962,0.2127085775,79.097930908,Sandstone
7.5430002213,2.3892781734,0.2178132236,78.876312256,Sandstone
7.5430002213,2.3901364803,0.2211388201,79.574478149,Sandstone
7.5430002213,2.3789300919,0.2199396342,80.534942627,Sandstone
7.5430002213,2.3577537537,0.2146658152,81.345306396,Sandstone
7.5430002213,2.3336338997,0.2111761272,82.191596985,Sandstone
7.5430002213,2.315980196,0.2163024694,82.881881714,Sandstone
7.5430002213,2.312517643,0.2263240814,82.223587036,Sandstone
7.5430002213,2.3208613396,0.2315347195,81.642883301,Sandstone
7.5430002213,2.3263278008,0.2310944796,82.06791687,Sandstone
7.5432033539,2.3200824261,0.2294938266,82.408462524,Sandstone
7.5445051193,2.3122489452,0.2253574878,82.4635849,Sandstone
7.5459809303,2.318562746,0.2183952481,81.826774597,Sandstone
7.5450229645,2.3389573097,0.2143934816,80.786743164,Sandstone
7.5433077812,2.358484745,0.2170203626,79.718505859,Sandstone
7.5430002213,2.3674924374,0.221739471,79.634841919,Sandstone
7.5433926582,2.3688848019,0.2222703546,79.959320068,Sandstone
7.5449624062,2.3689448833,0.2216057181,79.629920959,Sandstone
7.5460925102,2.3689994812,0.2236251384,79.029525757,Sandstone
7.5445737839,2.3690440655,0.224998638,79.119750977,Sandstone
7.5430002213,2.3667728901,0.2208654135,78.816604614,Sandstone
7.5430002213,2.3570761681,0.2138474733,79.215553284,Sandstone
7.5431895256,2.3431203365,0.2090687007,79.347450256,Sandstone
7.5449962616,2.3367836475,0.2079489231,79.09727478,Sandstone
7.548746109,2.3417756557,0.2107764482,78.575790405,Sandstone
7.5511865616,2.3502469063,0.213917926,78.669288635,Sandstone
7.5524153709,2.3543949127,0.2130853087,78.698822021,Sandstone
7.5557947159,2.3549790382,0.2104600817,78.324798584,SandstoneShale
7.5602145195,2.3574392796,0.211724475,78.049209595,SandstoneShale
7.5626711845,2.3630313873,0.2158141136,78.479492188,Sandstone
7.563000679,2.3633060455,0.2186759561,79.415847778,Sandstone
7.563000679,2.3518402576,0.2200819552,81.092521667,Sandstone
7.563000679,2.3354494572,0.2206287384,81.704719543,Sandstone
7.563000679,2.3257517815,0.2169371545,81.234741211,Sandstone
7.563000679,2.3279154301,0.2129447758,80.050361633,Sandstone
7.5626516342,2.3371908665,0.2136110812,78.908302307,Sandstone
7.5608139038,2.3473172188,0.2149147093,78.318405151,SandstoneShale
7.5587415695,2.3541388512,0.2113348097,79.442260742,SandstoneShale
7.5604586601,2.3534641266,0.2059711218,79.973754883,SandstoneShale
7.5651583672,2.3471212387,0.2060525715,79.794784546,Sandstone
7.5699138641,2.3416776657,0.2084449828,80.087760925,Sandstone
7.5733046532,2.3438618183,0.2049578577,79.072174072,Sandstone
7.5751676559,2.3538832664,0.1982787997,77.940940857,Sandstone
7.5826873779,2.3671610355,0.1954569966,77.300361633,Sandstone
7.5980176926,2.3807895184,0.1993917078,76.512306213,SandstoneShale
7.609559536,2.3933978081,0.2048159093,76.032478333,SandstoneShale
7.6122903824,2.4010128975,0.2075268179,76.490486145,SandstoneShale
7.6128387451,2.4001860619,0.208563894,77.831367493,SandstoneShale
7.612197876,2.3893506527,0.2101230323,78.784446716,Sandstone
7.6118350029,2.3701193333,0.2083234787,79.277885437,Sandstone
7.6140213013,2.3532361984,0.2000687122,80.228019714,Sandstone
7.618622303,2.3480119705,0.1933040619,78.277557373,Sandstone
7.6222581863,2.3559162617,0.1965872347,76.931755066,Sandstone
7.6239213943,2.3714694977,0.209052965,76.012306213,Sandstone
7.6233139038,2.3830573559,0.2219999433,76.313476563,Sandstone
7.6213684082,2.3766553402,0.2314333022,78.342193604,Sandstone
7.6209998131,2.3466341496,0.2382586896,80.879920959,Sandstone
7.62129879,2.304412365,0.2443857491,83.075782776,Sandstone
7.6210660934,2.2660264969,0.2492918521,84.417655945,Sandstone
7.610616684,2.2420830727,0.2499205768,85.196853638,Sandstone
7.5764703751,2.2366991043,0.2448972762,85.366142273,Sandstone
7.5337343216,2.246121645,0.2365265787,85.159614563,Sandstone
7.514090538,2.259904623,0.23038432,84.486381531,Sandstone
7.5127606392,2.2704904079,0.2284947485,82.70324707,Sandstone
7.5120005608,2.2794778347,0.227262184,81.518867493,Sandstone
7.5120005608,2.2901396751,0.2271105051,80.362205505,Sandstone
7.5121397972,2.3005084991,0.2298764139,80.031494141,Sandstone
7.5134444237,2.3031787872,0.2403621972,81.016242981,Sandstone
7.5187358856,2.2953155041,0.2559799254,81.610069275,Sandstone
7.5282998085,2.282715559,0.2640835345,83.366142273,Sandstone
7.5344734192,2.2733664513,0.256308496,82.991241455,Sandstone
7.5342578888,2.2739789486,0.2434294373,82.575668335,Sandstone
7.5340571404,2.2781429291,0.2430483848,82.160095215,Sandstone
7.5385246277,2.2803571224,0.2517082095,81.754707336,Sandstone
7.5567450523,2.2814209461,0.2566562593,82.113143921,Sandstone
7.5896635056,2.28474617,0.2525568008,82.471572876,Sandstone
7.6023001671,2.2884435654,0.2458051145,82.83000946,Sandstone
7.5686879158,2.2829229832,0.2429522872,83.188484192,Sandstone
7.5170559883,2.2687108517,0.2445640564,83.5625,Sandstone
7.4860520363,2.2559549809,0.248567462,83.375495911,Sandstone
7.4820933342,2.2575309277,0.2483997345,81.572013855,Sandstone
7.4800386429,2.2724781036,0.2402987778,81.004432678,Sandstone
7.4768891335,2.2880523205,0.2296029925,80.381561279,Sandstone
7.472073555,2.2928938866,0.2230293006,81.176826477,Sandstone
7.4736485481,2.2876400948,0.2242721915,81.987205505,Sandstone
7.4786458015,2.2814438343,0.2292333245,81.570541382,Sandstone
7.4775938988,2.2823691368,0.234636426,80.583496094,Sandstone
7.4771738052,2.2931346893,0.2402332872,80.440452576,Sandstone
7.4784913063,2.3056707382,0.2527308464,80.31578064,Sandstone
7.491420269,2.3126404285,0.2658007741,80.191108704,Sandstone
7.5251383781,2.3126316071,0.266797483,80.005905151,Sandstone
7.5601229668,2.3139848709,0.2572403848,80.362205505,Sandstone
7.5788879395,2.3174440861,0.2422748953,81.338256836,Sandstone
7.5853304863,2.3192048073,0.2301039249,81.975395203,Sandstone
7.5844841003,2.3195214272,0.2204672545,81.760490417,Sandstone
7.5786056519,2.3236134052,0.2147108316,79.839241028,Sandstone
7.5735516548,2.33923316,0.2145272642,76.891723633,Sandstone
7.5792927742,2.3603520393,0.2169460207,77.165679932,Sandstone
7.5957140923,2.3773460388,0.2172514051,76.062332153,Sandstone
7.6037659645,2.3817341328,0.215190962,76.944885254,Sandstone
7.6024365425,2.3840949535,0.2130694836,76.146080017,Sandstone
7.6020002365,2.391620636,0.2139218748,75.242210388,SandstoneShale
7.6020002365,2.4037954807,0.2154771686,75.538879395,SandstoneShale
7.6013174057,2.4140751362,0.2181141227,75.815559387,SandstoneShale
7.5963640213,2.4217135906,0.2271521389,76.08568573,SandstoneShale
7.5846910477,2.4295938015,0.2444269955,76.355804443,SandstoneShale
7.5753331184,2.4358160496,0.2631376982,77.127792358,SandstoneShale
7.5739998817,2.4359061718,0.2686919272,79.554954529,SandstoneShale
7.5739998817,2.4215834141,0.2550260723,82.168304443,Sandstone
7.5740904808,2.3853361607,0.2337269485,84.040023804,Sandstone
7.5750861168,2.3338119984,0.2154797167,85.103507996,Sandstone
7.5777578354,2.2921738625,0.2111252099,84.787895203,Sandstone
7.5776314735,2.2790911198,0.2182448208,83.839241028,Sandstone
7.5744547844,2.2887275219,0.2222939283,82.84186554,Sandstone
7.5739998817,2.3056685925,0.2174298763,82.410430908,Sandstone
7.5739998817,2.3211858273,0.2127884626,80.569229126,Sandstone
7.5741658211,2.3348157406,0.220974654,78.574478149,SandstoneShale
7.5760536194,2.3511703014,0.2373783737,77.14074707,SandstoneShale
7.5842986107,2.3720552921,0.2461380064,75.881233215,SandstoneShale
7.6004910469,2.3925876617,0.2403263301,76.865486145,SandstoneShale
7.6119127274,2.3984167576,0.2278883904,77.667320251,SandstoneShale
7.6120109558,2.3878247738,0.2215945423,78.470802307,SandstoneShale
7.6116828918,2.3800957203,0.2209633589,78.949478149,SandstoneShale
7.6141819954,2.3817443848,0.2188622057,79.165351868,SandstoneShale
7.6219329834,2.3877792358,0.217508167,78.802818298,SandstoneShale
7.6290006638,2.3875472546,0.2190683484,78.585632324,SandstoneShale
7.6290006638,2.3847999573,0.2211762369,78.398620605,SandstoneShale
7.6289300919,2.3853573799,0.2211084664,78.211616516,SandstoneShale
7.6279225349,2.3906650543,0.2227700055,78.350395203,SandstoneShale
7.6234202385,2.3987836838,0.2279089987,78.537399292,SandstoneShale
7.6168174744,2.4020462036,0.2308077812,79.426017761,SandstoneShale
7.6134815216,2.3966715336,0.2301671654,81.12286377,SandstoneShale
7.6129999161,2.375500679,0.2293893248,81.214065552,SandstoneShale
7.6129999161,2.3538351059,0.2317031473,80.331855774,SandstoneShale
7.6129999161,2.3471541405,0.2334815711,79.65436554,Sandstone
7.6131219864,2.3637802601,0.2317952812,78.552658081,Sandstone
7.6143212318,2.3849759102,0.2249865085,79.540679932,Sandstone
7.6175470352,2.3824725151,0.2106977701,80.964889526,Sandstone
7.6190719604,2.3568627834,0.1970529407,82.187988281,Sandstone
7.6105489731,2.3357594013,0.1934598386,82.532478333,Sandstone
7.5914988518,2.347284317,0.2028889507,80.73097229,SandstoneShale
7.5763678551,2.3826065063,0.2137637734,79.383857727,SandstoneShale
7.5721030235,2.4191102982,0.2232422382,77.367454529,SandstoneShale
7.5715327263,2.436917305,0.2294160724,77.077758789,SandstoneShale
7.568359375,2.4388074875,0.23146905,77.171257019,SandstoneShale
7.562057972,2.4323961735,0.2299888432,77.857116699,SandstoneShale
7.5556077957,2.4194099903,0.2262121588,78.154037476,SandstoneShale
7.5414814949,2.4038667679,0.2230694592,78.341041565,SandstoneShale
7.5198812485,2.3873393536,0.2212134153,78.528053284,SandstoneShale
7.4941997528,2.3789505959,0.2255846411,78.409942627,SandstoneShale
7.4695067406,2.3766560555,0.2402230352,77.716041565,SandstoneShale
7.4555997849,2.384323597,0.2575988472,77.410926819,SandstoneShale
7.4536542892,2.3978393078,0.263836056,77.878601074,SandstoneShale
7.4557790756,2.4055457115,0.2582683861,78.301177979,Sandstone
7.4560246468,2.3962373734,0.2541664243,80.126152039,Sandstone
7.453517437,2.3726286888,0.2555861771,82.158302307,Sandstone
7.4531855583,2.3464426994,0.2587287724,84.003944397,Sandstone
7.4563727379,2.3193659782,0.2525315285,84.67224884,Sandstone
7.4721021652,2.2969436646,0.2386010438,85.737533569,Sandstone
7.5026741028,2.2855074406,0.2272893786,85.507873535,Sandstone
7.5414853096,2.2882552147,0.2274714559,84.295928955,Sandstone
7.5943374634,2.3005466461,0.2368002683,83.02230835,Sandstone
7.6586956978,2.3206319809,0.2381710708,81.970466614,Sandstone
7.7226839066,2.3378267288,0.2296380103,81.312988281,Sandstone
7.7670555115,2.34532547,0.2263837308,81.042320251,Sandstone
7.7811889648,2.350076437,0.2380356342,80.80708313,SandstoneShale
7.7710165977,2.5173513889,0.2374881357,78.466041565,SandstoneShale
7.7744832039,2.4869527817,0.2378362119,79.904037476,SandstoneShale
7.7676753998,2.4435300827,0.2459648401,81.389099121,SandstoneShale
7.7626852989,2.3988497257,0.2595560551,83.082015991,SandstoneShale
7.7609210014,2.3695111275,0.2763275802,83.493850708,SandstoneShale
7.8169856071,2.3693859577,0.2727530301,83.861053467,SandstoneShale
7.8129549026,2.36632061,0.2738114297,84.063728333,SandstoneShale
7.8100895882,2.3653390408,0.284853518,84.157234192,SandstoneShale
7.8125023842,2.3652045727,0.2937005162,84.440452576,SandstoneShale
7.8158769608,2.3611986637,0.2962002158,84.380523682,SandstoneShale
7.8151707649,2.3596739769,0.2935214043,84.110397339,SandstoneShale
7.812394619,2.3662269115,0.2817287147,83.840278625,SandstoneShale
7.8096880913,2.3708457947,0.2714232802,83.895256042,SandstoneShale
7.8114962578,2.3741128445,0.2723664343,84.113433838,SandstoneShale
7.8127789497,2.3727970123,0.2834289968,84.434547424,SandstoneShale
7.8101501465,2.3713901043,0.2855319679,84.316436768,SandstoneShale
7.8116321564,2.3749427795,0.2798138559,83.656494141,SandstoneShale
7.8260579109,2.3924117088,0.2657049,83.21849823,SandstoneShale
7.8278298378,2.385222435,0.2668306828,83.07611084,SandstoneShale
7.828774929,2.3830881119,0.2573187351,83.200782776,SandstoneShale
7.8318142891,2.3847603798,0.2434289902,83.325454712,SandstoneShale
7.832382679,2.3867607117,0.2374698073,83.750656128,SandstoneShale
7.8289923668,2.3913927078,0.244919017,84.112205505,SandstoneShale
7.8288297653,2.3918178082,0.2547832429,84.100608826,SandstoneShale
7.8313980103,2.384540081,0.2614663839,83.955162048,SandstoneShale
7.8318285942,2.3715786934,0.266697377,83.809707642,SandstoneShale
7.8293442726,2.3633921146,0.2740440667,83.309051514,SandstoneShale
7.8229455948,2.3624107838,0.2797016799,82.634185791,SandstoneShale
7.8126325607,2.3640422821,0.2787968218,82.26574707,SandstoneShale
7.8092937469,2.3616292477,0.2724114656,82.078742981,SandstoneShale
7.8067507744,2.3530523777,0.2676478922,82.324806213,SandstoneShale
7.7896251678,2.3470070362,0.2687128484,82.670272827,SandstoneShale
7.7576789856,2.3542332649,0.2679049969,82.428146362,SandstoneShale
7.735414505,2.3809168339,0.2636098266,81.724739075,SandstoneShale
7.7293872833,2.4246795177,0.2589534819,81.941932678,SandstoneShale
7.7298355103,2.4575896263,0.2574652731,82.727684021,SandstoneShale
7.7300000191,2.4506275654,0.2556221783,83.877624512,SandstoneShale
7.7300000191,2.4100103378,0.2504361868,84.457679749,SandstoneShale
7.7289032936,2.3743116856,0.245912686,84.270675659,SandstoneShale
7.6214122772,2.3780519962,0.2431050837,82.304626465,SandstoneShale
7.6104102135,2.385635376,0.2451650649,82.204559326,SandstoneShale
7.6109781265,2.3781778812,0.2460886836,84.162399292,SandstoneShale
7.6123466492,2.347258091,0.2408435643,85.575790405,SandstoneShale
7.611389637,2.3057770729,0.2329255491,86.416007996,SandstoneShale
7.6112670898,2.2753078938,0.2274526954,86.138450623,SandstoneShale
7.6119852066,2.2743487358,0.2301895171,84.649604797,SandstoneShale
7.6115608215,2.3007152081,0.2392641008,83.048553467,Sandstone
7.6115422249,2.3369486332,0.2490275502,81.436676025,Sandstone
7.6118073463,2.3677101135,0.2496431619,80.360237122,Sandstone
7.6096410751,2.3833613396,0.2435894608,80.096946716,Sandstone
7.5966405869,2.3837213516,0.2457274944,80.79839325,Sandstone
7.58061409,2.3705151081,0.2632214129,80.959152222,Sandstone
7.5746817589,2.3555355072,0.2830731571,81.071685791,Sandstone
7.5739998817,2.348729372,0.2890689075,82.164039612,Sandstone
7.5733137131,2.3460597992,0.2793096602,83.159446716,Sandstone
7.5729198456,2.3330039978,0.2706621289,84.565124512,Sandstone
7.574441433,2.3063697815,0.2712752819,86.27936554,Sandstone
7.5774564743,2.2818267345,0.2757568359,86.596946716,Sandstone
7.5783557892,2.2710733414,0.2729106843,85.385658264,Sandstone
7.5760793686,2.2690317631,0.265789181,84.470474243,Sandstone
7.5708293915,2.2702872753,0.2652575672,84.191932678,Sandstone
7.5535206795,2.2722303867,0.2697120011,83.878608704,Sandstone
7.5790352821,2.2776684761,0.2676195204,84.232940674,Sandstone
7.6542043686,2.2815480232,0.2576043308,84.870079041,Sandstone
7.7279267311,2.2861647606,0.250597924,85.268699646,Sandstone
7.8078074455,2.3053998947,0.2539458275,86.12664032,Sandstone
7.8409075737,2.3352077007,0.2647104263,87.045272827,Sandstone
7.844271183,2.3623485565,0.2727651894,87.286911011,Sandstone
7.844326973,2.3720974922,0.2728858292,86.720306396,SandstoneShale
7.8451871872,2.3721678257,0.2708342969,85.345474243,SandstoneShale
7.8452100754,2.3735904694,0.2658725381,83.913063049,SandstoneShale
7.8442835808,2.3744895458,0.2611195445,83.20275116,SandstoneShale
7.8449692726,2.3728234768,0.2608345151,82.714561462,SandstoneShale
7.8465647697,2.3699245453,0.2697034478,82.289863586,SandstoneShale
7.8460388184,2.3699162006,0.277058959,81.989990234,SandstoneShale
7.8444433212,2.3741464615,0.2709152102,82.198814392,SandstoneShale
7.8436813354,2.3794481754,0.2548321187,83.307739258,SandstoneShale
7.8421998024,2.3797223568,0.2418676168,84.08316803,SandstoneShale
7.8420362473,2.3743155003,0.2410767376,83.99458313,SandstoneShale
7.8442311287,2.368024826,0.2470266968,83.941764832,SandstoneShale
7.8456273079,2.363517046,0.2593319714,84.105804443,SandstoneShale
7.8457489014,2.3602666855,0.2706879377,84.324806213,SandstoneShale
7.8332700729,2.3685879707,0.2726999223,84.495567322,SandstoneShale
7.8224053383,2.3617444038,0.2616587877,85.057907104,SandstoneShale
7.8124465942,2.3622853756,0.2537524402,84.74622345,SandstoneShale
7.8079066277,2.3684096336,0.2514939606,84.332183838,SandstoneShale
7.8263635635,2.3679618835,0.2756484151,84.544944763,SandstoneShale
7.8291697502,2.3620350361,0.2672966123,85.227363586,SandstoneShale
7.8296914101,2.3630535603,0.2655908465,85.03666687,SandstoneShale
7.8267974854,2.3696944714,0.2618376613,85.1301651,SandstoneShale
7.8257679939,2.3764169216,0.2557290494,85.115158081,SandstoneShale
7.8260474205,2.3784761429,0.2550228536,84.904197693,SandstoneShale
7.8253726959,2.3756446838,0.2599405944,84.607284546,SandstoneShale
7.8258671761,2.373554945,0.261959523,84.06791687,SandstoneShale
7.8274312019,2.3772208691,0.2587333322,83.351371765,SandstoneShale
7.8271412849,2.3870131969,0.2584995031,82.836936951,SandstoneShale
7.8252925873,2.3966727257,0.2639613152,82.724403381,SandstoneShale
7.8244771957,2.3984279633,0.2690758407,83.068893433,SandstoneShale
7.8256530762,2.3924942017,0.270501852,83.255905151,SandstoneShale
7.8274083138,2.3847947121,0.2718029916,83.44291687,SandstoneShale
7.8271579742,2.3770518303,0.2744008005,83.719818115,SandstoneShale
7.8255996704,2.370644331,0.2720361948,84.066932678,SandstoneShale
7.8241648674,2.3662648201,0.2659915984,84.032478333,SandstoneShale
7.8156805038,2.3658673763,0.2648657858,84.18963623,SandstoneShale
7.802116394,2.3699347973,0.2709762752,84.563652039,SandstoneShale
7.7950735092,2.3736143112,0.2782133818,83.403541565,SandstoneShale
7.8231916428,2.3574690819,0.2354379296,84.250991821,SandstoneShale
7.8255839348,2.3619246483,0.2293557823,83.528381348,SandstoneShale
7.8270802498,2.3713457584,0.2352081388,82.237037659,SandstoneShale
7.8244843483,2.4073357582,0.2664460242,80.502952576,SandstoneShale
7.8255600929,2.4169254303,0.2714667618,80.473426819,SandstoneShale
7.830971241,2.414618969,0.2703576684,80.785102844,SandstoneShale
7.8497281075,2.4008800983,0.2620302737,81.174209595,SandstoneShale
7.8793101311,2.3833801746,0.2526679039,81.620079041,SandstoneShale
7.9068484306,2.3697724342,0.2467249781,81.692909241,SandstoneShale
7.9334821701,2.3650178909,0.2463427931,81.392715454,SandstoneShale
7.9602975845,2.3716902733,0.2506233156,80.756889343,SandstoneShale
7.9832482338,2.3846130371,0.2516599,80.298721313,SandstoneShale
7.9938664436,2.3950536251,0.2479477376,80.74622345,SandstoneShale
7.993698597,2.400187254,0.2448868304,81.533462524,SandstoneShale
7.9922385216,2.4029185772,0.2459979206,82.55544281,SandstoneShale
7.9919996262,2.4049568176,0.2496103793,82.82118988,SandstoneShale
7.9902658463,2.405351162,0.2515954375,82.348426819,SandstoneShale
7.9807825089,2.4022784233,0.2520529926,82.254920959,SandstoneShale
7.9644160271,2.3961863518,0.2502527535,82.23966217,SandstoneShale
7.9495439529,2.3915662766,0.2479934543,82.547241211,SandstoneShale
7.9355573654,2.3918190002,0.2535898983,82.880569458,SandstoneShale
7.9189229012,2.3975880146,0.2654445469,82.461120605,SandstoneShale
7.8965320587,2.4046254158,0.2742109001,82.070373535,SandstoneShale
7.8753213882,2.4085228443,0.2719506621,81.865974426,SandstoneShale
7.8584156036,2.4090511799,0.2631924748,82.335136414,SandstoneShale
7.6795015335,2.4004645348,0.2493961006,79.330711365,SandstoneShale
7.6857070923,2.3928050995,0.2527092993,79.552490234,SandstoneShale
7.6904110909,2.3794178963,0.2569991052,81.125328064,Sandstone
7.6926236153,2.3676207066,0.2606613636,82.688980103,Sandstone
7.694231987,2.3662061691,0.2640780509,83.933395386,Sandstone
7.6933851242,2.3746082783,0.2653153241,84.52066803,Sandstone
7.6915555,2.3811974525,0.2608421743,84.195869446,Sandstone
7.6910004616,2.3785173893,0.2515893281,83.630577087,Sandstone
7.6910004616,2.3720452785,0.2475852817,83.942260742,SandstoneShale
7.6910004616,2.3691830635,0.2539979219,84.094490051,SandstoneShale
7.6910004616,2.3668224812,0.2657354772,83.802490234,SandstoneShale
7.6910004616,2.3582165241,0.2748098969,84.116630554,SandstoneShale
7.6897158623,2.3457486629,0.2779056728,84.600883484,SandstoneShale
7.6833267212,2.3375253677,0.2817767859,84.731056213,SandstoneShale
7.6691870689,2.3356664181,0.2860237658,84.637550354,SandstoneShale
7.6509466171,2.3361382484,0.2844476104,84.451774597,Sandstone
7.6365504265,2.3370685577,0.2778383493,83.957511902,Sandstone
7.6301774979,2.3376963139,0.2692544758,83.739334106,Sandstone
7.6290006638,2.3355615139,0.2609853446,83.527069092,Sandstone
7.6283817291,2.3316266537,0.2547094226,83.444885254,SandstoneShale
7.6234130859,2.3325362206,0.2546331584,83.646652222,SandstoneShale
7.6157341003,2.3449823856,0.2597198784,83.040351868,SandstoneShale
7.6206626892,2.3659629822,0.2616038918,82.341537476,SandstoneShale
7.6415390968,2.3836362362,0.2587532699,81.978675842,SandstoneShale
7.6601252556,2.3923895359,0.256806463,80.891731262,SandstoneShale
7.6680784225,2.3978831768,0.2576377094,80.268371582,SandstoneShale
7.6740345955,2.4056732655,0.2583503723,79.718505859,SandstoneShale
7.6873011589,2.4101996422,0.2567883134,79.965553284,SandstoneShale
7.709130764,2.4044020176,0.2557201385,82.122047424,Sandstone
7.7292141914,2.3929030895,0.2567198873,82.850067139,Sandstone
7.7373723984,2.38133955,0.2574495971,83.473426819,Sandstone
7.7379999161,2.3697657585,0.2559782267,83.777397156,SandstoneShale
7.7379999161,2.366212368,0.2516572773,82.533958435,SandstoneShale
7.7379999161,2.3737308979,0.2473659515,82.346946716,SandstoneShale
7.7378110886,2.3794329166,0.2449170053,82.270179749,SandstoneShale
7.7358188629,2.3803462982,0.2420413047,82.641731262,SandstoneShale
7.7287769318,2.383808136,0.2374441922,81.937995911,Sandstone
7.7151494026,2.3944783211,0.2355291843,81.5364151,Sandstone
7.6995959282,2.4079606533,0.2416379601,81.293960571,SandstoneShale
7.6860551834,2.4198446274,0.2497889102,80.701774597,SandstoneShale
7.6740322113,2.4290058613,0.2504518628,80.158790588,SandstoneShale
7.675778389,2.4332604408,0.2499771118,79.940620422,Sandstone
7.6981225014,2.431989193,0.2544160485,79.931098938,Sandstone
7.7266497612,2.4237148762,0.2567909658,81.60382843,Sandstone
7.7491269112,2.4007022381,0.2515226007,84.781333923,Sandstone
7.7518582344,2.3608326912,0.2460595965,86.293800354,Sandstone
7.7285642624,2.3222434521,0.2512588203,85.608100891,Sandstone
7.6872134209,2.3124423027,0.2614155114,84.703742981,SandstoneShale
7.6472244263,2.3393418789,0.2666849494,82.133857727,SandstoneShale
7.63063097,2.381275177,0.2629180253,80.227851868,SandstoneShale
7.6310281754,2.4085187912,0.2579732835,80.64780426,SandstoneShale
7.6314787865,2.411823988,0.2654496431,81.477363586,Sandstone
7.6329908371,2.4032771587,0.2882617116,82.512138367,Sandstone
7.6394972801,2.3974237442,0.3112321794,83.774276733,Sandstone
7.663339138,2.3990459442,0.3074757457,84.094490051,SandstoneShale
7.7054185867,2.3968315125,0.2792976499,85.126312256,SandstoneShale
7.746257782,2.3769540787,0.2552106082,86.447509766,SandstoneShale
7.7668156624,2.3418822289,0.2487393171,87.030509949,SandstoneShale
7.6771702766,2.4291374683,0.27312994,83.143531799,SandstoneShale
7.6779308319,2.405872345,0.2747019231,85.167816162,SandstoneShale
7.6745796204,2.3732392788,0.2716792822,84.856132507,SandstoneShale
7.671848774,2.3453187943,0.263577044,84.47227478,SandstoneShale
7.6709237099,2.336132288,0.2573117912,82.931091309,SandstoneShale
7.6691198349,2.3478286266,0.2562842071,81.772956848,SandstoneShale
7.6678528786,2.3665361404,0.2624407411,82.206199646,SandstoneShale
7.6682515144,2.3796164989,0.2743478715,82.544784546,SandstoneShale
7.6755027771,2.3854365349,0.2824580669,82.204231262,SandstoneShale
7.6970734596,2.38905406,0.2769452035,82.588745117,SandstoneShale
7.7247662544,2.39174366,0.265594095,83.219490051,SandstoneShale
7.7538375854,2.3839967251,0.2578591704,84.036743164,Sandstone
7.7932534218,2.363155365,0.261149615,85.034118652,Sandstone
7.8225154877,2.3388702869,0.2725953162,85.986221313,Sandstone
7.8276138306,2.3243579865,0.2831093371,85.546257019,Sandstone
7.8280000687,2.3233158588,0.2922455966,84.988517761,SandstoneShale
7.8280000687,2.329249382,0.2978004515,84.553642273,SandstoneShale
7.8280000687,2.3335428238,0.2983578146,84.191436768,SandstoneShale
7.8280000687,2.3330340385,0.2908633649,84.363525391,SandstoneShale
7.8281326294,2.3307437897,0.2800070941,83.747047424,SandstoneShale
7.8291296959,2.330196619,0.2748883665,83.560035706,SandstoneShale
7.8308916092,2.3342971802,0.2761386633,83.376968384,SandstoneShale
7.8307247162,2.3435125351,0.2754709423,83.559547424,SandstoneShale
7.8302397728,2.3554224968,0.2703112066,83.189468384,SandstoneShale
7.8322319984,2.3617630005,0.2673505843,83.562995911,SandstoneShale
7.8312950134,2.3559207916,0.2678496838,83.75,Sandstone
7.8284044266,2.3431451321,0.2694783211,83.251312256,Sandstone
7.8280000687,2.3392016888,0.2720236182,82.752624512,SandstoneShale
7.8280000687,2.3524897099,0.2761642635,82.998023987,SandstoneShale
7.8276367188,2.3724780083,0.2738966346,82.381561279,SandstoneShale
7.8264718056,2.382796526,0.2620143294,83.176834106,SandstoneShale
7.8261756897,2.382838726,0.2479357272,83.741142273,SandstoneShale
7.8265295029,2.3852710724,0.2424647808,83.013771057,Sandstone
7.8230276108,2.3921687603,0.2469653487,83.183563232,Sandstone
7.8148350716,2.3944072723,0.255402863,82.577262878,Sandstone
7.8090000153,2.388147831,0.2625949085,82.775505066,SandstoneShale
7.8083209991,2.3819088936,0.2695581019,82.993675232,SandstoneShale
7.8021655083,2.3846969604,0.278406024,81.789360046,SandstoneShale
7.7159438133,2.3885567188,0.2844751179,84.509513855,SandstoneShale
7.7207536697,2.3835873604,0.27451244,85.693901062,SandstoneShale
7.6974716187,2.3737878799,0.2590305209,85.037399292,SandstoneShale
7.6845231056,2.3751277924,0.2417626232,83.104980469,SandstoneShale
7.706343174,2.4013743401,0.2331528366,80.874015808,SandstoneShale
7.7269463539,2.4363811016,0.2336661369,79.101051331,SandstoneShale
7.7300000191,2.4487397671,0.242536515,78.06036377,SandstoneShale
7.7289175987,2.4368169308,0.2481682301,79.112693787,SandstoneShale
7.7194657326,2.4209487438,0.2461010665,80.47227478,SandstoneShale
7.6889214516,2.4131479263,0.2437733114,80.970146179,SandstoneShale
7.644780159,2.406816721,0.2449200749,81.696846008,SandstoneShale
7.6201467514,2.3949625492,0.2514409423,82.502784729,SandstoneShale
7.6181707382,2.3846232891,0.2639355063,83.486381531,SandstoneShale
7.6187486649,2.379144907,0.2871179283,83.965553284,SandstoneShale
7.6207304001,2.378595829,0.311858803,84.459320068,SandstoneShale
7.6231689453,2.3819453716,0.3231581748,84.958007813,SandstoneShale
7.6309862137,2.3843173981,0.3089913726,85.913383484,SandstoneShale
7.6453971863,2.3782978058,0.2762444019,86.512306213,Sandstone
7.6634840965,2.3589925766,0.2483166456,86.392227173,Sandstone
7.6862854958,2.334895134,0.2367965281,85.129920959,SandstoneShale
7.7130069733,2.3266730309,0.2412582636,84.266403198,SandstoneShale
7.7309923172,2.3426370621,0.2491496801,83.624832153,SandstoneShale
7.7327661514,2.3692455292,0.2565057576,82.159942627,SandstoneShale
7.7304625511,2.3846254349,0.2675601244,81.608428955,SandstoneShale
7.7308697701,2.3876647949,0.2821493745,81.395179749,SandstoneShale
7.7382950783,2.3873996735,0.2888229489,81.54183197,SandstoneShale
7.7583427429,2.3917655945,0.2865599692,83.004104614,SandstoneShale
7.777463913,2.4019179344,0.2838523388,84.403709412,SandstoneShale
7.781170845,2.4132096767,0.2798604369,84.397155762,SandstoneShale
7.784327507,2.4152593613,0.2696159482,84.539863586,SandstoneShale
7.792760849,2.4052369595,0.2532526851,84.480316162,SandstoneShale
7.7964544296,2.3942737579,0.2480897754,84.386817932,SandstoneShale
7.7959866524,2.397687912,0.2498592436,82.958992004,SandstoneShale
7.7919988632,2.4078938961,0.2505712211,82.098426819,SandstoneShale
7.7860536575,2.4118609428,0.2469236702,82.162399292,SandstoneShale
7.7812623978,2.4092011452,0.2429592907,81.162071228,SandstoneShale
7.745256424,2.4000141621,0.2754380703,83.904853821,SandstoneShale
7.7338180542,2.3992385864,0.2819406688,84.158462524,SandstoneShale
7.7455949783,2.3986432552,0.2794606686,83.818901062,SandstoneShale
7.7675189972,2.397241354,0.2705163062,83.277557373,SandstoneShale
7.7820315361,2.3951437473,0.2525805533,82.664207458,SandstoneShale
7.7849998474,2.3989789486,0.2431236356,81.571357727,SandstoneShale
7.7849998474,2.411822319,0.2483257502,80.854988098,SandstoneShale
7.7848939896,2.4205272198,0.2635116279,80.283462524,SandstoneShale
7.7836937904,2.4248039722,0.2715595365,80.497535706,SandstoneShale
7.6562972069,2.4371130466,0.2467376739,80.525588989,SandstoneShale
7.7008547783,2.4337127209,0.2343918532,80.712600708,SandstoneShale
7.7412734032,2.4193174839,0.2381362617,81.398292542,SandstoneShale
7.7672305107,2.4018082619,0.2516207993,82.705703735,SandstoneShale
7.7713575363,2.3884849548,0.2615687251,82.801834106,SandstoneShale
7.7746801376,2.3862886429,0.2660983503,82.947502136,SandstoneShale
7.7707042694,2.3926653862,0.2686049342,82.655509949,SandstoneShale
7.7660002708,2.3935539722,0.2706219256,83.34727478,SandstoneShale
7.7660002708,2.3844981194,0.2711881101,84.686843872,SandstoneShale
7.7660002708,2.3634443283,0.2756878138,85.14616394,SandstoneShale
7.7660002708,2.3461236954,0.2794803977,85.624504089,SandstoneShale
7.7660002708,2.3334305286,0.2812651992,85.604820251,SandstoneShale
7.7660284042,2.3343243599,0.2804738283,85.128448486,SandstoneShale
7.7665190697,2.3483335972,0.2791647613,84.375167847,SandstoneShale
7.767929554,2.3590655327,0.2743458152,83.277389526,SandstoneShale
7.7689266205,2.3651254177,0.2667937577,82.522636414,SandstoneShale
7.7674722672,2.3667471409,0.2646771371,82.232284546,SandstoneShale
7.7628016472,2.3699924946,0.2684995234,81.855636597,SandstoneShale
7.7504854202,2.378108263,0.2709401846,81.608268738,SandstoneShale
7.7323384285,2.382032156,0.2652765214,80.950462341,SandstoneShale
7.7162213326,2.3855659962,0.2569008768,80.468505859,SandstoneShale
7.7064762115,2.3858172894,0.2540789545,80.515258789,SandstoneShale
7.7042527199,2.3914132118,0.2568496466,79.817092896,SandstoneShale
7.7038078308,2.4008774757,0.2594719231,80.44455719,SandstoneShale
7.7058997154,2.4026215076,0.2574405074,80.935035706,SandstoneShale
7.7027635574,2.3947572708,0.2491765767,81.414863586,SandstoneShale
7.6957087517,2.3845887184,0.242511481,82.021820068,SandstoneShale
7.6285543442,2.3826584816,0.2808398902,83.455215454,Sandstone
7.62626791,2.3821589947,0.2807000875,84.584976196,Sandstone
7.6248636246,2.3690097332,0.2804907262,85.398620605,Sandstone
7.6251368523,2.3525779247,0.2784112394,86.003768921,Sandstone
7.6261539459,2.3303279877,0.2763522863,86.5831604,Sandstone
7.6289801598,2.3118135929,0.273265332,87.187988281,Sandstone
7.6281452179,2.2978670597,0.2748905718,86.938644409,Sandstone
7.624027729,2.289576292,0.2803634703,86.489173889,Sandstone
7.6170763969,2.2981891632,0.2895158827,85.119094849,SandstoneShale
7.6122231483,2.3284537792,0.2900146842,84.00164032,SandstoneShale
7.6190595627,2.3692750931,0.2710757554,83.921913147,SandstoneShale
7.6306028366,2.3893709183,0.2445468605,84.128448486,SandstoneShale
7.6302871704,2.3736710548,0.2287991494,83.633041382,SandstoneShale
7.6247091293,2.35876894,0.2263322622,83.799865723,SandstoneShale
7.6159563065,2.3771135807,0.2293112725,82.095466614,SandstoneShale
7.6118574142,2.4168703556,0.2397072911,79.838417053,SandstoneShale
7.6164183617,2.4411332607,0.2603960931,81.077262878,SandstoneShale
7.6202812195,2.4277265072,0.2745028436,83.589569092,SandstoneShale
7.6209764481,2.3945384026,0.2823528051,85.708335876,SandstoneShale
7.6214132309,2.3605177402,0.2855477929,85.710960388,SandstoneShale
7.6244454384,2.334526062,0.2843849957,85.499015808,SandstoneShale
7.6274247169,2.329624176,0.2789267004,85.438980103,SandstoneShale
7.6225271225,2.3359746933,0.2733133435,85.128936768,SandstoneShale
7.6004161835,2.3441700935,0.2748394608,85.122535706,SandstoneShale
7.5623664856,2.3503944874,0.2837933898,84.414535522,SandstoneShale
7.5364570618,2.3565762043,0.2934689522,84.243118286,SandstoneShale
7.5312485695,2.3701794147,0.2964442074,85.141731262,SandstoneShale
7.5314035416,2.3718390465,0.2926257551,85.843833923,SandstoneShale
7.532766819,2.3586888313,0.2856239974,86.880577087,Sandstone
7.5371351242,2.3354907036,0.2825149298,87.25541687,Sandstone
7.5564723015,2.3113117218,0.2769556046,87.703567505,Sandstone
7.5929784775,2.2956757545,0.2624591887,88.474403381,Sandstone
7.6174726486,2.2834513187,0.2451573908,88.907478333,Sandstone
7.6208634377,2.2830469608,0.2376388162,87.353347778,Sandstone
7.6202082634,2.2913696766,0.2436681539,84.891403198,SandstoneShale
7.6171255112,2.3094813824,0.2504993975,83.105804443,SandstoneShale
7.6138567924,2.3346657753,0.257273674,81.943077087,SandstoneShale
7.6130514145,2.3587007523,0.2702712417,82.449142456,SandstoneShale
7.6129999161,2.3698816299,0.282150656,83.844490051,SandstoneShale
7.6145601273,2.368117094,0.2814885974,84.871887207,SandstoneShale
7.623775959,2.3660180569,0.2701785862,85.301673889,SandstoneShale
7.648706913,2.3680272102,0.2609526813,85.261322021,SandstoneShale
7.6777310371,2.3674099445,0.2594805658,84.697021484,SandstoneShale
7.6926016808,2.3697769642,0.2624315321,84.262306213,SandstoneShale
7.7006387711,2.377415657,0.2659209967,83.476867676,SandstoneShale
7.7146925926,2.3859546185,0.2660100162,82.851043701,SandstoneShale
7.7284440994,2.3852362633,0.2650041282,83.231956482,SandstoneShale
7.7334322929,2.3735394478,0.2709494829,83.931594849,SandstoneShale
7.7475018501,2.3637242317,0.2807971835,84.297737122,SandstoneShale
7.8152475357,2.3909435272,0.2544353604,83.905845642,SandstoneShale
7.8186750412,2.3983561993,0.2622377574,83.095474243,SandstoneShale
7.8107857704,2.4011032581,0.2712424695,82.535430908,SandstoneShale
7.780210495,2.4033617973,0.280985266,82.481788635,SandstoneShale
7.7304263115,2.4009754658,0.286436379,82.969978333,SandstoneShale
7.7146730423,2.3642280102,0.2537707388,84.290847778,Sandstone
7.7442808151,2.3477795124,0.2393799573,84.717849731,Sandstone
7.7623434067,2.3265206814,0.235288918,84.658790588,Sandstone
7.7574067116,2.3922111988,0.2435286045,81.6614151,Sandstone
7.7666721344,2.3756091595,0.2299957871,81.651573181,Sandstone
7.7782416344,2.3722321987,0.2242184579,80.746391296,Sandstone
7.7837934494,2.391815424,0.2295034826,79.870079041,SandstoneShale
7.7823619843,2.4258842468,0.2422177494,79.653053284,SandstoneShale
7.7788524628,2.4443984032,0.2511714101,79.787567139,SandstoneShale
7.7775688171,2.4436073303,0.253362298,80.287895203,SandstoneShale
7.7803072929,2.4296972752,0.2537632585,80.976211548,SandstoneShale
7.777238369,2.4248104095,0.2672121823,79.969322205,SandstoneShale
7.7776799202,2.4313793182,0.2644764781,79.656990051,SandstoneShale
7.7787561417,2.4378447533,0.2658718228,79.655021667,SandstoneShale
7.7752799988,2.4406826496,0.2647719383,79.657974243,SandstoneShale
7.7683558464,2.4434945583,0.2635012269,79.318405151,SandstoneShale
7.7379999161,2.3613941669,0.307554543,83.65813446,SandstoneShale
7.7379999161,2.3413405418,0.3043267727,85.314308167,SandstoneShale
7.7379999161,2.3330495358,0.2978927791,86.168304443,SandstoneShale
7.7344923019,2.3337609768,0.2974650562,86.653869629,SandstoneShale
7.7197465897,2.3387954235,0.3001685739,87.08316803,SandstoneShale
7.7007174492,2.3445944786,0.2990936041,87.352851868,SandstoneShale
7.6912808418,2.3534166813,0.2902611494,87.124176025,SandstoneShale
7.6884636879,2.3628783226,0.2799830139,86.04511261,SandstoneShale
7.6880002022,2.3661935329,0.2774600387,84.941932678,SandstoneShale
7.6880002022,2.3608455658,0.279755652,84.455711365,SandstoneShale
7.6880002022,2.3510673046,0.283054173,84.910102844,SandstoneShale
7.688929081,2.3474612236,0.2857101858,85.64074707,SandstoneShale
7.6905145645,2.3559844494,0.2863326371,85.73589325,SandstoneShale
7.6910004616,2.3773984909,0.281686604,84.797569275,SandstoneShale
7.6910004616,2.39529109,0.2706348002,83.582672119,SandstoneShale
7.6910004616,2.3959779739,0.259457916,82.66305542,Sandstone
7.6910004616,2.3794150352,0.2557301223,82.264762878,Sandstone
7.6910004616,2.3619043827,0.2559316456,82.707679749,Sandstone
7.6910004616,2.3528943062,0.2541489601,83.009513855,Sandstone
7.6910004616,2.3490879536,0.2527538836,83.255249023,Sandstone
7.6910004616,2.3451163769,0.2575089931,84.037651062,Sandstone
7.6904029846,2.3406312466,0.2667635977,84.131149292,Sandstone
7.6899485588,2.3386003971,0.2705539465,84.410430908,SandstoneShale
7.6906428337,2.3417649269,0.2630800009,84.602363586,SandstoneShale
7.6910004616,2.3487975597,0.2491583824,83.983924866,SandstoneShale
7.6910004616,2.3607494831,0.2362615317,82.670928955,SandstoneShale
7.6904153824,2.3766651154,0.2287556976,81.10433197,SandstoneShale
7.6858730316,2.3963487148,0.2271157205,79.991798401,Sandstone
7.6658759117,2.4150564671,0.2315568477,79.137145996,Sandstone
7.6364331245,2.4286448956,0.2432568371,79.05708313,Sandstone
7.6194787025,2.4320333004,0.2588211596,79.726707458,Sandstone
7.6121406555,2.4225857258,0.2738775015,80.279525757,Sandstone
7.6110987663,2.4053237438,0.2797580063,81.212600708,Sandstone
7.6215295792,2.3865451813,0.2788105011,82.206695557,Sandstone
7.6412858963,2.3680818081,0.275701046,82.790519714,Sandstone
7.6548557281,2.3496768475,0.2717503607,83.549705505,Sandstone
7.6568746567,2.3307769299,0.2661539614,84.547080994,Sandstone
7.6545166969,2.3176658154,0.2593640685,85.120567322,Sandstone
7.6559929848,2.3156077862,0.2538381517,84.844978333,Sandstone
7.6673645973,2.3236582279,0.2509958446,84.496559143,Sandstone
7.6821346283,2.3350577354,0.2503862381,84.244102478,Sandstone
7.6886591911,2.3448872566,0.2507382631,83.848426819,Sandstone
7.6892442703,2.3527052402,0.2557507157,83.626968384,SandstoneShale
7.6892371178,2.3608367443,0.2664742172,83.622047424,SandstoneShale
7.6903705597,2.3666920662,0.2750052214,83.099899292,SandstoneShale
7.6937103271,2.3674144745,0.2767542005,83.171424866,SandstoneShale
7.7064347267,2.3607096672,0.2754030824,84.645835876,SandstoneShale
7.7256979942,2.3463187218,0.2773605585,85.518203735,SandstoneShale
7.7381792068,2.3295693398,0.2800051272,86.515579224,SandstoneShale
7.7423796654,2.3174772263,0.2758671045,86.984085083,SandstoneShale
7.7453579903,2.3152353764,0.2713732719,86.380905151,SandstoneShale
7.7587790489,2.3202176094,0.2702774704,85.739830017,SandstoneShale
7.7755422592,2.3286688328,0.2684647441,85.127952576,SandstoneShale
7.7796025276,2.3404529095,0.2663095295,85.019683838,SandstoneShale
7.7800731659,2.3527972698,0.2705977857,85.082023621,SandstoneShale
7.7828655243,2.3580811024,0.2782296538,85.144355774,SandstoneShale
7.7821955681,2.3567767143,0.2791778445,85.120323181,SandstoneShale
7.7791223526,2.3572056293,0.2712340653,84.902145386,SandstoneShale
7.7798118591,2.3646245003,0.2645927668,84.448165894,SandstoneShale
7.7225651741,2.3870890141,0.2683915794,83.801101685,SandstoneShale
7.7168035507,2.38129282,0.2669023573,83.645256042,SandstoneShale
7.6903181076,2.3816740513,0.2712152004,83.48941803,SandstoneShale
7.6658411026,2.3826539516,0.2787388861,83.325294495,SandstoneShale
7.6565532684,2.3785076141,0.2850956619,83.400756836,SandstoneShale
7.6537842751,2.3680269718,0.2868204117,84.032478333,Sandstone
7.6529641151,2.3560023308,0.282915324,84.157157898,Sandstone
7.6617422104,2.3526878357,0.2795014977,84.281829834,Sandstone
7.6927256584,2.3601641655,0.2844998837,84.280517578,Sandstone
7.736890316,2.3680145741,0.2918570042,83.937667847,Sandstone
7.7683839798,2.3696277142,0.2860126793,83.780838013,Sandstone
7.7869138718,2.3698019981,0.2638173997,83.905509949,Sandstone
7.8022789955,2.3748710155,0.2442224473,83.93963623,Sandstone
7.8120470047,2.3835804462,0.2424038053,83.511154175,Sandstone
7.8156881332,2.392591238,0.2519031465,82.57283783,Sandstone
7.8183107376,2.4021482468,0.2588436306,81.89780426,Sandstone
7.8220968246,2.4097840786,0.25908041,81.605804443,SandstoneShale
7.8239994049,2.4092297554,0.2562742829,81.593002319,SandstoneShale
7.8239994049,2.4020354748,0.2508510947,80.907310486,SandstoneShale
7.8239994049,2.3969299793,0.245050475,80.235565186,SandstoneShale
7.8220176697,2.3989002705,0.2455431372,79.405509949,SandstoneShale
7.8146624565,2.407869339,0.2528614402,77.833496094,SandstoneShale
7.6260547638,2.3750088215,0.250017643,81.716209412,SandstoneShale
7.6226930618,2.3757066727,0.2429530919,81.404525757,SandstoneShale
7.6392607689,2.3764045238,0.2405251265,81.688323975,SandstoneShale
7.6500983238,2.3767075539,0.244076252,82.403541565,SandstoneShale
7.6514296532,2.3724069595,0.2531650662,82.656005859,SandstoneShale
7.6478838921,2.3633747101,0.2638477087,83.306922913,SandstoneShale
7.64153862,2.3583841324,0.2684639394,83.90977478,SandstoneShale
7.6376276016,2.361189127,0.2643104792,83.428146362,SandstoneShale
7.6396150589,2.3674695492,0.2538942695,83.863021851,SandstoneShale
7.6467852592,2.3710157871,0.2436102629,84.588088989,SandstoneShale
7.6510853767,2.3739352226,0.238248378,84.591041565,SandstoneShale
7.6453728676,2.3814229965,0.2394144684,83.406661987,SandstoneShale
7.6322336197,2.39255023,0.2449553162,82.246391296,SandstoneShale
7.618973732,2.4023821354,0.2472808957,81.327758789,SandstoneShale
7.6147141457,2.4069545269,0.2435995042,81.046257019,SandstoneShale
7.6163053513,2.4039947987,0.2383594066,81.420272827,SandstoneShale
7.6201982498,2.3947155476,0.2364761531,81.823814392,Sandstone
7.642745018,2.3861422539,0.2377631217,82.237861633,Sandstone
7.6898317337,2.3849146366,0.2388654798,81.074630737,Sandstone
7.7250638008,2.3908653259,0.2393691987,80.139274597,Sandstone
7.7310562134,2.3997709751,0.240177542,79.729820251,SandstoneShale
7.7208342552,2.4085941315,0.2421796471,79.608428955,SandstoneShale
7.7002267838,2.4150834084,0.2438859195,80.019195557,SandstoneShale
7.6880102158,2.4172956944,0.240169391,80.224899292,SandstoneShale
7.6861953735,2.4173164368,0.2325525284,80.623191833,SandstoneShale
7.6847143173,2.4206695557,0.2278590947,81.205207825,SandstoneShale
7.685760498,2.4325790405,0.2288853228,81.225723267,SandstoneShale
7.6876468658,2.4530968666,0.2317040265,79.733268738,SandstoneShale
7.6884880066,2.4744129181,0.2358027548,79.475883484,SandstoneShale
7.6902556419,2.4823281765,0.2434079647,78.599243164,SandstoneShale
7.694694519,2.4716529846,0.2525142431,79.015258789,SandstoneShale
7.7117033005,2.4489386082,0.2573220432,79.330215454,Sandstone
7.7461819649,2.4211497307,0.2572750747,81.133201599,Sandstone
7.7718610764,2.3912801743,0.256418854,82.795928955,Sandstone
7.774582386,2.3669466972,0.2580063641,83.348426819,SandstoneShale
7.7716684341,2.3592824936,0.2610568702,82.944549561,SandstoneShale
7.7689061165,2.3714034557,0.2587604225,82.068572998,SandstoneShale
7.7490115166,2.4301905632,0.2521310151,78.0103302,SandstoneShale
7.7337331772,2.4366500378,0.2589993775,78.207183838,SandstoneShale
7.7270002365,2.4364228249,0.2540619373,78.584320068,SandstoneShale
7.7246651649,2.4292502403,0.239230454,79.008857727,SandstoneShale
7.7080774307,2.4186871052,0.2294741422,79.167976379,SandstoneShale
7.6672625542,2.4125061035,0.2347746938,78.742126465,SandstoneShale
7.6273870468,2.4254667759,0.2878051698,80.281990051,SandstoneShale
7.6811699867,2.3978433609,0.2836543918,83.198326111,SandstoneShale
7.7589664459,2.3655335903,0.2807750106,83.557579041,SandstoneShale
7.8091244698,2.3479578495,0.2800979018,83.372787476,SandstoneShale
7.8247585297,2.3521208763,0.2798632979,83.279281616,Sandstone
7.8317866325,2.3600790501,0.275839895,83.189224243,Sandstone
7.8258671761,2.3524742126,0.2678706646,83.282730103,Sandstone
7.8030548096,2.3305792809,0.2650940418,83.377464294,Sandstone
7.7839956284,2.311498642,0.2720565796,83.560531616,Sandstone
7.7816138268,2.3066418171,0.2791053355,83.374504089,Sandstone
7.7917308807,2.3138980865,0.2785223424,83.312171936,Sandstone
7.8194899559,2.3247544765,0.2720418274,83.249832153,Sandstone
7.841586113,2.330529213,0.2658977211,83.1875,Sandstone
7.8433766365,2.3300449848,0.2621771693,83.125160217,Sandstone
7.8369460106,2.3218154907,0.2607988417,83.062820435,Sandstone
7.8164796829,2.307477951,0.2580793202,83.000488281,Sandstone
7.7911925316,2.2932670116,0.2554651797,83.026496887,Sandstone
7.7782111168,2.2857322693,0.2575971782,83.053215027,Sandstone
7.768594265,2.2878735065,0.263748765,83.079933167,Sandstone
7.7439012527,2.2976145744,0.2730849087,83.106643677,Sandstone
7.7089242935,2.3099131584,0.2821260989,83.133361816,Sandstone
7.6901259422,2.3185703754,0.2887685001,83.160079956,Sandstone
7.6922764778,2.3194825649,0.2884684801,83.186798096,Sandstone
7.7044901848,2.3153555393,0.2804296315,83.005409241,Sandstone
7.7242498398,2.3100028038,0.2705251873,83.030258179,Sandstone
7.7424998283,2.3060276508,0.2654503882,83.061431885,Sandstone
7.7520184517,2.3091616631,0.2625650764,83.092597961,Sandstone
7.7526993752,2.3186285496,0.2605449259,83.123764038,Sandstone
7.7516474724,2.3201317787,0.2625187337,83.154937744,Sandstone
7.7545404434,2.3033671379,0.2673305869,83.186103821,Sandstone
7.7575707436,2.2786796093,0.2740061581,83.127952576,Sandstone
7.7578954697,2.2654151917,0.2809953988,83.065612793,Sandstone
7.7569150925,2.2757213116,0.2870695293,83.00327301,Sandstone
7.7568302155,2.3102314472,0.2881199121,83.17716217,Sandstone
7.7709431648,2.3641955853,0.2809900045,83.099159241,Sandstone
7.8112235069,2.412539959,0.2734212875,83.005653381,Sandstone
7.8666186333,2.4271407127,0.2697096169,82.76574707,Sandstone
7.8892087936,2.4127922058,0.2653548121,82.954399109,Sandstone
7.9117984772,2.3934834003,0.2591975629,83.172569275,Sandstone
7.9343881607,2.3918578625,0.2576560676,82.781005859,Sandstone
7.9350185394,2.4084281921,0.264046669,82.807907104,Sandstone
7.8642292023,2.4323854446,0.2696050107,82.870239258,Sandstone
7.8262872696,2.452091217,0.270624429,82.932571411,Sandstone
7.8139314651,2.45702672,0.2659854293,82.994903564,Sandstone
16.499599457,2.1455287933,0.4457752407,143.24624634,Sandstone
17.001527786,2.1252372265,0.4528720379,145.73365784,Sandstone
17.524185181,2.1029837132,0.4623650312,146.4724884,Sandstone
18.162368774,2.0772657394,0.4719055593,147.13409424,Sandstone
18.943187714,2.0408039093,0.4797298014,147.94668579,Sandstone
19.502397537,2.0031247139,0.4850551784,147.96379089,Sandstone
19.194738388,1.9856362343,0.4875906706,147.27532959,Sandstone
18.190235138,1.997974515,0.4867637157,146.23716736,Sandstone
17.516368866,2.024960041,0.4819489419,146.0428772,Sandstone
17.557634354,2.0461711884,0.4735949039,146.28036499,Sandstone
17.973213196,2.0518405437,0.4639712572,147.3371582,Sandstone
18.518852234,2.043431282,0.4563024342,149.96907043,Sandstone
19.089822769,2.0246014595,0.4529936314,152.22654724,Sandstone
19.619821548,2.001512289,0.4544341564,151.05731201,Sandstone
19.969661713,1.9849921465,0.4590941668,148.82141113,Sandstone
20.224609375,1.9826942682,0.4649961591,146.92019653,Sandstone
20.854244232,1.995913744,0.4711486995,146.71350098,Sandstone
21.62053299,2.0108177662,0.4779084325,147.19404602,Sandstone
21.780714035,2.0149314404,0.4863444269,147.41894531,Sandstone
21.442472458,2.0130140781,0.4970196486,146.87176514,Sandstone
21.312637329,2.006541729,0.509223938,146.12825012,Sandstone
21.486755371,1.9850584269,0.5207948089,146.22000122,Sandstone
21.657762527,1.9451173544,0.5288085341,147.63601685,Sandstone
21.940347672,1.9030483961,0.5307314396,148.93490601,Sandstone
22.145122528,1.8834199905,0.5257174969,149.21432495,Sandstone
21.984783173,1.8988338709,0.5156643391,148.46862793,Sandstone
21.801797867,1.938585043,0.5050076842,146.42367554,Sandstone
21.617841721,1.977951169,0.4986646175,144.80711365,Sandstone
21.322690964,2.0010962486,0.4995157719,144.52810669,Sandstone
20.997415543,2.0108408928,0.5071017146,144.73448181,Sandstone
20.461105347,2.0161485672,0.5181348324,145.31166077,Sandstone
20.108877182,2.0191738605,0.5283213258,145.3939209,Sandstone
20.425395966,2.0210208893,0.5343148708,144.91429138,Sandstone
21.079862595,2.0250532627,0.5351109505,144.38504028,Sandstone
21.652666092,2.0315639973,0.5314807296,144.16075134,Sandstone
21.985279083,2.0261137486,0.5241806507,144.37898254,Sandstone
21.819189072,1.9980642796,0.5127676725,143.89678955,Sandstone
21.06338501,1.9736824036,0.4960838854,142.76101685,Sandstone
20.248935699,1.987516284,0.4742049575,141.17311096,Sandstone
19.787147522,2.0342912674,0.4498093426,140.8210907,Sandstone
19.629785538,2.0713059902,0.4274134934,142.77687073,Sandstone
19.706315994,2.0765366554,0.4113787115,145.70704651,Sandstone
19.921234131,2.0659086704,0.4040616453,148.56011963,Sandstone
20.329532623,2.0534274578,0.4052441716,150.70146179,Sandstone
21.043426514,2.0370099545,0.4125380218,151.72171021,Sandstone
21.745645523,2.0177102089,0.4225828052,151.86062622,Sandstone
22.077863693,2.0101892948,0.432562381,151.53395081,Sandstone
22.147241592,2.0193223953,0.4409117401,151.17652893,Sandstone
21.939798355,2.0355923176,0.4473464787,150.66171265,Sandstone
21.588655472,2.0495710373,0.4524361193,149.88430786,Sandstone
21.664024353,2.0538647175,0.4570453763,148.89900208,Sandstone
21.962339401,2.0413365364,0.4617208838,147.97467041,Sandstone
21.913309097,2.0129599571,0.4663512111,147.2348938,Sandstone
21.717224121,1.9848730564,0.4705224931,147.25961304,Sandstone
21.661314011,1.9717626572,0.4741334915,147.60360718,Sandstone
21.738800049,1.9714318514,0.4775851071,147.87773132,Sandstone
21.991270065,1.9744026661,0.4812769592,148.66113281,Sandstone
22.255653381,1.978502512,0.4846602678,149.4677124,Sandstone
22.305261612,1.9787564278,0.4858022928,149.551651,Sandstone
22.171760559,1.9689244032,0.4820221066,149.54171753,Sandstone
22.027914047,1.9601902962,0.4714553058,149.16044617,Sandstone
21.817972183,1.9712650776,0.4546215236,148.13430786,Sandstone
21.211671829,2.0038866997,0.4349259138,147.31555176,Sandstone
20.225076675,2.0370738506,0.4175100625,146.93128967,Sandstone
19.363039017,2.0541300774,0.4066597521,145.7947998,Sandstone
18.993432999,2.0601007938,0.403775394,143.83575439,Sandstone
18.661817551,2.0668759346,0.4073057473,141.97984314,Sandstone
17.666730881,2.0768120289,0.4144062698,141.38291931,Sandstone
14.614090919,2.1347968578,0.357652843,143.57116699,Sandstone
16.016817093,1.6694561243,0.4370594621,140.41842651,SandstoneShale
15.484413147,1.691352725,0.4270436168,130.64732361,SandstoneShale
14.956741333,1.7937580347,0.4229855537,135.82948303,SandstoneShale
15.523579597,1.9110490084,0.4294996262,130.24082947,SandstoneShale
12.944951057,2.069070816,0.3178700805,94.664726257,SandstoneShale
14.750072479,1.8190704584,0.3078586459,98.977294922,SandstoneShale
17.63228035,1.5596494675,0.3114803433,112.90161896,SandstoneShale
20.163391113,1.4028286934,0.330249697,120.17990875,SandstoneShale
19.806627274,1.3668824434,0.3609851301,125.55251312,SandstoneShale
19.449863434,1.3972638845,0.3972409666,142.7336731,SandstoneShale
19.093099594,1.4325920343,0.4314692914,145.99604797,SandstoneShale
18.736335754,1.4754158258,0.4581795931,126.54237366,SandstoneShale
18.187616348,1.5519579649,0.4757432342,119.47052765,SandstoneShale
15.534045219,1.6383767128,0.4851250648,112.4418335,SandstoneShale
15.376682281,1.7024152279,0.4871810675,116.2544632,SandstoneShale
15.288815498,1.7778437138,0.4814861715,116.44968414,SandstoneShale
12.250159264,2.150393486,0.349435091,97.804893494,Sandstone
12.216422081,2.156835556,0.3386850953,98.866035461,Sandstone
12.211182594,2.1676185131,0.3236179948,98.793212891,Sandstone
12.211001396,2.1775352955,0.3066227734,97.384498596,Sandstone
12.211001396,2.1826591492,0.2900820673,96.697044373,Sandstone
12.211001396,2.18217206,0.2757552564,92.926376343,Sandstone
12.211001396,2.176738739,0.2647570074,92.750938416,Sandstone
12.211001396,2.1700789928,0.2576999664,91.562988281,Sandstone
12.211001396,2.165065527,0.2547858357,95.367477417,Sandstone
12.211001396,2.165184021,0.2558643818,84.268981934,Sandstone
12.211001396,2.1717028618,0.2601968646,83.844993591,Sandstone
12.211001396,2.1804656982,0.2665983737,86.652534485,Sandstone
12.220288277,2.1862754822,0.2744595408,87.640914917,Sandstone
12.269183159,2.1853659153,0.2848912776,91.922172546,Sandstone
12.4917202,2.1712563038,0.3008138239,96.417282104,Sandstone
12.979449272,2.1333270073,0.325165689,103.2845993,Sandstone
12.211001396,2.1978747845,0.2819755971,94.561637878,Sandstone
12.211001396,2.2040934563,0.2644649744,93.966461182,Sandstone
12.211001396,2.2066116333,0.2515742481,94.281799316,Sandstone
12.211001396,2.2078101635,0.2423358411,94.322860718,Sandstone
12.211001396,2.2094049454,0.2362224758,93.007286072,Sandstone
12.211001396,2.2091286182,0.2332567871,92.926765442,Sandstone
12.211001396,2.2068705559,0.2332683802,94.055236816,Sandstone
12.211001396,2.2070350647,0.2355259657,93.373474121,Sandstone
12.211001396,2.2111997604,0.2387333214,92.355064392,Sandstone
12.211001396,2.2171473503,0.2415459901,92.60332489,Sandstone
12.211001396,2.2230522633,0.2429922372,92.763069153,Sandstone
12.211001396,2.2273364067,0.2427918315,91.919174194,Sandstone
12.211001396,2.2279829979,0.2412977219,92.536048889,Sandstone
12.211001396,2.2262675762,0.2392534912,92.432685852,Sandstone
12.211001396,2.2267973423,0.2373309731,91.293983459,Sandstone
12.211001396,2.2290832996,0.2359368205,91.075531006,Sandstone
12.211001396,2.2291231155,0.2351050973,91.338294983,Sandstone
12.211001396,2.226521492,0.2347897142,91.366661072,Sandstone
12.211001396,2.2235426903,0.2349232137,91.182243347,Sandstone
12.211001396,2.2220423222,0.2356262952,91.450935364,Sandstone
12.211001396,2.2221443653,0.2370825112,91.072502136,Sandstone
12.211001396,2.2239592075,0.2393220514,90.95476532,Sandstone
12.211001396,2.2263052464,0.2420072109,90.896697998,Sandstone
12.211001396,2.227312088,0.2445011586,91.039001465,Sandstone
12.211001396,2.2272121906,0.2461340576,91.597923279,Sandstone
12.211001396,2.2271797657,0.2465795577,91.375038147,Sandstone
12.211001396,2.2292582989,0.2460090369,91.320030212,Sandstone
12.211001396,2.2330574989,0.2449544966,91.11706543,Sandstone
12.211001396,2.2359442711,0.2439549118,90.601257324,Sandstone
12.211001396,2.2363915443,0.2433297187,90.151779175,Sandstone
12.211001396,2.2364506721,0.2430534065,89.635528564,Sandstone
12.211001396,2.2391293049,0.2429862767,89.457397461,Sandstone
12.211001396,2.2423684597,0.2429326922,90.404090881,Sandstone
12.211001396,2.223045826,0.2415751517,90.148925781,Sandstone
12.211001396,2.2228295803,0.2432210445,89.962059021,Sandstone
12.211001396,2.2206361294,0.2450976372,90.484619141,Sandstone
12.211001396,2.2181303501,0.2464655489,91.121116638,Sandstone
12.211001396,2.2166962624,0.2467042357,91.543441772,Sandstone
12.211001396,2.2160072327,0.2456043512,91.607116699,Sandstone
12.211001396,2.2155590057,0.243482098,91.28137207,Sandstone
12.211001396,2.2157363892,0.240971446,90.819099426,Sandstone
12.211001396,2.2174243927,0.2386704683,90.496444702,Sandstone
12.211001396,2.21859622,0.2369297594,90.31023407,Sandstone
12.211001396,2.2209169865,0.2357244045,90.042877197,Sandstone
12.211001396,2.2274456024,0.2348401994,89.929389954,Sandstone
12.211001396,2.2341778278,0.2341258377,89.46370697,Sandstone
12.211001396,2.2350211143,0.2336621881,89.13873291,Sandstone
12.211001396,2.228456974,0.2337070554,88.854225159,Sandstone
12.211001396,2.2207255363,0.2345443517,89.185661316,Sandstone
12.211001396,2.2174162865,0.2363281101,89.709838867,Sandstone
12.211001396,2.2171466351,0.2390073091,90.253303528,Sandstone
12.211001396,2.2177758217,0.2422436178,90.406745911,Sandstone
12.211001396,2.2154750824,0.2455395162,90.397773743,Sandstone
12.211001396,2.208101511,0.2483152002,90.687538147,Sandstone
12.211001396,2.1993839741,0.2503178716,91.290344238,Sandstone
12.211001396,2.1940996647,0.2518774569,91.848060608,Sandstone
12.211001396,2.1951277256,0.2537164688,91.318237305,Sandstone
12.211001396,2.2007915974,0.2564611733,90.632202148,Sandstone
12.211001396,2.2067565918,0.260214448,90.558456421,Sandstone
12.211001396,2.2116138935,0.2644056082,90.678215027,Sandstone
12.211001396,2.2160451412,0.2679978609,90.665771484,Sandstone
12.211001396,2.220375061,0.269947499,90.494148254,Sandstone
12.211001396,2.2231223583,0.2697817683,89.836639404,Sandstone
12.211001396,2.2217884064,0.2678982019,89.397514343,Sandstone
12.211001396,2.2166056633,0.2655630112,89.951141357,Sandstone
12.211001396,2.2125921249,0.2643375695,92.308036804,Sandstone
12.211001396,2.2166850567,0.2653791308,93.860153198,Sandstone
12.211001396,2.2278904915,0.2689343691,94.884887695,Sandstone
12.211001396,2.2342932224,0.2743448317,95.901870728,Sandstone
12.211001396,2.2252180576,0.2802990675,96.450050354,Sandstone
12.211001396,2.2057130337,0.2851544321,95.48274231,Sandstone
12.211001396,2.190541029,0.2874754667,93.405982971,Sandstone
12.211001396,2.1865682602,0.2866071761,91.650634766,Sandstone
12.211001396,2.1905937195,0.2829117477,90.839767456,Sandstone
12.211001396,2.1965630054,0.277574271,90.784141541,Sandstone
12.211001396,2.2013232708,0.2719731033,90.994308472,Sandstone
12.211001396,2.2058157921,0.2670826614,91.418502808,Sandstone
12.211001396,2.2096567154,0.2633949518,91.732170105,Sandstone
12.211001396,2.209965229,0.2610960305,91.550971985,Sandstone
12.211001396,2.2061312199,0.2602092624,91.505012512,Sandstone
12.211001396,2.2022919655,0.2605377138,91.57434845,Sandstone
12.211001396,2.2030932903,0.2616173029,91.768592834,Sandstone
12.211001396,2.2065873146,0.2627456784,92.111236572,Sandstone
12.211001396,2.2080824375,0.2630622685,92.673965454,Sandstone
12.211001396,2.2089943886,0.2617073059,92.719566345,Sandstone
12.211001396,2.212439537,0.2581692338,92.356109619,Sandstone
12.211001396,2.2158119678,0.2526525259,92.254859924,Sandstone
12.211001396,2.2148804665,0.2462873012,92.55116272,Sandstone
12.211001396,2.2105653286,0.2407670468,92.448432922,Sandstone
12.195347786,2.2074928284,0.237573877,92.084312439,Sandstone
12.152936935,2.2080552578,0.2373367995,91.75692749,Sandstone
12.114974976,2.2115988731,0.2397445589,91.099327087,Sandstone
12.102763176,2.2148940563,0.2438577414,90.433784485,Sandstone
12.102000237,2.2152879238,0.248481974,90.558486938,Sandstone
12.102000237,2.2135288715,0.2526883483,90.95539856,Sandstone
12.102000237,2.2114472389,0.2562613487,91.095939636,Sandstone
12.102000237,2.2101974487,0.2596462965,91.166618347,Sandstone
12.102000237,2.2082841396,0.2633368075,91.260490417,Sandstone
12.102000237,2.2047119141,0.2672584355,91.354362488,Sandstone
12.102000237,2.1998426914,0.2707619369,91.251617432,Sandstone
12.102000237,2.1936039925,0.2730103135,91.372024536,Sandstone
12.102000237,2.1885945797,0.2733569443,91.269111633,Sandstone
12.102000237,2.1878521442,0.2715280056,91.264732361,Sandstone
12.102000237,2.1912407875,0.2677252293,91.488395691,Sandstone
12.102000237,2.1958332062,0.2626805604,91.338882446,Sandstone
12.102000237,2.199285984,0.2574870288,91.138397217,Sandstone
12.102000237,2.202088356,0.253339529,91.227973938,Sandstone
12.102000237,2.2050044537,0.2512398064,91.215530396,Sandstone
12.102000237,2.2078914642,0.2517003417,91.007011414,Sandstone
12.102000237,2.2097668648,0.254414022,91.119354248,Sandstone
12.102000237,2.2093198299,0.2581785917,91.434516907,Sandstone
12.102000237,2.2062983513,0.2614193857,91.384979248,Sandstone
12.102000237,2.2023932934,0.2631137669,91.181686401,Sandstone
12.102000237,2.1999547482,0.2632906735,91.115379333,Sandstone
12.102000237,2.199072361,0.2628175616,90.950843811,Sandstone
12.102000237,2.1993026733,0.2626134753,90.8878479,Sandstone
12.102000237,2.2011098862,0.2629339695,90.794685364,Sandstone
12.102000237,2.2036423683,0.2632472217,90.766548157,Sandstone
12.102000237,2.2051305771,0.2627055943,90.855369568,Sandstone
12.102000237,2.2050528526,0.2608201206,91.094032288,Sandstone
12.102000237,2.2047059536,0.2578364909,90.983718872,Sandstone
12.102000237,2.2060799599,0.2545469105,90.790557861,Sandstone
12.102000237,2.209754467,0.2517776191,91.074623108,Sandstone
12.102000237,2.2139661312,0.2499180734,91.206481934,Sandstone
12.102000237,2.2159123421,0.2489239275,91.167808533,Sandstone
12.102000237,2.2131195068,0.2485451251,91.045600891,Sandstone
12.103589058,2.2058870792,0.2485492229,90.893722534,Sandstone
12.107106209,2.1985628605,0.248783052,90.829200745,Sandstone
12.107953072,2.1957731247,0.2490188926,90.761039734,Sandstone
12.114300728,2.1983215809,0.2488972694,90.687911987,Sandstone
12.142286301,2.2028782368,0.2481303364,90.639030457,Sandstone
12.181095123,2.2061400414,0.2468170375,90.842529297,Sandstone
12.20515728,2.2071018219,0.2454486787,90.866577148,Sandstone
12.211001396,2.2054610252,0.2445901036,90.770446777,Sandstone
12.211001396,2.2023146152,0.2445527762,90.853897095,Sandstone
12.211001396,2.2006967068,0.2453152388,90.922424316,Sandstone
12.211001396,2.2022161484,0.2466085553,91.024093628,Sandstone
12.211001396,2.2051472664,0.2481190115,91.233146667,Sandstone
12.211001396,2.2067525387,0.2495601028,91.174468994,Sandstone
12.211001396,2.205933094,0.2506795824,91.013572693,Sandstone
12.211001396,2.2048118114,0.2512285113,91.454483032,Sandstone
12.211001396,2.2059054375,0.2509778738,91.785293579,Sandstone
12.211001396,2.2077169418,0.2499594688,92.058067322,Sandstone
12.211001396,2.207511425,0.2486605495,91.884605408,Sandstone
12.211001396,2.2056035995,0.2479093224,91.609825134,Sandstone
12.211001396,2.2038650513,0.2483694851,91.991264343,Sandstone
12.211001396,2.2031757832,0.2501802146,92.197341919,Sandstone
12.211001396,2.2028973103,0.2530685961,92.716163635,Sandstone
12.211001396,2.2022359371,0.2566562891,93.189567566,Sandstone
12.211001396,2.2010772228,0.2605403662,93.542404175,Sandstone
12.211001396,2.1994199753,0.2642305791,94.424194336,Sandstone
12.211001396,2.1965916157,0.2672161758,95.587005615,Sandstone
12.211001396,2.1898121834,0.2693134546,96.832099915,Sandstone
12.211001396,2.1797823906,0.2710200548,98.109832764,Sandstone
12.211001396,2.1754813194,0.2734667659,99.891670227,Sandstone
12.211001396,2.1829743385,0.2780721188,101.70449829,Sandstone
12.211001396,2.1940977573,0.2861455977,102.08489227,Sandstone
12.211001396,2.191911459,0.2983308434,100.96961212,Sandstone
12.102000237,2.2059626579,0.3026089668,98.993865967,Sandstone
12.102000237,2.1994557381,0.2993298173,97.942802429,Sandstone
12.102000237,2.1986453533,0.2940382361,96.80153656,Sandstone
12.102000237,2.2019107342,0.286542207,94.9165802,Sandstone
12.102000237,2.2095131874,0.2775045335,94.093109131,Sandstone
12.102000237,2.2198777199,0.2681984901,93.802955627,Sandstone
12.102000237,2.2279622555,0.2598206997,92.891273499,Sandstone
12.102000237,2.230587244,0.2530170083,92.553703308,Sandstone
12.102000237,2.2292878628,0.2478204668,91.777641296,Sandstone
12.102000237,2.2270698547,0.2439855188,91.568450928,Sandstone
12.102000237,2.2243292332,0.2414184213,91.835220337,Sandstone
12.102000237,2.2189509869,0.2404265255,91.979232788,Sandstone
12.102000237,2.2101590633,0.2416053116,92.836433411,Sandstone
12.102000237,2.2012603283,0.2453400791,93.814834595,Sandstone
12.102000237,2.1956040859,0.2513217628,93.420066833,Sandstone
12.102000237,2.1934082508,0.2583545744,93.062934875,Sandstone
12.102000237,2.1929676533,0.2646912634,92.947364807,Sandstone
12.102000237,2.1940147877,0.2688268721,92.871688843,Sandstone
12.102000237,2.197239399,0.2701132596,93.158752441,Sandstone
12.102000237,2.2001035213,0.268892616,93.752067566,Sandstone
12.102000237,2.2007262707,0.2659843266,94.242729187,Sandstone
12.102000237,2.1998000145,0.2621402442,94.292404175,Sandstone
12.102000237,2.1984143257,0.2577438653,94.382835388,Sandstone
12.102000237,2.196647644,0.2530698776,94.288009644,Sandstone
12.102000237,2.1942791939,0.2486060113,94.350502014,Sandstone
12.102000237,2.1919858456,0.2452817559,94.639984131,Sandstone
12.102000237,2.189517498,0.244093731,94.881729126,Sandstone
12.102000237,2.1852183342,0.2455631346,95.202903748,Sandstone
12.102000237,2.1786711216,0.2493548393,95.037025452,Sandstone
12.102000237,2.1730318069,0.2543644309,95.456550598,Sandstone
12.102000237,2.1721031666,0.2593184412,96.236656189,Sandstone
12.102000237,2.1752707958,0.2634163499,96.192131042,Sandstone
12.102000237,2.1788311005,0.2664417922,95.499565125,Sandstone
12.102000237,2.1803138256,0.2683608234,94.9815979,Sandstone
12.102000237,2.1803679466,0.2689582407,95.474060059,Sandstone
12.102000237,2.1809010506,0.2679867148,95.508605957,Sandstone
12.102000237,2.1818478107,0.265709728,95.671638489,Sandstone
12.102000237,2.1828196049,0.2631702721,95.708862305,Sandstone
12.102000237,2.183236599,0.2618245184,96.089080811,Sandstone
12.102000237,2.1818830967,0.2627359629,96.714614868,Sandstone
12.102000237,2.1787726879,0.2659846544,96.798927307,Sandstone
12.102000237,2.174952507,0.2707235515,97.334403992,Sandstone
12.102000237,2.1723651886,0.2755677998,98.49446106,Sandstone
12.102000237,2.1711935997,0.2792413235,98.193260193,Sandstone
12.102000237,2.1703784466,0.2810432911,97.407409668,Sandstone
12.102000237,2.1697218418,0.2809857428,97.638038635,Sandstone
12.102534294,2.1685261726,0.2794074714,97.36907959,Sandstone
12.104263306,2.1661450863,0.2765958011,97.568756104,Sandstone
12.104738235,2.1624901295,0.2727325261,97.5676651,Sandstone
12.103482246,2.159463644,0.2682777941,97.361541748,Sandstone
12.102000237,2.1584236622,0.2641369104,98.489562988,Sandstone
12.102000237,2.1565375328,0.2613942027,98.832015991,Sandstone
12.103253365,2.1512629986,0.2608657777,98.07875824,Sandstone
12.11544323,2.1435728073,0.2628981769,98.235992432,Sandstone
12.15281105,2.1367535591,0.2675487995,97.410453796,Sandstone
12.194355965,2.1316363811,0.2747621834,95.424057007,Sandstone
12.211001396,2.1270885468,0.2845395207,94.487953186,Sandstone
12.211001396,2.1225509644,0.2973423898,94.864326477,Sandstone
12.216415405,2.1118445396,0.3139535487,97.036270142,Sandstone
12.249130249,2.084584713,0.334777236,105.62020874,Sandstone
12.32055378,2.0413067341,0.3589506447,111.06949615,Sandstone
12.118902206,2.1226072311,0.3773490787,114.31427002,Sandstone
12.102000237,2.1300861835,0.3509154618,110.48670959,Sandstone
12.102000237,2.1380023956,0.3259878457,108.31130981,Sandstone
12.102000237,2.1481254101,0.3060141206,104.45859528,Sandstone
12.102000237,2.1584401131,0.2933755815,101.19637299,Sandstone
12.102000237,2.163433075,0.2893250585,106.09892273,Sandstone
12.102000237,2.1614692211,0.2936781645,121.40422821,Sandstone
12.102000237,2.1572904587,0.3043206334,122.05297852,Sandstone
12.102000237,2.154058218,0.3172638118,111.41183472,Sandstone
12.875,2.6120531559,0.0340846591,51.360134125,Sandstone
12.875,2.6027138233,0.0326897018,51.935497284,Sandstone
12.875,2.5986661911,0.0322698131,52.435779572,Sandstone
12.875,2.5967879295,0.0332606919,52.415565491,Sandstone
12.875,2.596449852,0.0355915576,53.223957062,Sandstone
12.875,2.5979959965,0.0387384817,53.974113464,Sandstone
12.875,2.5990476608,0.0418979749,52.790359497,Sandstone
12.875,2.5980846882,0.0442414768,51.657756805,Sandstone
12.875,2.5986263752,0.0451653227,52.25056076,Sandstone
12.875,2.6035239697,0.0444264486,52.661472321,Sandstone
12.875,2.6096405983,0.0422343947,52.461547852,Sandstone
12.866877556,2.6142930984,0.0392416939,52.028091431,Sandstone
12.836450577,2.6169354916,0.0364402719,51.865257263,Sandstone
12.794598579,2.6148324013,0.0349066481,51.931785583,Sandstone
12.770215988,2.6068441868,0.035416659,51.976734161,Sandstone
12.766000748,2.5978593826,0.0380865149,51.708660126,Sandstone
12.766000748,2.5945031643,0.0422304086,51.873332977,Sandstone
12.766000748,2.5988910198,0.0465235785,52.220718384,Sandstone
12.766000748,2.607722044,0.04944757,52.363990784,Sandstone
12.870551109,2.5738289356,0.0354238562,54.003578186,Sandstone
12.927134514,2.5576255322,0.0377711728,53.910469055,Sandstone
12.948609352,2.5462806225,0.0413678065,53.51240921,Sandstone
12.924636841,2.5422899723,0.0445815958,54.204097748,Sandstone
12.888411522,2.5488307476,0.0462403074,55.01033783,Sandstone
12.875,2.5656425953,0.0459724516,55.048797607,Sandstone
12.859680176,2.5855662823,0.0441169888,54.906459808,Sandstone
12.798818588,2.5990154743,0.0413969196,55.207050323,Sandstone
12.716254234,2.6004185677,0.0385368727,56.734741211,Sandstone
12.670424461,2.5952119827,0.0360188745,58.717464447,Sandstone
12.656542778,2.5908930302,0.0342118107,57.851654053,Sandstone
12.638701439,2.5867466927,0.0335322283,57.024280548,Sandstone
12.600334167,2.5778579712,0.034481477,55.690948486,Sandstone
12.565973282,2.5643522739,0.03731969,53.836940765,Sandstone
12.58645916,2.552331686,0.0417550877,52.85402298,Sandstone
12.685423851,2.5439870358,0.0469201729,53.114810944,Sandstone
12.833456039,2.5374212265,0.0516552664,54.673633575,Sandstone
12.932908058,2.5341804028,0.0548598319,55.701725006,Sandstone
12.927401543,2.5397474766,0.0557914115,56.051391602,Sandstone
12.881146431,2.5549156666,0.0542827398,55.336372375,Sandstone
12.835101128,2.5727550983,0.0506699085,54.769096375,Sandstone
12.780953407,2.5870876312,0.0456403084,54.768444061,Sandstone
12.72533989,2.5967566967,0.0399652943,54.301445007,Sandstone
12.679964066,2.6021206379,0.034371499,53.177520752,Sandstone
12.658766747,2.6019666195,0.0294683389,52.158096313,Sandstone
12.656000137,2.598282814,0.0256812647,51.466400146,Sandstone
12.656000137,2.5968527794,0.0230950173,51.00687027,Sandstone
12.656000137,2.5995461941,0.0214640349,50.834880829,Sandstone
12.656000137,2.6016905308,0.0203688089,50.826667786,Sandstone
12.656000137,2.5984563828,0.0193974543,50.339130402,Sandstone
12.990389824,2.5721225739,0.0689458773,53.952659607,Sandstone
12.935085297,2.5720436573,0.071412392,54.611663818,Sandstone
12.868021965,2.5666778088,0.0705620795,54.695457458,Sandstone
12.818446159,2.5618679523,0.0677405,55.442268372,Sandstone
12.821187973,2.5649936199,0.0646742582,55.44916153,Sandstone
12.845302582,2.5742738247,0.062987633,55.036632538,Sandstone
12.716762543,2.598325491,0.0694232583,53.305850983,Sandstone
12.749100685,2.6003484726,0.0648810938,53.655162811,Sandstone
12.73554039,2.5977146626,0.0646969005,53.769371033,Sandstone
12.691301346,2.5888581276,0.0686410144,52.890060425,Sandstone
12.662268639,2.5766716003,0.0754593238,51.101402283,Sandstone
8.8488340378,2.3811538219,0.2117515653,85.196784973,Sandstone
8.8367547989,2.3654239178,0.2115704417,86.783126831,Sandstone
8.8244228363,2.358294487,0.2105068266,87.883308411,Sandstone
8.8253898621,2.3583114147,0.2092510313,88.244392395,Sandstone
8.8263578415,2.3624253273,0.208083123,87.79486084,Sandstone
8.8311567307,2.369150877,0.2067340761,86.754440308,Sandstone
8.8456172943,2.3747348785,0.2049569637,85.538528442,Sandstone
8.8529176712,2.3740868568,0.2033571303,84.74420166,Sandstone
8.853272438,2.3644752502,0.202542007,84.858894348,Sandstone
8.8476839066,2.3476834297,0.2025141567,85.852287292,Sandstone
8.8382930756,2.3302960396,0.2034282237,87.400749207,Sandstone
8.8295860291,2.321472168,0.205238685,88.73575592,Sandstone
8.8275947571,2.3245704174,0.2060448825,89.081489563,Sandstone
8.8336677551,2.3387014866,0.2040923834,88.138214111,Sandstone
8.8441810608,2.3565647602,0.1999640763,86.140205383,Sandstone
8.8523588181,2.3647487164,0.1968806088,84.101593018,Sandstone
8.8554849625,2.3571236134,0.196885854,82.820480347,Sandstone
8.8559999466,2.3383052349,0.1973850131,82.277839661,Sandstone
8.8559999466,2.3192465305,0.194190219,81.594070435,Sandstone
8.8559999466,2.3108685017,0.1847558618,79.571052551,Sandstone
8.8559999466,2.3232536316,0.1696283519,75.679916382,Sandstone
8.8559999466,2.3594093323,0.1544085294,70.56086731,Sandstone
8.8559999466,2.4186146259,0.142600432,65.640708923,Sandstone
8.8559999466,2.4860196114,0.1340355426,62.479568481,Sandstone
8.8559999466,2.5303122997,0.1289554089,61.907333374,Sandstone
8.8559999466,2.5252907276,0.1291120946,64.063644409,Sandstone
8.8559999466,2.4799766541,0.1361703873,68.132507324,Sandstone
8.8559999466,2.4218943119,0.1499338001,73.199432373,Sandstone
8.8558855057,2.3742575645,0.1663401574,78.28944397,Sandstone
8.8544082642,2.3453705311,0.1801210046,82.728210449,Sandstone
8.848282814,2.3302595615,0.1900852025,86.180496216,Sandstone
8.8384790421,2.3244533539,0.1968429983,88.257263184,Sandstone
8.8293581009,2.3280963898,0.1999653876,89.013816833,Sandstone
8.8263540268,2.3460540771,0.1981694847,88.241470337,Sandstone
8.833111763,2.3826189041,0.1928625256,86.061538696,Sandstone
8.8431959152,2.4334094524,0.1873250604,82.527877808,Sandstone
8.851849556,2.4859273434,0.1824367791,78.688034058,Sandstone
8.8558235168,2.5227262974,0.1784866899,75.954101563,Sandstone
8.8559999466,2.5259244442,0.1770085841,75.371582031,Sandstone
8.8559999466,2.502155304,0.1787617207,76.822418213,Sandstone
8.8559999466,2.4726762772,0.1826071292,78.77368927,Sandstone
8.8559999466,2.4487674236,0.1878612041,80.059104919,Sandstone
8.8559999466,2.4296138287,0.1945997626,80.622314453,Sandstone
8.8559999466,2.4076452255,0.2025890201,81.235176086,Sandstone
8.8559999466,2.3793289661,0.2103166878,82.639915466,Sandstone
8.8559999466,2.3508546352,0.2155217528,84.688186646,Sandstone
8.8559999466,2.3321764469,0.2160814106,86.497688293,Sandstone
8.8559970856,2.3309366703,0.2111375034,87.23425293,Sandstone
8.8557405472,2.3451046944,0.2028003037,86.534553528,Sandstone
8.8535318375,2.3651762009,0.1946723908,85.065437317,Sandstone
8.8480625153,2.3810634613,0.1897132099,83.802650452,Sandstone
8.841755867,2.386248827,0.1891000122,83.509368896,Sandstone
8.840637207,2.3805143833,0.1917162389,84.465507507,Sandstone
8.8440361023,2.3729498386,0.1940945983,85.799232483,Sandstone
8.8499956131,2.3701705933,0.1940655857,86.476074219,Sandstone
8.8547000885,2.3775787354,0.1912668347,86.009307861,Sandstone
8.8559999466,2.3916113377,0.1868622154,84.579437256,Sandstone
8.8559999466,2.4052021503,0.1828402579,83.049591064,Sandstone
8.8559999466,2.4158947468,0.1804667562,81.767280579,Sandstone
8.8559999466,2.4282913208,0.1797751039,80.367454529,Sandstone
8.8559999466,2.4499168396,0.1800157875,78.264053345,Sandstone
8.8559999466,2.4855489731,0.1803168952,75.316482544,Sandstone
8.8559999466,2.5266580582,0.1799500734,71.947883606,Sandstone
8.8559999466,2.5615797043,0.1778990924,68.801361084,Sandstone
8.8559999466,2.5879955292,0.1732441187,66.008728027,Sandstone
8.8559999466,2.6129498482,0.164615497,63.306221008,Sandstone
8.8559999466,2.6421015263,0.1496291906,60.677265167,Sandstone
8.8559999466,2.6705145836,0.1309437752,58.738887787,Sandstone
8.8559999466,2.6811800003,0.1145128533,58.404785156,Sandstone
8.8559999466,2.6588640213,0.1058376208,60.621334076,Sandstone
8.8559999466,2.6013505459,0.108571507,64.981002808,Sandstone
8.8559999466,2.5316092968,0.1212807745,70.768730164,Sandstone
8.8559999466,2.4728667736,0.1390389353,76.488670349,Sandstone
8.8559999466,2.4360616207,0.1557148844,80.660987854,Sandstone
8.8559999466,2.4235854149,0.1669033468,82.814888,Sandstone
8.8559999466,2.4294807911,0.1713245064,82.773269653,Sandstone
8.8559999466,2.4442591667,0.1702742428,81.629959106,Sandstone
8.8559999466,2.4642646313,0.1641684622,79.86605072,Sandstone
8.8559999466,2.4917619228,0.1543975919,77.518814087,Sandstone
8.8559999466,2.5273115635,0.1431562752,74.48235321,Sandstone
8.8559999466,2.5581343174,0.1345010251,71.475250244,Sandstone
8.8559999466,2.5703392029,0.1309690922,69.768722534,Sandstone
8.8559999466,2.5554335117,0.1328072995,70.309432983,Sandstone
8.8559999466,2.5203456879,0.1420201212,72.989875793,Sandstone
8.8559999466,2.4849874973,0.1593209356,76.535491943,Sandstone
8.8559999466,2.4619839191,0.1768820882,79.567222595,SandstoneShale
8.8559999466,2.4531495571,0.190812096,81.15940094,SandstoneShale
8.8559999466,2.4557597637,0.1999202818,81.359367371,SandstoneShale
8.8559999466,2.4626395702,0.2030819803,80.553833008,SandstoneShale
8.8559999466,2.4680309296,0.2017554492,79.264099121,SandstoneShale
8.8559999466,2.4717757702,0.1968368888,77.610221863,Sandstone
8.8559989929,2.4786942005,0.1888918132,75.543060303,Sandstone
8.8559379578,2.4962673187,0.1791601926,72.985519409,Sandstone
8.8539953232,2.5293745995,0.1706044227,70.403381348,Sandstone
8.8486881256,2.5705020428,0.1641626805,68.488243103,Sandstone
8.8427066803,2.6059634686,0.1590744704,67.272026062,Sandstone
8.8401994705,2.6259939671,0.1559689343,66.532684326,Sandstone
8.8426656723,2.6244637966,0.1567368209,66.027641296,Sandstone
8.849612236,2.600949049,0.1619673669,66.246231079,Sandstone
8.8545894623,2.5650942326,0.1701210141,67.63066864,Sandstone
8.8559999466,2.5249831676,0.1791187674,70.247505188,Sandstone
8.8559999466,2.4895641804,0.1870218068,73.304641724,Sandstone
8.8559999466,2.465865612,0.1924006045,76.084617615,Sandstone
8.8302030563,2.4214744568,0.2045961767,81.981231689,Sandstone
8.8298683167,2.4151499271,0.2028606236,82.8125,Sandstone
8.8298997879,2.4125168324,0.1989224851,83.503211975,Sandstone
8.8416137695,2.4143257141,0.1945960373,83.938270569,Sandstone
8.8517894745,2.4179012775,0.1916350573,84.158782959,Sandstone
8.8558397293,2.4215495586,0.1899452806,84.446357727,Sandstone
8.8559999466,2.4256379604,0.1871447414,84.94203949,Sandstone
8.8559999466,2.4330437183,0.1820960492,85.34564209,Sandstone
8.8559999466,2.450278759,0.1757034361,84.942871094,Sandstone
8.8559999466,2.4849743843,0.168439731,83.104057312,Sandstone
8.8559999466,2.5375277996,0.1597213745,79.40586853,Sandstone
8.8559999466,2.5908174515,0.1532813758,74.746009827,Sandstone
8.8559999466,2.6252977848,0.1507772952,70.68573761,Sandstone
8.8559999466,2.6289298534,0.1508269459,68.75868988,Sandstone
8.8559999466,2.6111826897,0.1536409408,69.254692078,Sandstone
8.8559999466,2.5968945026,0.1552895606,70.860671997,Sandstone
8.8559999466,2.59623909,0.1509730071,71.991577148,Sandstone
8.8559827805,2.6042823792,0.1423161924,71.89163208,Sandstone
8.8546419144,2.6084039211,0.1350153685,71.148422241,Sandstone
8.8487930298,2.6025123596,0.1334839314,70.953201294,Sandstone
8.838353157,2.5826334953,0.1401564926,72.056686401,Sandstone
8.8284759521,2.5484383106,0.1550346613,74.783004761,Sandstone
8.8244094849,2.5043869019,0.1724341512,78.574806213,Sandstone
8.826417923,2.4664571285,0.1847984493,82.666801453,Sandstone
8.8303613663,2.4416542053,0.1915816814,86.114479065,Sandstone
8.83573246,2.4256606102,0.1945131719,88.144584656,Sandstone
8.8417682648,2.4090890884,0.19445315,89.117866516,Sandstone
8.848731041,2.3884487152,0.1911375225,89.534111023,Sandstone
8.8540763855,2.3743445873,0.1857619733,89.791671753,Sandstone
8.8558540344,2.373016119,0.1809829026,89.671356201,Sandstone
8.8559999466,2.3826856613,0.1783626527,88.97858429,Sandstone
8.8559999466,2.3932824135,0.1780983359,87.971321106,Sandstone
8.8555040359,2.3924834728,0.180685997,87.394927979,Sandstone
8.8514661789,2.3794329166,0.1849204898,87.824554443,Sandstone
8.8433895111,2.3642954826,0.1889800429,89.108901978,Sandstone
8.8327665329,2.3557050228,0.191289261,90.610565186,Sandstone
8.8238792419,2.3570113182,0.1913821846,91.613990784,Sandstone
8.8240022659,2.3677678108,0.1906774342,91.842849731,Sandstone
8.8253555298,2.3838784695,0.1910524964,91.386459351,Sandstone
8.8320102692,2.4036765099,0.1929927617,90.511016846,Sandstone
8.8378801346,2.4253456593,0.1956824809,89.429718018,Sandstone
8.8364095688,2.4456889629,0.1978496909,88.304832458,Sandstone
8.8297872543,2.4595718384,0.1988856196,87.366241455,Sandstone
8.8251085281,2.4657971859,0.1991941631,86.822021484,Sandstone
8.8290071487,2.4655890465,0.199413687,86.818450928,Sandstone
8.8404350281,2.4625124931,0.199570179,87.129806519,Sandstone
8.8499078751,2.45992589,0.1988258958,87.410705566,Sandstone
8.8548240662,2.4574897289,0.1968365461,87.431777954,Sandstone
8.8558931351,2.4539361,0.1939705461,87.167877197,Sandstone
8.8544139862,2.4499905109,0.1910307556,86.784202576,Sandstone
8.8492660522,2.4465601444,0.1886042356,86.385757446,Sandstone
8.8435516357,2.4462769032,0.1865041107,85.988609314,Sandstone
8.8404769897,2.4477880001,0.1842567921,85.566131592,Sandstone
8.842663765,2.4494726658,0.1817720979,85.148826599,Sandstone
8.8488092422,2.4515738487,0.1793319881,84.780441284,Sandstone
8.8512611389,2.4542989731,0.1771976948,84.464302063,Sandstone
8.8480854034,2.4584467411,0.1753739715,84.202560425,Sandstone
8.8424596786,2.4622385502,0.1740755886,84.010215759,Sandstone
8.840297699,2.4644937515,0.1738169193,83.912467957,Sandstone
8.842962265,2.466719389,0.175162226,83.902862549,Sandstone
8.8492965698,2.4693670273,0.1780038625,83.885574341,Sandstone
8.8542165756,2.4715838432,0.1815499961,83.806182861,Sandstone
8.8558197021,2.4708161354,0.1848537773,83.796592712,Sandstone
8.8559999466,2.4655165672,0.1873794645,84.114509583,Sandstone
8.8559999466,2.458571434,0.1893903017,84.792770386,Sandstone
8.8559999466,2.4526004791,0.1913836598,85.622261047,Sandstone
8.8559999466,2.4475638866,0.1935902238,86.292602539,Sandstone
8.8559999466,2.4433546066,0.1960059106,86.599868774,Sandstone
8.8559999466,2.4423651695,0.1985244453,86.587875366,Sandstone
8.8559999466,2.4499731064,0.2018258721,86.214752197,Sandstone
8.8559999466,2.4713175297,0.2071320564,85.450187683,Sandstone
8.8559999466,2.5115504265,0.2156912535,84.254425049,Sandstone
8.8559999466,2.5714936256,0.2279093415,82.805213928,Sandstone
8.8559999466,2.6414775848,0.2424530983,81.44644165,Sandstone
8.8559999466,2.6900532246,0.2571516335,80.509666443,Sandstone
8.8559999466,2.6765112877,0.2723163664,80.254371643,Sandstone
8.8559999466,2.5849826336,0.2901601493,80.999107361,Sandstone
8.8559999466,2.4483263493,0.3099384308,83.042404175,Sandstone
8.8559999466,2.3376691341,0.3227946162,86.078132629,Sandstone
8.8559999466,2.2965011597,0.32016325,89.013328552,Sandstone
8.8559999466,2.0175893307,0.3924383223,88.001541138,Coal
8.8559999466,1.9165146351,0.4218904972,95.74369812,Coal
8.8559999466,1.9240596294,0.4219296873,103.08111572,Coal
8.8559999466,2.0305526257,0.3973354399,106.87431335,Coal
8.8559999466,2.1910676956,0.3653329015,106.23453522,Coal
8.8559999466,2.3355121613,0.3386939764,102.04603577,Coal
15.183940887,2.035777092,0.3939923644,93.768959045,Marl
14.96972084,2.038564682,0.3763506711,93.817337036,Marl
15.41878891,2.0248479843,0.377184242,92.527618408,Marl
16.249202728,2.0252480507,0.3764821589,84.520332336,Marl
16.643602371,2.0267121792,0.378557235,82.662139893,Marl
16.9037323,1.9980188608,0.3586842418,83.535484314,Marl
16.524179459,1.9632261992,0.3401015699,82.284851074,Marl
15.594802856,1.9489212036,0.3502396345,80.720581055,Marl
15.478024483,1.9625748396,0.3816842437,84.566886902,Marl
17.251058578,1.9655480385,0.4159622192,88.732292175,Marl
19.58221817,1.9301401377,0.4185354412,93.696388245,Marl
20.726064682,1.9252779484,0.4055314958,99.736274719,Marl
20.95359993,1.9626333714,0.3989000022,102.98097229,Marl
20.968799591,2.0407207012,0.4107488096,99.885864258,Marl
20.968799591,2.0938282013,0.42781654,96.227645874,Marl
20.92578125,2.1164286137,0.4207488298,93.391311646,Marl
20.559473038,2.144644022,0.4009797871,88.820541382,Marl
19.962108612,2.1672794819,0.3881180882,88.002243042,Marl
19.668422699,2.1796741486,0.4061548412,89.233283997,Marl
19.909044266,2.1555178165,0.4356522262,86.377113342,Marl
20.91065979,2.0528180599,0.4447251856,93.415489197,Marl
21.406551361,1.9121658802,0.4443643093,101.79086304,Marl
21.29327774,1.8146897554,0.4509963393,99.192695618,Marl
21.240335464,1.7956881523,0.4682212472,94.852096558,Marl
21.077753067,1.845205307,0.4644034207,99.219429016,Marl
20.425876617,1.8994218111,0.4485648274,100.5041275,Marl
15.044616699,1.961004734,0.3994044662,78.88848877,Marl
15.074997902,1.9592511654,0.406983465,84.177909851,Marl
14.746613503,1.9955641031,0.3823283315,90.305221558,Marl
14.279990196,2.0506336689,0.3408703208,94.020294189,Marl
13.589361191,2.1220171452,0.3187669218,94.739601135,Marl
13.182250977,2.1651070118,0.3338734806,89.951202393,Marl
13.390483856,2.1335868835,0.3759207428,84.782173157,Marl
13.261912346,2.0657055378,0.4121354222,88.329933167,Marl
12.702485085,2.0114719868,0.4298913479,84.298461914,Marl
12.613519669,1.9885486364,0.428429395,79.254936218,Marl
12.961770058,1.9980268478,0.3880062997,85.991073608,Marl
12.721751213,2.0386767387,0.305739373,83.797012329,Marl
11.467581749,2.1414189339,0.2174291313,75.442459106,Marl
10.025527954,2.3075056076,0.1707716584,73.05871582,Marl
9.4708061218,2.5062098503,0.1568146944,73.49055481,Limestone
9.4454879761,2.62987113,0.1458832026,71.110778809,Limestone
9.4293308258,2.6433959007,0.1342212558,69.513053894,Limestone
9.4080638885,2.6305055618,0.1326706111,69.131523132,Limestone
9.3937959671,2.6304898262,0.1431430429,70.379547119,Limestone
9.384812355,2.6299283504,0.1624220461,72.351104736,Limestone
9.4249048233,2.6187820435,0.1843039393,74.452560425,Limestone
9.5343103409,2.5889434814,0.2059530169,76.367019653,Marl
9.7492208481,2.5293958187,0.2233598381,76.676132202,Marl
10.043748856,2.4624958038,0.233930707,76.096992493,Marl
10.259233475,2.432050705,0.2336089313,75.415985107,Marl
10.167294502,2.4616589546,0.2256661505,75.095680237,Marl
9.9248323441,2.5246334076,0.2159317583,75.719856262,Marl
10.005822182,2.5661289692,0.2074957937,76.404388428,Marl
10.176325798,2.5577747822,0.2018291354,74.3150177,Marl
10.053468704,2.5345189571,0.1931892335,74.001609802,Marl
9.8241930008,2.526499033,0.1839535385,75.17300415,Marl
9.8134975433,2.4963560104,0.1798102409,75.735336304,Marl
10.176263809,2.4395081997,0.1861965805,75.823265076,Marl
10.251702309,2.4095947742,0.1950850338,75.901504517,Marl
9.9973735809,2.4288818836,0.1952551156,76.588172913,Marl
9.7565660477,2.4710102081,0.1899842471,76.451896667,Marl
10.006033897,2.4911708832,0.1842472404,75.554756165,Marl
10.48993206,2.4836771488,0.1861102283,77.576339722,Marl
10.64922905,2.4646642208,0.1865301728,80.335159302,Marl
10.704526901,2.4500129223,0.1840729713,80.686042786,Marl
10.672761917,2.4302196503,0.1873511821,77.917282104,Marl
10.610424042,2.4217867851,0.2031120807,78.256622314,Marl
10.436021805,2.4369533062,0.2410039306,79.113189697,Marl
9.943980217,2.4477903843,0.3013031483,78.26260376,Marl
9.8291339874,2.4408676624,0.3603923917,79.926696777,Marl
10.140957832,2.4447176456,0.3885482848,83.789146423,Marl
10.192830086,2.4582095146,0.3952401578,85.05254364,Marl
10.056775093,2.4157409668,0.4047451317,86.455322266,Marl
9.7397651672,2.3167200089,0.4273304343,85.982955933,Marl
9.6351823807,2.2549717426,0.4486889839,86.700012207,Marl
9.7858467102,2.2429654598,0.44750157,87.801704407,Marl
9.1140098572,2.5017271042,0.3321852982,95.130470276,SandstoneShale
9.1863775253,2.5500104427,0.323825717,93.674484253,SandstoneShale
9.3478450775,2.5927677155,0.3160968423,93.858047485,SandstoneShale
9.5155878067,2.5952558517,0.3184275627,92.684242249,SandstoneShale
9.634314537,2.5551044941,0.3240621984,92.197273254,SandstoneShale
9.7769947052,2.4930021763,0.3203661442,94.322364807,SandstoneShale
9.901889801,2.4390218258,0.3131144345,96.575843811,SandstoneShale
9.8475456238,2.434630394,0.3177170753,97.871459961,SandstoneShale
9.8580522537,2.4669229984,0.3462708592,98.768356323,SandstoneShale
9.9614810944,2.4980583191,0.3699448705,96.839157104,SandstoneShale
9.7708377838,2.5199506283,0.3585399091,92.52797699,SandstoneShale
9.2635622025,2.5485985279,0.3325504065,90.395240784,SandstoneShale
9.0982780457,2.5789709091,0.3211666644,91.833526611,SandstoneShale
9.100892067,2.5857319832,0.3392926455,95.990997314,SandstoneShale
9.1350431442,2.5447015762,0.3599945009,97.859046936,SandstoneShale
9.2662210464,2.4887895584,0.360745132,99.465133667,SandstoneShale
9.4939994812,2.4554331303,0.3524333537,97.39679718,SandstoneShale
9.664765358,2.4476747513,0.3455094695,97.260765076,SandstoneShale
9.7300462723,2.4482274055,0.3412299156,95.125,SandstoneShale
9.7089796066,2.4286818504,0.3358703256,93.543815613,SandstoneShale
9.6754512787,2.4038991928,0.3321188986,95.198028564,SandstoneShale
9.9422168732,2.3710341454,0.3373461962,96.321212769,SandstoneShale
9.8430280685,2.3947377205,0.3286913335,98.98236084,SandstoneShale
9.7788953781,2.4303944111,0.3257800639,98.26461792,SandstoneShale
9.6734085083,2.4496490955,0.338209182,99.675773621,SandstoneShale
9.6280260086,2.443911314,0.381871134,99.746505737,SandstoneShale
9.4430522919,2.4468331337,0.3811133802,99.709762573,SandstoneShale
9.3820009232,2.4658780098,0.3803354502,97.553268433,SandstoneShale
9.4093570709,2.4909033775,0.3825314939,98.363616943,SandstoneShale
9.4813089371,2.4927091599,0.3800690174,98.743476868,SandstoneShale
9.5190439224,2.4965503216,0.3709692955,96.420127869,SandstoneShale
9.559926033,2.487869978,0.3595351875,95.753265381,SandstoneShale
9.6126880646,2.4747986794,0.3547104895,97.32862854,SandstoneShale
9.3126182556,2.4433128834,0.3378916085,93.465843201,SandstoneShale
9.3687705994,2.4485747814,0.3569393456,95.502174377,SandstoneShale
9.347401619,2.4546089172,0.3841427863,95.441085815,SandstoneShale
9.4834794998,2.4432649612,0.3896120787,92.801483154,SandstoneShale
9.5756731033,2.4437544346,0.3739968538,95.842079163,SandstoneShale
9.2403764725,2.4251747131,0.4245078564,95.930419922,SandstoneShale
9.2577085495,2.3933906555,0.4198574722,90.428436279,SandstoneShale
9.1368217468,2.4152605534,0.3914165497,87.77696991,SandstoneShale
9.0035276413,2.5380983353,0.3742952943,86.135681152,SandstoneShale
9.0136404037,2.6866583824,0.3680249155,86.199798584,SandstoneShale
9.729019165,2.3756070137,0.3805606365,96.731613159,SandstoneShale
9.6782722473,2.4157152176,0.3795842528,99.267707825,SandstoneShale
9.6575365067,2.4396414757,0.3753761053,95.430725098,SandstoneShale
9.658703804,2.4219355583,0.3708795309,98.021621704,SandstoneShale
9.6600189209,2.3703382015,0.3656241298,93.983634949,SandstoneShale
9.6755886078,2.3320493698,0.3622041941,93.054344177,SandstoneShale
9.6220417023,2.3491520882,0.3634747863,95.872695923,SandstoneShale
9.5938863754,2.3894753456,0.3595829308,94.695899963,SandstoneShale
9.5674791336,2.4222786427,0.351105243,95.15599823,SandstoneShale
9.4557304382,2.4471480846,0.3434244096,95.96182251,SandstoneShale
9.3862228394,2.47194314,0.3402170539,94.923500061,SandstoneShale
9.3792333603,2.4920535088,0.3400984108,94.364944458,SandstoneShale
9.3897008896,2.4923820496,0.3409188986,96.254867554,SandstoneShale
9.491859436,2.4369628429,0.3977427781,100.99589539,SandstoneShale
9.3860311508,2.4444243908,0.374922812,96.64654541,SandstoneShale
9.2251911163,2.4759101868,0.331902355,92.924819946,SandstoneShale
9.1874542236,2.523583889,0.3065028787,89.24080658,SandstoneShale
9.1776285172,2.5821063519,0.2968023419,88.54384613,SandstoneShale
9.4066238403,2.4660167694,0.3798306882,76.299224854,Limestone
9.0284442902,2.5147604942,0.2528637648,67.153999329,Limestone
8.9037637711,2.6018433571,0.142884776,67.133514404,Limestone
8.944360733,2.6588747501,0.1124968529,70.864120483,Limestone
9.0159397125,2.6118459702,0.1595204771,80.340431213,Limestone
9.1843166351,2.5096497536,0.2392705977,86.431343079,Limestone
9.4849853516,2.6768040657,0.2769393623,78.622924805,Sandstone
9.430519104,2.6799483299,0.2533989549,79.003684998,Sandstone
9.4062776566,2.6656889915,0.2355858237,79.728874207,Sandstone
9.398478508,2.6507048607,0.2350637764,80.609184265,Sandstone
9.3683004379,2.6513535976,0.2537404299,80.580551147,Sandstone
9.3341150284,2.6717000008,0.2771039307,79.733299255,Sandstone
9.2977733612,2.6955425739,0.2926157415,78.626312256,Sandstone
9.3059530258,2.7053623199,0.2872837186,77.468353271,Sandstone
9.3448152542,2.704331398,0.2682385743,76.79044342,Sandstone
9.370092392,2.6978211403,0.2530120611,76.818023682,Sandstone
9.375,2.6858787537,0.2429858297,76.899177551,Sandstone
9.3726568222,2.6695580482,0.2316661477,76.874435425,Sandstone
9.3492536545,2.6498689651,0.2205196917,75.798355103,Sandstone
9.2852096558,2.6332490444,0.2207262516,76.590644836,Sandstone
9.1998281479,2.6191754341,0.2292165309,76.037719727,Sandstone
9.0893354416,2.5974276066,0.2370524853,75.802757263,Sandstone
8.9876642227,2.5654015541,0.2387123406,75.674354553,Sandstone
8.9606132507,2.5303778648,0.2411078811,75.090362549,Sandstone
8.9570016861,2.5075495243,0.2490963191,76.374305725,Sandstone
8.9453573227,2.4936511517,0.2620714009,78.895027161,Sandstone
8.9333333969,2.4701864719,0.2734283507,81.82824707,Sandstone
8.9335594177,2.4422309399,0.2700456679,83.779502869,Sandstone
8.9450588226,2.4275987148,0.2505884469,84.612442017,Sandstone
8.9571485519,2.4352014065,0.2302551121,84.135734558,Sandstone
8.9584054947,2.4601261616,0.220829919,82.786964417,Sandstone
8.9593086243,2.4850668907,0.2184349,83.239730835,Sandstone
8.982966423,2.5015928745,0.2196937054,83.614242554,Sandstone
9.0381755829,2.5247139931,0.2330322862,82.893623352,Sandstone
9.0881071091,2.569439888,0.2624244094,81.933761597,Sandstone
8.5435209274,2.7040889263,0.2363535464,73.062889099,Sandstone
8.4579896927,2.6548790932,0.2166370153,73.44972229,Sandstone
8.4241876602,2.6073126793,0.1937412024,73.550567627,Sandstone
8.4228811264,2.5795645714,0.1805496067,75.688659668,Sandstone
8.4288568497,2.5624768734,0.1807737499,78.107833862,Sandstone
8.4114723206,2.5422074795,0.1910330653,80.034553528,Sandstone
8.3629522324,2.5140297413,0.2030669302,81.413581848,Sandstone
8.298822403,2.484546423,0.2059372663,81.385375977,Sandstone
8.2734003067,2.4640779495,0.2018309683,80.676345825,Sandstone
8.2734003067,2.4565646648,0.1977118105,80.326972961,Sandstone
8.2760295868,2.4613485336,0.1994577348,79.39315033,Sandstone
8.2965764999,2.4812581539,0.2067585289,78.637367249,Sandstone
8.3159751892,2.5052812099,0.216323629,78.771476746,Sandstone
8.2994508743,2.5142810345,0.2244049907,80.280700684,Sandstone
8.3132686615,2.5034608841,0.2250564247,81.984375,Sandstone
8.3415737152,2.4784867764,0.2235803157,83.712608337,Sandstone
8.2877864838,2.4477131367,0.2244532704,84.906478882,Sandstone
8.1918716431,2.4155623913,0.222430706,84.424507141,Sandstone
8.1415624619,2.3910796642,0.2062496096,84.12335968,Sandstone
8.1328001022,2.3847110271,0.1842475086,84.93421936,Sandstone
8.1328001022,2.3941283226,0.1762097031,86.065750122,Sandstone
8.1328001022,2.4040038586,0.1866968572,87.209953308,Sandstone
8.1328001022,2.3990273476,0.2044989467,87.86631012,Sandstone
8.1328001022,2.390339613,0.2166616768,87.435112,Sandstone
8.1332025528,2.3955726624,0.2241960615,86.651977539,Sandstone
8.1386499405,2.4107699394,0.2288448811,86.403205872,Sandstone
8.1662502289,2.4183986187,0.2297721803,86.609802246,Sandstone
8.241856575,2.4264669418,0.2302803099,86.517158508,Sandstone
8.358921051,2.4572293758,0.2331700772,84.603668213,Sandstone
8.424118042,2.5082473755,0.2387632579,81.820640564,Sandstone
8.4581136703,2.5608291626,0.2467314899,80.118263245,Sandstone
8.47265625,2.6017298698,0.2604931593,80.341262817,Sandstone
8.4788303375,2.6181185246,0.28208974,81.317024231,Sandstone
8.4147758484,1.6810781956,0.5551816225,84.055213928,Coal
8.3660078049,1.5159142017,0.484118104,84.03302002,Coal
8.2658576965,1.5802648067,0.351664573,83.559692383,Coal
8.172039032,1.8139170408,0.233174026,82.42401123,Coal
8.1361780167,2.0829069614,0.1752464622,81.608428955,Coal
8.1328001022,2.2534425259,0.161234647,80.875099182,Coal
8.1328001022,2.3117134571,0.1611590534,79.223701477,Coal
8.1328001022,2.3297660351,0.1642732322,76.959762573,Sandstone
8.1328001022,2.3643579483,0.1701215208,75.602806091,Sandstone
8.1328001022,2.4245922565,0.1815685034,76.494857788,Sandstone
8.1328001022,2.4875371456,0.1969700754,78.783157349,Sandstone
8.1328001022,2.5161240101,0.2075490803,81.432197571,Sandstone
8.1328001022,2.4867806435,0.2092656046,83.804527283,Sandstone
8.1328001022,2.4206762314,0.2069921196,85.038078308,Sandstone
8.1328001022,2.3614814281,0.2071706057,85.028617859,Sandstone
8.1328001022,2.3289158344,0.2105157524,85.006217957,Sandstone
8.1328001022,2.3159747124,0.2112039477,84.788970947,Sandstone
8.1328001022,2.3089485168,0.2086286098,84.278762817,Sandstone
8.1328001022,2.3062577248,0.2063325495,84.578742981,Sandstone
8.1328001022,2.3075692654,0.2065669298,84.800376892,Sandstone
8.1328001022,2.3086585999,0.207687676,84.745231628,Sandstone
8.1328001022,2.311196804,0.2108042091,84.646865845,Sandstone
8.1328001022,2.315007925,0.2146267742,84.825149536,Sandstone
8.1328001022,2.3121716976,0.214250654,85.035209656,Sandstone
8.1328001022,2.3038573265,0.2103866041,84.877220154,Sandstone
8.1328001022,2.3019464016,0.2034141719,84.660324097,Sandstone
8.1328001022,2.3074362278,0.1981564313,84.434196472,Sandstone
8.1328001022,2.3159823418,0.192102626,83.635017395,Sandstone
8.1328001022,2.3224117756,0.1914181113,82.666091919,Sandstone
8.1328001022,2.3383066654,0.1946367472,82.070114136,Sandstone
8.1328001022,2.3669102192,0.1963060349,81.971481323,Sandstone
8.1328001022,2.3944542408,0.193896845,82.336082458,Sandstone
8.1328001022,2.4021337032,0.190726772,82.88444519,Sandstone
8.1328001022,2.3914959431,0.1918894947,83.314941406,Sandstone
8.1328001022,2.3784637451,0.1969204694,83.94329071,Sandstone
8.1328001022,2.3689217567,0.2006593198,84.268074036,Sandstone
8.1328001022,2.3660447598,0.1987002641,83.908744812,Sandstone
8.1328001022,2.3699526787,0.1947755814,83.773109436,Sandstone
8.1331195831,2.376834631,0.1947357059,83.515586853,Sandstone
8.1355028152,2.3828327656,0.1993401647,82.774017334,Sandstone
8.1365890503,2.3912763596,0.2057102323,81.558532715,Sandstone
8.1353254318,2.4079198837,0.213433072,81.681495667,SandstoneShale
8.1483049393,2.4289224148,0.2186603546,82.370895386,SandstoneShale
8.154004097,2.4289848804,0.2227866054,83.230049133,SandstoneShale
8.1512527466,2.4063870907,0.230535686,84.624511719,SandstoneShale
8.2101268768,2.3855695724,0.2367364764,84.922676086,SandstoneShale
8.2696056366,2.3921384811,0.2374346405,83.127059937,SandstoneShale
8.2733249664,2.4280273914,0.2297335863,80.892860413,SandstoneShale
8.2724170685,2.4718317986,0.218982935,79.212432861,SandstoneShale
8.2701749802,2.5026292801,0.2093291432,78.208961487,SandstoneShale
8.2703638077,2.5079886913,0.2019223124,78.212661743,Sandstone
8.2740564346,2.4994111061,0.2015378028,78.790962219,Sandstone
8.2819366455,2.4979543686,0.2038212568,78.308525085,Sandstone
8.2967567444,2.5090398788,0.2070393711,77.219055176,Sandstone
8.3049602509,2.5287532806,0.2096063048,76.407104492,Sandstone
8.313164711,2.5466418266,0.2114015818,75.371520996,Sandstone
8.3213682175,2.5534470081,0.2063049823,74.970184326,Sandstone
8.3138542175,2.5479216576,0.1975280792,75.386283875,Sandstone
8.2852573395,2.5440969467,0.190344885,75.951782227,Sandstone
8.274058342,2.5461158752,0.1895254701,76.2602005,Sandstone
8.2569799423,2.5451550484,0.1961002648,76.927772522,Sandstone
8.2098741531,2.5365242958,0.2021740228,77.53338623,Sandstone
8.1539831161,2.5175931454,0.2029656172,77.856079102,Sandstone
8.1328001022,2.4955999851,0.203366667,78.711265564,Sandstone
8.1328001022,2.488270998,0.2054275572,80.110954285,Sandstone
8.1328001022,2.4823114872,0.2082451433,82.195251465,Sandstone
8.1328001022,2.4608764648,0.2105443478,83.566131592,Sandstone
8.1328001022,2.4251582623,0.2083732337,83.368431091,Sandstone
8.1328001022,2.3923110962,0.2060241401,82.643943787,Sandstone
8.1328001022,2.3755013943,0.2083737552,82.167518616,Sandstone
8.1328001022,2.3780629635,0.2150141746,82.28855896,Sandstone
8.1328001022,2.3890862465,0.2244167924,83.695785522,Sandstone
8.1333580017,2.3912982941,0.234148562,85.009933472,Sandstone
8.137793541,2.3741378784,0.2355425209,85.110855103,Sandstone
8.1414985657,2.3413147926,0.2285860926,84.943984985,Sandstone
8.1308736801,2.3224248886,0.2190138996,84.819885254,Sandstone
8.1218671799,2.3194527626,0.2055094391,84.257614136,Sandstone
8.1092166901,2.3280055523,0.194015488,83.925765991,Sandstone
8.0941181183,2.3349401951,0.1862296611,83.586349487,Sandstone
8.086022377,2.3402700424,0.1865858287,83.581794739,Sandstone
8.0802898407,2.3429393768,0.1912682503,83.644607544,Sandstone
8.0996923447,2.345957756,0.1946438402,83.778358459,Sandstone
8.1177110672,2.3467597961,0.1969251931,84.615570068,Sandstone
8.1325130463,2.3438498974,0.1991233677,85.000762939,Sandstone
8.1328001022,2.3382940292,0.2016661465,84.617523193,Sandstone
8.1328001022,2.3360946178,0.1992291361,83.430725098,Sandstone
8.1328001022,2.3324272633,0.1934894919,82.455604553,Sandstone
8.1328001022,2.3335542679,0.1896595806,81.812316895,Sandstone
8.1328001022,2.341299057,0.1919173151,81.50289917,Sandstone
8.1328001022,2.3609294891,0.1972183734,81.894058228,Sandstone
8.1328001022,2.3810870647,0.205197379,82.996116638,Sandstone
8.1328001022,2.3862116337,0.2090913355,83.589538574,Sandstone
8.1328001022,2.3742017746,0.2119170576,83.915473938,Sandstone
8.1328001022,2.3627505302,0.2113545835,83.735595703,Sandstone
8.1328001022,2.3629322052,0.2150732279,83.20866394,Sandstone
8.1328001022,2.3831541538,0.2268173248,81.494476318,Sandstone
8.1328001022,2.4164507389,0.2363401502,79.788345337,Sandstone
8.1328001022,2.4508094788,0.2370133847,78.305419922,Sandstone
8.1328001022,2.4716978073,0.2287194133,78.147689819,Sandstone
8.1328001022,2.4816122055,0.2151144296,79.147155762,Sandstone
8.1328001022,2.4781999588,0.2024818808,80.485717773,Sandstone
8.1328001022,2.4542448521,0.1918860823,80.613540649,Sandstone
8.1328001022,2.4356968403,0.1923480332,80.566871643,Sandstone
8.1328001022,2.4233572483,0.2023314983,81.081466675,Sandstone
8.1328001022,2.4215679169,0.2121031433,80.712791443,Sandstone
8.1328001022,2.4197793007,0.2117514461,80.647331238,Sandstone
8.1328001022,2.4198653698,0.2077031583,80.508575439,Sandstone
8.1328001022,2.4146721363,0.2071713954,79.752365112,Sandstone
8.1328001022,2.4115707874,0.2095897645,79.431053162,Sandstone
8.1328001022,2.4140338898,0.2058307081,80.333694458,Sandstone
8.1328001022,2.4288263321,0.2023399025,78.972862244,Sandstone
8.1328001022,2.444947958,0.2081540674,80.39666748,Sandstone
8.1328001022,2.4449615479,0.2192417383,82.003219604,Sandstone
8.1328001022,2.4183306694,0.2222532779,83.516677856,Sandstone
8.1328001022,2.3884892464,0.2191614062,84.077606201,Sandstone
8.1328783035,2.3745377064,0.2163307071,85.014610291,Sandstone
8.1341123581,2.3761100769,0.2127065659,85.605857849,Sandstone
8.1403913498,2.379878521,0.207984522,85.379516602,Sandstone
8.1510696411,2.3778355122,0.204191342,84.585166931,Sandstone
8.1489677429,2.3786752224,0.2070267797,83.630325317,Sandstone
8.1370410919,2.3902029991,0.21021837,82.743774414,Sandstone
8.1478557587,2.4055268764,0.210227564,82.988647461,Sandstone
8.1970558167,2.4174637794,0.2098107636,83.875602722,Sandstone
8.2407646179,2.4211261272,0.2096286118,83.446884155,Sandstone
8.2507333755,2.4156291485,0.2105094492,80.763442993,Sandstone
8.2652111053,2.4076552391,0.2086275667,74.589706421,Sandstone
8.2758769989,2.4221270084,0.2019514441,67.463104248,Sandstone
8.283659935,2.488625288,0.1898858249,64.356460571,Sandstone
8.2877187729,2.595995903,0.176902622,65.179779053,Sandstone
8.2825307846,2.6893424988,0.1728640497,65.426399231,Sandstone
8.2759275436,2.7033109665,0.1740188897,68.989929199,Sandstone
8.2734003067,2.6630456448,0.1795304418,72.532974243,Sandstone
8.2734003067,2.6170127392,0.18787691,76.318389893,Sandstone
8.271859169,2.5706048012,0.2015858293,78.80531311,Sandstone
8.251958847,2.5214006901,0.2105265111,79.092277527,Sandstone
8.1801395416,2.4785673618,0.2087863535,76.138175964,Sandstone
8.137005806,2.4518415928,0.1998944879,72.763092041,Sandstone
8.1330919266,2.4590849876,0.1925740242,70.584754944,Sandstone
8.1374111176,2.5069117546,0.1886863559,70.727890015,Sandstone
8.1574363708,2.5613069534,0.1893362254,72.211227417,Sandstone
8.1842260361,2.5673830509,0.1952023655,74.260795593,Sandstone
8.1794996262,2.5242583752,0.2038761228,75.3070755,Sandstone
8.3014678955,2.6212701797,0.1939622015,68.968559265,Sandstone
8.3022947311,2.6524317265,0.1889863461,70.047271729,Sandstone
8.2160377502,2.6547834873,0.2054692805,74.089195251,Sandstone
8.1442899704,2.6183505058,0.220815748,76.56653595,Sandstone
8.1328001022,2.5707755089,0.2302509248,79.078735352,Sandstone
8.1328001022,2.5125124454,0.2260705978,81.542472839,Sandstone
8.1328001022,2.4653258324,0.2156307101,81.204772949,Sandstone
8.1328001022,2.4380738735,0.2071713954,80.807250977,Sandstone
8.1328001022,2.4215984344,0.206390813,79.601844788,Sandstone
8.1328001022,2.4181237221,0.211174801,79.548851013,Sandstone
8.1328001022,2.4242379665,0.2086488158,79.701629639,Sandstone
8.1328001022,2.4187850952,0.2067152262,79.542556763,Sandstone
8.1328001022,2.4145174026,0.2031693012,79.604171753,Sandstone
8.1328001022,2.4206712246,0.1988128722,79.070343018,Sandstone
8.1328001022,2.4364748001,0.1928044707,79.28968811,Sandstone
8.1328001022,2.4409732819,0.1923724413,78.722679138,Sandstone
8.1328134537,2.4375154972,0.2024181038,76.948905945,Sandstone
8.1337537766,2.4314312935,0.1996858269,72.504524231,Sandstone
8.1492996216,2.443239212,0.1743000001,65.542297363,Sandstone
8.2238817215,2.5131819248,0.1367588043,58.813301086,Sandstone
8.2734003067,2.6283435822,0.1076438278,52.90460968,Sandstone
8.2734003067,2.7619535923,0.1004480273,49.442783356,Sandstone
8.273358345,2.802074194,0.1055451408,52.280479431,Sandstone
8.2718572617,2.7947986126,0.1223210022,58.234798431,Sandstone
8.2543878555,2.7285368443,0.152901575,66.190635681,Sandstone
8.1851549149,2.6171927452,0.1861504018,72.986038208,SandstoneShale
8.1328001022,2.5031676292,0.2069535404,79.704109192,SandstoneShale
8.1328001022,2.4443566799,0.2176070809,79.977485657,SandstoneShale
8.1328001022,2.4186611176,0.2255446166,79.171958923,SandstoneShale
8.1328001022,2.4124000072,0.2371590585,78.875823975,SandstoneShale
8.1328001022,2.4121575356,0.2357952744,79.682815552,Sandstone
8.1328001022,2.4044084549,0.2293354273,80.844451904,Sandstone
8.1328001022,2.394159317,0.2239233702,82.174308777,Sandstone
8.1328001022,2.3776960373,0.2285188884,83.163314819,Sandstone
8.1328001022,2.3731667995,0.22920762,83.393676758,Sandstone
8.1328001022,2.3622357845,0.224822849,83.496986389,Sandstone
8.1328001022,2.3588235378,0.2207110226,83.318122864,Sandstone
8.1328001022,2.3603184223,0.2214183658,82.196624756,Sandstone
8.1328001022,2.3617398739,0.2227527499,81.871383667,Sandstone
8.1328001022,2.3655896187,0.2182960659,81.513206482,Sandstone
8.1328001022,2.377051115,0.2178015858,79.404914856,Sandstone
8.1328001022,2.4057266712,0.2180986851,80.759185791,Sandstone
8.1328001022,2.415899992,0.2176000029,83.184402466,Sandstone
8.1328001022,2.4076218605,0.212912336,82.686408997,Sandstone
8.1328001022,2.3998410702,0.2124026269,82.17061615,Sandstone
8.1328001022,2.4085307121,0.2173606306,81.727096558,Sandstone
8.1328001022,2.4230465889,0.2190821469,82.449401855,Sandstone
8.1328001022,2.4206342697,0.2182118148,83.122550964,Sandstone
8.1328001022,2.4063284397,0.2150503993,83.856796265,Sandstone
8.1328001022,2.3916699886,0.2133312374,82.88697052,Sandstone
8.1328001022,2.3940434456,0.2077196836,81.921714783,Sandstone
8.1328001022,2.4101126194,0.2025228292,81.137283325,Sandstone
8.1328001022,2.4297802448,0.2002577484,80.240760803,Sandstone
8.1328001022,2.4368066788,0.2032105029,80.070068359,Sandstone
8.1328001022,2.4319639206,0.207658276,80.35925293,SandstoneShale
8.1337652206,2.4321863651,0.2076068223,79.513809204,SandstoneShale
8.1412162781,2.4418325424,0.2001829445,79.347686768,SandstoneShale
8.1471672058,2.4499809742,0.1914464533,79.133560181,SandstoneShale
8.1397361755,2.4562397003,0.1919622123,79.062065125,SandstoneShale
8.1330947876,2.4570734501,0.196872443,78.660049438,Sandstone
8.1328001022,2.4451906681,0.2025307119,78.916740417,Sandstone
8.1328001022,2.4348134995,0.2073606253,80.221534729,Sandstone
8.1328001022,2.4289939404,0.212053284,81.473678589,Sandstone
8.1328001022,2.4160387516,0.2124889791,82.720397949,Sandstone
8.1328001022,2.3937220573,0.2046792656,83.47177887,Sandstone
8.1328001022,2.3850710392,0.1969648302,81.145347595,Sandstone
8.1328001022,2.3952817917,0.1939700842,80.256813049,Sandstone
8.1328001022,2.4096422195,0.1965097189,80.652999878,Sandstone
8.1328001022,2.4207561016,0.1949296594,80.157211304,Sandstone
8.1328001022,2.4248449802,0.1897826791,79.356903076,Sandstone
8.1328001022,2.4212086201,0.1816173196,79.555351257,Sandstone
8.1328001022,2.4146177769,0.1810923815,79.320343018,Sandstone
8.1328001022,2.4054400921,0.1808236241,79.720222473,Sandstone
8.1334428787,2.3966159821,0.1864955425,80.509208679,Sandstone
8.1423854828,2.3906786442,0.1895648241,80.202171326,Sandstone
8.1715154648,2.3933968544,0.192631498,79.566986084,Sandstone
8.1725597382,2.3918786049,0.1951768994,78.668182373,Sandstone
8.1864757538,2.3898837566,0.1972162724,77.77872467,Sandstone
8.187538147,2.3964009285,0.2036480308,78.66835022,Sandstone
8.1761236191,2.4149770737,0.206286341,77.071281433,Sandstone
8.1758909225,2.4204108715,0.1894850433,73.836174011,Sandstone
8.2074165344,2.4405481815,0.1533102393,66.890487671,Sandstone
8.2579879761,2.5062563419,0.1146734953,61.661396027,Sandstone
8.2723350525,2.6300675869,0.1064950153,60.794082642,Sandstone
8.2617435455,2.6930370331,0.1274432987,63.689727783,Sandstone
8.1788606644,2.6378874779,0.1631902903,69.500724792,Sandstone
8.1393108368,2.5299727917,0.1902204752,75.446746826,Sandstone
8.1331186295,2.4618699551,0.2013133913,79.145751953,Sandstone
8.1328001022,2.4288256168,0.2036309689,80.095672607,Sandstone
8.1328001022,2.400841713,0.2040629834,81.826316833,Sandstone
8.1328001022,2.3730149269,0.2078582644,81.665382385,Sandstone
8.1328001022,2.3651430607,0.2066572309,81.528259277,Sandstone
8.1328001022,2.3710157871,0.2038805783,81.325363159,Sandstone
8.1328001022,2.3744251728,0.199169293,79.301864624,Sandstone
8.1366863251,2.3827443123,0.1993635148,78.215141296,Sandstone
8.1670866013,2.410171032,0.2025992125,77.456764221,Sandstone
8.2069168091,2.4453835487,0.1920283437,73.85974884,Sandstone
8.2671194077,2.5082557201,0.170092389,69.264427185,Sandstone
8.3793449402,2.5973308086,0.1361619383,63.594551086,Sandstone
8.4115571976,2.7071795464,0.1149125993,59.175331116,Sandstone
8.410284996,2.7430901527,0.1083698124,58.964691162,Sandstone
8.3773155212,2.7125251293,0.1140385792,60.109588623,Sandstone
8.3324756622,2.6642582417,0.1162952706,61.021759033,Sandstone
8.3893680573,2.6581637859,0.1070931777,59.061321259,Sandstone
8.4120664597,2.6956746578,0.0939968452,57.245941162,Sandstone
8.414100647,2.7648308277,0.0863748044,55.347896576,Sandstone
8.414100647,2.8171200752,0.0833863467,54.621124268,Sandstone
8.414100647,2.8086950779,0.081341207,55.671344757,Sandstone
8.414100647,2.7674338818,0.0795118138,57.564605713,Sandstone
8.4118747711,2.7294187546,0.0801889747,59.052459717,Sandstone
8.3899583817,2.7000796795,0.0969126001,61.252075195,SandstoneShale
8.3357572556,2.6748731136,0.123183459,64.298149109,SandstoneShale
8.2934551239,2.6459934711,0.1477905512,67.237968445,SandstoneShale
8.2432765961,2.6090118885,0.1617196798,70.010070801,SandstoneShale
8.1892805099,2.5800645351,0.1706314981,71.34210968,SandstoneShale
8.1789999008,2.5571341515,0.1783438325,71.788116455,Sandstone
8.2207384109,2.5424246788,0.1853598505,72.214660645,Sandstone
8.2516012192,2.535964489,0.1834070981,71.137527466,Sandstone
8.2284412384,2.5448465347,0.1763558984,69.925209045,Sandstone
8.2027292252,2.5707583427,0.1655443609,68.5054245,Sandstone
8.1958532333,2.6069202423,0.1546905488,66.519668579,Sandstone
8.1918125153,2.6437902451,0.151311025,65.276618958,Sandstone
8.1649084091,2.6566140652,0.1528170556,65.499488831,Sandstone
8.1402835846,2.6461889744,0.1558196843,66.316886902,Sandstone
8.1333808899,2.6309144497,0.1568139195,67.252487183,Sandstone
8.1328001022,2.6119570732,0.155101046,67.868904114,Sandstone
8.1328001022,2.603546381,0.1642661393,68.078468323,Sandstone
8.1328001022,2.6047306061,0.1767889708,69.566734314,Sandstone
8.1328001022,2.5943279266,0.1926078796,72.179229736,Sandstone
8.1328001022,2.5632433891,0.2031905502,75.308387756,Sandstone
8.1334924698,2.5153949261,0.2065842599,77.687461853,Sandstone
8.1382980347,2.4665594101,0.2038577497,79.108581543,Sandstone
8.1396999359,2.4216172695,0.1949566901,79.324035645,Sandstone
8.1351337433,2.4063286781,0.1838228256,78.149208069,Sandstone
8.13301754,2.4147365093,0.1694944948,76.752914429,Sandstone
8.1381673813,2.4277267456,0.1626251936,76.732406616,Sandstone
8.17831707,2.4236683846,0.160168767,77.24105072,Sandstone
8.2031354904,2.4106407166,0.1640538126,77.436630249,Sandstone
8.1634397507,2.4041826725,0.1676692963,77.728256226,Sandstone
8.1375188828,2.4145300388,0.1783884466,76.916915894,Sandstone
8.1330318451,2.4461801052,0.1856624633,76.564552307,Sandstone
8.1328001022,2.4800772667,0.1924771667,76.741737366,Sandstone
8.1328001022,2.4980404377,0.2049467266,76.561706543,Sandstone
8.1328001022,2.5212423801,0.225602895,77.061302185,Sandstone
8.1328001022,2.5502953529,0.2377047241,77.964431763,Sandstone
8.1328001022,2.5579352379,0.2211477757,78.070655823,Sandstone
8.1328001022,2.5207939148,0.1934068203,78.131195068,Sandstone
8.1328001022,2.4645943642,0.1781385839,78.481521606,Sandstone
8.1328001022,2.4318988323,0.1823013127,79.187301636,Sandstone
8.1328001022,2.4163665771,0.1906813681,80.254127502,Sandstone
8.1328001022,2.4039866924,0.1909653544,80.98285675,Sandstone
8.1328001022,2.3900055885,0.1889149547,80.996833801,Sandstone
8.1328001022,2.3884317875,0.1888267696,79.307281494,Sandstone
8.1328001022,2.4084920883,0.1881496012,77.509651184,Sandstone
8.1328001022,2.4492719173,0.1873057783,76.798751831,Sandstone
8.1328001022,2.4735510349,0.1859745383,77.856254578,Sandstone
8.1328001022,2.4437315464,0.1876724362,80.173347473,Sandstone
8.1328001022,2.3960769176,0.191532284,82.538551331,Sandstone
8.1328001022,2.3639941216,0.1974601001,83.653785706,Sandstone
8.1328001022,2.3571007252,0.1983220428,83.62348175,Sandstone
8.1328001022,2.3600540161,0.2019417286,82.963806152,Sandstone
8.1413955688,2.3826549053,0.208682403,81.727043152,Sandstone
8.2055835724,2.4274053574,0.2161062956,79.515892029,Sandstone
8.2582759857,2.489289999,0.2131771743,77.147323608,Sandstone
8.2643938065,2.5494160652,0.1957446188,74.789848328,Sandstone
8.2056627274,2.5700700283,0.1825377941,73.057739258,Sandstone
8.1520528793,2.5556855202,0.1764296591,73.193145752,Sandstone
8.1429977417,2.5316708088,0.1751015782,74.711021423,Sandstone
8.138007164,2.5010447502,0.1714519709,76.857421875,Sandstone
8.1333999634,2.4565665722,0.1644666642,78.750801086,Sandstone
8.1328001022,2.4090220928,0.1589118093,79.647720337,Sandstone
8.1328001022,2.3822219372,0.1521086544,80.016044617,Sandstone
8.1386632919,2.3763682842,0.1463695616,79.481414795,Sandstone
8.1859912872,2.3951976299,0.1510335952,78.702384949,Sandstone
8.2465820313,2.4335291386,0.1707039326,78.26071167,Sandstone
8.2669210434,2.4732699394,0.1897495985,77.673912048,Sandstone
8.2340717316,2.4916863441,0.1860293895,77.023345947,Sandstone
8.1736793518,2.4880433083,0.1596929133,76.507705688,Sandstone
8.1549015045,2.4770405293,0.1375183761,76.054626465,Sandstone
8.2112588882,2.4891667366,0.1441241354,74.889984131,Sandstone
8.3151655197,2.5372691154,0.1687031537,74.034286499,Sandstone
8.3271465302,2.5965573788,0.1892438382,73.264938354,SandstoneShale
8.2891263962,2.6251111031,0.1959325522,72.74079895,SandstoneShale
8.2652206421,2.6003236771,0.1928354353,73.814872742,SandstoneShale
8.1950683594,2.5436549187,0.1890435666,75.143989563,SandstoneShale
8.155626297,2.4904282093,0.1793795228,76.12298584,Sandstone
8.1550598145,2.4568622112,0.1715251952,76.34463501,Sandstone
8.1527366638,2.4538040161,0.1715105027,75.819854736,Sandstone
8.1568984985,2.4780926704,0.1777427793,75.709663391,Sandstone
8.1607456207,2.4956748486,0.1841937006,75.562767029,SandstoneShale
8.2062768936,2.4986777306,0.1862611473,75.691352844,SandstoneShale
8.2557420731,2.4998178482,0.184777692,76.702514648,SandstoneShale
8.2593603134,2.5003576279,0.1795559078,76.083847046,SandstoneShale
8.2044439316,2.497181654,0.1795769036,74.670310974,SandstoneShale
8.219742775,2.5097453594,0.1870498657,74.049858093,SandstoneShale
8.3396673203,2.5478849411,0.1965448707,73.089149475,SandstoneShale
8.4281158447,2.5950622559,0.2058217824,72.118652344,SandstoneShale
8.4447154999,2.6211588383,0.2131183743,71.762023926,SandstoneShale
8.418387413,2.6080472469,0.2109937072,72.047080994,SandstoneShale
8.3272857666,2.5704956055,0.1881632507,72.429725647,SandstoneShale
8.2087678909,2.5321803093,0.1508123428,72.631027222,SandstoneShale
8.1598358154,2.5004858971,0.1277488172,72.41519165,SandstoneShale
8.2347764969,2.5020473003,0.1380493492,71.571426392,Sandstone
8.3750553131,2.5402362347,0.1662960649,71.463195801,Sandstone
8.441485405,2.589869976,0.1935275644,74.430885315,SandstoneShale
8.4487457275,2.6177656651,0.2119816244,75.950767517,SandstoneShale
8.4560070038,2.6249921322,0.2260585278,73.70652771,SandstoneShale
8.46326828,2.6301448345,0.2376291305,70.086296082,SandstoneShale
8.4705286026,2.6450583935,0.2373548448,68.604515076,SandstoneShale
8.3805170059,2.6497695446,0.2273721844,69.640991211,SandstoneShale
8.2857170105,2.6163139343,0.2109070867,73.253089905,SandstoneShale
8.2667980194,2.5523917675,0.1967695504,77.666801453,SandstoneShale
8.2641048431,2.4971723557,0.1857881844,79.65473175,Sandstone
8.2460889816,2.4718654156,0.1803551167,79.424819946,Sandstone
8.1851148605,2.4696462154,0.1820456684,78.361335754,Sandstone
8.1421604156,2.468960762,0.1840005219,78.430786133,Sandstone
8.1360292435,2.4668064117,0.1778716445,79.165794373,Sandstone
8.1332139969,2.4629662037,0.1678123325,81.583839417,Sandstone
8.1328001022,2.4619441032,0.1626010537,81.170692444,Sandstone
8.1328001022,2.4626939297,0.1628456712,78.890182495,Sandstone
8.1328001022,2.4632182121,0.1629811078,78.282592773,Sandstone
8.1332769394,2.4682402611,0.1653931737,78.432525635,Sandstone
8.1378145218,2.4758424759,0.1716181189,79.531410217,Sandstone
8.1473789215,2.4879264832,0.178279534,79.774917603,Sandstone
8.1468496323,2.5021512508,0.1795063019,79.138832092,Sandstone
8.1374464035,2.5068850517,0.1753173172,78.425727844,Sandstone
8.1332349777,2.4990437031,0.1712317616,78.106521606,Sandstone
8.1328001022,2.4829628468,0.1719750762,78.380325317,Sandstone
8.1328001022,2.4714064598,0.175830707,78.320236206,Sandstone
8.1364154816,2.471331358,0.1789839864,77.914901733,Sandstone
8.168926239,2.4799399376,0.1813572198,77.220573425,Sandstone
8.2311153412,2.5037331581,0.1865362227,76.130462646,SandstoneShale
8.1425561905,2.5546796322,0.1778223068,76.19102478,SandstoneShale
8.1520900726,2.5224003792,0.1792412102,76.656105042,SandstoneShale
8.1644496918,2.5129599571,0.1853803247,76.408691406,SandstoneShale
8.2534065247,2.5292015076,0.2069944888,76.918212891,SandstoneShale
8.2679576874,2.5164613724,0.2013881952,76.797225952,SandstoneShale
8.2729759216,2.521869421,0.1977737546,76.064491272,SandstoneShale
8.2750825882,2.5500705242,0.1957401633,75.420013428,SandstoneShale
8.2940034866,2.5772628784,0.1943204701,74.69984436,SandstoneShale
8.3555450439,2.5845196247,0.1988286078,74.191841125,SandstoneShale
8.4191894531,2.5805051327,0.2092314959,74.684547424,SandstoneShale
8.4413032532,2.5854842663,0.212708652,75.478050232,SandstoneShale
8.4372739792,2.5942871571,0.2076052427,75.813301086,SandstoneShale
8.4490852356,2.5926408768,0.2009228319,75.566955566,SandstoneShale
8.505865097,2.5796999931,0.2017157525,75.707237244,SandstoneShale
8.5500249863,2.573012352,0.2055740207,76.289596558,SandstoneShale
8.5682535172,2.5728678703,0.2053716481,75.685256958,SandstoneShale
8.5108833313,1.9602080584,0.4476493299,107.98506927,Coal
8.5625429153,1.609637022,0.5090834498,118.7076416,Coal
8.6063327789,1.3995805979,0.5359535217,126.67718506,Coal
8.6324901581,1.307536006,0.5466727018,129.03085327,Coal
8.6251773834,1.2836062908,0.5502693057,128.45497131,Coal
8.6228427887,1.2774026394,0.568341732,127.19052124,Coal
8.6031112671,1.2909603119,0.5703186393,124.7569809,Coal
8.5539331436,1.3666952848,0.5400378108,121.61466217,Coal
8.5468997955,1.5496015549,0.4943328202,116.40472412,Coal
8.5468997955,1.8375816345,0.461925447,111.85154724,Coal
8.1462097168,2.4273953438,0.2178010494,83.519851685,Sandstone
8.1328001022,2.3859283924,0.1905238777,82.325790405,Sandstone
8.1328001022,2.3522307873,0.1699621975,80.188064575,Sandstone
8.1328001022,2.3301131725,0.1633989513,81.062339783,Sandstone
8.1328001022,2.3196942806,0.1671417356,81.989219666,Sandstone
8.1328001022,2.3137598038,0.1704685092,80.957458496,Sandstone
8.1312522888,2.3108317852,0.1681986898,81.103408813,Sandstone
8.1188001633,2.3072960377,0.1661141813,82.55141449,Sandstone
8.1062355042,2.3005747795,0.1661803126,82.238388062,Sandstone
8.1213541031,2.2959656715,0.1658876538,81.79699707,Sandstone
8.1316137314,2.2995507717,0.166790545,82.392341614,Sandstone
8.1328001022,2.3091056347,0.1670834571,82.783317566,Sandstone
8.1328001022,2.3131599426,0.1711821556,83.100440979,Sandstone
8.1328001022,2.3074333668,0.1764000058,83.804771423,Sandstone
8.1328001022,2.2955629826,0.1778755933,84.101852417,Sandstone
8.1328001022,2.2885251045,0.1711052507,83.427330017,Sandstone
8.1339387894,2.2999172211,0.1613467187,81.49886322,Sandstone
8.142950058,2.3384747505,0.16542992,79.316574097,Sandstone
8.1503353119,2.3904464245,0.1858782172,78.843238831,Sandstone
8.1328001022,2.3803520203,0.2131110281,81.793807983,Sandstone
8.1328001022,2.3613159657,0.203696847,82.700759888,Sandstone
8.1328001022,2.3337471485,0.1928477734,83.728111267,Sandstone
8.1328001022,2.3217654228,0.18513228,83.949966431,Sandstone
8.1328001022,2.3200409412,0.1839787364,83.948539734,Sandstone
8.1328001022,2.3245847225,0.1863188893,83.694755554,Sandstone
8.1328001022,2.3365466595,0.1889866143,83.575088501,Sandstone
8.1328001022,2.3484354019,0.1895236224,82.416404724,Sandstone
8.1368293762,2.3670730591,0.1849876642,80.007728577,Sandstone
8.176320076,2.4050941467,0.1749141663,76.468887329,Sandstone
8.2722434998,2.4744536877,0.1605149508,71.917373657,Sandstone
8.3403549194,2.5636203289,0.1436677128,67.497848511,Sandstone
8.4055280685,2.6396152973,0.1341816187,64.117454529,Sandstone
8.414100647,2.6863787174,0.1337952763,62.472789764,Sandstone
8.414100647,2.6952552795,0.1440183669,62.569458008,Sandstone
8.414100647,2.6868054867,0.1529322863,63.127510071,Sandstone
8.414100647,2.6778717041,0.1571464539,63.894359589,Sandstone
8.414100647,2.6709339619,0.1563202143,64.710319519,Sandstone
8.414100647,2.6667294502,0.151917845,64.824005127,Sandstone
8.414100647,2.6654567719,0.1502275616,64.393936157,Sandstone
8.4111804962,2.67517519,0.1505220383,64.044487,Sandstone
8.3791952133,2.6798682213,0.1601724327,66.45501709,Sandstone
8.2808513641,2.6637237072,0.1753685027,70.058418274,Sandstone
8.1868982315,2.6028039455,0.1871380508,75.03401947,Sandstone
8.1383161545,2.5210139751,0.1937023699,78.768470764,Sandstone
8.1328001022,2.4577522278,0.195932284,81.504570007,Sandstone
8.1328001022,2.4329445362,0.1980992109,82.438941956,Sandstone
8.1328001022,2.424675703,0.203532815,82.187454224,Sandstone
8.1329917908,2.410204649,0.2015677243,82.854415894,Sandstone
8.1347923279,2.3829605579,0.2016621977,83.941581726,Sandstone
8.1378221512,2.3607032299,0.1973868757,85.022476196,Sandstone
8.1338844299,2.3489191532,0.207036227,85.587768555,Sandstone
8.1375713348,2.3518576622,0.2168435752,86.226676941,Sandstone
8.1538085938,2.3494637012,0.2149286121,85.60269165,Sandstone
8.1765060425,2.3434243202,0.1980007887,84.560791016,Sandstone
8.2005443573,2.3432321548,0.1811404228,84.137763977,Sandstone
8.2309026718,2.348192215,0.1760173291,84.277053833,Sandstone
8.2683725357,2.3539717197,0.1789937019,84.628128052,Sandstone
8.2773885727,2.3644042015,0.1846548617,84.27482605,Sandstone
8.3258132935,2.4001076221,0.1974763721,82.405456543,Sandstone
8.5014867783,2.4686052799,0.2135976404,79.181488037,Sandstone
8.7293233871,2.5518743992,0.2591952682,82.585571289,Sandstone
8.7019443512,2.5221252441,0.2312228382,82.351844788,Sandstone
8.6846141815,2.4890437126,0.2067839801,81.844169617,Sandstone
8.6713418961,2.4685080051,0.2019094378,81.706520081,Sandstone
8.6897974014,2.468940258,0.2079566866,81.388809204,Sandstone
8.6098814011,1.6294748783,0.5284787416,122.12280273,Coal
8.6474590302,1.4365577698,0.5595939755,129.01229858,Coal
8.6831884384,1.3743646145,0.5872244239,130.53733826,Coal
8.6878499985,1.3440023661,0.5849055052,128.72915649,Coal
8.700387001,1.3469740152,0.5685921311,131.86419678,Coal
8.8041152954,1.3597480059,0.5210601091,132.22261047,Coal
8.7811756134,1.3697447777,0.516879499,130.91804504,Coal
8.7545843124,1.3735214472,0.5102559328,132.09973145,Coal
8.6082448959,1.3501067162,0.5151666999,133.92462158,Coal
8.5660429001,1.327809453,0.5022873878,133.57983398,Coal
8.5922451019,1.3159219027,0.4811986685,134.1867981,Coal
8.5759372711,1.3215301037,0.4863089323,135.25120544,Coal
8.5890331268,1.3176141977,0.5138747692,135.31976318,Coal
8.6157865524,1.3057821989,0.5377658606,135.57144165,Coal
8.5922422409,1.2892971039,0.5726445913,134.49879456,Coal
8.5960388184,1.2795574665,0.5578346848,134.3842926,Coal
8.5758008957,1.2741810083,0.5367800593,134.26327515,Coal
8.5950946808,1.2706007957,0.4950997233,132.91757202,Coal
8.6689996719,1.2709000111,0.4950000048,134.19709778,Coal
8.6805696487,1.2657135725,0.5175406933,135.23446655,Coal
8.6865692139,1.2646056414,0.5236679912,133.5254364,Coal
8.6928501129,1.2772992849,0.5193346143,133.88566589,Coal
8.7233762741,1.2766083479,0.534538269,135.31378174,Coal
8.6976461411,1.2633757591,0.5349960923,133.43299866,Coal
8.7331266403,1.2454833984,0.5551771522,133.83171082,Coal
8.8254823685,1.2443165779,0.5448984504,134.90208435,Coal
8.9514360428,1.2445936203,0.5648674369,132.90820313,Coal
8.9541978836,1.2580740452,0.5755519867,133.35044861,Coal
8.9542980194,1.2820621729,0.5856348872,130.96792603,Coal
8.9543972015,1.3768993616,0.5791020989,124.43432617,Coal
9.0157060623,1.5708825588,0.4622921348,110.23432922,Coal
8.7261972427,1.8954536915,0.3379582763,96.083992004,Coal
8.2451410294,2.4624073505,0.224565357,82.948799133,Sandstone
8.1443777084,2.4405832291,0.2139850408,82.773178101,Sandstone
8.1328868866,2.4212565422,0.2058160007,81.904342651,Sandstone
8.1340293884,2.4129793644,0.1965467185,81.786026001,Sandstone
8.5348777771,2.5515606403,0.366037786,82.652816772,Sandstone
8.4407548904,2.5182011127,0.3482063115,82.229537964,Sandstone
8.2858953476,2.4747493267,0.2885044813,80.724113464,Sandstone
8.1659297943,2.4264101982,0.2032267749,79.973503113,Sandstone
8.1352071762,2.3992972374,0.1551653594,79.915161133,Sandstone
8.1328001022,2.3921895027,0.1494645625,80.189285278,Sandstone
8.1328001022,2.4081258774,0.160018906,80.276519775,Sandstone
8.1328001022,2.4263086319,0.1702414602,80.431770325,Sandstone
8.1328001022,2.4396109581,0.1668624729,80.252441406,Sandstone
8.1328001022,2.4357354641,0.1595763713,79.925941467,Sandstone
8.1328001022,2.4376420975,0.1621026248,79.797920227,Sandstone
8.1328001022,2.4549367428,0.1776217818,79.943016052,Sandstone
8.1328001022,2.4688024521,0.1835267693,79.858024597,Sandstone
8.1328001022,2.4691598415,0.1788685024,79.554534912,Sandstone
8.1328001022,2.4540634155,0.1656496078,79.332939148,Sandstone
8.1328001022,2.4381525517,0.1583267599,78.775657654,Sandstone
8.1328001022,2.4334089756,0.1513926536,78.090423584,Sandstone
8.1328001022,2.4415254593,0.1453417242,78.306144714,Sandstone
8.1328001022,2.4559826851,0.143320471,78.525924683,Sandstone
8.1328001022,2.4547383785,0.1470622122,78.1199646,Sandstone
8.1328001022,2.4479799271,0.1529231071,77.397453308,Sandstone
8.1328001022,2.4460914135,0.1568464637,77.73890686,Sandstone
8.1328001022,2.4587659836,0.1600608826,77.974906921,Sandstone
8.1328001022,2.474019289,0.160570085,77.937225342,Sandstone
8.1328001022,2.4867417812,0.1637842506,77.440582275,Sandstone
8.1328001022,2.4876973629,0.168225199,76.767166138,Sandstone
8.1328001022,2.4873273373,0.1740787476,75.848526001,Sandstone
8.1334810257,2.4906504154,0.1746173203,75.489242554,Sandstone
8.1391239166,2.4988560677,0.1724921316,75.156394958,Sandstone
8.1460800171,2.5100576878,0.1659698188,74.684143066,Sandstone
8.1566267014,2.5256416798,0.1594370157,74.246696472,Sandstone
8.2076787949,2.5376522541,0.1561110169,74.112174988,Sandstone
8.1874065399,2.5395572186,0.1592881978,73.303115845,Sandstone
8.2178506851,2.5367834568,0.1623763889,72.385719299,Sandstone
8.1905174255,2.5410625935,0.1575422585,70.877563477,Sandstone
8.1637887955,2.5492937565,0.146266669,68.511604309,Sandstone
8.20814991,2.5556275845,0.136602357,65.659515381,Sandstone
8.2620182037,2.574393034,0.1304327995,64.25881958,Sandstone
8.304772377,2.6151161194,0.1273278147,64.119049072,Sandstone
8.3118152618,2.6516158581,0.12727952,63.620044708,Sandstone
8.2948541641,2.6774897575,0.1305314898,62.990528107,Sandstone
8.2786159515,2.6885306835,0.1319157481,62.486499786,Sandstone
8.2737407684,2.6809849739,0.1261960566,61.687835693,Sandstone
8.2741136551,2.6662344933,0.1189740151,61.83272934,Sandstone
8.2802324295,2.6643605232,0.1182091832,63.119735718,Sandstone
8.2892608643,2.6868722439,0.1241566911,63.27501297,Sandstone
8.2702541351,2.7106678486,0.1282356828,62.494010925,Sandstone
8.2337675095,2.7040977478,0.1268897653,60.748973846,Sandstone
8.2552070618,2.6920423508,0.1226362213,59.010353088,Sandstone
8.2721624374,2.6972289085,0.1193847805,58.879119873,Sandstone
8.2707567215,2.723443985,0.1220081374,60.644256592,Sandstone
8.2427845001,2.7385966778,0.125717327,63.954257965,Sandstone
8.1679458618,2.7252304554,0.1340860873,68.175163269,Sandstone
8.1369495392,2.6819601059,0.1409758478,71.594451904,Sandstone
8.1520042419,2.6252195835,0.1460936964,73.203193665,Sandstone
8.1829748154,2.5697131157,0.1500202119,73.556800842,Sandstone
8.2011737823,2.5480132103,0.1571501344,73.398956299,Sandstone
8.2142152786,2.5462384224,0.1644692868,73.754371643,Sandstone
8.2185297012,2.5473444462,0.168825984,74.959861755,Sandstone
8.1848716736,2.5472624302,0.1700343788,75.776618958,Sandstone
8.1698389053,2.5405080318,0.1683598459,76.22039032,Sandstone
8.1639003754,2.5253665447,0.1643666625,76.220466614,Sandstone
8.1438655853,2.5057871342,0.1575540602,75.653366089,Sandstone
8.1392364502,2.5009503365,0.1579425186,75.025054932,Sandstone
8.1456794739,2.5140559673,0.1640456766,75.189865112,Sandstone
8.1489181519,2.5327017307,0.1675154865,75.407348633,Sandstone
8.1548900604,2.5301158428,0.1621527523,75.637161255,Sandstone
8.1671085358,2.5145599842,0.152881369,75.733955383,Sandstone
8.182472229,2.5049102306,0.1468123347,75.709365845,Sandstone
8.227227211,2.5073840618,0.1454937011,75.479820251,Sandstone
8.2591171265,2.512150526,0.1459858268,75.330947876,Sandstone
8.2659883499,2.5219817162,0.1514514536,75.551849365,Sandstone
8.2707452774,2.5305631161,0.1568873972,75.39691925,Sandstone
8.2739257813,2.5351772308,0.1645881832,75.101989746,Sandstone
8.284078598,2.5448231697,0.1718687564,74.603988647,Sandstone
8.3287553787,2.5619466305,0.1778425127,74.248802185,Sandstone
8.3589763641,2.5761630535,0.1824837178,73.932502747,Sandstone
8.3176984787,2.580799818,0.1845871359,74.01084137,Sandstone
8.2758684158,2.5705251694,0.1854976416,74.765869141,Sandstone
8.2213249207,2.5619938374,0.1798535436,75.239143372,Sandstone
8.0892696381,2.5522499084,0.172807619,75.550666809,Sandstone
8.0882663727,2.5364360809,0.1677519679,75.969825745,Sandstone
8.1328477859,2.5162236691,0.1674900353,75.630096436,Sandstone
8.1526060104,2.5081481934,0.1725188941,75.034896851,Sandstone
8.1994142532,2.5178368092,0.1751606315,74.782806396,Sandstone
8.2567863464,2.5321097374,0.178459838,74.677940369,Sandstone
8.3417892456,2.5439913273,0.1787367463,74.736297607,Sandstone
8.4012327194,2.5505740643,0.175166145,74.925384521,Sandstone
8.4137363434,2.5541257858,0.172408402,74.586502075,Sandstone
8.414100647,2.5533645153,0.1707695574,74.492454529,Sandstone
8.414100647,2.5580415726,0.1738614291,74.615310669,Sandstone
8.414100647,2.5612416267,0.1749889702,74.593017578,Sandstone
8.414100647,2.5631923676,0.1707808375,74.861404419,Sandstone
8.414100647,2.5733742714,0.1671598405,74.624389648,Sandstone
8.414100647,2.5854487419,0.165271908,73.259468079,Sandstone
8.4221849442,2.5878212452,0.17227979,73.446434021,Sandstone
8.4833965302,2.5837135315,0.1827283502,74.15663147,Sandstone
8.5375747681,2.5811705589,0.1919073462,73.941719055,Sandstone
8.5515441895,2.580529213,0.193593964,74.385437012,Sandstone
8.5540895462,2.5747873783,0.1872779578,75.255149841,Sandstone
8.5527410507,2.5615274906,0.1820378006,75.764503479,Sandstone
8.5707607269,2.5479159355,0.1816110313,75.677375793,Sandstone
8.5902080536,2.5448803902,0.1862574816,75.969833374,Sandstone
8.6266622543,2.5486588478,0.190468505,76.519088745,Sandstone
8.6717510223,2.5520722866,0.1923968643,75.537864685,Sandstone
8.6873207092,2.5548226833,0.1953496039,75.640563965,Sandstone
8.6875,2.5599043369,0.1992393732,76.817886353,Sandstone
8.6875,2.565056324,0.2117548585,78.498298645,Sandstone
8.6880426407,2.5669803619,0.2515598536,87.019340515,Sandstone
8.6954746246,2.5178816319,0.3297299147,100.56224823,Sandstone
8.7912740707,1.6875332594,0.5221928954,130.6751709,Coal
8.826010704,1.4481143951,0.5297194123,131.14492798,Coal
8.8806142807,1.3457701206,0.5233614445,130.28965759,Coal
8.9945249557,1.3583160639,0.5055189133,131.32995605,Coal
8.8698034286,1.4206800461,0.4997873902,130.90785217,Coal
8.6929483414,1.4442322254,0.4928346276,130.04934692,Coal
8.7153816223,1.4166555405,0.4905593097,131.25531006,Coal
8.7877607346,1.3853223324,0.4895147085,131.73213196,Coal
8.7486019135,1.3719968796,0.5085212588,130.98202515,Coal
8.6251125336,1.3598200083,0.5410230756,131.98773193,Coal
8.612953186,1.3490349054,0.5526149273,133.32624817,Coal
8.670290947,1.3503189087,0.5397614241,132.98051453,Coal
8.7738418579,1.3565100431,0.5058569312,132.82614136,Coal
8.9056949615,1.3748118877,0.4827178419,132.33747864,Coal
9.008058548,1.391433835,0.4866149724,131.39958191,Coal
9.3197860718,1.3924638033,0.5161519647,132.48910522,Coal
10.019404411,1.386638999,0.5354963541,133.06109619,Coal
10.250367165,1.3857030869,0.5286700726,130.57084656,Coal
9.4221935272,1.4206361771,0.5035283566,128.04284668,Coal
8.8032369614,1.4841563702,0.4844585359,126.49334717,Coal
9.2500228882,1.5321416855,0.4804535508,126.54281616,Coal
9.9989032745,1.5156214237,0.4772120714,128.94277954,Coal
10.541950226,1.4612349272,0.4699763656,130.70959473,Coal
10.741257668,1.4280748367,0.4605275691,130.53581238,Coal
10.139560699,1.4093608856,0.47785303,130.5202179,Coal
9.0800037384,1.4114217758,0.5085585117,129.90725708,Coal
8.75897789,1.4297559261,0.5192527771,128.97894287,Coal
9.7302865982,1.4451575279,0.5108632445,130.59568787,Coal
10.644450188,1.4522507191,0.5078606606,131.18916321,Coal
10.685815811,1.4519314766,0.5186322927,130.31262207,Coal
10.727182388,1.4383651018,0.5269065499,131.70860291,Coal
10.768548012,1.4112218618,0.5256467462,131.88388062,Coal
9.8676748276,1.3789865971,0.517144084,128.10917664,Coal
8.7129192352,1.3778736591,0.4960338473,122.68603516,Coal
8.6875,1.4388189316,0.4540304542,118.37528229,Coal
8.6875886917,1.5427843332,0.4167968631,117.08869171,Coal
8.6904182434,1.6289682388,0.3997687697,117.52191925,Coal
8.7085828781,1.6462396383,0.4093551338,119.872612,Coal
8.7278594971,1.625146389,0.439599216,123.41322327,Coal
8.7343978882,1.6066372395,0.4641797841,124.08798218,Coal
8.9016208649,1.6281944513,0.4715923965,119.88176727,Coal
9.3745622635,1.7370432615,0.4585488439,112.11093903,Coal
9.7523450851,1.9400699139,0.4377427995,103.68715668,Coal
9.0431270599,1.8448154926,0.4876921177,119.65781403,Coal
8.6193208694,1.6117660999,0.4869288504,119.18429565,Coal
8.7052707672,1.5470181704,0.4683094323,111.55174255,Coal
8.840177536,1.6376042366,0.4283789992,98.773162842,Coal
8.3202400208,2.5357835293,0.1923965812,77.182090759,Sandstone
8.2126178741,2.5114581585,0.1968900263,77.559234619,Sandstone
8.1817245483,2.4980993271,0.1964818835,77.319038391,Sandstone
8.1328001022,2.4838602543,0.1909296513,78.832183838,Sandstone
8.1328001022,2.4480996132,0.1702685058,77.443870544,Sandstone
8.1328001022,2.4085197449,0.1591094434,76.591148376,Sandstone
8.1328992844,2.3875749111,0.1569401622,77.308891296,Sandstone
8.1344823837,2.3905632496,0.173307091,78.165542603,Sandstone
8.143037796,2.4063227177,0.1911456585,78.526245117,Sandstone
8.1612148285,2.4373307228,0.1955404133,79.072525024,Sandstone
8.1868619919,2.466366291,0.1824842542,78.398803711,Sandstone
8.2343215942,2.4721457958,0.1641850471,77.689559937,Sandstone
8.2591705322,2.4551098347,0.1564430445,75.891952515,Sandstone
8.3495674133,2.4386804104,0.158048287,74.489753723,Sandstone
8.9609003067,2.6050081253,0.1967616826,79.507072449,Sandstone
8.9609003067,2.6002283096,0.1936496049,79.440849304,Sandstone
8.9609003067,2.6044414043,0.1955435723,77.566162109,Sandstone
8.9609003067,2.6167485714,0.2099078745,75.898200989,Sandstone
8.9610891342,2.6676881313,0.246837005,74.809005737,Sandstone
8.9645624161,2.7640769482,0.2829979062,73.388969421,Sandstone
8.9883518219,2.8734481335,0.3084461987,75.574272156,Sandstone
8.9090709686,2.5804243088,0.1834031492,72.991798401,Sandstone
8.773103714,2.5646739006,0.1831333339,78.014755249,Sandstone
8.5687685013,2.5254247189,0.1706818938,81.000679016,Sandstone
8.3416433334,2.4729800224,0.1662220508,82.400177002,Sandstone
8.2009029388,2.4131786823,0.1631700844,82.799972534,Sandstone
8.107208252,2.3601815701,0.1712874025,84.537796021,Sandstone
8.0757951736,2.3215527534,0.181389764,84.800285339,Sandstone
8.0880146027,2.3060305119,0.1869750768,84.840690613,Sandstone
8.0890455246,2.3008096218,0.1850706041,83.229721069,Sandstone
8.0840415955,2.3017590046,0.1822842509,83.823402405,Sandstone
8.1020011902,2.3092010021,0.1802947521,83.534301758,Sandstone
8.1211967468,2.3093869686,0.1793157458,83.80015564,Sandstone
8.1199998856,2.304500103,0.1852999926,84.125,Sandstone
8.0937690735,2.2920329571,0.1983656287,84.157913208,Sandstone
8.0946941376,2.292696476,0.2116301954,84.504768372,Sandstone
8.1031332016,2.297958374,0.2184464633,85.400802612,Sandstone
8.1156673431,2.3044319153,0.2168178558,85.720291138,Sandstone
8.106918335,2.3084475994,0.2157144397,86.447677612,Sandstone
8.132390976,2.3131260872,0.2145188898,86.975318909,Sandstone
8.1328001022,2.3140835762,0.2188191563,86.941490173,Sandstone
8.1323108673,2.3094985485,0.223697111,87.446159363,Sandstone
8.1274185181,2.3102788925,0.2284866124,87.763381958,Sandstone
8.1131801605,2.3131239414,0.226652503,86.27394104,Sandstone
8.0919208527,2.3100924492,0.2281538099,86.160087585,Sandstone
8.0629234314,2.2928574085,0.2297496051,86.384048462,Sandstone
8.0906867981,2.276652813,0.2262262404,86.321754456,Sandstone
8.1312894821,2.277641058,0.2156968415,85.263954163,Sandstone
8.1328001022,2.2830796242,0.204060629,85.896720886,Sandstone
8.1328001022,2.2873234749,0.2051328123,86.126144409,Sandstone
8.1328001022,2.2851116657,0.2127475142,85.440246582,Sandstone
8.1328001022,2.2848095894,0.2157677263,85.708679199,Sandstone
8.1328001022,2.2823295593,0.2135246843,86.248832703,Sandstone
8.1328001022,2.2761359215,0.2071464509,86.513847351,Sandstone
8.1347846985,2.2725872993,0.2084062994,91.954216003,Sandstone
8.1943559647,2.2735307217,0.2591934502,90.097290039,Sandstone
8.6260023117,2.2789559364,0.3560753465,85.450675964,Sandstone
9.0984754562,2.5208427906,0.2351737469,78.551994324,Sandstone
8.7732515335,2.5417766571,0.2164622098,78.259689331,Sandstone
8.4800281525,2.5556402206,0.2116748095,79.885734558,Sandstone
8.3765726089,2.5499601364,0.1979154944,78.988082886,Sandstone
8.3819541931,2.5286550522,0.1850388497,79.805450439,Sandstone
8.4015789032,2.5245416164,0.1810685098,79.893539429,Sandstone
8.4157800674,2.5324430466,0.1932779551,80.666793823,Sandstone
8.4478969574,2.5295348167,0.2244026214,80.881271362,Sandstone
9.0917863846,2.5664396286,0.3159104884,80.832550049,Sandstone
9.0205745697,2.5963819027,0.2583881915,80.135772705,Sandstone
8.963886261,2.5987837315,0.2247540653,82.083946228,Sandstone
8.9533729553,2.5513749123,0.2121734917,89.354286194,Sandstone
9.155831337,2.4776968956,0.2011795193,87.363044739,Sandstone
9.6817827225,2.3881702423,0.2083112895,84.649040222,Sandstone
10.054335594,2.3292281628,0.2498913407,84.533996582,Sandstone
10.083265305,2.3170969486,0.2985480428,81.661888123,Sandstone
9.7856054306,2.3635571003,0.3218275607,85.816947937,Sandstone
9.5223770142,2.4455800056,0.3183724284,86.410614014,Sandstone
8.9728631973,2.5558063984,0.2085267752,77.909324646,Sandstone
8.8785333633,2.5872666836,0.2008333355,80.002365112,Sandstone
8.8794603348,2.6026747227,0.2020897567,81.914352417,Sandstone
8.8179626465,2.5954496861,0.201548025,83.585884094,Sandstone
8.629650116,2.5601906776,0.1963837296,83.54775238,Sandstone
8.4992599487,2.5177969933,0.1965622008,82.565711975,Sandstone
8.5042896271,2.5054645538,0.2120472491,81.329330444,Sandstone
8.5435619354,2.5313951969,0.2288430482,79.699333191,Sandstone
8.5328102112,2.5578956604,0.2380139083,78.694442749,Sandstone
8.5109443665,2.5590598583,0.2328747958,77.575202942,Sandstone
8.558172226,2.5553500652,0.2173538059,78.600189209,Sandstone
8.6898317337,2.5788595676,0.1985758543,80.334083557,Sandstone
8.7574129105,2.6064867973,0.1877732277,81.325050354,Sandstone
8.5775032043,2.587097168,0.1871244013,82.403533936,Sandstone
8.3180770874,2.5191149712,0.1854065657,81.836204529,Sandstone
8.1770801544,2.448925972,0.1798055023,81.739532471,Sandstone
8.1411943436,2.4070575237,0.1747026145,82.179374695,Sandstone
8.1398487091,2.3912274837,0.175786078,82.28302002,Sandstone
8.1846923828,2.3942093849,0.1792039275,82.11870575,Sandstone
8.4035682678,2.4118609428,0.1778223068,83.139717102,Sandstone
9.0380210876,2.4194514751,0.1737094522,84.136611938,Sandstone
9.5997400284,2.3828094006,0.1791015714,84.025161743,Sandstone
9.7978219986,2.3180031776,0.1946301907,83.112411499,Sandstone
9.8757266998,2.2686090469,0.2088852972,81.995140076,Sandstone
9.9198570251,2.2616789341,0.2120448798,80.010772705,Sandstone
9.9291849136,2.2754137516,0.2118847817,80.366256714,Sandstone
9.9296998978,2.278856039,0.2108372748,83.643119812,Sandstone
9.9302988052,2.2761032581,0.222307086,84.804458618,Sandstone
9.9547700882,2.2753596306,0.256796062,88.495155334,Sandstone
9.2421998978,2.4859957695,0.2604627311,79.210083008,Sandstone
9.2421998978,2.5233490467,0.322429657,79.914787292,Sandstone
9.2459630966,2.518645525,0.3718433082,80.728157043,Sandstone
8.9576950073,2.5500674248,0.2097831964,79.457588196,Sandstone
8.9249544144,2.5128898621,0.2241173238,79.999099731,Sandstone
8.8673324585,2.4771149158,0.237037003,78.997375488,Sandstone
8.8417367935,2.4634563923,0.2428154796,76.718826294,Sandstone
8.9001245499,2.4843435287,0.2420700788,74.30973053,Sandstone
8.9734811783,2.5456707478,0.2362755835,72.751556396,Sandstone
8.9073600769,2.6341502666,0.2230136395,72.618202209,Sandstone
8.7451162338,2.7032973766,0.2159779519,72.543579102,Sandstone
8.6875,2.7051000595,0.2294866145,72.458175659,Sandstone
8.6875,2.6588008404,0.2557622194,73.390174866,Sandstone
8.6875,2.604496479,0.2711553872,74.709632874,Sandstone
8.6928005219,2.5603001118,0.2662433088,75.002990723,Sandstone
8.7445840836,2.5516626835,0.2559902966,76.870895386,Sandstone
8.8745479584,2.6177847385,0.2483165264,78.819999695,Sandstone
9.0102643967,2.7210395336,0.2453637868,74.691047668,Sandstone
9.101568222,2.7602174282,0.2450391203,70.673736572,Sandstone
9.1765937805,2.7043371201,0.2489068359,74.458221436,Sandstone
8.8322973251,2.3112835884,0.2340346426,76.417076111,Sandstone
8.4061050415,2.3262963295,0.2052501291,75.848670959,Sandstone
8.5780172348,2.3020832539,0.1790937036,76.935401917,Sandstone
8.8174314499,2.2497394085,0.1795858145,79.36819458,Sandstone
8.8674936295,2.2021393776,0.2337768972,82.712173462,Sandstone
8.5235757828,2.7474548817,0.29428792,74.070610046,Sandstone
8.5045480728,2.7726433277,0.2661779523,76.550888062,Sandstone
8.4129180908,2.6445214748,0.2682493329,79.353622437,Sandstone
8.2875490189,2.4924852848,0.2560325563,81.359092712,Sandstone
8.1326980591,2.3969156742,0.2228567004,84.941879272,Sandstone
8.1253242493,2.337801218,0.1920695603,88.234634399,Sandstone
8.1268520355,2.3059084415,0.1847582757,86.293586731,Sandstone
8.130522728,2.3016347885,0.1769039333,82.70916748,Sandstone
8.1236801147,2.3033111095,0.1692377925,81.596908569,Sandstone
8.1203517914,2.3127143383,0.1762509197,80.286247253,Sandstone
8.1182575226,2.3423724174,0.1909984201,79.490600586,Sandstone
8.069018364,2.3779585361,0.2021401525,78.990119934,Sandstone
8.0353708267,2.4000542164,0.1944939643,80.258918762,Sandstone
8.0539960861,2.394431591,0.182736218,81.137031555,Sandstone
8.0328912735,2.3796520233,0.1773792654,81.718688965,Sandstone
8.0125751495,2.3753044605,0.1848333329,82.736999512,Sandstone
8.032793045,2.3785433769,0.1970590502,84.256202698,Sandstone
8.0047044754,2.3690719604,0.2045695484,84.341499329,Sandstone
8.0050868988,2.3410661221,0.2002808452,84.648544312,Sandstone
8.0261526108,2.3191566467,0.1961811036,84.66796875,Sandstone
8.0516414642,2.3155851364,0.1945044696,84.463806152,Sandstone
8.0759687424,2.3181712627,0.1997081339,84.76940155,Sandstone
8.055062294,2.3079221249,0.1979354322,84.736724854,Sandstone
8.0141458511,2.2958853245,0.1954556555,84.288223267,Sandstone
8.0082550049,2.2881741524,0.192631498,84.219993591,Sandstone
8.0333471298,2.2869157791,0.1928795278,83.22416687,Sandstone
8.0408573151,2.2854197025,0.1929094493,83.139122009,Sandstone
8.0520143509,2.2872185707,0.1948291361,83.031051636,Sandstone
8.074095726,2.294315815,0.1955535412,82.199699402,Sandstone
8.0615358353,2.297950983,0.1997438371,82.057373047,Sandstone
8.0611143112,2.2941431999,0.1977359653,82.32396698,Sandstone
8.0634298325,2.2907943726,0.1922897696,82.543312073,Sandstone
8.0632886887,2.2950339317,0.1841196865,82.169204712,Sandstone
8.0499811172,2.3092470169,0.176439628,81.791191101,Sandstone
8.0877733231,2.331556797,0.1738858223,81.354164124,Sandstone
8.1109638214,2.3496658802,0.1789556444,80.825141907,Sandstone
8.1263513565,2.3634967804,0.1858910769,81.155227661,Sandstone
8.1269073486,2.3741409779,0.1877614111,81.375228882,Sandstone
8.1259937286,2.3642785549,0.1802496165,81.972587585,Sandstone
8.1298160553,2.3466615677,0.1740934402,82.425376892,Sandstone
8.1271057129,2.3329725266,0.1741952747,82.692642212,Sandstone
8.1259899139,2.3282511234,0.177220732,82.953994751,Sandstone
8.1306324005,2.3310620785,0.1788517088,82.744308472,Sandstone
8.1328001022,2.3393278122,0.1747559011,82.613677979,Sandstone
8.1328001022,2.3530282974,0.1743149608,81.957435608,Sandstone
8.1327352524,2.3768856525,0.1803141832,81.796279907,Sandstone
8.1311264038,2.4099779129,0.186252743,82.063911438,Sandstone
8.1236400604,2.4290215969,0.1849475056,82.361083984,Sandstone
8.1238746643,2.4132778645,0.1774041951,82.458526611,Sandstone
8.1097259521,2.3848605156,0.1776929051,83.466697693,Sandstone
8.1129245758,2.3714978695,0.1825469881,83.482902527,Sandstone
8.1162042618,2.3658211231,0.1863453984,84.344039917,Sandstone
8.1158208847,2.3548071384,0.1846866161,82.130554199,Sandstone
8.1008834839,2.3459963799,0.1811047196,81.472396851,Sandstone
8.0942296982,2.3529648781,0.1777372658,81.047691345,Sandstone
8.1179075241,2.3667974472,0.171402365,79.268569946,Sandstone
8.1303014755,2.379224062,0.1588606238,79.355285645,Sandstone
8.1164665222,2.385021925,0.1477202028,79.19834137,Sandstone
8.1202011108,2.3860898018,0.1490661353,79.097572327,Sandstone
8.1327934265,2.3790214062,0.1659375429,80.697853088,Sandstone
8.1322593689,2.3654425144,0.1838115454,82.748497009,Sandstone
8.1283769608,2.3505330086,0.1848204732,83.551513672,Sandstone
8.1255197525,2.3420886993,0.1747432947,83.839981079,Sandstone
8.1293096542,2.3398983479,0.163999483,83.357131958,Sandstone
8.1328001022,2.3393001556,0.1638000011,81.428199768,Sandstone
8.1328001022,2.359347105,0.1797580123,80.259078979,Sandstone
8.1328001022,2.4011793137,0.1976060271,81.201904297,Sandstone
8.1328001022,2.4473354816,0.2024622113,81.827171326,Sandstone
8.1328001022,2.4665002823,0.1948808432,82.092933655,Sandstone
8.1405954361,2.4528837204,0.1918393672,80.031059265,Sandstone
8.2098922729,2.4678575993,0.204792127,77.997108459,Sandstone
8.2985506058,2.5245149136,0.2743441164,85.01726532,Sandstone
8.1407184601,2.4231214523,0.2110540718,87.316452026,Sandstone
8.12865448,2.3455224037,0.1824136525,86.914886475,Sandstone
8.1323060989,2.3030369282,0.1801519692,86.854240417,Sandstone
8.1292695999,2.2930240631,0.1805750728,85.79927063,Sandstone
8.1226568222,2.2941160202,0.1798419952,84.749397278,Sandstone
8.1238126755,2.3004362583,0.1775322706,83.503753662,Sandstone
8.1322860718,2.301930666,0.1738194227,82.901268005,Sandstone
8.1328001022,2.3131816387,0.1701233536,81.882652283,Sandstone
8.1328001022,2.3526921272,0.163528353,80.669502258,Sandstone
8.132519722,2.3979077339,0.1573068351,80.312538147,Sandstone
8.1300773621,2.4106833935,0.1500981599,79.741111755,Sandstone
8.1283197403,2.3872423172,0.1447685063,79.443885803,Sandstone
8.1312570572,2.3679816723,0.1439367533,79.741264343,Sandstone
8.122168541,2.370480299,0.1503672004,79.912376404,Sandstone
8.1143980026,2.378446579,0.1568881869,80.391113281,Sandstone
8.1286821365,2.3912260532,0.1600640416,81.633491516,Sandstone
8.1282596588,2.3954143524,0.1593839824,82.044944763,Sandstone
8.1323928833,2.3886668682,0.1577472389,79.915298462,Sandstone
8.1328001022,2.3625898361,0.1555963159,82.733055115,Sandstone
8.1328001022,2.3373057842,0.1562173218,84.556228638,Sandstone
8.1328001022,2.3295669556,0.1612803191,83.786987305,Sandstone
8.1328001022,2.3442585468,0.1642377973,84.097618103,Sandstone
8.1328001022,2.3636353016,0.1685511768,84.431373596,Sandstone
8.1328001022,2.3656001091,0.1707952768,85.760055542,Sandstone
8.1328001022,2.3482367992,0.1771755964,85.999282837,Sandstone
8.1328001022,2.3253183365,0.1799524873,85.08253479,Sandstone
8.1328001022,2.3131015301,0.1818015724,83.284507751,Sandstone
8.1328001022,2.3097708225,0.1817338616,82.743011475,Sandstone
8.1328001022,2.3102960587,0.1805501282,82.456214905,Sandstone
8.1328001022,2.3020219803,0.1796063036,82.769378662,Sandstone
8.1328001022,2.2969431877,0.1850393713,83.313087463,Sandstone
8.1328001022,2.2972767353,0.1954430342,84.646827698,Sandstone
8.1328001022,2.2949528694,0.2079873979,88.160583496,Sandstone
8.1328001022,2.2640142441,0.2182267755,88.764526367,Sandstone
8.1328001022,2.2096328735,0.2148955464,88.971481323,Sandstone
8.1328001022,2.1902337074,0.1973968595,88.416656494,Sandstone
8.1328001022,2.2209546566,0.1787385792,84.808792114,Sandstone
8.1328001022,2.2796475887,0.1755112857,86.600624084,Sandstone
8.1328001022,2.3056371212,0.1881023645,88.326797485,Sandstone
8.1328001022,2.2933552265,0.2038902938,88.799812317,Sandstone
8.1328001022,2.2857670784,0.2132800519,88.572799683,Sandstone
8.133225441,2.2905125618,0.2144999951,87.734931946,Sandstone
8.1432180405,2.3034536839,0.2220451385,85.654983521,Sandstone
8.9609003067,2.7339339256,0.2246921211,76.382804871,SandstoneShale
8.9609003067,2.7079641819,0.2233892381,75.922164917,SandstoneShale
8.9609003067,2.684394598,0.223841995,76.062927246,SandstoneShale
8.9609003067,2.6590912342,0.2261606306,75.484954834,SandstoneShale
8.9609003067,2.6470355988,0.2295561731,75.809356689,SandstoneShale
8.9609003067,2.6511843204,0.2281669229,76.572059631,SandstoneShale
8.9609003067,2.6501448154,0.2258493453,77.244377136,SandstoneShale
8.9609003067,2.6548097134,0.2273480296,77.510276794,SandstoneShale
9.1015996933,2.6576702595,0.1919708699,72.476806641,SandstoneShale
9.1015996933,2.6695899963,0.1895338595,73.221504211,SandstoneShale
9.1008806229,2.6610372066,0.1909259856,74.343521118,SandstoneShale
9.0968742371,2.6554534435,0.197045669,74.813400269,SandstoneShale
9.0992546082,2.651501894,0.2081952691,74.910194397,SandstoneShale
9.1013689041,2.6535141468,0.2192685008,75.144294739,SandstoneShale
9.1015996933,2.6474590302,0.2305913419,75.238136292,SandstoneShale
9.1015996933,2.6445412636,0.2357650846,75.834480286,SandstoneShale
9.0944252014,2.6425602436,0.2391729653,76.544845581,SandstoneShale
9.0282592773,2.6468157768,0.24044016,77.261100769,SandstoneShale
8.8680362701,2.6027605534,0.2450015694,76.562614441,SandstoneShale
8.8716888428,2.6003103256,0.2354897559,75.880775452,SandstoneShale
8.866519928,2.6009492874,0.2244102359,75.347091675,SandstoneShale
8.8417654037,2.603951931,0.2155934423,74.89251709,SandstoneShale
8.829158783,2.6085803509,0.2088165283,74.739021301,SandstoneShale
8.8281002045,2.6072332859,0.202033326,74.704994202,SandstoneShale
8.8281002045,2.5978643894,0.200563252,75.044563293,SandstoneShale
8.8281002045,2.6231710911,0.1956220418,72.108612061,SandstoneShale
8.8281002045,2.6221184731,0.1794196814,70.979316711,SandstoneShale
8.8330068588,2.6257574558,0.1641960591,70.700866699,SandstoneShale
8.8675956726,2.6317799091,0.1554703414,70.716651917,SandstoneShale
8.8797922134,2.6390953064,0.1587154865,71.075920105,SandstoneShale
8.8481264114,2.6319503784,0.1668661386,71.327102661,SandstoneShale
8.8294858932,2.6218538284,0.1722136438,70.606124878,SandstoneShale
8.8281002045,2.6165800095,0.1686661392,69.239341736,SandstoneShale
8.8281002045,2.6240079403,0.1555952728,67.900596619,Sandstone
8.8281002045,2.6439161301,0.1417587847,67.141288757,Sandstone
8.8281002045,2.6636567116,0.1327897608,66.708770752,Sandstone
8.826918602,2.676271677,0.1306976378,65.722198486,Sandstone
8.8135643005,2.6782274246,0.1305664033,65.041923523,Sandstone
8.7755155563,2.6798522472,0.1281412095,64.605606079,Sandstone
8.766711235,2.6916952133,0.1245275587,63.960975647,Sandstone
8.7759962082,2.7154068947,0.1236503944,63.338226318,Sandstone
8.7676696777,2.7412576675,0.1249742731,62.579624176,Sandstone
8.7697696686,2.76298666,0.1283889711,62.247425079,Sandstone
8.7886810303,2.7762727737,0.1305622011,62.820354462,Sandstone
8.805934906,2.783646822,0.1299585253,63.570163727,Sandstone
8.8132753372,2.7893118858,0.1287417263,64.739425659,Sandstone
8.8220853806,2.7816288471,0.1325897574,66.43649292,SandstoneShale
8.8340625763,2.7521626949,0.1441010535,68.465698242,SandstoneShale
8.8838777542,2.705436945,0.1598622054,70.319992065,SandstoneShale
8.9406576157,2.6629109383,0.1745194346,71.446296692,SandstoneShale
8.9599046707,2.6401228905,0.1807608902,71.801109314,SandstoneShale
8.9609003067,2.6299717426,0.1797267646,71.683761597,SandstoneShale
8.9609003067,2.6229715347,0.1821383238,71.858955383,SandstoneShale
8.9609003067,2.615003109,0.1869519651,71.818031311,SandstoneShale
8.9609003067,2.6116023064,0.1936582774,71.675483704,SandstoneShale
8.9609003067,2.6173355579,0.1925364882,71.476753235,SandstoneShale
8.9609003067,2.627266407,0.1894125938,71.005783081,Sandstone
8.9609003067,2.6356117725,0.1851511747,70.277893066,Sandstone
8.9609003067,2.6410264969,0.1753926575,68.91746521,Sandstone
8.9609003067,2.6484043598,0.1605459303,67.377723694,Sandstone
8.9609003067,2.6613652706,0.1440346539,66.827110291,Sandstone
8.9609003067,2.6775479317,0.1368661374,67.039253235,Sandstone
8.9609003067,2.6817326546,0.1428580135,68.316467285,Sandstone
8.9609003067,2.6746354103,0.1576559097,69.776573181,Sandstone
8.9609003067,2.6653497219,0.1677942276,71.005783081,SandstoneShale
8.9673423767,2.6479797363,0.1710740179,71.803184509,SandstoneShale
9.0186090469,2.627674818,0.174907878,72.127952576,SandstoneShale
9.0802869797,2.6160936356,0.1792086661,72.484268188,SandstoneShale
9.1008148193,2.6177196503,0.1820223033,72.70866394,SandstoneShale
9.1015996933,2.6203687191,0.1769566983,72.859725952,SandstoneShale
9.1015996933,2.6148245335,0.173558265,73.180778503,Sandstone
9.1015996933,2.6089382172,0.1763194203,73.431488037,Sandstone
9.1015996933,2.6115787029,0.1804070771,73.369926453,Sandstone
9.1015996933,2.616707325,0.1822076142,73.388252258,SandstoneShale
9.1015996933,2.6148228645,0.1835414618,73.503860474,SandstoneShale
9.1015996933,2.6079425812,0.1857078671,74.107254028,SandstoneShale
9.1015996933,2.6044619083,0.1881233603,75.220916748,SandstoneShale
8.9609003067,2.6296973228,0.2167706043,73.752067566,SandstoneShale
8.9609003067,2.6320383549,0.2150231004,73.638557434,SandstoneShale
8.9609003067,2.6393148899,0.2130126059,73.760261536,SandstoneShale
8.9609003067,2.6343119144,0.2287141681,76.073265076,SandstoneShale
8.9609003067,2.6323237419,0.2315343916,76.045211792,SandstoneShale
8.9609003067,2.6289496422,0.2295732349,76.003845215,SandstoneShale
8.9609003067,2.6227366924,0.2305887192,75.836303711,SandstoneShale
8.9278640747,2.6387252808,0.2406567037,73.530769348,SandstoneShale
8.915063858,2.6324958801,0.2264273018,71.828544617,SandstoneShale
8.8958683014,2.6393079758,0.202430442,70.208274841,SandstoneShale
8.8986387253,2.6541707516,0.1796188951,69.369606018,SandstoneShale
8.9150543213,2.672945261,0.1719065607,69.961433411,SandstoneShale
8.8979673386,2.6419579983,0.2250661403,74.864128113,SandstoneShale
8.8785905838,2.6414730549,0.2170110196,74.823539734,SandstoneShale
8.8553390503,2.6364662647,0.2134089172,74.752624512,SandstoneShale
8.8485679626,2.6336820126,0.21773386,74.760803223,SandstoneShale
8.855017662,2.6477513313,0.2305577397,75.010017395,SandstoneShale
8.8281602859,2.6446883678,0.2385433167,75.093475342,SandstoneShale
8.8295564651,2.6473913193,0.2354614139,75.210945129,SandstoneShale
8.8397960663,2.6440644264,0.2251220495,75.232017517,SandstoneShale
8.8646554947,2.6345610619,0.2277572155,75.428726196,SandstoneShale
8.8829460144,2.6216857433,0.2349251956,75.208137512,SandstoneShale
8.8861865997,2.6181190014,0.2299960703,74.633834839,SandstoneShale
8.9020824432,2.6230006218,0.2154669315,74.784683228,SandstoneShale
8.8968153,2.6234898567,0.2074669302,74.658203125,SandstoneShale
8.8281002045,2.6222281456,0.2084787488,74.609230042,SandstoneShale
8.8281002045,2.6246650219,0.2080120742,74.379562378,SandstoneShale
8.8281002045,2.633831501,0.2103165388,74.443954468,SandstoneShale
8.8281002045,2.6439564228,0.215475589,74.730293274,SandstoneShale
8.8281002045,2.6501865387,0.2250650972,75.133895874,SandstoneShale
8.8281002045,2.6509644985,0.2291937023,75.207214355,SandstoneShale
8.8281002045,2.6497650146,0.2333312333,75.306289673,SandstoneShale
8.8281002045,2.649739027,0.2286278158,75.345214844,SandstoneShale
8.8281002045,2.6493930817,0.2205944806,75.705383301,SandstoneShale
8.8281002045,2.6291558743,0.2317766398,75.843963623,SandstoneShale
8.8281002045,2.6271896362,0.2316929102,75.862762451,SandstoneShale
8.8281002045,2.6277146339,0.2320204675,75.942527771,SandstoneShale
8.8281002045,2.6363987923,0.2308687568,75.482215881,SandstoneShale
8.8281002045,2.6399707794,0.2330708653,75.081710815,SandstoneShale
8.8281002045,2.6378638744,0.2330897599,74.7423172,SandstoneShale
8.8281002045,2.6280982494,0.2312913388,74.678344727,SandstoneShale
8.8281002045,2.6205749512,0.2262984216,74.623672485,SandstoneShale
8.8281002045,2.6198158264,0.2201393694,74.878700256,SandstoneShale
8.8281002045,2.6239917278,0.2137207389,74.933944702,SandstoneShale
8.8281002045,2.6277227402,0.2127307057,75.198181152,SandstoneShale
8.8281002045,2.6335327625,0.2157734931,75.567085266,SandstoneShale
8.8281002045,2.6390635967,0.2237267643,75.290565491,SandstoneShale
8.8281002045,2.6437621117,0.2287527621,74.746131897,SandstoneShale
8.8281002045,2.6414840221,0.2304640412,74.399551392,SandstoneShale
8.8281002045,2.6426296234,0.2296354324,74.33669281,SandstoneShale
8.8281002045,2.6459228992,0.2311362177,74.980239868,SandstoneShale
8.8281002045,2.6442980766,0.2303585261,75.787078857,SandstoneShale
8.8281002045,2.6354613304,0.2285233587,76.632377625,SandstoneShale
8.8281002045,2.6334576607,0.2222189009,76.356628418,SandstoneShale
8.8281002045,2.6335175037,0.2184294015,76.500602722,SandstoneShale
8.8281002045,2.6300463676,0.223523885,77.363540649,SandstoneShale
8.8281002045,2.6254866123,0.2332362235,78.833877563,SandstoneShale
8.8281002045,2.6260249615,0.2658328116,81.391815186,SandstoneShale
8.8281002045,2.6329619884,0.296664834,83.884254456,SandstoneShale
10.174254417,2.5061125755,0.3044708669,86.326431274,SandstoneShale
10.355899811,2.46976161,0.2942102253,86.225311279,SandstoneShale
10.535463333,2.4381079674,0.2883110344,86.276290894,SandstoneShale
10.623363495,2.4105541706,0.2780055106,87.204414368,SandstoneShale
10.677418709,2.4048087597,0.2761656046,86.75843811,SandstoneShale
10.717741013,2.4096271992,0.2777895033,86.622940063,SandstoneShale
10.734938622,2.4123852253,0.2843984067,86.293983459,SandstoneShale
10.737825394,2.4204835892,0.2969459295,87.067443848,SandstoneShale
10.751411438,2.4257023335,0.3010755777,87.437339783,SandstoneShale
10.729793549,2.4328083992,0.3021228313,88.433319092,SandstoneShale
10.57773304,2.446901083,0.2906225622,88.02204895,SandstoneShale
8.7606420517,2.637758255,0.2411338538,76.085739136,SandstoneShale
8.7692279816,2.6351315975,0.2033800632,73.867225647,SandstoneShale
8.7488021851,2.6331999302,0.1794272959,74.88722229,SandstoneShale
8.752202034,2.6221637726,0.1803125888,79.852203369,SandstoneShale
8.8095731735,2.5845901966,0.2119918615,82.039367676,SandstoneShale
8.8409824371,2.5354323387,0.2700740099,85.058547974,SandstoneShale
8.5940847397,2.661601305,0.3346994817,81.589614868,Limestone
8.5953626633,2.701706171,0.2867288888,74.930091858,Limestone
8.5982589722,2.7582504749,0.247685045,72.151374817,Limestone
8.6022434235,2.8019337654,0.2509716451,76.585746765,Limestone
8.6166439056,2.8057763577,0.2955687642,84.203453064,Limestone
8.6279935837,2.7704534531,0.3415614069,87.707359314,Limestone
8.6198015213,2.7318747044,0.3478700817,85.134078979,Limestone
9.7973737717,2.5773303509,0.2756556571,81.391349792,SandstoneShale
9.832526207,2.6019222736,0.2797724307,80.361862183,SandstoneShale
9.884437561,2.6241183281,0.2895204723,80.513618469,SandstoneShale
9.9110889435,2.6311681271,0.2951574922,81.401077271,SandstoneShale
9.915178299,2.6244719028,0.2915406823,82.10043335,SandstoneShale
9.9414873123,2.618144989,0.2908504009,83.228889465,SandstoneShale
10.052501678,2.6140713692,0.2979579866,83.649032593,SandstoneShale
10.100018501,2.6061241627,0.3047887087,84.04725647,SandstoneShale
9.9622373581,2.6053187847,0.308326751,83.621574402,SandstoneShale
9.6882095337,2.6264793873,0.3100726902,82.687934875,SandstoneShale
9.3805046082,2.6565859318,0.3109981716,82.01676178,SandstoneShale
9.3069696426,2.6442511082,0.3074299395,81.788543701,SandstoneShale
9.6228437424,2.6051404476,0.2961028814,82.536857605,SandstoneShale
10.0467453,2.5854401588,0.2871469855,83.793205261,SandstoneShale
10.417816162,2.5559921265,0.2832188904,85.374931335,SandstoneShale
10.594919205,2.5172934532,0.2875254452,86.162307739,SandstoneShale
10.622776985,2.5044326782,0.2962603569,85.807418823,SandstoneShale
10.747730255,2.497522831,0.3062826693,85.430526733,SandstoneShale
10.218668938,2.459941864,0.3037288785,87.309104919,SandstoneShale
9.5687885284,2.4769895077,0.3246244192,88.217208862,SandstoneShale
9.2459287643,2.5201551914,0.3389771879,89.084960938,SandstoneShale
8.9734764099,2.5854141712,0.3053677082,88.27646637,SandstoneShale
9.0946712494,2.5978713036,0.3016044796,88.640022278,SandstoneShale
9.1705131531,2.455776453,0.2832881808,88.516822815,SandstoneShale
9.2858066559,2.4967961311,0.2775811255,89.094299316,SandstoneShale
9.3570461273,2.5098540783,0.2851236165,88.766891479,SandstoneShale
8.6875,2.6414065361,0.2776480317,80.772094727,SandstoneShale
8.6875,2.6335773468,0.2713989615,79.943305969,SandstoneShale
8.6875,2.6343901157,0.2731285989,80.280708313,SandstoneShale
8.6875,2.6404566765,0.2736881971,80.059814453,SandstoneShale
8.6875,2.6680557728,0.2688840032,81.176933289,SandstoneShale
8.6869688034,2.7006936073,0.2618488073,82.000274658,SandstoneShale
8.6837005615,2.7257056236,0.2539747953,82.410552979,SandstoneShale
8.6845827103,2.7210814953,0.253105253,82.940322876,SandstoneShale
8.6875,2.6554071903,0.2546236217,81.004493713,SandstoneShale
8.6875,2.6616275311,0.2419464588,79.969406128,SandstoneShale
8.6875,2.6787266731,0.2358346432,80.000213623,SandstoneShale
8.6875,2.6937630177,0.2353034019,80.415000916,SandstoneShale
8.6875,2.7010741234,0.241486609,80.71937561,SandstoneShale
8.6875,2.6946408749,0.2547517121,81.674026489,SandstoneShale
8.5795812607,2.6716964245,0.2538816333,72.626976013,SandstoneShale
8.6141719818,2.7258968353,0.2465661466,70.882469177,SandstoneShale
8.663523674,2.7917621136,0.2513377964,71.566917419,SandstoneShale
8.6844882965,2.8252551556,0.2652863562,74.186027527,SandstoneShale
8.6875,2.801440239,0.2794606388,77.668952942,SandstoneShale
8.6875,2.744004488,0.2806968391,79.645767212,SandstoneShale
8.6875,2.694978714,0.2727304399,79.849205017,SandstoneShale
8.6883974075,2.6731362343,0.261559844,79.275695801,SandstoneShale
8.6969242096,2.6706683636,0.2550105155,78.737045288,SandstoneShale
8.7164173126,2.6697239876,0.2543559074,78.473045349,SandstoneShale
8.7257461548,2.6551897526,0.2550133765,78.426361084,SandstoneShale
8.7129774094,2.6371047497,0.2558879256,78.230186462,SandstoneShale
8.704668045,2.6279318333,0.2564170659,77.86580658,SandstoneShale
8.6998138428,2.6296873093,0.2561503947,77.53326416,SandstoneShale
8.7053813934,2.6368663311,0.2596123517,77.023635864,SandstoneShale
8.721570015,2.6429872513,0.2623577416,76.68359375,SandstoneShale
8.7454566956,2.6543543339,0.2613078952,76.217002869,SandstoneShale
8.7678985596,2.6757335663,0.2575246692,76.107032776,SandstoneShale
8.768863678,2.7054522038,0.2573503852,76.825553894,SandstoneShale
8.7647371292,2.724745512,0.2589567006,77.851104736,SandstoneShale
8.7722406387,2.7164111137,0.2580971122,78.961082458,SandstoneShale
8.7813634872,2.6870040894,0.2581301928,79.363639832,SandstoneShale
8.7939157486,2.6606659889,0.2603212595,79.312583923,SandstoneShale
8.7916517258,2.6497516632,0.2644377947,78.686035156,SandstoneShale
8.7868461609,2.6516213417,0.2650385797,77.785385132,SandstoneShale
8.8058357239,2.6712906361,0.2654637992,76.929542542,SandstoneShale
8.8233041763,2.7031767368,0.2689296603,76.451072693,SandstoneShale
8.8216323853,2.7131683826,0.2729474902,76.584152222,SandstoneShale
8.8213577271,2.6968386173,0.2783771753,76.670646667,SandstoneShale
8.8264923096,2.6759943962,0.2836790085,77.225486755,SandstoneShale
8.8281002045,2.6655547619,0.2858614326,78.574378967,SandstoneShale
8.8281002045,2.6586172581,0.2855716646,79.464904785,SandstoneShale
8.8281002045,2.647313118,0.2849335968,79.568260193,SandstoneShale
8.8281002045,2.6401035786,0.2857603729,79.717666626,SandstoneShale
8.8281002045,2.6410267353,0.2860141695,80.382888794,SandstoneShale
8.8281002045,2.6461396217,0.2830378115,81.125648499,SandstoneShale
8.8281002045,2.6471288204,0.2801687717,81.49961853,SandstoneShale
8.8281002045,2.6435732841,0.2810071111,81.945648193,SandstoneShale
8.8281002045,2.6477496624,0.283744365,82.322555542,SandstoneShale
10.163149834,2.4823722839,0.2674251795,87.054985046,SandstoneShale
10.259660721,2.4525809288,0.272770077,89.082794189,SandstoneShale
10.262401581,2.4200980663,0.28208372,87.906494141,SandstoneShale
10.2415905,2.417068243,0.2902916074,87.800720215,SandstoneShale
12.0,2.1701850891,0.3688708544,93.250999451,SandstoneShale
12.0,2.1703746319,0.3796501458,89.691841125,SandstoneShale
12.0,2.1749634743,0.3799671829,89.756942749,SandstoneShale
12.0,2.1816060543,0.3835582733,87.868408203,SandstoneShale
11.961485863,2.1852397919,0.3854732513,88.077156067,SandstoneShale
11.566501617,2.2076177597,0.3757763803,92.004562378,SandstoneShale
8.8394422531,2.6347618103,0.3655742705,88.239830017,SandstoneShale
8.8281002045,2.6307735443,0.3679209948,87.182434082,SandstoneShale
8.8281002045,2.6384828091,0.353120476,85.487564087,SandstoneShale
8.8281002045,2.6465640068,0.3229629695,84.96295166,SandstoneShale
8.8281002045,2.6272809505,0.2658955455,82.774963379,SandstoneShale
8.8277454376,2.6250095367,0.272621274,82.720581055,SandstoneShale
8.8237552643,2.6212406158,0.273329407,82.334320068,SandstoneShale
8.8241043091,2.6184284687,0.2773501277,80.789024353,SandstoneShale
8.8140525818,2.6215782166,0.2734566927,80.453208923,SandstoneShale
8.8164310455,2.6292133331,0.2599590719,80.064804077,SandstoneShale
8.8268556595,2.6422173977,0.2565929294,80.177261353,SandstoneShale
8.8281002045,2.6569879055,0.2545960844,79.973655701,SandstoneShale
8.8281002045,2.6597180367,0.2511905432,79.980949402,SandstoneShale
8.8281002045,2.6581816673,0.246323362,80.294769287,SandstoneShale
8.8281002045,2.653783083,0.2458926588,80.510238647,SandstoneShale
8.8281002045,2.6335804462,0.2737128437,82.945648193,SandstoneShale
8.8281002045,2.6320161819,0.2596787214,82.726852417,SandstoneShale
8.8281002045,2.6279096603,0.2578897476,82.681060791,SandstoneShale
8.8281002045,2.6259250641,0.2736672163,82.947517395,SandstoneShale
8.8278722763,2.6268427372,0.2750102282,83.171524048,SandstoneShale
8.5468997955,2.6361923218,0.2951989472,84.767494202,SandstoneShale
8.5468997955,2.6252937317,0.2899275422,84.821601868,SandstoneShale
8.5468997955,2.6375718117,0.2978553772,84.571403503,SandstoneShale
8.5468997955,2.6505787373,0.2945524752,85.001037598,SandstoneShale
10.335899353,2.4913384914,0.3178826869,90.552848816,SandstoneShale
10.335899353,2.4766783714,0.3059845269,90.26991272,SandstoneShale
10.335899353,2.4676158428,0.2863448858,91.099594116,SandstoneShale
10.335899353,2.5597724915,0.3251422644,89.958908081,SandstoneShale
10.335899353,2.5833265781,0.324434638,90.430961609,SandstoneShale
10.32839489,2.6133439541,0.3098464608,90.296432495,SandstoneShale
9.5608205795,2.5136165619,0.2899220586,90.36920929,SandstoneShale
9.4467821121,2.4919235706,0.2862501144,87.481735229,SandstoneShale
9.5949392319,2.532269001,0.2816921175,84.803405762,SandstoneShale
10.056808472,2.2313761711,0.3466598392,90.428108215,SandstoneShale
10.060202599,2.2154390812,0.3360309601,89.30166626,SandstoneShale
10.202336311,2.1896014214,0.3408306837,89.742149353,SandstoneShale
9.2420158386,2.4524848461,0.3080065548,89.099784851,SandstoneShale
9.2374753952,2.4657771587,0.298688978,84.700569153,SandstoneShale
9.197227478,2.4945266247,0.2881640494,81.046257019,SandstoneShale
9.0485982895,2.5749936104,0.2804711461,79.359718323,SandstoneShale
8.8579673767,2.708365202,0.2865251899,77.097480774,SandstoneShale
8.8281002045,2.8271830082,0.2890511751,77.850189209,SandstoneShale
8.828417778,2.8594913483,0.2906593084,77.650627136,SandstoneShale
8.8348264694,2.8335282803,0.290199995,79.661743164,SandstoneShale
8.9609003067,2.6775603294,0.2797735035,78.546104431,SandstoneShale
8.9609003067,2.6738929749,0.2819046974,75.191551208,SandstoneShale
8.9609003067,2.6739296913,0.2878795266,72.616203308,SandstoneShale
8.9609003067,2.6814157963,0.2934288681,70.366958618,SandstoneShale
8.9609003067,2.6955890656,0.2942477763,68.844703674,SandstoneShale
8.9609003067,2.7026684284,0.2883661389,67.950378418,SandstoneShale
8.9609003067,2.7054955959,0.2786244154,67.989730835,SandstoneShale
8.9609003067,2.7053496838,0.2750871181,70.505508423,SandstoneShale
9.2884082794,2.635761261,0.2786538005,74.67124176,SandstoneShale
9.3299455643,2.6440896988,0.2723839879,75.131507874,SandstoneShale
9.3370943069,2.6494164467,0.2695440948,76.831504822,SandstoneShale
9.3192367554,2.6434140205,0.2765676975,77.042259216,SandstoneShale
9.3106174469,2.6442327499,0.2980430424,82.818824768,SandstoneShale
9.318353653,2.6424751282,0.302403152,81.138427734,SandstoneShale
9.3339242935,2.6378779411,0.2969881892,79.442733765,SandstoneShale
9.328494072,2.6336417198,0.2835472524,78.77456665,SandstoneShale
9.3143424988,2.6369640827,0.2699422538,77.847099304,SandstoneShale
9.3050613403,2.6438763142,0.2635023594,77.910438538,SandstoneShale
9.3021144867,2.6432249546,0.2650036514,78.235847473,SandstoneShale
9.3046245575,2.6302952766,0.267924428,78.2605896,SandstoneShale
9.3180294037,2.6248345375,0.2671133876,77.601600647,SandstoneShale
9.3229207993,2.6307201385,0.2636593282,77.773429871,SandstoneShale
9.3100652695,2.6422030926,0.263119936,78.254928589,SandstoneShale
9.3045539856,2.6397371292,0.272621274,78.326873779,SandstoneShale
9.2752771378,2.6418447495,0.286052227,77.610916138,SandstoneShale
9.2595052719,2.6624088287,0.2972805798,76.798057556,SandstoneShale
9.2586364746,2.6833639145,0.292306304,75.938659668,SandstoneShale
9.2601575851,2.6938288212,0.2657204568,74.916748047,SandstoneShale
9.2616786957,2.6941106319,0.2277301848,72.460617065,SandstoneShale
9.2631998062,2.6958880424,0.1975118071,71.719322205,SandstoneShale
9.3063278198,2.697360754,0.1867965907,73.300888062,SandstoneShale
9.360165596,2.6875464916,0.2005005181,74.480506897,SandstoneShale
9.3742017746,2.6713211536,0.2240228355,76.974189758,SandstoneShale
9.375,2.6593978405,0.2414653599,77.844871521,SandstoneShale
9.375,2.6537239552,0.2430409342,77.476036072,SandstoneShale
9.375,2.6499652863,0.2380330712,77.33757019,SandstoneShale
9.375,2.6480226517,0.233033061,77.887054443,SandstoneShale
9.375,2.6479346752,0.235754326,79.016998291,SandstoneShale
9.375,2.6448647976,0.213006556,74.15171051,SandstoneShale
9.375,2.644456625,0.2032275498,74.930267334,SandstoneShale
9.375,2.6433081627,0.2053860873,75.082183838,SandstoneShale
9.375,2.6476349831,0.2087902874,73.855072021,SandstoneShale
9.375,2.650821209,0.2040669322,73.04839325,SandstoneShale
9.3763713837,2.66294837,0.1931942254,73.242446899,SandstoneShale
9.3870401382,2.6937932968,0.1881459355,74.884658813,SandstoneShale
9.4033956528,2.7226583958,0.2020456642,77.991210938,SandstoneShale
9.4404973984,2.7240746021,0.2319301963,80.762031555,SandstoneShale
9.519285202,2.6457607746,0.2620089352,79.535057068,SandstoneShale
9.5477151871,2.6438920498,0.2570527494,78.813545227,SandstoneShale
9.5797348022,2.6438353062,0.250685811,77.782981873,SandstoneShale
9.6028280258,2.6396505833,0.2396333218,76.605445862,SandstoneShale
9.6344947815,2.640086174,0.2307294011,75.9818573,SandstoneShale
9.6404085159,2.6553552151,0.2265259922,75.929946899,SandstoneShale
9.6381006241,2.6695001125,0.2236000001,76.417572021,SandstoneShale
9.6502542496,2.663205862,0.2190805823,77.416496277,SandstoneShale
9.6556053162,2.6453022957,0.2226574868,78.671325684,SandstoneShale
9.6509513855,2.6394248009,0.2403545976,79.680503845,SandstoneShale
9.5944461823,2.6622416973,0.2508440912,78.417678833,SandstoneShale
9.5950078964,2.6728868484,0.2440713793,78.387458801,SandstoneShale
9.5701007843,2.6776590347,0.2406246662,78.842002869,SandstoneShale
9.5402059555,2.6748244762,0.2439685017,79.390830994,SandstoneShale
9.5207433701,2.667317152,0.2511928976,79.932876587,SandstoneShale
9.5156002045,2.6585028172,0.2525383234,80.250282288,SandstoneShale
9.5156002045,2.6524629593,0.2479299158,80.657394409,SandstoneShale
9.5156002045,2.649684906,0.2476821542,81.376457214,SandstoneShale
9.5156002045,2.6259977818,0.2782732248,81.578895569,SandstoneShale
9.5156002045,2.6259636879,0.2596209943,79.64655304,SandstoneShale
9.5156002045,2.6217229366,0.2356141657,77.610198975,SandstoneShale
9.518283844,2.6205739975,0.2149165422,76.340629578,SandstoneShale
9.5415449142,2.627620697,0.2066992223,76.68572998,SandstoneShale
9.5824356079,2.6383149624,0.214883998,78.104827881,SandstoneShale
9.6166820526,2.6468582153,0.2344771624,79.621833801,SandstoneShale
9.6562004089,2.6530265808,0.2222813666,74.147735596,SandstoneShale
9.6562004089,2.6409032345,0.2147417367,73.4506073,SandstoneShale
9.6562004089,2.6331009865,0.2082220465,72.006942749,SandstoneShale
9.6562004089,2.636318922,0.1958031505,69.567016602,SandstoneShale
9.6562004089,2.6562795639,0.1779803187,67.775444031,SandstoneShale
9.6562004089,2.6841063499,0.164368242,67.891052246,SandstoneShale
9.6562004089,2.7028150558,0.1660280824,69.983779907,SandstoneShale
9.6562004089,2.7022070885,0.1856070906,73.072105408,SandstoneShale
9.6562004089,2.6123099327,0.2269078791,75.732276917,SandstoneShale
9.6562004089,2.6076779366,0.2181829363,75.986961365,SandstoneShale
9.6562004089,2.6068079472,0.2149110138,76.543899536,SandstoneShale
9.6562004089,2.6141591072,0.2177635133,76.448020935,SandstoneShale
9.6562004089,2.6277601719,0.22577402,76.471496582,SandstoneShale
9.6562004089,2.6402125359,0.2351141721,76.830482483,SandstoneShale
9.6562004089,2.6481974125,0.2384275645,77.065711975,SandstoneShale
9.6562004089,2.6509742737,0.2362490892,77.139854431,SandstoneShale
9.6562004089,2.6482315063,0.2349425256,77.24797821,SandstoneShale
9.6562004089,2.6397564411,0.2398480326,77.295463562,SandstoneShale
9.6562004089,2.6269230843,0.2464073449,77.11353302,SandstoneShale
9.6562004089,2.6146700382,0.2483590543,76.906745911,SandstoneShale
9.6562004089,2.6085369587,0.2439427674,76.633354187,SandstoneShale
9.6562004089,2.6113369465,0.2356887162,76.573944092,SandstoneShale
9.6562004089,2.6208565235,0.2338685095,77.294441223,SandstoneShale
9.6562004089,2.6273725033,0.239504993,76.486274719,SandstoneShale
9.6562004089,2.619831562,0.2316173166,75.503746033,SandstoneShale
9.6562004089,2.6250362396,0.2152144313,74.257064819,SandstoneShale
9.6562004089,2.641443491,0.1987624615,73.294906616,SandstoneShale
9.6562004089,2.6613717079,0.1886322796,73.611167908,SandstoneShale
9.6562004089,2.6786661148,0.1880538017,73.989616394,SandstoneShale
9.6562004089,2.6876306534,0.1947706044,75.080162048,SandstoneShale
9.6564760208,2.6832156181,0.2033401579,76.275222778,SandstoneShale
9.6593236923,2.6628935337,0.2130107582,77.195396423,SandstoneShale
9.6695480347,2.6344127655,0.2221687585,77.521972656,SandstoneShale
9.6844072342,2.6124014854,0.2261126041,77.282958984,SandstoneShale
9.6917467117,2.605399847,0.220982939,77.142883301,SandstoneShale
9.6942777634,2.6038396358,0.2133635283,76.884353638,SandstoneShale
9.7049226761,2.5988054276,0.2102842629,76.908836365,SandstoneShale
9.7205171585,2.5902709961,0.2094498724,77.077232361,SandstoneShale
9.7202711105,2.5796573162,0.2085291296,77.601783752,SandstoneShale
9.6906700134,2.5706472397,0.210471645,78.607116699,SandstoneShale
9.6634788513,2.5647838116,0.2224611491,80.378501892,SandstoneShale
9.6562004089,2.6370818615,0.2758207321,79.609512329,SandstoneShale
9.6562004089,2.6248297691,0.2640976608,78.45980835,SandstoneShale
9.6562004089,2.6207709312,0.2585249543,78.197120667,SandstoneShale
9.6562004089,2.6229331493,0.2561666667,78.114074707,SandstoneShale
9.6562004089,2.6234126091,0.2550055087,78.047454834,SandstoneShale
9.6562004089,2.6187565327,0.2506472468,78.183570862,SandstoneShale
9.6562004089,2.6144981384,0.2429727018,79.029983521,SandstoneShale
9.6562004089,2.6150283813,0.2429574877,80.343482971,SandstoneShale
9.6550159454,2.6329112053,0.2579412162,82.134490967,SandstoneShale
9.6417341232,2.6715536118,0.2818503976,83.892951965,SandstoneShale
9.5668363571,2.6430633068,0.2299989462,75.052490234,SandstoneShale
9.5733833313,2.645210743,0.2130816281,75.195930481,SandstoneShale
9.5676641464,2.6349849701,0.2070574909,75.51852417,SandstoneShale
9.5661706924,2.6256225109,0.2166393697,76.208045959,SandstoneShale
9.5639486313,2.6274325848,0.2329716533,76.773765564,SandstoneShale
9.5463094711,2.6383316517,0.2406763732,76.638755798,SandstoneShale
9.5275163651,2.6435976028,0.2357787341,76.185966492,SandstoneShale
9.5226955414,2.6335883141,0.2221286148,75.892814636,SandstoneShale
9.5279321671,2.6241526604,0.206905514,75.11114502,SandstoneShale
9.5211114883,2.6170322895,0.1955540627,74.096946716,SandstoneShale
9.5156002045,2.6085178852,0.1920475066,73.652267456,SandstoneShale
9.5156002045,2.6001801491,0.1905488223,72.877593994,SandstoneShale
9.5156002045,2.6015293598,0.1836905479,71.592773438,SandstoneShale
9.5151166916,2.6151483059,0.1712829322,70.645874023,SandstoneShale
9.5109529495,2.6366434097,0.1580314934,70.893333435,SandstoneShale
9.5077123642,2.6552941799,0.1532440931,71.853424072,SandstoneShale
9.5327882767,2.6583964825,0.1662173271,73.67099762,SandstoneShale
9.5778694153,2.642500639,0.1913267821,75.863059998,SandstoneShale
9.6277341843,2.6246614456,0.213873744,77.151756287,SandstoneShale
9.652545929,2.6187939644,0.2263658792,77.593811035,SandstoneShale
9.6568384171,2.6166968346,0.2308724374,77.75390625,SandstoneShale
9.665230751,2.6121144295,0.2312787324,77.083610535,SandstoneShale
9.7015676498,2.6034750938,0.2272073478,77.246208191,SandstoneShale
9.7610034943,2.5958518982,0.2268362194,77.205055237,SandstoneShale
9.7872419357,2.5940001011,0.2332278192,77.095214844,SandstoneShale
9.789100647,2.5956063271,0.2457055151,77.12562561,SandstoneShale
9.789100647,2.6006486416,0.2514157593,77.422554016,SandstoneShale
9.789100647,2.5980248451,0.2540603578,77.597877502,SandstoneShale
9.789100647,2.5966761112,0.2537380457,77.962928772,SandstoneShale
9.789100647,2.6045544147,0.2554236054,78.526031494,SandstoneShale
9.789100647,2.6234414577,0.2521112859,78.810302734,SandstoneShale
9.8555240631,2.6387577057,0.2484222949,77.484695435,SandstoneShale
9.8617649078,2.6310558319,0.2413682491,76.71761322,SandstoneShale
9.8377857208,2.6195652485,0.245851174,76.496490479,SandstoneShale
9.8001308441,2.6210546494,0.2526582778,77.136207581,SandstoneShale
9.789100647,2.6311159134,0.2527874112,77.260894775,SandstoneShale
9.789100647,2.6414473057,0.2441220433,77.617805481,SandstoneShale
9.789100647,2.6428906918,0.2423273027,77.851669312,SandstoneShale
9.789100647,2.6429650784,0.2518687546,78.893104553,SandstoneShale
9.789100647,2.6210992336,0.2814251781,80.930419922,SandstoneShale
9.789229393,2.6305925846,0.2840209901,79.398384094,SandstoneShale
9.7919273376,2.6613769531,0.2665800452,77.238594055,SandstoneShale
9.8103103638,2.6938693523,0.2357992083,75.085166931,SandstoneShale
9.8519601822,2.6923491955,0.2136417329,73.899200439,SandstoneShale
9.8714799881,2.6663191319,0.2017664015,73.517227173,SandstoneShale
9.9133024216,2.6493480206,0.1976929158,73.466239929,SandstoneShale
9.9296998978,2.6462934017,0.1943283528,72.698402405,SandstoneShale
9.9296998978,2.644559145,0.1970118135,71.923141479,SandstoneShale
9.9296998978,2.6391558647,0.1958858222,71.560768127,SandstoneShale
9.9296998978,2.642421484,0.195461154,71.431304932,SandstoneShale
9.9296998978,2.6602942944,0.1923968494,72.443382263,SandstoneShale
9.9296998978,2.6785030365,0.195918113,74.060028076,SandstoneShale
9.9296998978,2.696418047,0.2077650875,75.557693481,SandstoneShale
9.9296998978,2.6963591576,0.2271010429,76.750267029,SandstoneShale
9.6829566956,2.6383867264,0.2476052493,72.793800354,Sandstone
9.6581935883,2.651496172,0.2380755991,69.274963379,Sandstone
9.6562194824,2.6919715405,0.2091065645,66.646194458,Sandstone
9.6562004089,2.7524020672,0.16823937,66.069404602,Sandstone
9.6562004089,2.7741644382,0.1425031573,68.562103271,Sandstone
9.6562004089,2.7431862354,0.1518181115,72.014625549,Sandstone
9.6562004089,2.6949224472,0.188418895,74.429573059,Sandstone
9.6585435867,2.6526968479,0.2197606415,76.076179504,SandstoneShale
9.6786594391,2.6206374168,0.2242002636,76.759033203,SandstoneShale
9.7153263092,2.6097972393,0.2152685076,76.191680908,SandstoneShale
9.7277317047,2.6143424511,0.2066708803,76.426200867,SandstoneShale
9.7392082214,2.6281189919,0.2093942314,76.030662537,SandstoneShale
9.7435493469,2.6284072399,0.2125824094,76.089706421,SandstoneShale
9.7150726318,2.6268630028,0.2123157531,75.962432861,SandstoneShale
9.7124633789,2.6174116135,0.2098091841,76.461486816,SandstoneShale
9.7359972,2.6104078293,0.2075981647,76.34841156,SandstoneShale
9.7559642792,2.6000962257,0.2135023624,76.244628906,SandstoneShale
9.7761869431,2.5994098186,0.2206409425,76.930831909,SandstoneShale
9.789100647,2.6166362762,0.2181750536,77.186218262,SandstoneShale
9.789100647,2.6218471527,0.2180936933,77.059867859,SandstoneShale
9.789100647,2.6229474545,0.2263225615,77.338302612,SandstoneShale
9.789100647,2.6291496754,0.2350994647,77.211471558,SandstoneShale
9.789100647,2.6275558472,0.2376511842,76.837684631,SandstoneShale
9.789100647,2.6269366741,0.2358543277,76.467834473,SandstoneShale
9.789100647,2.6278238297,0.2325587869,76.6901474,SandstoneShale
9.789100647,2.6278078556,0.2239165306,75.755813599,SandstoneShale
9.789100647,2.6302804947,0.2179637849,76.033668518,SandstoneShale
9.7926721573,2.6324236393,0.2210724354,76.41835022,SandstoneShale
9.8188495636,2.6335134506,0.2410378009,76.078224182,SandstoneShale
9.8390598297,2.6471703053,0.2587472498,75.623214722,SandstoneShale
9.883482933,2.6686604023,0.2563042045,75.940910339,SandstoneShale
9.9088983536,2.692884922,0.2424078733,75.211502075,SandstoneShale
9.9152536392,2.6984505653,0.2284498662,75.974983215,SandstoneShale
9.9256029129,2.6936686039,0.2282703519,76.486297607,SandstoneShale
9.9293928146,2.6750576496,0.2284897566,76.727767944,SandstoneShale
9.9296998978,2.6582324505,0.2305585295,76.713256836,SandstoneShale
9.9296998978,2.6603372097,0.2355296612,76.672317505,SandstoneShale
9.9296998978,2.6678290367,0.2359220535,76.097290039,SandstoneShale
9.9296998978,2.6679902077,0.2275608927,75.419532776,SandstoneShale
9.9296998978,2.6411874294,0.211551711,75.222541809,SandstoneShale
9.9296998978,2.6237659454,0.2092472464,75.77281189,SandstoneShale
9.9296998978,2.6244497299,0.2139480263,76.551315308,SandstoneShale
9.9296998978,2.6282188892,0.2222267687,77.562042236,SandstoneShale
9.9296998978,2.6234560013,0.2260968536,78.127624512,SandstoneShale
9.9296998978,2.6237456799,0.231118381,78.569129944,SandstoneShale
9.9296998978,2.6334562302,0.2342325449,78.653587341,SandstoneShale
9.789100647,2.6289680004,0.2703393698,79.51109314,SandstoneShale
9.789100647,2.629478693,0.2678236067,78.841308594,SandstoneShale
9.789100647,2.6345448494,0.2648923993,78.405250549,SandstoneShale
9.789100647,2.6282062531,0.264892906,78.13671875,SandstoneShale
9.789100647,2.6244709492,0.2660645545,77.752906799,SandstoneShale
9.789100647,2.6185309887,0.2631165385,76.547363281,SandstoneShale
9.789100647,2.6162421703,0.257599473,75.87802124,SandstoneShale
9.789100647,2.6161620617,0.2440102398,75.972297668,SandstoneShale
9.789100647,2.6183824539,0.2340669334,76.210411072,SandstoneShale
9.789100647,2.6215591431,0.2328834683,76.96950531,SandstoneShale
9.789100647,2.6223604679,0.2329196781,77.268211365,SandstoneShale
9.789100647,2.6238408089,0.2256152183,77.546897888,SandstoneShale
9.9092493057,2.6296513081,0.242981106,77.675865173,SandstoneShale
9.9278097153,2.6232535839,0.2459716499,77.413757324,SandstoneShale
9.9303092957,2.6231982708,0.2490267605,77.275939941,SandstoneShale
9.9355821609,2.6271133423,0.2498275489,77.237556458,SandstoneShale
9.9470272064,2.6225306988,0.2508070767,77.101844788,SandstoneShale
9.9825162888,2.6202480793,0.2480868697,76.707366943,SandstoneShale
10.016543388,2.613253355,0.2174275666,75.774299622,SandstoneShale
9.9859256744,2.608443737,0.2211989462,76.072723389,SandstoneShale
9.9502096176,2.6118505001,0.2339706123,76.565193176,SandstoneShale
9.938624382,2.6162362099,0.2434189022,76.629959106,SandstoneShale
9.9368429184,2.6234750748,0.2418976426,76.397727966,SandstoneShale
9.932311058,2.6347427368,0.2285312414,76.12474823,SandstoneShale
9.9299755096,2.646068573,0.2208850384,76.309005737,SandstoneShale
9.9296998978,2.657184124,0.2196999937,76.552742004,SandstoneShale
9.9296998978,2.6620979309,0.2213540673,76.495048523,SandstoneShale
9.789100647,2.642428875,0.2295698225,77.937713623,SandstoneShale
9.789100647,2.6231164932,0.2277417332,77.584480286,SandstoneShale
9.789100647,2.6150000095,0.229733333,77.940666199,SandstoneShale
9.789100647,2.6216008663,0.2376811057,77.953651428,SandstoneShale
9.789100647,2.6268057823,0.2338412106,77.590393066,SandstoneShale
9.789100647,2.6329174042,0.2259102315,77.3359375,SandstoneShale
9.7836971283,2.6403725147,0.2164908201,77.358512878,SandstoneShale
9.7424211502,2.6491641998,0.2112496048,77.580604553,SandstoneShale
9.8830490112,2.6241242886,0.2554553747,80.594650269,SandstoneShale
9.8595533371,2.6295969486,0.2572086453,80.750297546,SandstoneShale
9.8851356506,2.6377403736,0.2539921403,80.656028748,SandstoneShale
9.9148654938,2.6530549526,0.2426661402,80.566734314,SandstoneShale
9.9063844681,2.6692802906,0.2277614176,80.567420959,SandstoneShale
9.8576345444,2.6726424694,0.2281236202,80.650238037,SandstoneShale
9.8079013824,2.6598615646,0.2366446108,80.573249817,SandstoneShale
9.7243719101,2.6822166443,0.2666078806,78.216171265,SandstoneShale
9.7817649841,2.6706869602,0.2627238631,77.559989929,SandstoneShale
9.789100647,2.6646864414,0.2576141953,77.910949707,SandstoneShale
9.789100647,2.6582126617,0.251791358,77.36025238,SandstoneShale
9.789100647,2.6481599808,0.2473272979,76.981811523,SandstoneShale
9.789100647,2.6350479126,0.2465349138,76.93397522,SandstoneShale
9.789100647,2.6295032501,0.2420047224,76.433677673,SandstoneShale
9.789100647,2.633661747,0.2349926531,76.635643005,SandstoneShale
9.789100647,2.6434834003,0.2314388454,76.887947083,SandstoneShale
9.7959346771,2.6681046486,0.2690753341,78.855674744,SandstoneShale
9.7927284241,2.6801598072,0.2664369941,77.738876343,SandstoneShale
9.7893180847,2.6838271618,0.2554333508,76.800567627,SandstoneShale
7.9147229195,2.6699831486,0.330101043,76.185592651,SandstoneShale
7.9171028137,2.673936367,0.3261370063,75.258621216,SandstoneShale
7.919482708,2.6726894379,0.320821017,73.865478516,SandstoneShale
7.9218626022,2.675817728,0.3176913559,73.406738281,SandstoneShale
7.9242424965,2.6906628609,0.3210708499,73.595603943,SandstoneShale
12.899593353,2.0643527508,0.3048086762,79.206375122,Sandstone
12.444890022,2.1041638851,0.262845397,72.024414063,Sandstone
11.990186691,2.198379755,0.1842112839,66.671394348,Sandstone
10.380535126,2.3216826916,0.1156023592,62.342182159,Sandstone
9.4354429245,2.4416611195,0.0778275579,58.400642395,Sandstone
9.2527475357,2.5034286976,0.0637440979,57.489807129,Sandstone
9.2421998978,2.5057723522,0.057535436,59.493461609,Sandstone
9.2421998978,2.4979803562,0.0575417317,61.33965683,Sandstone
9.2421998978,2.5035049915,0.0666162744,64.487190247,Sandstone
9.2421998978,2.5147340298,0.0821826756,67.830734253,Sandstone
9.2421998978,2.5187590122,0.0973679796,70.23323822,Sandstone
9.2421998978,2.520055294,0.1119296625,71.65965271,Sandstone
9.2421998978,2.519520998,0.1245874017,72.462623596,Sandstone
9.2421998978,2.5171568394,0.1306456625,72.780548096,Sandstone
9.2421998978,2.5159637928,0.1294461936,73.262649536,Sandstone
9.2421998978,2.5140612125,0.1279480308,73.767311096,Sandstone
9.2351989746,2.5118842125,0.1292879283,74.733558655,Sandstone
9.1834535599,2.5092144012,0.1306910664,75.6301651,Sandstone
9.154841423,2.5159952641,0.1228314936,74.117973328,Sandstone
9.2327003479,2.5285663605,0.1108188927,74.236503601,Sandstone
9.3473405838,2.5381612778,0.1043837294,74.297119141,Sandstone
9.4469308853,2.5329172611,0.1040503979,74.510017395,Sandstone
9.4956636429,2.5240809917,0.103482157,74.567306519,Sandstone
9.3518190384,2.5201525688,0.0992312357,73.566772461,Sandstone
9.2042865753,2.529661417,0.0940259844,73.321533203,Sandstone
9.3177881241,2.518291235,0.0904753283,73.707252502,Sandstone
9.5750732422,2.4711587429,0.0925908163,75.567558289,Sandstone
9.5836954117,2.4194779396,0.1006212607,77.088317871,Sandstone
9.7298517227,2.4150993824,0.1064301804,76.449142456,Sandstone
9.9582099915,2.4546267986,0.1088002622,75.521278381,Sandstone
10.017764091,2.4915678501,0.1129307151,75.590034485,Sandstone
9.8960380554,2.5071687698,0.1205370128,76.257827759,Sandstone
9.7333898544,2.5046656132,0.128194496,77.186187744,Sandstone
9.6647558212,2.4984078407,0.1371362209,78.083473206,Sandstone
9.6505346298,2.4968698025,0.1473152339,78.230636597,Sandstone
9.6052007675,2.5074148178,0.1495577395,77.538574219,Sandstone
9.5522079468,2.505874157,0.1326692998,75.234306335,Sandstone
9.5320329666,2.4970667362,0.0986000001,72.506202698,Sandstone
9.5850820541,2.5122954845,0.0684013143,70.423721313,Sandstone
9.6405153275,2.5571165085,0.0622133873,65.314453125,Sandstone
9.6685009003,2.6128194332,0.0739748031,64.784889221,Sandstone
9.672747612,2.6448640823,0.083599478,69.726974487,Sandstone
9.669043541,2.6241817474,0.0803755894,71.10471344,Sandstone
9.7210798264,2.5762426853,0.07287848,70.607910156,Sandstone
9.8463249207,2.5380733013,0.0748084038,70.717857361,Sandstone
9.9715671539,2.5291662216,0.0890803188,70.560722351,Sandstone
10.039215088,2.5307500362,0.1080107614,70.749931335,Sandstone
10.363825798,2.5028219223,0.1037873998,70.734260559,Sandstone
10.221538544,2.5119030476,0.0965099782,70.62802887,Sandstone
10.297586441,2.5562107563,0.091539897,68.899269104,Sandstone
10.606946945,2.5559425354,0.0817086622,67.931167603,Sandstone
10.692128181,2.5321347713,0.0670556426,66.352737427,Sandstone
10.362524986,2.5509390831,0.0647091866,64.046653748,Sandstone
9.9223976135,2.6133716106,0.0842740163,62.090061188,Sandstone
9.9270687103,2.6454248428,0.1113283411,63.311698914,Sandstone
10.214844704,2.5920054913,0.1327824146,66.516044617,Sandstone
10.477641106,2.5139803886,0.1484488249,70.556556702,Sandstone
10.734520912,2.4721930027,0.1597952694,72.810821533,Sandstone
10.887899399,2.4721162319,0.1652228385,73.512535095,Sandstone
10.727740288,2.492841959,0.1633078754,73.327575684,Sandstone
10.369068146,2.5396587849,0.1578443497,72.432739258,Sandstone
9.9713926315,2.6250667572,0.149686873,70.697135925,Sandstone
9.7226552963,2.6971087456,0.1387905478,69.736289978,Sandstone
9.70125103,2.7096986771,0.129531756,68.555152893,Sandstone
9.8812618256,2.6676626205,0.1299703419,67.874961853,Sandstone
10.222139359,2.6070063114,0.136054337,68.805114746,Sandstone
10.375950813,2.5823221207,0.1420223117,69.600532532,Sandstone
10.270812035,2.6000227928,0.1495813727,70.254722595,Sandstone
10.131510735,2.6240811348,0.1584732383,71.140106201,Sandstone
9.8665332794,2.6354751587,0.1688800603,71.606407166,Sandstone
9.8101158142,2.6344535351,0.1745973825,71.934387207,Sandstone
10.084486961,2.6025764942,0.1721952707,72.689033508,Sandstone
10.241762161,2.5443797112,0.1698435694,73.580947876,Sandstone
10.326179504,2.4923670292,0.1643517017,74.018547058,Sandstone
10.538836479,2.4430551529,0.1580874026,73.133880615,Sandstone
10.878436089,2.4109091759,0.1586700827,73.336303711,Sandstone
10.746526718,2.4267292023,0.1672118157,73.999176025,Sandstone
10.289626122,2.4769339561,0.1761173308,74.112854004,Sandstone
10.05994606,2.5342578888,0.1802713871,74.235847473,Sandstone
9.9105939865,2.5788981915,0.1838566959,73.734542847,Sandstone
9.155544281,2.6510174274,0.2206692994,76.093658447,Sandstone
9.3116598129,2.646030426,0.2161023617,74.272621155,Sandstone
9.556098938,2.6312570572,0.2305233628,71.490226746,Sandstone
9.5220890045,2.621843338,0.2582346499,70.750465393,Sandstone
9.2333078384,2.6385669708,0.2760160267,71.768112183,Sandstone
9.0512447357,2.6671924591,0.2790427804,74.160682678,Sandstone
8.6520404816,2.6435468197,0.2132241428,74.113647461,Sandstone
8.5910339355,2.6720936298,0.220847249,73.889633179,Sandstone
8.5468997955,2.6977012157,0.2155860811,75.602523804,Sandstone
8.5468997955,2.673353672,0.1964112967,76.882507324,Sandstone
8.5468997955,2.5781652927,0.1747448742,76.717773438,Sandstone
8.5468997955,2.4884855747,0.1696761101,76.584655762,Sandstone
8.5468997955,2.4550359249,0.1723971218,75.540054321,Sandstone
8.5474901199,2.463747263,0.1766622066,74.932571411,Sandstone
8.5558462143,2.4881820679,0.1860986948,75.209358215,Sandstone
8.5936069489,2.5098357201,0.1922771633,75.979324341,Sandstone
8.6473474503,2.5317742825,0.1917385906,77.144882202,Sandstone
8.6530017853,2.536721468,0.1849039346,77.892967224,Sandstone
8.6984539032,2.506793499,0.1759682447,78.578613281,Sandstone
8.7537508011,2.4616127014,0.1660889834,78.619522095,Sandstone
8.8675060272,2.4290449619,0.1614703387,77.036811829,Sandstone
8.9534378052,2.4495966434,0.1660283506,75.189102173,Sandstone
9.0864162445,2.5043959618,0.1802236289,73.63079071,Sandstone
9.313990593,2.5694301128,0.1894099712,71.801567078,Sandstone
9.5030412674,2.5951197147,0.189266935,72.401565552,Sandstone
9.5661420822,2.5871777534,0.1848401576,74.519111633,Sandstone
9.8857126236,2.5289685726,0.1820860952,77.512893677,Sandstone
9.9201221466,2.4811544418,0.1858561784,80.681533813,Sandstone
10.100399017,2.4634928703,0.1909913421,80.606208801,Sandstone
10.234470367,2.4825618267,0.1874590516,79.551452637,Sandstone
10.249442101,2.4956433773,0.1816194206,77.400405884,Sandstone
10.12985611,2.5281786919,0.1656677127,73.923538208,Sandstone
9.7890844345,2.6003639698,0.1527501345,70.238487244,Sandstone
9.6354465485,2.7146131992,0.1439653635,67.239990234,Sandstone
9.6560602188,2.780725956,0.1464023739,66.819664001,Sandstone
9.8430738449,2.692671299,0.1560454071,69.305236816,Sandstone
10.247861862,2.5558068752,0.1680070907,72.699256897,Sandstone
10.421555519,2.5019388199,0.1859110147,75.477897644,Sandstone
10.233943939,2.5187470913,0.2072049826,75.701141357,Sandstone
9.9348649979,2.5488710403,0.2217792571,75.462730408,Sandstone
9.9716672897,2.563621521,0.2180755883,75.148361206,Sandstone
10.043676376,2.5669877529,0.2107076198,75.62562561,Sandstone
9.9734706879,2.5414378643,0.2008472532,75.851791382,Sandstone
9.9395647049,2.5222883224,0.1925165355,75.296180725,Sandstone
10.01241684,2.5131933689,0.1790766418,74.422332764,Sandstone
10.226009369,2.5077912807,0.1722477674,73.282241821,Sandstone
10.386057854,2.5125339031,0.1710708588,73.639663696,Sandstone
10.50845623,2.5426850319,0.1680094451,73.220184326,Sandstone
10.570299149,2.573438406,0.159699738,72.846321106,Sandstone
10.570370674,2.5393416882,0.1510740221,73.115699768,Sandstone
10.563205719,2.4990205765,0.1498233676,72.96736908,Sandstone
10.469277382,2.5191862583,0.1557467282,72.230316162,Sandstone
10.214283943,2.5441424847,0.1652346551,71.478401184,Sandstone
10.54436779,2.4864625931,0.1678068191,73.79876709,Sandstone
10.961417198,2.4400167465,0.1708343774,76.185325623,Sandstone
11.132774353,2.4365983009,0.1731755883,77.623428345,Sandstone
11.064182281,2.4690673351,0.1743538082,77.727249146,Sandstone
11.108448982,2.3500473499,0.1690078825,74.198219299,Sandstone
11.215967178,2.3174216747,0.160214439,75.423995972,Sandstone
11.140849113,2.3563246727,0.1528391093,76.071517944,Sandstone
11.120979309,2.4593026638,0.1420467198,72.451904297,Sandstone
10.677936554,2.4800212383,0.1365559101,72.727027893,Sandstone
10.622716904,2.5054237843,0.1388887167,72.652656555,Sandstone
10.933001518,2.5134904385,0.1469614208,72.435653687,Sandstone
10.753790855,2.4899103642,0.152961418,70.523040771,Sandstone
10.294493675,2.4718182087,0.1201598421,66.303901672,Sandstone
9.7489213943,2.4943132401,0.0947007909,62.691082001,Sandstone
9.1477689743,2.5611054897,0.0817501321,61.494346619,Sandstone
10.218935013,2.4869513512,0.1367118061,74.577598572,Sandstone
9.8782014847,2.4821584225,0.1467538029,73.926322937,Sandstone
10.108444214,2.4407076836,0.1381564289,74.728179932,Sandstone
10.443476677,2.4219655991,0.1277716607,74.622665405,Sandstone
10.581368446,2.4242694378,0.1271553934,74.557411194,Sandstone
10.736156464,2.4013769627,0.1261916012,74.143028259,Sandstone
10.706238747,2.382600069,0.1262440979,73.555130005,Sandstone
10.436432838,2.383184433,0.1325674504,72.991004944,Sandstone
10.175022125,2.3996055126,0.1426401436,71.24798584,Sandstone
9.9327821732,2.4335203171,0.1554086655,67.898368835,Sandstone
9.410364151,2.5187628269,0.164666146,62.807796478,Sandstone
8.8142642975,2.6804504395,0.1560362279,58.823070526,Sandstone
8.583325386,2.8605251312,0.1267315,57.418422699,Sandstone
8.6024875641,2.8636002541,0.0862422585,59.425247192,Sandstone
8.6787500381,2.7636275291,0.0651517063,62.461166382,Sandstone
8.8042726517,2.6515283585,0.0791291296,67.174163818,Sandstone
9.137544632,2.5648498535,0.1125753298,71.346878052,Sandstone
9.4190969467,2.4930303097,0.1409301758,73.274971008,Sandstone
9.408624649,2.4582307339,0.1532590538,77.249481201,Sandstone
9.4496994019,2.5401000977,0.1852000058,78.451301575,Sandstone
9.9714269638,2.5259370804,0.1815097183,78.060325623,Sandstone
10.141609192,2.4768588543,0.1735419929,77.512878418,Sandstone
10.052811623,2.4499115944,0.1683409512,76.707069397,Sandstone
10.21695137,2.4202127457,0.1632535458,76.297279358,Sandstone
10.191462517,2.4054918289,0.1619170606,75.578804016,Sandstone
10.010587692,2.4223275185,0.1662307084,74.539283752,Sandstone
10.109690666,2.4524414539,0.1632569581,75.272468567,Sandstone
10.299861908,2.469545126,0.1574238837,73.856369019,Sandstone
10.176677704,2.4851315022,0.1512464583,73.555923462,Sandstone
9.4957237244,2.3932552338,0.2250338644,80.234794617,Sandstone
9.9847784042,2.3069391251,0.1732931733,81.081680298,Sandstone
12.440266609,2.0828654766,0.5250093341,136.14533997,Sandstone
12.408890724,2.0818283558,0.4818338454,135.37043762,Sandstone
12.46831131,2.0700676441,0.4549492002,134.69787598,Sandstone
12.52061367,2.0603299141,0.4574171603,133.92602539,Sandstone
12.540847778,2.0605926514,0.5081863999,133.15605164,Sandstone
12.562167168,2.0661904812,0.5938768983,132.45817566,Sandstone
12.585263252,2.0725023746,0.6639988422,131.60920715,Sandstone
12.607743263,2.0778079033,0.656660378,130.33917236,Sandstone
12.613283157,2.0809397697,0.5917183757,128.80160522,Sandstone
12.625703812,2.082392931,0.5436651707,127.70439148,Sandstone
12.664209366,2.0815663338,0.5304054618,127.72813416,Sandstone
12.704331398,2.0793902874,0.5338976383,128.82894897,Sandstone
12.739069939,2.0775766373,0.5319798589,130.26545715,Sandstone
12.788480759,2.0754516125,0.5304077864,131.28250122,Sandstone
12.798395157,2.0709662437,0.5389783382,131.71469116,Sandstone
12.76392746,2.0657558441,0.559264183,131.83927917,Sandstone
12.76485157,2.0635485649,0.5910107493,131.80198669,Sandstone
12.809500694,2.0659921169,0.6352615356,131.53025818,Sandstone
12.884588242,2.0706369877,0.674351275,131.11013794,Sandstone
12.901597023,2.07401371,0.6659703255,130.98780823,Sandstone
12.901257515,2.0754499435,0.595766902,131.60626221,Sandstone
12.905333519,2.0748722553,0.5215176344,132.76487732,Sandstone
12.940003395,2.0733559132,0.4859954715,133.52583313,Sandstone
13.003663063,2.0724601746,0.4899111688,133.08615112,Sandstone
13.0402174,2.0724437237,0.520991981,131.56481934,Sandstone
13.121495247,2.0734148026,0.5603316426,129.80186462,Sandstone
13.187965393,2.0757241249,0.6026231647,128.68434143,Sandstone
13.220016479,2.0766298771,0.6323237419,128.56912231,Sandstone
13.217168808,2.0720994473,0.6552036405,129.30632019,Sandstone
13.203638077,2.0633890629,0.6862566471,130.54518127,Sandstone
13.208567619,2.0557529926,0.7107354403,131.74453735,Sandstone
13.212219238,2.0516724586,0.7077512741,132.18772888,Sandstone
13.235186577,2.0509183407,0.6768074036,131.46022034,Sandstone
13.255105019,2.0539405346,0.6501094103,129.89781189,Sandstone
13.236453056,2.0612072945,0.6458976269,128.3230896,Sandstone
13.238846779,2.0702712536,0.6412593126,127.41563416,Sandstone
13.233007431,2.075956583,0.6056687236,127.23069763,Sandstone
13.194213867,2.0760262012,0.5567587018,127.33014679,Sandstone
13.087623596,2.0749053955,0.5264319181,127.42606354,Sandstone
12.958143234,2.0757057667,0.519118011,127.57904053,Sandstone
12.998490334,2.0743556023,0.5033692122,127.97494507,Sandstone
13.083276749,2.0684924126,0.4645918012,128.82406616,Sandstone
13.16653347,2.064114809,0.4265558124,130.10871887,Sandstone
13.271306038,2.0656905174,0.4165507555,131.52119446,Sandstone
13.30406189,2.0678696632,0.4474404752,132.52848816,Sandstone
13.214302063,2.0651965141,0.5213724971,132.56826782,Sandstone
13.142169952,2.0610978603,0.6284701228,131.52926636,Sandstone
13.10867691,2.0630531311,0.7228642702,129.70314026,Sandstone
12.906845093,2.072455883,0.7665287852,127.45890808,Sandstone
12.586576462,2.0835998058,0.7269503474,125.10926819,Sandstone
12.401197433,2.088244915,0.6218392849,123.05950165,Sandstone
12.327507973,2.0849280357,0.5320233703,121.89267731,Sandstone
12.304522514,2.0773985386,0.4941612482,122.12205505,Sandstone
12.354269028,2.0711686611,0.5024183393,123.82950592,Sandstone
12.454723358,2.0721950531,0.531866014,126.39102173,Sandstone
12.518093109,2.0816345215,0.554307282,128.92715454,Sandstone
12.562907219,2.0929312706,0.5523236394,130.87748718,Sandstone
12.541290283,2.095975399,0.5370076299,132.02500916,Sandstone
12.483886719,2.0900335312,0.5318491459,132.4835968,Sandstone
12.369327545,2.0826129913,0.5431626439,132.3531189,Sandstone
12.153800964,2.0805277824,0.5599213243,131.58131409,Sandstone
11.943696022,2.082514286,0.5656849742,130.20407104,Sandstone
11.822324753,2.0853831768,0.5503442883,128.37452698,Sandstone
11.801361084,2.087549448,0.5338064432,126.60134125,Sandstone
11.862540245,2.0881450176,0.5471518636,125.57629395,Sandstone
11.981330872,2.087528944,0.5876114368,125.80339813,Sandstone
12.048764229,2.086435318,0.6045807004,127.33769226,Sandstone
12.09969902,2.0867192745,0.5626153946,129.57444763,Sandstone
12.137406349,2.0865068436,0.5046921968,131.61077881,Sandstone
12.225234985,2.0859136581,0.4789716005,132.75393677,Sandstone
12.308146477,2.0852851868,0.5008758903,132.83900452,Sandstone
12.343903542,2.0848126411,0.5625286102,132.26594543,Sandstone
12.34975338,2.0858795643,0.6480141282,131.74986267,Sandstone
12.272342682,2.0884375572,0.7212397456,131.79211426,Sandstone
12.072305679,2.0909466743,0.7269767523,132.22059631,Sandstone
11.839039803,2.0905716419,0.6433541775,132.43751526,Sandstone
11.835713387,2.0851228237,0.5366960168,131.83644104,Sandstone
11.865286827,2.0754683018,0.4790120423,130.24108887,Sandstone
11.879137993,2.0687851906,0.4684676528,128.26554871,Sandstone
11.952810287,2.0700407028,0.4716551602,126.797966,Sandstone
12.022277832,2.0756285191,0.4582532346,126.31772614,Sandstone
12.076467514,2.0798182487,0.4429223835,126.80931091,Sandstone
12.143466949,2.0807991028,0.4407497346,127.88815308,Sandstone
12.190128326,2.0809128284,0.4580368698,129.0856781,Sandstone
12.219024658,2.0821442604,0.5040181279,130.14962769,Sandstone
12.257051468,2.0841770172,0.5542512536,130.73866272,Sandstone
12.290902138,2.0858540535,0.5904577374,130.44090271,Sandstone
12.21825695,2.087590456,0.5952987075,129.29431152,Sandstone
12.068874359,2.0885314941,0.5556975603,127.88238525,Sandstone
11.959669113,2.0885560513,0.4892101884,126.9386673,Sandstone
11.909975052,2.0883276463,0.4346822202,127.29452515,Sandstone
11.922690392,2.0861566067,0.4111050069,127.68522644,Sandstone
11.979863167,2.0824899673,0.4067219794,128.72239685,Sandstone
12.023611069,2.0798346996,0.4094778597,129.85270691,Sandstone
12.070243835,2.0805499554,0.4113190472,131.01628113,Sandstone
12.097309113,2.0851459503,0.423089087,132.19395447,Sandstone
12.156009674,2.0901687145,0.4613955319,133.23304749,Sandstone
12.293402672,2.0918629169,0.5249388814,133.84355164,Sandstone
12.378483772,2.0903642178,0.5815415978,133.98809814,Sandstone
12.296736717,2.0888402462,0.5843244791,133.74632263,Sandstone
12.140813828,2.0869278908,0.5370724797,133.20562744,Sandstone
12.091570854,2.0845663548,0.4929344952,132.4443512,Sandstone
12.065815926,2.0825564861,0.4821424782,131.57162476,Sandstone
12.102028847,2.081507206,0.4992482662,130.80245972,Sandstone
12.239082336,2.0797920227,0.4965856671,130.42982483,Sandstone
12.418539047,2.0723671913,0.4545490444,130.47633362,Sandstone
12.567085266,2.0625846386,0.4168296158,130.4763031,Sandstone
12.652598381,2.0593593121,0.4125759006,130.10383606,Sandstone
12.715605736,2.0659878254,0.4341228902,129.39649963,Sandstone
12.798858643,2.0737903118,0.4468267858,128.62365723,Sandstone
12.816625595,2.0749719143,0.4437532723,128.25227356,Sandstone
12.856579781,2.07427001,0.4492905736,128.26591492,Sandstone
12.882400513,2.0802061558,0.4815085232,128.35351563,Sandstone
12.885667801,2.0920095444,0.5117084384,128.31187439,Sandstone
12.753746986,2.0969183445,0.4889795184,128.02119446,Sandstone
12.626971245,2.0883419514,0.4326202571,127.68452454,Sandstone
12.501942635,2.0755031109,0.3946287334,127.6754303,Sandstone
12.519266129,2.0705156326,0.3967706859,128.26402283,Sandstone
12.555778503,2.0740950108,0.4174209535,129.26475525,Sandstone
12.598237991,2.0774021149,0.4223647118,130.1842041,Sandstone
12.610946655,2.0752511024,0.4145918787,130.65144348,Sandstone
12.639025688,2.0693964958,0.4201360345,130.7746582,Sandstone
12.679432869,2.0631999969,0.4511347115,131.19235229,Sandstone
12.697501183,2.0603795052,0.4946371913,132.32347107,Sandstone
12.690386772,2.061173439,0.5316435099,133.79492188,Sandstone
12.671171188,2.0639898777,0.5377090573,134.84985352,Sandstone
12.614305496,2.0675234795,0.5038828254,134.91308594,Sandstone
12.554564476,2.0708770752,0.4583312869,133.90534973,Sandstone
12.546120644,2.0728993416,0.4365491271,132.29008484,Sandstone
12.564213753,2.0736660957,0.4504934251,130.61637878,Sandstone
12.603258133,2.073621273,0.4763733149,129.42947388,Sandstone
12.611253738,2.0711913109,0.482416451,129.10707092,Sandstone
12.608633995,2.0678722858,0.4719685614,129.69120789,Sandstone
12.607728958,2.0660870075,0.4775520563,130.6088562,Sandstone
12.622835159,2.0675227642,0.501585722,130.92175293,Sandstone
12.649543762,2.0727176666,0.5103452206,130.15618896,Sandstone
12.676867485,2.0790324211,0.481408596,128.60554504,Sandstone
12.669904709,2.081615448,0.4406098723,127.30582428,Sandstone
12.610706329,2.0780282021,0.4219972789,127.13147736,Sandstone
12.550258636,2.0705416203,0.4287061989,127.97884369,Sandstone
12.520627975,2.0642192364,0.4348215163,128.96870422,Sandstone
12.497311592,2.0623857975,0.4254412353,129.28063965,Sandstone
12.477308273,2.062515974,0.4178766906,128.89595032,Sandstone
12.475131989,2.0598180294,0.427900672,128.46406555,Sandstone
12.506449699,2.0542013645,0.4519934654,128.57574463,Sandstone
12.545650482,2.0513682365,0.47189942,129.31173706,Sandstone
12.579821587,2.0561840534,0.4749680161,130.29986572,Sandstone
12.695955276,2.0671522617,0.4664303064,131.22377014,Sandstone
12.803630829,2.0763850212,0.461589098,132.1375885,Sandstone
12.853727341,2.0786123276,0.458742559,133.02461243,Sandstone
12.893939972,2.0777537823,0.4498239756,133.63110352,Sandstone
12.884599686,2.0789539814,0.4421741664,133.66867065,Sandstone
12.850119591,2.0815804005,0.4445385337,133.16612244,Sandstone
12.800997734,2.0800185204,0.4518159926,132.59422302,Sandstone
12.745147705,2.0711081028,0.4590041935,132.51338196,Sandstone
12.713029861,2.0618112087,0.4664287269,133.0735321,Sandstone
12.689670563,2.0618460178,0.4671381414,133.89399719,Sandstone
12.663377762,2.0707569122,0.4576464295,134.5224762,Sandstone
12.655794144,2.0796980858,0.4406351447,134.62843323,Sandstone
12.719848633,2.0825312138,0.4247526228,134.19132996,Sandstone
12.814969063,2.0815179348,0.4279378355,133.47084045,Sandstone
12.883961678,2.0816664696,0.4606125653,132.56156921,Sandstone
12.926117897,2.0839939117,0.5068610907,131.52981567,Sandstone
12.930195808,2.0855982304,0.529494822,130.56878662,Sandstone
12.910646439,2.0848453045,0.5148218274,129.8323822,Sandstone
12.874955177,2.0822989941,0.4838843644,129.43257141,Sandstone
12.842241287,2.0789031982,0.4582307041,129.35646057,Sandstone
12.830641747,2.0760142803,0.4439571202,129.45402527,Sandstone
12.830245972,2.0745744705,0.4411745071,129.67106628,Sandstone
12.844173431,2.0754060745,0.4554881752,130.12715149,Sandstone
12.865276337,2.0791766644,0.4851126671,130.82553101,Sandstone
12.86711216,2.0837686062,0.5108785033,131.54391479,Sandstone
12.85720253,2.0860393047,0.5002717972,132.06396484,Sandstone
12.853479385,2.0837833881,0.4573702812,132.23335266,Sandstone
12.840368271,2.0766613483,0.4211063385,132.1375885,Sandstone
12.721334457,2.0692551136,0.4139670134,132.04576111,Sandstone
12.534840584,2.0676035881,0.4292051196,132.13075256,Sandstone
12.479818344,2.0727264881,0.4445489645,132.50605774,Sandstone
12.473731995,2.0800511837,0.4525261819,133.2194519,Sandstone
12.467644691,2.0852179527,0.4597682059,134.16226196,Sandstone
12.499757767,2.086881876,0.4768977463,135.00672913,Sandstone
12.541534424,2.0868668556,0.5002206564,135.30158997,Sandstone
12.604657173,2.0870432854,0.5115932822,134.87559509,Sandstone
12.689946175,2.0870466232,0.5108362436,134.00715637,Sandstone
12.784235001,2.0860438347,0.5024769902,133.15364075,Sandstone
12.8533144,2.0844831467,0.4900591373,132.63618469,Sandstone
12.87522316,2.0831792355,0.4813551009,132.39637756,Sandstone
12.870462418,2.0817518234,0.4752274156,132.16856384,Sandstone
12.868201256,2.0797898769,0.4627465606,131.72518921,Sandstone
12.861369133,2.0766477585,0.4399823844,131.01808167,Sandstone
12.855480194,2.0736460686,0.4213547707,130.25735474,Sandstone
12.861514091,2.0753397942,0.4148175716,129.420578,Sandstone
12.865963936,2.0846412182,0.4229118526,128.12837219,Sandstone
12.869146347,2.096776247,0.4459497035,125.89214325,Sandstone
12.85833931,2.1040685177,0.4724251628,122.72650909,Sandstone
12.858742714,2.1031799316,0.4973958731,119.6544342,Sandstone
12.89246273,2.097471714,0.5245888829,118.26763153,Sandstone
12.952881813,2.0939621925,0.5536402464,119.61981964,Sandstone
13.025927544,2.0944292545,0.5776399374,123.2051239,Sandstone
13.040863991,2.0946030617,0.5891330838,127.38826752,Sandstone
12.980651855,2.0910274982,0.5741131306,130.55432129,Sandstone
13.016261101,2.0856571198,0.5338025689,132.03015137,Sandstone
13.105511665,2.0822143555,0.4885792732,132.18107605,Sandstone
13.147723198,2.0824029446,0.4509565532,131.50125122,Sandstone
13.183166504,2.0854995251,0.4267293811,130.17222595,Sandstone
13.186003685,2.09120965,0.422224611,128.34539795,Sandstone
13.078326225,2.1013906002,0.4419459105,126.58635712,Sandstone
12.958626747,2.1120555401,0.4973721504,125.85095978,Sandstone
13.006204605,2.1200659275,0.599896729,126.8350296,Sandstone
13.020380974,2.1294505596,0.7323669195,129.51893616,Sandstone
12.795124054,2.1375796795,0.83112818,133.16131592,Sandstone
12.474726677,2.1357684135,0.8468295336,136.77938843,Sandstone
12.330936432,2.0820314884,0.4479065239,129.08906555,Sandstone
12.3637743,2.0914621353,0.4653556347,129.45559692,Sandstone
12.41976738,2.0942633152,0.4886494577,130.54570007,Sandstone
12.470791817,2.0939526558,0.5019009709,131.38943481,Sandstone
12.49481678,2.0969521999,0.5066981912,131.75411987,Sandstone
12.494510651,2.1025393009,0.5056477785,131.94055176,Sandstone
12.458415031,2.1072430611,0.4918505549,132.2749176,Sandstone
12.379611015,2.1081342697,0.4744381309,132.8069458,Sandstone
12.291165352,2.1051445007,0.466347605,133.3097229,Sandstone
12.24697113,2.1002912521,0.4700833559,133.50669861,Sandstone
12.232743263,2.0952086449,0.4742423892,133.23516846,Sandstone
12.21482563,2.0923633575,0.4656479061,132.6471405,Sandstone
12.218789101,2.0918204784,0.4517213106,132.17306519,Sandstone
12.23859024,2.090719223,0.4522576034,132.19042969,Sandstone
12.255627632,2.0871045589,0.4615508914,132.70375061,Sandstone
12.278528214,2.0837433338,0.4587380588,133.27485657,Sandstone
12.297455788,2.0841224194,0.4491829574,133.36239624,Sandstone
12.312869072,2.0875661373,0.4496379197,132.71890259,Sandstone
12.313738823,2.0902905464,0.4604149163,131.51287842,Sandstone
12.314088821,2.0897653103,0.4693151712,130.17266846,Sandstone
12.315346718,2.088613987,0.4724176526,129.13957214,Sandstone
12.315096855,2.090575695,0.4836761057,128.5778656,Sandstone
12.312893867,2.0947225094,0.5064538121,128.30584717,Sandstone
12.31497097,2.0976183414,0.5231889486,128.10594177,Sandstone
12.317159653,2.0989513397,0.5254735351,127.90169525,Sandstone
12.315683365,2.1003108025,0.5240287781,127.85851288,Sandstone
12.320455551,2.1011450291,0.5189651251,128.33891296,Sandstone
12.319882393,2.1007142067,0.4980455041,129.46806335,Sandstone
12.315019608,2.0998823643,0.4665642977,130.9683075,Sandstone
12.31518364,2.1002457142,0.4444350302,132.35575867,Sandstone
12.31760025,2.10115242,0.4377843738,133.19641113,Sandstone
12.337507248,2.0988042355,0.4378012717,133.35415649,Sandstone
12.367033005,2.0921173096,0.4447403252,133.04434204,Sandstone
12.387057304,2.085444212,0.4655359089,132.6603241,Sandstone
12.391098022,2.084104538,0.4880604148,132.53408813,Sandstone
12.386152267,2.0876960754,0.4797638655,132.83708191,Sandstone
12.352546692,2.092717886,0.4399801493,133.44422913,Sandstone
12.288713455,2.0966179371,0.4157732129,133.97975159,Sandstone
12.25837326,2.0984654427,0.4367956817,134.08073425,Sandstone
12.258130074,2.0992705822,0.4968831539,133.53662109,Sandstone
12.273711205,2.0995118618,0.5496554971,132.41989136,Sandstone
12.271132469,2.1007547379,0.5443443656,130.98912048,Sandstone
12.251332283,2.1052486897,0.4905578792,129.41990662,Sandstone
12.258511543,2.1110973358,0.4391317666,127.77601624,Sandstone
12.254293442,2.1138358116,0.4220058918,126.16893768,Sandstone
12.224183083,2.1137657166,0.4451012909,124.89726257,Sandstone
12.203840256,2.1153349876,0.5221750736,124.38143921,Sandstone
12.197484016,2.1220159531,0.6606152058,125.04798126,Sandstone
12.19793129,2.1295728683,0.8202856183,127.04420471,Sandstone
12.258041382,2.1241128445,0.9018639326,130.04380798,Sandstone
13.097634315,2.2467076778,0.3442025781,107.22735596,Sandstone
13.021133423,2.3452112675,0.2929528952,99.264717102,Sandstone
12.83025074,2.4868762493,0.297362119,93.636695862,Sandstone
12.593239784,2.6124756336,0.3476710618,92.206069946,Sandstone
12.502345085,2.6706461906,0.4502866268,96.546691895,Sandstone
12.532170296,2.6496891975,0.6041288972,106.15428162,Sandstone
12.48524189,2.5411088467,0.7710475922,115.20568085,Sandstone
12.398612976,2.4280588627,0.8679949641,122.21846771,Sandstone
12.503320694,2.3451583385,0.9131605029,129.23181152,Sandstone
13.021909714,2.3239343166,0.2840566933,94.308097839,Dolomite
13.266771317,2.4002423286,0.3528190851,92.262672424,Dolomite
13.611303329,2.4725031853,0.4739872813,93.917411804,Dolomite
13.407254219,2.4656236172,0.6462219954,98.692390442,Dolomite
12.939544678,2.3083930016,0.5503925085,120.12401581,Tuff
12.939644814,2.3130440712,0.5791184306,120.12401581,Tuff
12.942368507,2.3177084923,0.6170807481,120.25219727,Tuff
12.956774712,2.320567131,0.6431965232,120.36789703,Tuff
12.975691795,2.3206193447,0.6329078674,120.418396,Tuff
12.981498718,2.3166809082,0.6060202718,120.48904419,Tuff
12.981136322,2.3114626408,0.5970958471,120.68790436,Tuff
12.981087685,2.3080501556,0.6177900434,121.04473877,Tuff
12.989912033,2.30788064,0.6485190988,121.46563721,Tuff
13.029925346,2.3078727722,0.6497369409,121.78817749,Tuff
13.055720329,2.3064646721,0.6130589843,121.9291687,Tuff
13.062186241,2.3050405979,0.565281868,121.95414734,Tuff
13.06436348,2.3039362431,0.536560297,121.95838928,Tuff
13.062245369,2.3034377098,0.5294663906,122.00571442,Tuff
13.072809219,2.3032460213,0.5298432112,122.03992462,Tuff
13.083224297,2.3046996593,0.5289795995,121.87314606,Tuff
13.090051651,2.3074550629,0.5317410231,121.40336609,Tuff
13.100752831,2.3095576763,0.5446123481,120.68849182,Tuff
13.10940361,2.3092281818,0.5573148131,119.96331787,Tuff
13.128650665,2.3088021278,0.5709702969,119.71555328,Tuff
13.144492149,2.3117449284,0.6018424034,120.01207733,Tuff
13.15703392,2.3171107769,0.6430260539,120.16843414,Tuff
13.178025246,2.3202140331,0.652775526,119.22406769,Tuff
13.201039314,2.3238196373,0.6195938587,116.73862457,Tuff
13.223705292,2.3362865448,0.5779060721,113.54680634,Tuff
13.230938911,2.359539032,0.5520159006,111.17188263,Tuff
13.234771729,2.3847205639,0.5415440798,110.56954193,Tuff
13.249307632,2.3974671364,0.5384734869,111.21873474,Tuff
13.256593704,2.3980329037,0.5442373753,112.03196716,Tuff
13.241048813,2.395827055,0.5597490668,112.4276886,Tuff
13.242368698,2.393147707,0.5681633353,112.57819366,Tuff
13.25493145,2.3815832138,0.5432916284,113.28486633,Tuff
13.239521027,2.3614206314,0.5050458908,114.69269562,Tuff
13.202127457,2.3446815014,0.4953860939,116.34869385,Tuff
13.170265198,2.3410663605,0.5188982487,117.80767822,Tuff
13.165121078,2.3406939507,0.550126195,118.99598694,Tuff
13.184421539,2.3290967941,0.5697506666,120.01022339,Tuff
13.218725204,2.312255621,0.5756910443,120.65856934,Tuff
13.248695374,2.3266644478,0.5754637718,120.62340546,Tuff
13.286388397,2.3873541355,0.5750321746,119.57887268,Tuff
13.303310394,2.4600205421,0.5660830736,117.98636627,Tuff
13.328917503,2.5098757744,0.5527725816,116.76058197,Tuff
13.38085556,2.5032043457,0.5517576933,116.53765869,Tuff
13.440657616,2.4492373466,0.5502666235,117.31851959,Tuff
13.470799446,2.3874423504,0.5422261953,118.35604095,Tuff
13.466623306,2.3435337543,0.5496299267,118.98351288,Tuff
13.431769371,2.3172819614,0.5812779665,119.01106262,Tuff
13.413562775,2.3057177067,0.6220772862,118.82873535,Tuff
13.408752441,2.3051323891,0.6331223845,118.79504395,Tuff
13.409870148,2.3025848866,0.601308167,118.94633484,Tuff
13.411740303,2.2980599403,0.5619808435,119.14361572,Tuff
13.411866188,2.2933211327,0.5537981987,119.16694641,Tuff
13.410913467,2.2903337479,0.5676895976,119.02415466,Tuff
13.409498215,2.2906076908,0.5750629902,118.8262558,Tuff
13.409399033,2.2919256687,0.5770170093,118.72602081,Tuff
13.395041466,2.2920506001,0.5802987218,118.8123703,Tuff
13.378268242,2.2903115749,0.5860663652,118.95701599,Tuff
13.375623703,2.2884161472,0.5797454715,118.84918213,Tuff
13.38182354,2.2870357037,0.5568805337,118.19555664,Tuff
13.392333031,2.2870409489,0.5345579982,116.86053467,Tuff
13.385936737,2.2898130417,0.5264971852,115.08050537,Tuff
13.380272865,2.2983114719,0.5324026346,113.59223938,Tuff
13.387147903,2.3108782768,0.5401626229,113.16801453,Tuff
13.403804779,2.319545269,0.5482729673,114.09421539,Tuff
13.410437584,2.3218977451,0.5604916215,116.01277924,Tuff
13.41006279,2.3208415508,0.568720758,118.11061859,Tuff
13.422066689,2.3198926449,0.5604243279,119.72546387,Tuff
13.410104752,2.3183889389,0.5406909585,120.76134491,Tuff
13.397126198,2.3134531975,0.5358603597,121.38659668,Tuff
13.391925812,2.3072135448,0.5559463501,121.57998657,Tuff
13.426041603,2.3058364391,0.5935639143,121.18856049,Tuff
13.398848534,2.3109428883,0.6085816026,120.10487366,Tuff
13.351573944,2.3167779446,0.5665414333,118.59249115,Tuff
13.337600708,2.3165154457,0.5058656335,117.3325882,Tuff
13.346309662,2.3100690842,0.4738280475,116.78362274,Tuff
13.366416931,2.3028223515,0.4808933139,116.95006561,Tuff
13.379961014,2.2994453907,0.5090303421,117.4645462,Tuff
13.426837921,2.2984418869,0.5382108688,117.80506134,Tuff
13.497074127,2.2976195812,0.5531534553,117.59658051,Tuff
13.566492081,2.3000915051,0.5591833591,116.79154968,Tuff
13.607264519,2.3100509644,0.5778890848,115.6439209,Tuff
13.594890594,2.3266100883,0.6041229367,114.52291107,Tuff
13.5439291,2.3422803879,0.6131743789,113.75421143,Tuff
13.518749237,2.3510153294,0.5904208422,113.38811493,Tuff
13.524647713,2.3569278717,0.5473958254,113.12365723,Tuff
13.527380943,2.3679535389,0.5081108212,112.53050232,Tuff
13.535933495,2.3816282749,0.5005243421,111.48841095,Tuff
13.548017502,2.3896040916,0.5369657874,110.44458008,Tuff
13.536675453,2.3883569241,0.6024499536,110.25040436,Tuff
13.510778427,2.3794126511,0.6698077321,111.52365875,Tuff
13.494087219,2.3632671833,0.6975871325,114.0911026,Tuff
13.499004364,2.341701746,0.6698984504,117.01383209,Tuff
13.518868446,2.3198461533,0.6259309649,119.21643066,Tuff
13.549921989,2.3036167622,0.6058734059,120.16931152,Tuff
13.592953682,2.2981204987,0.5970231891,119.9852066,Tuff
13.609936714,2.3021874428,0.5736131668,119.21031952,Tuff
13.594285965,2.3092823029,0.5408889055,118.37402344,Tuff
13.581414223,2.3136270046,0.521702528,117.72006226,Tuff
13.573831558,2.3129091263,0.5358464122,117.16246033,Tuff
13.539451599,2.308059454,0.5727741122,116.42850494,Tuff
13.473210335,2.3024320602,0.5963707566,115.41597748,Tuff
13.426491737,2.2973811626,0.5831531882,114.21775818,Tuff
13.414387703,2.2936015129,0.5520529747,113.05838776,Tuff
13.409622192,2.2921376228,0.5386775732,112.14108276,Tuff
13.408707619,2.2893989086,0.5569347143,111.45823669,Tuff
13.412420273,2.2800269127,0.592086792,111.01406097,Tuff
13.411818504,2.2691090107,0.6056913137,110.94449615,Tuff
13.415955544,2.2708163261,0.5865346193,111.31116486,Tuff
13.476536751,2.2907874584,0.5534573793,111.97003174,Tuff
13.565071106,2.3151142597,0.5184165239,112.65356445,Tuff
13.527531624,2.3211414814,0.4844141304,113.10057831,Tuff
13.433418274,2.3048014641,0.4536467195,113.17816925,Tuff
13.423285484,2.2844221592,0.4448897541,113.01415253,Tuff
13.526531219,2.2784509659,0.4747448862,112.94482422,Tuff
13.590362549,2.2939229012,0.5332847834,113.37708282,Tuff
13.534461975,2.3268454075,0.5816327929,114.51238251,Tuff
13.52570343,2.3553555012,0.5875510573,115.62713623,Tuff
13.55744648,2.3585722446,0.5749411583,116.47038269,Tuff
13.534366608,2.348067522,0.5653162599,117.31354523,Tuff
13.548947334,2.3196692467,0.5610172749,117.60414886,Tuff
13.600366592,2.2813997269,0.566994071,116.99253845,Tuff
13.605269432,2.2605595589,0.5646491051,115.96764374,Tuff
13.590769768,2.2633812428,0.5481057763,115.16959381,Tuff
13.641415596,2.2833211422,0.5464767814,114.90706635,Tuff
13.678144455,2.3050050735,0.5760160089,115.04314423,Tuff
13.644258499,2.3157627583,0.6136433482,115.17747498,Tuff
13.64865303,2.3147482872,0.6193396449,115.02088165,Tuff
13.669179916,2.3112215996,0.5843542814,114.6033783,Tuff
13.698360443,2.3145706654,0.5395274162,114.17458344,Tuff
13.72996521,2.3203480244,0.5103586912,114.03995514,Tuff
13.744260788,2.3139791489,0.4977628887,114.31212616,Tuff
13.777537346,2.2888395786,0.4972368181,114.82209015,Tuff
13.813482285,2.259316206,0.5055583715,115.22392273,Tuff
13.859824181,2.2463467121,0.5214180946,115.17577362,Tuff
13.937785149,2.2574088573,0.5480865836,114.62712097,Tuff
13.967393875,2.2821707726,0.5793671608,113.81197357,Tuff
13.924795151,2.3014793396,0.5949883461,113.0007019,Tuff
13.846558571,2.3070936203,0.5851988792,112.3429184,Tuff
13.781041145,2.3026406765,0.5655385852,111.8675766,Tuff
13.803524017,2.2937791348,0.5603636503,111.60202026,Tuff
13.855034828,2.2835643291,0.5742057562,111.677948,Tuff
13.864699364,2.2749271393,0.5885211825,112.13941956,Tuff
13.865101814,2.270973444,0.5903829932,112.79538727,Tuff
13.842895508,2.2699854374,0.5879736543,113.46928406,Tuff
13.789913177,2.270162344,0.5902148485,114.05865479,Tuff
13.731305122,2.2751004696,0.5967725515,114.50344086,Tuff
13.649802208,2.2904469967,0.6055046916,114.79351044,Tuff
13.557641029,2.3160805702,0.6075928807,114.71433258,Tuff
13.501937866,2.3444039822,0.5980947614,113.88787842,Tuff
13.563789368,2.3662941456,0.5858827233,112.15099335,Tuff
13.530753136,2.3784816265,0.5835986733,109.65844727,Tuff
13.459153175,2.3818831444,0.5902664065,106.9908371,Tuff
13.599785805,2.3768389225,0.5920012593,105.04368591,Tuff
13.670809746,2.3657882214,0.5747217536,104.35331726,Tuff
13.664962769,2.3544127941,0.5394126177,104.82265472,Tuff
13.766026497,2.3466956615,0.5093928576,105.96144867,Tuff
13.903486252,2.3423969746,0.5035665035,107.19995117,Tuff
13.987822533,2.3403227329,0.526910007,108.21427155,Tuff
14.074252129,2.3391954899,0.567968905,108.92070007,Tuff
13.903219223,2.3391542435,0.603051126,109.23792267,Tuff
13.6095047,2.3395557404,0.6142641306,109.10473633,Tuff
13.554028511,2.3378074169,0.6038575768,108.64002228,Tuff
13.498552322,2.3341071606,0.5808000565,107.90735626,Tuff
13.448527336,2.3308353424,0.5381038189,106.88389587,Tuff
13.48638916,2.3308391571,0.4895912111,105.73080444,Tuff
13.613051414,2.336366415,0.4753335714,104.84753418,Tuff
13.713828087,2.3464004993,0.509000361,104.78604889,Tuff
13.859365463,2.3557832241,0.5601555705,105.78479004,Tuff
13.996304512,2.3598046303,0.5780127645,107.43436432,Tuff
13.969451904,2.3575997353,0.5504648089,108.98545074,Tuff
13.806882858,2.3512232304,0.5175253153,109.89694977,Tuff
13.630709648,2.345241785,0.5082671046,110.0490799,Tuff
13.579195023,2.3444647789,0.5144822001,109.62014771,Tuff
13.595602036,2.3511986732,0.5207890272,108.85871887,Tuff
13.597346306,2.3629972935,0.5324038267,107.87295532,Tuff
13.57897377,2.3954665661,0.5537821054,99.728263855,Tuff
13.568719864,2.4012551308,0.5694132447,103.3068161,Tuff
13.621295929,2.3899078369,0.5485643148,106.75392151,Tuff
13.657876015,2.3689723015,0.5268210173,109.41213989,Tuff
13.702624321,2.3530166149,0.5265772343,110.91540527,Tuff
13.813490868,2.3467741013,0.5325223804,111.12372589,Tuff
13.692339897,2.380409956,0.6121113896,104.19834137,Tuff
13.682239532,2.3819513321,0.6665381789,106.00973511,Tuff
13.817980766,2.379683733,0.642904222,107.13790894,Tuff
14.057538986,2.3643021584,0.5881646872,107.57039642,Tuff
14.157689095,2.3363482952,0.5668565631,107.64550018,Tuff
14.166121483,2.3084836006,0.5984812975,107.63689423,Tuff
14.239062309,2.2926223278,0.6678996682,107.66874695,Tuff
14.324404716,2.2942140102,0.7385140657,107.84194946,Tuff
14.314943314,2.308157444,0.7448081374,108.45783997,Tuff
14.111353874,2.3191738129,0.6393783689,109.61554718,Tuff
13.856072426,2.316849947,0.4896424413,110.83312225,Tuff
13.813109398,2.3057527542,0.3996448815,111.39694977,Tuff
13.972285271,2.2987997532,0.3981119096,110.85405731,Tuff
13.987133026,2.306012392,0.4573917687,109.41090393,Tuff
13.975922585,2.3275706768,0.5245986581,107.7485733,Tuff
14.106081009,2.3502724171,0.560460031,106.56321716,Tuff
14.264186859,2.3612663746,0.5737457275,106.09382629,Tuff
14.327353477,2.3622899055,0.5864837766,106.1219101,Tuff
14.249230385,2.3607120514,0.5870031118,106.21678162,Tuff
14.096217155,2.3587393761,0.5615330338,105.90216064,Tuff
13.937696457,2.3546156883,0.5401050448,104.91896057,Tuff
13.776484489,2.3467755318,0.5520785451,103.40654755,Tuff
13.662642479,2.333366394,0.5944977403,102.0169754,Tuff
13.696613312,2.3237383366,0.6259911656,101.45508575,Tuff
13.836872101,2.3239796162,0.6161457896,101.81143188,Tuff
14.000231743,2.3305895329,0.5792520642,102.51879883,Tuff
14.072318077,2.3445956707,0.5364548564,102.73809814,Tuff
14.079206467,2.3659043312,0.5091564059,102.12088776,Tuff
14.090846062,2.3907761574,0.5138090253,101.41910553,Tuff
14.04681015,2.4124364853,0.5488649011,101.74855804,Tuff
13.849326134,2.4271597862,0.589849472,103.44658661,Tuff
13.578906059,2.4310936928,0.6096507311,105.8994751,Tuff
13.36601162,2.4260721207,0.6051643491,108.02840424,Tuff
13.274610519,2.4138174057,0.6056997776,109.09321594,Tuff
13.302201271,2.3914437294,0.6203913093,109.17905426,Tuff
13.396866798,2.3680582047,0.6157984734,108.77747345,Tuff
13.557471275,2.3531787395,0.5743388534,108.10121918,Tuff
13.803734779,2.346634388,0.5235387683,107.0945282,Tuff
13.950136185,2.3438405991,0.5006676912,105.76916504,Tuff
13.989752769,2.3424873352,0.5204731822,104.3705368,Tuff
13.822518349,2.3439855576,0.5670236349,103.42684174,Tuff
13.654438972,2.3496413231,0.5997671485,103.41399384,Tuff
13.573418617,2.3589990139,0.5839689374,104.19657898,Tuff
13.389404297,2.3703932762,0.5288161039,105.16369629,Tuff
13.179691315,2.3794879913,0.4834861457,105.84283447,Tuff
13.174695015,2.3789727688,0.4848799706,106.17540741,Tuff
13.232453346,2.3638048172,0.5492797494,106.34963989,Tuff
13.382675171,2.3550810814,0.6071563363,106.48646545,Tuff
13.672639847,2.3578746319,0.6415951252,106.40476227,Tuff
13.982408524,2.3686430454,0.6283323169,105.80684662,Tuff
14.196450233,2.3802142143,0.5677116513,104.78961182,Tuff
14.268449783,2.3873910904,0.492643863,103.68759155,Tuff
14.072010994,2.3875136375,0.4442900419,102.70849609,Tuff
13.687721252,2.3817610741,0.4386473298,101.98038483,Tuff
13.406353951,2.3742640018,0.4670850337,101.73316193,Tuff
13.234194756,2.3635826111,0.5137000084,102.40714264,Tuff
13.198044777,2.3510417938,0.5563749671,104.30417633,Tuff
13.23849678,2.3428475857,0.5874135494,107.07827759,Tuff
13.400411606,2.3395822048,0.6183767915,109.6763916,Tuff
13.640452385,2.3381819725,0.6331031919,111.0769043,Tuff
13.838080406,2.3352274895,0.6083725095,111.04019165,Tuff
14.020432472,2.3307883739,0.5597584248,110.02869415,Tuff
14.098000526,2.3265628815,0.5208492279,108.76564026,Tuff
14.108937263,2.3277316093,0.5092200637,107.81941223,Tuff
14.100941658,2.3327841759,0.5177322626,107.3950119,Tuff
13.994991302,2.3339643478,0.5314625502,107.44472504,Tuff
13.770049095,2.3295798302,0.5397527814,107.77820587,Tuff
14.066525459,2.3245351315,0.5420763493,108.08515167,Tuff
14.259123802,2.325906992,0.5377717614,108.06468201,Tuff
14.275044441,2.3347268105,0.5263053179,107.67481232,Tuff
14.278394699,2.3470609188,0.5198028088,107.18090057,Tuff
14.274474144,2.3524074554,0.5265962481,106.9365387,Tuff
14.275285721,2.3502295017,0.5485848188,107.11579895,Tuff
14.245814323,2.3491551876,0.570962131,107.58835602,Tuff
14.198486328,2.3498136997,0.5590347052,108.05503845,Tuff
14.041742325,2.3485293388,0.5046246648,108.23667908,Tuff
13.821644783,2.3409526348,0.4442549944,107.98126984,Tuff
13.565350533,2.3293759823,0.4190040827,107.3264389,Tuff
13.330239296,2.3198814392,0.4292723835,106.41755676,Tuff
13.306945801,2.3165400028,0.4532248378,105.45379639,Tuff
13.439314842,2.3199696541,0.4717553556,104.80406189,Tuff
13.617296219,2.3259410858,0.482434243,104.87236023,Tuff
13.847210884,2.331366539,0.5005663633,105.76918793,Tuff
14.043161392,2.3341355324,0.535718143,107.17217255,Tuff
14.167730331,2.3332693577,0.5758957863,108.37411499,Tuff
14.124308586,2.327996254,0.5826926231,108.744133,Tuff
13.781275749,2.3213329315,0.5567572713,108.27307129,Tuff
13.514101028,2.3171880245,0.546035409,107.52468109,Tuff
13.329646111,2.3167126179,0.5733971,107.18684387,Tuff
13.166507721,2.3221757412,0.6155757308,107.69431305,Tuff
13.1789217,2.3305430412,0.6165293455,109.1502533,Tuff
13.259174347,2.3355498314,0.5547096133,110.88677216,Tuff
13.446826935,2.3332021236,0.4622738659,111.28211975,Tuff
13.690682411,2.3271157742,0.3637441397,108.795578,Tuff
13.88209343,2.3299713135,0.2974083424,103.34399414,Tuff
13.978274345,2.3582677841,0.2835401297,97.194229126,Tuff
13.926819801,2.4153921604,0.3147159815,93.776222229,Tuff
13.690057755,2.4691736698,0.3809111416,94.98285675,Tuff
13.379135132,2.4717020988,0.4616813958,99.72064209,Tuff
13.076490402,2.4195795059,0.5116876364,105.03401947,Tuff
12.947049141,2.3597064018,0.5010403991,108.49420166,Tuff
12.974574089,2.3256013393,0.4706461132,109.48854065,Tuff
13.083560944,2.3183076382,0.4408859313,108.97172546,Tuff
13.280542374,2.3269219398,0.421485424,108.23574066,Tuff
13.510251999,2.3359026909,0.4205522835,107.96362305,Tuff
13.661026955,2.337672472,0.4345240593,108.29576874,Tuff
13.72873497,2.3331885338,0.4603682756,108.95674133,Tuff
13.564663887,2.3299822807,0.4930379093,109.48762512,Tuff
13.049723625,2.3347377777,0.5190618634,109.7162323,Tuff
12.90130043,2.3436648846,0.5164549351,109.88777924,Tuff
12.875379562,2.348539114,0.5004042983,110.42870331,Tuff
12.865858078,2.3446810246,0.488871783,111.5723877,Tuff
13.302578926,2.5341637135,0.6029356122,100.89077759,Limestone
13.054461479,2.4286527634,0.5664789081,107.74465179,Limestone
12.843927383,2.3433263302,0.532472074,113.18647003,Limestone
12.774513245,2.2942306995,0.5231379271,116.32131195,Limestone
13.857808113,2.4851410389,0.5229528546,103.70541382,Limestone
13.790622711,2.4992203712,0.6048234701,108.87577057,Limestone
13.581455231,2.4739105701,0.6014173031,113.98200226,Limestone
13.308469772,2.4281246662,0.5333375335,117.09300995,Limestone
13.039571762,2.3838832378,0.4674051106,118.03266144,Limestone
12.890699387,2.3516852856,0.4317560494,117.64047241,Limestone
12.013122559,2.3743114471,0.148834005,91.754241943,Limestone
12.010964394,2.4586958885,0.1394093484,81.659225464,Limestone
11.976055145,2.53916049,0.1355180144,74.786376953,Limestone
11.917355537,2.5865652561,0.1437421143,73.326515198,Limestone
12.03473568,2.5941843987,0.18358244,76.980857849,Limestone
12.157128334,2.5643370152,0.2865077257,83.332397461,Limestone
12.177736282,2.5155007839,0.4934746921,89.627304077,Limestone
12.197050095,2.4497821331,0.6999535561,94.418647766,Limestone
12.263661385,2.3225903511,0.5708349943,97.606132507,Limestone
12.375185966,2.3604016304,0.2601364255,85.500724792,SandstoneShale
12.385931015,2.4928450584,0.2724403739,83.59992981,SandstoneShale
12.409097672,2.5005915165,0.3513662815,86.40447998,SandstoneShale
12.485009193,2.4254405499,0.5263810754,92.916572571,SandstoneShale
12.588614464,2.3568949699,0.7520941496,100.38034821,SandstoneShale
12.774656296,2.320255518,0.8028994799,106.17939758,SandstoneShale
12.126133919,2.321205616,0.3629428744,101.83364868,SandstoneShale
12.269730568,2.3066401482,0.361799866,98.572166443,SandstoneShale
12.358119011,2.2759890556,0.3572023511,95.680274963,SandstoneShale
12.415240288,2.2439012527,0.3527427018,93.534538269,SandstoneShale
12.470851898,2.2179830074,0.3485291004,92.314834595,SandstoneShale
12.483392715,2.2002801895,0.3431310058,92.317901611,SandstoneShale
12.241328239,2.1928474903,0.3195364773,95.390258789,Sandstone
11.988413811,2.199119091,0.2996373177,97.092002869,Sandstone
11.803216934,2.2034339905,0.2817319334,98.123855591,Sandstone
11.756979942,2.2040455341,0.2705145776,98.630073547,Sandstone
11.812561035,2.2019109726,0.2666481137,99.001785278,Sandstone
11.89080143,2.2003469467,0.2701108158,99.18624115,Sandstone
12.096849442,2.197845459,0.2799383104,98.886924744,Sandstone
12.284729004,2.1947305202,0.2923796177,98.261726379,Sandstone
12.422156334,2.1969890594,0.3070627749,98.02557373,Sandstone
12.450452805,2.2061219215,0.322607398,98.938644409,Sandstone
12.38816452,2.2177884579,0.335006237,101.04782104,Sandstone
12.268960953,2.2250490189,0.3350729346,103.3532486,Sandstone
12.089921951,2.2269570827,0.3162696362,104.56238556,Sandstone
11.806757927,2.2248008251,0.2936626971,104.08172607,Sandstone
11.621116638,2.2220344543,0.2835311294,102.24520111,Sandstone
11.572447777,2.2235052586,0.2895794511,100.02131653,Sandstone
11.620318413,2.2278108597,0.2960871458,98.404144287,Sandstone
11.725363731,2.2306981087,0.2902289331,97.724632263,Sandstone
11.902198792,2.2282714844,0.2794545889,97.699607849,Sandstone
12.109659195,2.2209162712,0.2782669961,97.803215027,Sandstone
12.237989426,2.2142469883,0.2938504517,97.627288818,Sandstone
12.275078773,2.2141804695,0.317138344,97.184463501,Sandstone
12.263791084,2.2224473953,0.3306280077,96.752723694,Sandstone
12.127198219,2.2348589897,0.3282879591,96.553703308,Sandstone
11.824225426,2.2468476295,0.3170858026,96.640151978,Sandstone
11.639799118,2.2532100677,0.2932760715,96.781471252,Sandstone
11.553342819,2.2514431477,0.2540642917,96.618759155,Sandstone
11.510755539,2.2465775013,0.2218336612,96.151481628,Sandstone
11.541312218,2.244178772,0.2116885781,95.708839417,Sandstone
11.65953064,2.2437317371,0.225735113,95.742675781,Sandstone
11.849867821,2.2411632538,0.2519395947,96.487617493,Sandstone
12.027535439,2.2354602814,0.2693292499,97.535820007,Sandstone
12.14898777,2.2303640842,0.2736341953,98.126800537,Sandstone
12.211619377,2.2300536633,0.2773008645,97.901199341,Sandstone
12.217834473,2.235432148,0.2913564146,97.112289429,Sandstone
12.175570488,2.2425088882,0.310107559,96.289329529,Sandstone
12.115504265,2.2479996681,0.31792292,95.898681641,Sandstone
11.97550869,2.253136158,0.3062933981,95.798431396,Sandstone
11.726499557,2.2571015358,0.2842897177,95.422790527,Sandstone
11.550222397,2.2576501369,0.2690126598,94.508132935,Sandstone
11.52412796,2.2549612522,0.2608312666,93.219665527,Sandstone
11.578861237,2.2514030933,0.2504862845,91.92817688,Sandstone
11.759067535,2.2495601177,0.2393112034,91.022850037,Sandstone
11.969595909,2.2508893013,0.2351525575,90.610404968,Sandstone
12.071160316,2.2542526722,0.2421664447,90.695098877,Sandstone
12.139544487,2.258259058,0.2591119111,91.394386292,Sandstone
12.146477699,2.2645258904,0.2790439725,92.502311707,Sandstone
12.118543625,2.2726905346,0.2938201725,93.540252686,Sandstone
12.128042221,2.2781815529,0.2978747785,94.005950928,Sandstone
12.099721909,2.2767875195,0.2960731387,93.706916809,Sandstone
11.930419922,2.2694761753,0.293405503,93.012702942,Sandstone
11.711183548,2.2608604431,0.2981708646,92.35105896,Sandstone
11.638774872,2.2544164658,0.3079002202,91.771789551,Sandstone
11.647118568,2.2488245964,0.3005951345,91.040252686,Sandstone
11.694496155,2.2449247837,0.2759645581,90.155487061,Sandstone
11.718147278,2.2470500469,0.2550285161,89.437339783,Sandstone
11.867910385,2.2535429001,0.2518105805,89.205444336,Sandstone
12.103542328,2.2597892284,0.2662607133,89.477966309,Sandstone
12.184436798,2.2638175488,0.2834011614,89.909332275,Sandstone
12.200178146,2.2653062344,0.2882279158,90.278678894,Sandstone
12.181331635,2.2655837536,0.284935087,90.375083923,Sandstone
12.164395332,2.2649300098,0.2862156034,89.698707581,Sandstone
12.118979454,2.2613809109,0.2956592441,87.36227417,Sandstone
12.05896759,2.2549233437,0.3056056201,82.488426208,Sandstone
11.976027489,2.2486178875,0.3079898655,75.439849854,Sandstone
11.852851868,2.2423827648,0.3050894141,68.377983093,Sandstone
11.829152107,2.2354142666,0.3059630394,64.450424194,Sandstone
11.859642029,2.2302162647,0.3091500103,65.953491211,Sandstone
11.95538044,2.2268605232,0.3056293726,72.640960693,Sandstone
12.044109344,2.2260649204,0.2942801118,81.740371704,Sandstone
12.115904808,2.2262780666,0.2817433476,89.712257385,Sandstone
12.125782967,2.2244615555,0.2787838876,94.546554565,Sandstone
12.130282402,2.2207152843,0.2851623595,96.273788452,Sandstone
12.128410339,2.2174539566,0.2936101556,96.237670898,Sandstone
12.120213509,2.2176046371,0.3002993464,95.876914978,Sandstone
12.087853432,2.2202253342,0.2995465994,95.879295349,Sandstone
12.041469574,2.2225949764,0.2870980203,96.332351685,Sandstone
12.009819984,2.2211818695,0.2714358866,96.92401886,Sandstone
11.98319149,2.2172856331,0.2661072314,97.208740234,Sandstone
11.994438171,2.2120890617,0.275606513,96.839897156,Sandstone
12.039512634,2.206938982,0.2874793112,95.92150116,Sandstone
12.072021484,2.2038834095,0.2828831375,95.173492432,Sandstone
12.114802361,2.2018909454,0.2641443312,95.329925537,Sandstone
12.131095886,2.2010858059,0.2538728118,96.635002136,Sandstone
12.15431881,2.2012870312,0.2661246061,98.392379761,Sandstone
12.164585114,2.2042229176,0.2958681583,99.456970215,Sandstone
12.166134834,2.2095923424,0.3217436075,99.062858582,Sandstone
12.148721695,2.2137110233,0.3233756423,97.282325745,Sandstone
12.111157417,2.2121529579,0.3067854047,95.029197693,Sandstone
12.094335556,2.2044377327,0.2885432839,93.282699585,Sandstone
12.091248512,2.1949205399,0.277561754,92.62336731,Sandstone
12.094651222,2.188492775,0.2719777822,92.904251099,Sandstone
12.106220245,2.1869060993,0.2673693895,93.528930664,Sandstone
12.125761986,2.188788414,0.2665546238,94.05947113,Sandstone
12.153352737,2.1931223869,0.2712969184,94.380455017,Sandstone
12.195173264,2.1977379322,0.2763357162,94.792953491,Sandstone
12.235208511,2.1997947693,0.2764852047,95.550834656,Sandstone
12.258000374,2.1993219852,0.2759542167,96.543319702,Sandstone
12.196683884,2.1993322372,0.2785503566,97.37323761,Sandstone
12.165979385,2.2004992962,0.2815891206,97.696868896,Sandstone
12.139419556,2.2028162479,0.279011488,97.502738953,Sandstone
12.12406826,2.2058050632,0.2696659863,96.954444885,Sandstone
12.101921082,2.2088015079,0.2622369528,96.326583862,Sandstone
12.117494583,2.2123610973,0.2597368658,95.614387512,Sandstone
12.16195488,2.212703228,0.2567529082,94.691566467,Sandstone
12.193692207,2.2082939148,0.2519171536,93.705352783,Sandstone
12.224259377,2.205457449,0.2490808666,93.089439392,Sandstone
12.262105942,2.210971117,0.2540483773,93.594512939,Sandstone
12.282203674,2.2206716537,0.2706113756,95.630760193,Sandstone
12.277825356,2.225553751,0.2952148616,98.745681763,Sandstone
12.277965546,2.2232744694,0.3170391619,101.67073059,Sandstone
12.263165474,2.217386961,0.3259094656,103.18758392,Sandstone
12.22687149,2.2124712467,0.3161880374,103.10434723,Sandstone
12.194081306,2.2071709633,0.2944872081,102.14177704,Sandstone
12.160262108,2.1993100643,0.274530232,101.20239258,Sandstone
12.133174896,2.1929657459,0.2652827799,100.4775238,Sandstone
12.114875793,2.1938824654,0.2679077983,99.614700317,Sandstone
12.112577438,2.1998553276,0.2784358561,98.478843689,Sandstone
12.125490189,2.2032263279,0.287877351,97.416740417,Sandstone
12.134153366,2.2007703781,0.2880653441,96.978805542,Sandstone
12.155500412,2.1952569485,0.282484442,97.311477661,Sandstone
12.200874329,2.1927273273,0.2776696086,98.103439331,Sandstone
12.259571075,2.1961185932,0.2822174132,98.852516174,Sandstone
12.279172897,2.2021100521,0.2963835597,99.197731018,Sandstone
12.285608292,2.2062320709,0.3108920753,99.115287781,Sandstone
12.308905602,2.2074022293,0.3163196743,98.738456726,Sandstone
12.32553196,2.2063415051,0.3068154454,98.324645996,Sandstone
12.33415699,2.2055337429,0.2906600237,98.057327271,Sandstone
12.354002953,2.2059431076,0.2783214152,97.893089294,Sandstone
12.374619484,2.2076787949,0.2724933922,97.74067688,Sandstone
12.390807152,2.2100095749,0.2700513005,97.619628906,Sandstone
12.414603233,2.2115063667,0.2726764381,97.80255127,Sandstone
12.433382988,2.213013649,0.2819342315,98.541267395,Sandstone
12.459349632,2.2141199112,0.293513298,99.74206543,Sandstone
12.465147972,2.2145042419,0.3037973642,100.86573792,Sandstone
12.467056274,2.2137198448,0.3115299344,101.2023468,Sandstone
12.467505455,2.2119112015,0.3163309693,100.45651245,Sandstone
12.464331627,2.2089042664,0.3149154484,98.913085938,Sandstone
12.458907127,2.2044878006,0.3034745455,97.287208557,Sandstone
12.445405006,2.200078249,0.2878047824,96.248100281,Sandstone
12.429693222,2.1977055073,0.2794761062,95.928436279,Sandstone
12.418242455,2.200176239,0.2856223583,96.034225464,Sandstone
12.441339493,2.2073998451,0.2970027626,96.192001343,Sandstone
12.462755203,2.2159461975,0.2959365547,96.313796997,Sandstone
12.467816353,2.2224678993,0.2800924182,96.630004883,Sandstone
12.46846962,2.2252132893,0.2613807917,97.24886322,Sandstone
12.470246315,2.225237608,0.2520907819,97.864204407,Sandstone
12.471533775,2.2259488106,0.2554356158,97.937484741,Sandstone
12.466489792,2.23001647,0.2688012421,97.276115417,Sandstone
12.464924812,2.2376825809,0.2853550017,96.092002869,Sandstone
12.464126587,2.2460935116,0.2967751324,94.843528748,Sandstone
12.463942528,2.2517664433,0.2970793545,93.977539063,Sandstone
12.462678909,2.2525522709,0.2889732718,93.468666077,Sandstone
12.442326546,2.2483260632,0.2860714197,93.05254364,Sandstone
12.422122955,2.2411692142,0.2945960462,92.489456177,Sandstone
12.431916237,2.2333126068,0.3085200191,91.725204468,Sandstone
12.464967728,2.2269880772,0.3147346675,90.970619202,Sandstone
12.480441093,2.2228887081,0.3044888377,90.516197205,Sandstone
12.482167244,2.2209320068,0.286524117,90.331008911,Sandstone
12.476510048,2.2210638523,0.2772784233,89.981826782,Sandstone
12.467083931,2.2244267464,0.2845627069,89.103683472,Sandstone
12.46417141,2.2309532166,0.3010373712,87.586044312,Sandstone
12.473011971,2.2368440628,0.3114134371,85.655311584,Sandstone
12.489171982,2.238919735,0.3058007658,83.943023682,Sandstone
12.483112335,2.2371194363,0.2876650095,82.979316711,Sandstone
12.438752174,2.2332749367,0.2660706639,82.532196045,Sandstone
12.391501427,2.2298521996,0.2434640378,82.051567078,Sandstone
12.343003273,2.228764534,0.226688832,81.324073792,Sandstone
12.301366806,2.2313132286,0.2244979739,80.641616821,Sandstone
12.259449005,2.2389252186,0.2356880605,80.811347961,Sandstone
12.224781036,2.2531661987,0.2528565824,82.44455719,Sandstone
12.245637894,2.2750797272,0.268908143,85.24835968,Sandstone
12.274891853,2.300984621,0.2834746838,88.40977478,Sandstone
12.281838417,2.3167791367,0.3032385409,91.372177124,Sandstone
12.284321785,2.3091533184,0.331930697,93.960632324,Sandstone
12.325762749,2.2866029739,0.3586702049,95.944992065,Sandstone
12.37596035,2.271207571,0.3679709733,97.055992126,Sandstone
12.3910923,2.2793679237,0.3594557643,97.088485718,Sandstone
12.406813622,2.3083264828,0.3472440541,96.23790741,Sandstone
12.408517838,2.333114624,0.3477781117,95.380226135,Sandstone
12.400643349,2.3294785023,0.3594236374,95.272941589,Sandstone
12.406080246,2.2972664833,0.3607372046,96.129486084,Sandstone
12.410176277,2.2546377182,0.3437640667,97.67175293,Sandstone
12.459451675,2.2168111801,0.3246311545,99.396240234,Sandstone
12.520161629,2.1910436153,0.3153572083,100.7880249,Sandstone
12.606070518,2.1780736446,0.3157579601,101.44351196,Sandstone
12.711089134,2.1743497849,0.3189884424,101.27784729,Sandstone
12.740242004,2.1794476509,0.3230705559,100.45491791,Sandstone
12.70950985,2.1951971054,0.3309850395,99.440071106,Sandstone
12.689393997,2.2192893028,0.3436815739,98.801994324,Sandstone
12.682085037,2.2410039902,0.3601074815,98.826934814,Sandstone
12.65941143,2.2483727932,0.3745271862,99.528335571,Sandstone
12.628487587,2.2426085472,0.3858405054,100.85730743,Sandstone
12.61274147,2.2312130928,0.3950332105,102.85538483,Sandstone
12.610989571,2.2162108421,0.3933842778,105.4239502,Sandstone
12.612486839,2.1935331821,0.3648782969,107.9573822,Sandstone
12.618245125,2.1647191048,0.3135616481,109.67852783,Sandstone
12.63640213,2.1425852776,0.2685312629,110.19098663,Sandstone
12.660460472,2.1376302242,0.2499991953,109.71820831,Sandstone
12.730331421,2.1483297348,0.2547327578,108.78838348,Sandstone
12.804340363,2.1626935005,0.2658232152,107.64112091,Sandstone
12.843690872,2.1680107117,0.2706741691,106.16614532,Sandstone
12.859566689,2.1606786251,0.2736966908,104.52500916,Sandstone
12.839716911,2.1484980583,0.2838953435,103.30059814,Sandstone
12.811890602,2.144472599,0.2992396951,102.94827271,Sandstone
12.79784584,2.158752203,0.3075372279,103.25225067,Sandstone
12.76925087,2.1881296635,0.3045395911,103.20623779,Sandstone
12.760958672,2.2175211906,0.3001174927,101.96805573,Sandstone
12.786241531,2.2376067638,0.3035564125,99.673538208,Sandstone
12.813097,2.2537295818,0.3170315027,97.359283447,Sandstone
12.849017143,2.2750706673,0.3369629681,95.994552612,Sandstone
12.89077282,2.302485466,0.3582002521,95.758872986,Sandstone
12.9333601,2.330373764,0.3765918016,96.310455322,Sandstone
12.949403763,2.3517358303,0.3794401288,97.121551514,Sandstone
12.442333221,2.2955853939,0.4251683354,110.5029068,Sandstone
12.425867081,2.2807927132,0.4991503954,110.05249023,Sandstone
12.456003189,2.2408645153,0.6112454534,109.3004837,Sandstone
12.600439072,2.2017202377,0.6929864287,108.94647217,Sandstone
12.338965416,2.2703475952,0.3457903862,103.67465973,Sandstone
12.34581852,2.2660212517,0.4179491401,104.94854736,Sandstone
12.38220787,2.2698042393,0.4940438271,106.98536682,Sandstone
12.435512543,2.2783610821,0.5325316191,108.88436127,Sandstone
12.452266693,2.2863514423,0.5374155045,110.11717987,Sandstone
12.231747627,2.2332026958,0.2614306808,95.129112244,Sandstone
12.206354141,2.2547564507,0.256470263,93.127204895,Sandstone
12.205410004,2.273526907,0.2543975115,91.885795593,Sandstone
12.195261002,2.2842760086,0.2575099468,91.475990295,Sandstone
12.181396484,2.2841660976,0.267244339,91.778137207,Sandstone
12.244060516,2.2751369476,0.2849646807,92.449966431,Sandstone
12.384710312,2.2677395344,0.3109110594,93.107299805,Sandstone
12.457499504,2.2733755112,0.341041714,93.596092224,Sandstone
12.426328659,2.2929580212,0.3669408858,94.029930115,Sandstone
12.368507385,2.3157165051,0.3858718872,94.744888306,Sandstone
12.341828346,2.3247485161,0.4043307602,96.073722839,Sandstone
12.28718853,2.3097784519,0.4232353866,97.880470276,Sandstone
12.172899246,2.2805747986,0.4305132329,99.491920471,Sandstone
12.079122543,2.2605280876,0.4182181656,100.20808411,Sandstone
12.068392754,2.2648398876,0.3983823359,100.00396729,Sandstone
12.082056999,2.2900748253,0.3779063225,99.670066833,Sandstone
12.1633358,2.3206553459,0.3429824114,99.95148468,Sandstone
12.874361992,2.390607357,0.1823263019,85.8020401,Sandstone
12.739032745,2.4558999538,0.2242196053,84.082679749,Sandstone
12.419065475,2.4871749878,0.2686132491,85.463363647,Sandstone
12.227004051,2.4635560513,0.2872671783,88.41835022,Sandstone
12.180067062,2.4154510498,0.2768905461,91.179786682,Sandstone
12.200781822,2.3732264042,0.2666228414,92.944099426,Sandstone
12.254738808,2.3394639492,0.2714603841,93.940681458,Sandstone
12.360701561,2.3062281609,0.2883416712,94.83807373,Sandstone
12.5989151,2.2732150555,0.3139597178,96.138061523,Sandstone
12.80527401,2.2551734447,0.3461763263,97.865531921,Sandstone
12.831131935,2.2624363899,0.3785905242,99.603881836,Sandstone
12.81672287,2.2887802124,0.4030356705,100.84242249,Sandstone
12.736650467,2.3172602654,0.4200073183,101.2953186,Sandstone
12.52690506,2.3345236778,0.4353278577,101.18716431,Sandstone
12.260071754,2.3428516388,0.4462727606,101.17734528,Sandstone
12.062743187,2.3511183262,0.4315102398,101.6966095,Sandstone
12.018609047,2.3641695976,0.3860315979,102.48029327,Sandstone
12.054764748,2.3778953552,0.337310195,102.83772278,Sandstone
12.256640434,2.3165359497,0.2311253697,96.323638916,Sandstone
12.254007339,2.286888361,0.2351504117,94.852401733,Sandstone
12.276407242,2.2715370655,0.2531428337,92.993095398,Sandstone
12.306797028,2.2640860081,0.2827896476,91.787582397,Sandstone
12.29453373,2.2668068409,0.3272099495,92.523910522,Sandstone
12.270656586,2.2883808613,0.3912240565,95.342102051,Sandstone
12.235876083,2.3314397335,0.4726327658,98.789077759,Sandstone
12.227320671,2.3760726452,0.5474331379,100.93130493,Sandstone
12.557575226,2.1894142628,0.3046849966,98.763183594,Sandstone
12.563055038,2.2026660442,0.3399558365,98.628822327,Sandstone
12.582528114,2.2149178982,0.3570434153,98.926185608,Sandstone
12.638326645,2.2113687992,0.3591246307,99.463363647,Sandstone
12.752469063,2.1971213818,0.3608161509,100.27718353,Sandstone
12.860866547,2.1874847412,0.364400804,101.16599274,Sandstone
12.908716202,2.186937809,0.3656585813,101.70297241,Sandstone
12.932344437,2.1900391579,0.3598448038,101.69644928,Sandstone
12.956748962,2.1902122498,0.346052736,101.33872223,Sandstone
12.953681946,2.1875171661,0.3316733241,100.96382904,Sandstone
12.941373825,2.1862239838,0.325760901,100.61299133,Sandstone
12.933900833,2.1861276627,0.3190783858,99.948051453,Sandstone
12.925813675,2.18998909,0.3101154566,98.77230835,Sandstone
12.947641373,2.1932003498,0.3021839857,97.230903625,Sandstone
12.970479965,2.1945574284,0.2956395745,95.697341919,Sandstone
12.956925392,2.194098711,0.2965667546,94.570930481,Sandstone
12.937480927,2.1933529377,0.3059829175,94.05581665,Sandstone
12.929396629,2.1943237782,0.3198974133,94.107666016,Sandstone
12.980213165,2.1976733208,0.3373160362,94.361152649,Sandstone
13.080985069,2.2011516094,0.3573894203,94.273353577,Sandstone
13.161754608,2.2028598785,0.3755064309,93.536857605,Sandstone
13.20976162,2.2040309906,0.3847939074,92.265823364,Sandstone
13.271690369,2.208840847,0.3818449676,91.079597473,Sandstone
13.366570473,2.2168402672,0.3671075702,90.795623779,Sandstone
13.403335571,2.2214999199,0.3416488469,91.696983337,Sandstone
13.440099716,2.2194530964,0.3068906665,93.407020569,Sandstone
13.476863861,2.2122554779,0.2804167867,95.255355835,Sandstone
13.430638313,2.203517437,0.2781892717,96.593437195,Sandstone
13.082447052,2.1964027882,0.2926704288,97.026679993,Sandstone
13.011366844,2.1923880577,0.3053234518,96.617218018,Sandstone
12.953327179,2.195864439,0.3082415462,95.810531616,Sandstone
12.758387566,2.209764719,0.3114072978,95.188659668,Sandstone
12.52018261,2.2281560898,0.3239447773,95.254005432,Sandstone
12.48593235,2.2393088341,0.339389801,96.012695313,Sandstone
12.538556099,2.2389583588,0.3391549289,96.855827332,Sandstone
12.592324257,2.235216856,0.3282308578,97.19052887,Sandstone
12.609992981,2.2307705879,0.3154094219,97.145469666,Sandstone
12.589734077,2.2235145569,0.2951710224,96.613349915,Sandstone
12.565912247,2.2208738327,0.2893134058,95.572135925,Sandstone
12.612642288,2.220420599,0.2975549698,94.554161072,Sandstone
12.692002296,2.2176289558,0.3085202277,94.030754089,Sandstone
12.822704315,2.2126569748,0.3092380464,94.148605347,Sandstone
12.913841248,2.2080621719,0.300947696,94.679275513,Sandstone
12.943223953,2.2076473236,0.2949206531,95.240531921,Sandstone
12.944401741,2.2126309872,0.2966489494,95.560447693,Sandstone
12.937289238,2.2185254097,0.30463624,95.606025696,Sandstone
12.908606529,2.220230341,0.3133595884,95.534736633,Sandstone
12.867863655,2.2166287899,0.3172678649,95.476165771,Sandstone
12.833049774,2.21230793,0.31271559,95.412010193,Sandstone
12.813073158,2.2134017944,0.3034154475,95.230735779,Sandstone
12.829761505,2.2197418213,0.294228524,94.805397034,Sandstone
12.846648216,2.2261288166,0.2906900048,94.14125061,Sandstone
12.900782585,2.2272276878,0.2938336432,93.42905426,Sandstone
12.99663353,2.2231752872,0.2991860211,92.9217453,Sandstone
13.073690414,2.217774868,0.3071444333,92.821540833,Sandstone
13.098796844,2.2151224613,0.3173850477,93.237815857,Sandstone
13.136674881,2.2167677879,0.3243062496,94.093322754,Sandstone
13.184366226,2.2194635868,0.3245316148,95.143432617,Sandstone
13.185912132,2.2211637497,0.3276256323,96.038215637,Sandstone
13.208404541,2.2220642567,0.3397473693,96.305183411,Sandstone
13.297698975,2.223927021,0.3500235379,95.748596191,Sandstone
13.329032898,2.2263879776,0.3474891782,95.036590576,Sandstone
13.265723228,2.2288107872,0.3441008031,94.406181335,Sandstone
13.06523037,2.2300207615,0.3316962421,93.73210144,Sandstone
12.87904644,2.2228622437,0.3073973358,93.424697876,Sandstone
12.869615555,2.2122867107,0.2467222959,93.130119324,Sandstone
12.869973183,2.2026870251,0.1811480224,91.57371521,Sandstone
12.850362778,2.1995341778,0.1390003413,87.9323349,Sandstone
12.680754662,2.2163670063,0.1180494055,82.879302979,Sandstone
12.476648331,2.2691590786,0.1048580036,78.135993958,Sandstone
12.41752243,2.3657450676,0.0909047872,75.188308716,Sandstone
12.348649025,2.4829349518,0.0782668963,74.260452271,Limestone
12.264252663,2.5677115917,0.0734797791,74.232574463,Limestone
12.295016289,2.5883107185,0.079784058,73.888305664,Limestone
12.44844532,2.5603573322,0.0962371007,73.218559265,Limestone
12.571857452,2.5029351711,0.1316166967,73.516853333,Limestone
12.611686707,2.4373037815,0.2126579881,76.377540588,Limestone
12.61457634,2.3842182159,0.3907593787,82.323699951,Limestone
12.614191055,2.3547925949,0.6935449839,90.196990967,Sandstone
12.227316856,2.2612760067,0.3104841113,93.781021118,Sandstone
12.114117622,2.2453050613,0.3157474995,91.779792786,Sandstone
12.169329643,2.2450754642,0.3030005395,91.851394653,Sandstone
12.230348587,2.2480077744,0.2816488147,93.834396362,Sandstone
12.225221634,2.2544205189,0.2772293985,96.23286438,Sandstone
12.178233147,2.2674181461,0.2936850488,97.038040161,Sandstone
12.101968765,2.2845926285,0.3175988197,95.3983078,Sandstone
12.048648834,2.301071167,0.3292071819,92.34941864,Sandstone
12.019795418,2.3093383312,0.3243953586,89.89932251,Sandstone
12.011519432,2.304623127,0.3127510846,89.453697205,Sandstone
12.033165932,2.2920238972,0.3065367043,90.730644226,Sandstone
12.025911331,2.279774189,0.3036266267,92.235107422,Sandstone
12.038859367,2.2701704502,0.2977740467,92.646636963,Sandstone
12.051970482,2.2602846622,0.2938259542,92.083488464,Sandstone
12.069180489,2.2482740879,0.2947384715,91.418380737,Sandstone
12.142780304,2.2355029583,0.297688812,91.315696716,Sandstone
12.216407776,2.2264618874,0.3026469648,92.120315552,Sandstone
12.26220417,2.2237813473,0.3071216941,93.553878784,Sandstone
12.27064991,2.2260341644,0.3060349822,95.122612,Sandstone
12.182121277,2.229241848,0.2964816988,96.395996094,Sandstone
12.102972031,2.228985548,0.2829752266,97.001533508,Sandstone
12.085432053,2.224624157,0.2793067694,96.861663818,Sandstone
12.090110779,2.2165596485,0.2880664468,96.400863647,Sandstone
12.096466064,2.2090859413,0.2984805703,96.134567261,Sandstone
12.091199875,2.2054915428,0.2979726791,96.193214417,Sandstone
12.08941555,2.2084066868,0.2919744551,96.4348526,Sandstone
12.086158752,2.2168550491,0.2950959206,96.532836914,Sandstone
12.063416481,2.2241182327,0.3096801937,96.334938049,Sandstone
12.074929237,2.2249865532,0.326872617,96.08782959,Sandstone
12.087827682,2.221331358,0.3309231102,95.928237915,Sandstone
12.090662956,2.2214488983,0.3252112567,95.732597351,Sandstone
12.054445267,2.228808403,0.3179856837,95.382217407,Sandstone
12.015571594,2.2408103943,0.3084938526,94.769767761,Sandstone
12.023025513,2.2524068356,0.2948902547,94.027839661,Sandstone
12.065836906,2.2609860897,0.2783583403,93.500274658,Sandstone
12.109383583,2.2661511898,0.2672560215,93.360160828,Sandstone
12.139555931,2.2670395374,0.2630256414,93.549583435,Sandstone
12.142443657,2.2617294788,0.2635194063,93.831718445,Sandstone
12.16168499,2.2520163059,0.2663971484,93.91443634,Sandstone
12.187255859,2.2422838211,0.269759059,93.767662048,Sandstone
12.217756271,2.2344791889,0.2699363828,93.677391052,Sandstone
12.243823051,2.2300226688,0.2646753192,93.855186462,Sandstone
12.246129036,2.2280788422,0.259300977,94.236839294,Sandstone
12.224385262,2.2284872532,0.2603676915,94.565155029,Sandstone
12.187295914,2.232270956,0.2714776099,94.628494263,Sandstone
12.147021294,2.2392303944,0.2875880599,94.544219971,Sandstone
12.128275871,2.2456417084,0.2970759571,94.507148743,Sandstone
12.106024742,2.24781847,0.293538928,94.484481812,Sandstone
12.103959084,2.2471454144,0.2821208537,94.298042297,Sandstone
12.120469093,2.2463653088,0.2741406262,93.753570557,Sandstone
12.137686729,2.2463908195,0.2763788104,92.977935791,Sandstone
12.159844398,2.2473676205,0.2821166515,92.380279541,Sandstone
12.156858444,2.2481703758,0.2819657326,92.290153503,Sandstone
12.117054939,2.2486450672,0.2763645351,92.745651245,Sandstone
12.072241783,2.2491695881,0.2702181935,93.509605408,Sandstone
12.051243782,2.2479093075,0.2661382854,94.243659973,Sandstone
12.061233521,2.2444000244,0.2617532313,94.630882263,Sandstone
12.080852509,2.2422003746,0.2563864887,94.594711304,Sandstone
12.08962822,2.2445139885,0.2542694807,94.201980591,Sandstone
12.095077515,2.248860836,0.2619150281,93.632469177,Sandstone
12.128961563,2.2498762608,0.2778673768,93.145751953,Sandstone
12.193688393,2.2451431751,0.2943528295,92.745223999,Sandstone
12.232178688,2.2365219593,0.3058447242,92.452575684,Sandstone
12.218430519,2.2311091423,0.3089883327,92.711578369,Sandstone
12.194687843,2.2369167805,0.3184956014,94.280204773,Sandstone
12.191114426,2.2551703453,0.3628334701,97.704681396,Sandstone
12.20128727,2.3306970596,0.2655573189,97.054260254,Sandstone
12.212356567,2.3038563728,0.2550101578,96.236564636,Sandstone
12.252414703,2.2760510445,0.2592335939,95.887641907,Sandstone
12.276656151,2.2543401718,0.2672601342,95.66330719,Sandstone
12.278576851,2.2409689426,0.2694613636,95.31993103,Sandstone
12.289164543,2.2354664803,0.2676739097,94.922714233,Sandstone
12.331998825,2.236114502,0.2724907994,94.625015259,Sandstone
12.319312096,2.2416036129,0.2882407606,94.513931274,Sandstone
12.235425949,2.2488868237,0.3051584661,94.574623108,Sandstone
12.167961121,2.252448082,0.3044121563,94.582237244,Sandstone
12.132685661,2.2499012947,0.2848517001,94.348320007,Sandstone
12.103588104,2.2467849255,0.2650474608,93.973495483,Sandstone
12.059098244,2.2479035854,0.2616806924,93.546600342,Sandstone
11.971794128,2.2517664433,0.2783282399,92.965118408,Sandstone
11.952510834,2.2540054321,0.300696671,92.196456909,Sandstone
11.962880135,2.2526898384,0.312602669,91.334922791,Sandstone
11.910194397,2.2491459846,0.3056206107,90.64591217,Sandstone
11.925148964,2.2465977669,0.2901402414,90.466415405,Sandstone
11.999755859,2.2466433048,0.2820838094,90.749588013,Sandstone
12.053221703,2.2460744381,0.2828544378,91.158409119,Sandstone
12.105499268,2.2443757057,0.2826798856,91.586273193,Sandstone
12.155229568,2.2449529171,0.2734217644,92.093360901,Sandstone
12.173811913,2.2478001118,0.2606658936,92.677574158,Sandstone
12.169699669,2.2495679855,0.2520443797,93.237350464,Sandstone
12.18192482,2.2481358051,0.250223428,93.501647949,Sandstone
12.192209244,2.2461533546,0.2537052929,93.350723267,Sandstone
12.16174984,2.2478337288,0.2591951787,93.072410583,Sandstone
12.105427742,2.2530441284,0.2652634382,92.936889648,Sandstone
12.040229797,2.2574546337,0.2715267539,92.94556427,Sandstone
11.991926193,2.2588484287,0.2768115401,92.902633667,Sandstone
11.978442192,2.2606077194,0.2808406651,92.62588501,Sandstone
11.974583626,2.2642705441,0.2839236259,92.292442322,Sandstone
11.975869179,2.2661862373,0.2878498137,92.342628479,Sandstone
12.00494194,2.2637534142,0.2935715318,93.093070984,Sandstone
12.080658913,2.2592442036,0.2947672606,94.423103333,Sandstone
12.145209312,2.2547121048,0.2851994634,95.8409729,Sandstone
12.194163322,2.2474722862,0.2673472166,96.832847595,Sandstone
12.242305756,2.2359497547,0.2514475584,97.133354187,Sandstone
12.302459717,2.2223584652,0.2482735217,96.719963074,Sandstone
12.40041256,2.211537838,0.2610144615,95.733222961,Sandstone
12.447711945,2.2121047974,0.2835887969,94.442550659,Sandstone
12.394265175,2.2264184952,0.3045379221,93.242202759,Sandstone
12.281852722,2.2499237061,0.3151050508,92.609710693,Sandstone
12.216668129,2.2732715607,0.3135394752,92.760276794,Sandstone
12.21125412,2.2846107483,0.302436918,93.569160461,Sandstone
12.23716259,2.2799737453,0.2848648727,94.780326843,Sandstone
12.233696938,2.2656216621,0.2635273635,96.024833679,Sandstone
12.159748077,2.2509021759,0.2483013719,96.987335205,Sandstone
12.109318733,2.2389559746,0.2473931015,97.558311462,Sandstone
12.131886482,2.2318735123,0.2603777647,97.657035828,Sandstone
12.200707436,2.2296733856,0.2777567804,97.223762512,Sandstone
12.275089264,2.2305784225,0.2860326171,96.428771973,Sandstone
12.344049454,2.2339065075,0.2812799811,95.654411316,Sandstone
12.384566307,2.2362535,0.267881602,95.307624817,Sandstone
12.392921448,2.2350447178,0.2534461021,95.665039063,Sandstone
12.386470795,2.2317683697,0.245573923,96.492980957,Sandstone
12.363883972,2.2303557396,0.2552820146,97.150520325,Sandstone
12.326173782,2.2315819263,0.2890470326,97.181381226,Sandstone
12.29572773,2.2359044552,0.3365188837,96.516975403,Sandstone
12.609074593,2.3041467667,0.3777752221,100.03122711,Sandstone
12.646753311,2.2423279285,0.3708332181,101.45982361,Sandstone
12.642298698,2.2053797245,0.3386170864,101.18318176,Sandstone
12.606472969,2.2015039921,0.3099444807,99.499832153,Sandstone
12.548584938,2.2187156677,0.2992092967,97.583557129,Sandstone
12.452952385,2.2357840538,0.3012727499,96.5366745,Sandstone
12.357571602,2.240373373,0.3054695427,96.498382568,Sandstone
12.297334671,2.235421896,0.3083662093,96.635742188,Sandstone
12.270723343,2.2311336994,0.3090421557,95.955741882,Sandstone
12.323025703,2.235804081,0.3050811291,94.213867188,Sandstone
12.407953262,2.2494056225,0.2980151474,92.183044434,Sandstone
12.435432434,2.265847683,0.2947864234,90.955429077,Sandstone
12.450276375,2.2786149979,0.3049026728,91.261291504,Sandstone
12.200187683,2.2144298553,0.2806570828,98.65574646,Sandstone
12.287603378,2.2267947197,0.2691886127,96.201469421,Sandstone
12.38639164,2.2345945835,0.2695328295,93.929588318,Sandstone
12.42701149,2.2297925949,0.2818663716,92.142997742,Sandstone
12.423687935,2.222881794,0.3069697917,91.138511658,Sandstone
12.396725655,2.2276346684,0.3320460021,90.94707489,Sandstone
12.438036919,2.2494452,0.3371449411,91.259094238,Sandstone
12.438627243,2.3823568821,0.3814652264,93.005256653,Sandstone
12.402952194,2.364095211,0.4058670104,92.931427002,Sandstone
12.369585991,2.3413698673,0.3928354084,92.95199585,Sandstone
12.321909904,2.3225128651,0.36856094,92.972557068,Sandstone
12.253352165,2.3013441563,0.3321300745,92.882453918,Sandstone
12.142875671,2.2896678448,0.2973616123,92.64667511,Sandstone
12.065073013,2.2938396931,0.2868410647,92.370178223,Sandstone
12.060033798,2.2962732315,0.2968005538,92.147956848,Sandstone
12.079585075,2.2832839489,0.3133738041,92.063102722,Sandstone
12.102885246,2.2682142258,0.3204656541,92.215835571,Sandstone
12.460643768,2.3463099003,0.2855145037,103.138237,Sandstone
12.419600487,2.315322876,0.3013341129,105.71876526,Sandstone
12.347694397,2.3021290302,0.3490077555,107.88923645,Sandstone
12.330685616,2.1258862019,0.4147496819,111.61678314,Sandstone
12.32178688,2.1619150639,0.2808011472,109.20998383,Sandstone
12.333774567,2.2170596123,0.2293416411,105.53433228,Sandstone
12.386577606,2.2758612633,0.241990909,101.69543457,Sandstone
12.421568871,2.3150346279,0.3047513068,98.861053467,Sandstone
12.360813141,2.3281936646,0.4092803895,98.225288391,Sandstone
12.255713463,2.3269946575,0.5401191711,100.3528595,Sandstone
12.313964844,2.397100687,0.238817364,104.47176361,Sandstone
12.430887222,2.4227333069,0.2649483085,102.33001709,Sandstone
12.451278687,2.4262366295,0.3488657475,102.01449585,Sandstone
12.417420387,2.4179766178,0.4519094825,102.56169891,Sandstone
12.447138786,2.4182624817,0.5304876566,102.4985199,Sandstone
12.184116364,2.2830615044,0.2954507172,97.643684387,Sandstone
12.200312614,2.2463781834,0.2799129188,94.751693726,Sandstone
12.196554184,2.2411773205,0.2669870257,91.597007751,Sandstone
9.5551996231,2.3565070629,0.4044165313,121.61368561,SandstoneShale
9.6276540756,2.3762333393,0.3733606339,122.74771881,SandstoneShale
9.7821216583,2.3500828743,0.3620834947,123.35110474,SandstoneShale
9.8354139328,2.3030471802,0.3792822659,123.00679016,SandstoneShale
9.6444578171,2.266220808,0.3884117603,121.62081909,SandstoneShale
9.3689231873,2.2816507816,0.3972591162,119.30921936,SandstoneShale
9.223110199,2.3375735283,0.3809304237,117.86288452,SandstoneShale
9.212020874,2.3720254898,0.3619448841,118.17791748,SandstoneShale
9.275270462,2.3630800247,0.3589118719,120.23781586,SandstoneShale
9.2376508713,2.3957915306,0.3362017572,114.42536163,Limestone
9.3179225922,2.4145030975,0.326706171,115.75183105,Limestone
9.3883695602,2.4391450882,0.335216105,117.31742859,Limestone
9.0192556381,2.405352354,0.3570348918,114.42113495,Limestone
9.0002279282,2.392285347,0.3768485188,118.38415527,Limestone
9.0002727509,2.3470506668,0.3913392723,121.19141388,Limestone
9.0172052383,2.3087756634,0.3831551671,122.36083984,Limestone
8.9590234756,2.3620047569,0.2913114727,119.57881165,Sandstone
8.9585866928,2.3477454185,0.3023695648,121.35084534,Sandstone
8.9608478546,2.3163609505,0.3216540217,121.94304657,Sandstone
8.9624547958,2.2838149071,0.33205387,121.62981415,Sandstone
8.9621887207,2.2650780678,0.3286675513,120.92133331,Sandstone
8.9599094391,2.2659113407,0.3219323456,120.59449005,Sandstone
8.9605369568,2.2846238613,0.3221927583,121.58453369,Sandstone
8.968079567,2.3134377003,0.3372995555,122.74606323,Sandstone
8.741689682,2.3019542694,0.3040553629,113.43421173,Sandstone
8.7202892303,2.2884020805,0.2985959947,113.78623199,Sandstone
8.6674642563,2.2709255219,0.2955068052,115.42700195,Sandstone
8.5921049118,2.2657773495,0.3037486076,118.13752747,Sandstone
8.5386886597,2.2650082111,0.3263290524,120.78432465,Sandstone
8.6822061539,2.297513485,0.3108163178,108.25034332,Sandstone
8.6940231323,2.3147957325,0.2991317809,110.17460632,Sandstone
8.7093935013,2.3270897865,0.3000940979,112.6893692,Sandstone
8.7199401855,2.3294696808,0.3173120916,115.00056458,Sandstone
8.7244005203,2.3218643665,0.3444507718,117.4123764,Sandstone
8.4640283585,2.2440216541,0.3433990777,113.18321991,Sandstone
8.468996048,2.2172753811,0.370053947,116.15144348,Sandstone
8.4811105728,2.1858012676,0.3728554249,117.9280014,Sandstone
8.5117464066,2.1832790375,0.3671965003,117.66223145,Sandstone
8.4621515274,2.2675967216,0.2875361443,94.311325073,Sandstone
8.4433526993,2.2822356224,0.2861772776,96.997703552,Sandstone
8.442284584,2.3042032719,0.2941933274,100.55677032,Sandstone
8.4610071182,2.3222389221,0.309576869,104.95180511,Sandstone
8.4949359894,2.3242416382,0.3341645002,110.24233246,Sandstone
8.5698575974,2.3095810413,0.3588570356,116.26287842,Sandstone
8.7104721069,2.2850894928,0.3750321269,121.34737396,Sandstone
8.4689750671,2.4328632355,0.2092592418,94.709312439,Limestone
8.4611730576,2.4766340256,0.1873006523,106.18784332,Limestone
8.4598398209,2.4965398312,0.2005513012,117.14717102,Limestone
8.4597177505,2.4325060844,0.2578853369,123.67597198,Limestone
8.4785728455,2.2944476604,0.3665182889,126.6907959,Limestone
8.5555524826,2.1655240059,0.4988909066,127.50657654,Limestone
8.6437234879,2.3440063,0.3326180875,84.96811676,Limestone
9.1616315842,2.4243943691,0.356734544,104.9441452,Limestone
9.167760849,2.3967635632,0.329323113,105.21831512,Limestone
9.1637306213,2.3692529202,0.2974075675,107.53391266,Limestone
9.1615848541,2.3569624424,0.2865586877,111.88778687,Limestone
9.1610593796,2.3419964314,0.3041222394,116.82056427,Limestone
8.8231191635,2.5094327927,0.2434720397,98.87361145,Limestone
8.8177280426,2.526504755,0.2218312025,109.45942688,Limestone
8.8107194901,2.5461010933,0.239413172,123.42900085,Limestone
8.8137464523,2.5316736698,0.2909152508,128.23735046,Limestone
8.672794342,2.2892639637,0.1791506708,124.00919342,Limestone
8.6609048843,2.3629002571,0.1556845456,128.15672302,Limestone
8.6812391281,2.3982157707,0.1660031378,130.09249878,Limestone
8.8162355423,2.2528808117,0.2750345469,92.616256714,Limestone
8.653834343,2.2974061966,0.2113027871,89.21295166,Limestone
8.5179357529,2.3219358921,0.1722215116,91.138000488,Limestone
8.4921503067,2.3363797665,0.1721798778,100.76332092,Limestone
8.4985790253,2.3642857075,0.2149138749,111.79865265,Limestone
8.5050086975,2.3571178913,0.2900243402,118.84080505,Limestone
9.4083328247,2.1410133839,0.3580779731,116.50319672,Limestone
9.4064407349,2.2147240639,0.2316028625,109.29393005,Limestone
9.2036781311,2.2939836979,0.1388019472,101.76704407,Limestone
8.8429822922,2.3494594097,0.0930021927,94.856147766,Limestone
8.5516529083,2.4048633575,0.0861079171,89.507232666,Limestone
8.4061841965,2.4492609501,0.1078250483,87.410011292,Limestone
8.3611927032,2.4384992123,0.152849853,87.991790771,Limestone
8.3519611359,2.3803725243,0.2088778019,89.834320068,Limestone
8.3500738144,2.3193120956,0.2508628666,91.165512085,Sandstone
8.3480844498,2.2833399773,0.2686478794,91.328849792,Sandstone
8.3479413986,2.2666299343,0.2614774406,90.72870636,Sandstone
8.3517599106,2.2537608147,0.2348083556,89.994689941,Sandstone
8.3550729752,2.2431161404,0.2112334967,89.39289856,Sandstone
8.3546714783,2.2393534184,0.2030696273,88.829208374,Sandstone
8.3532457352,2.2460484505,0.204943195,88.264808655,Sandstone
8.3533334732,2.2621512413,0.2066838294,87.614395142,Sandstone
8.3539094925,2.2816109657,0.2039938867,86.805877686,Sandstone
8.354426384,2.2913169861,0.2012433559,86.091995239,Sandstone
8.3548126221,2.2883586884,0.2005048841,85.617744446,Sandstone
8.3545236588,2.2820355892,0.2009390146,85.277587891,Sandstone
8.3558864594,2.2779455185,0.2025962025,85.031036377,Sandstone
8.3600931168,2.276021719,0.2038618922,84.71031189,Sandstone
8.3606719971,2.2748472691,0.2025899291,84.531028748,Sandstone
8.3538274765,2.2748816013,0.1999183446,84.714935303,Sandstone
8.3476867676,2.2760109901,0.1998774558,85.08959198,Sandstone
8.3481760025,2.2747659683,0.2072325647,85.237571716,Sandstone
8.3509845734,2.2680110931,0.2203156948,85.128662109,Sandstone
8.3529548645,2.2576508522,0.2304125577,85.000923157,Sandstone
8.3559398651,2.2489519119,0.2344464958,84.935836792,Sandstone
8.3593053818,2.244784832,0.2367218584,85.041099548,Sandstone
8.3597221375,2.2431035042,0.2341607064,85.47543335,Sandstone
8.3576927185,2.240593195,0.2215625346,86.186431885,Sandstone
8.3572120667,2.237026453,0.2113241851,87.071243286,Sandstone
8.3584375381,2.2347679138,0.2106316239,87.75629425,Sandstone
8.3566150665,2.2347459793,0.2102834731,88.111251831,Sandstone
8.3520383835,2.2354562283,0.2089452744,88.274597168,Sandstone
8.3503522873,2.2360935211,0.2094582319,88.336547852,Sandstone
8.3522396088,2.2381103039,0.2098045796,88.436668396,Sandstone
8.3542051315,2.2423038483,0.20939143,88.547927856,Sandstone
8.3552732468,2.2458589077,0.2095479667,88.716094971,Sandstone
8.3564023972,2.2449369431,0.2107805163,88.895545959,Sandstone
8.3573102951,2.2392282486,0.2124619037,89.080909729,Sandstone
8.3565139771,2.2311813831,0.2137716264,89.252296448,Sandstone
8.3530025482,2.2228415012,0.2154049873,89.409439087,Sandstone
8.3485984802,2.2158818245,0.2174826711,89.561714172,Sandstone
8.3465328217,2.2115154266,0.2175392061,89.760559082,Sandstone
8.347899437,2.2088732719,0.2155919373,89.798713684,Sandstone
8.3515338898,2.2064878941,0.2157129794,89.599395752,Sandstone
8.354549408,2.2049310207,0.2180163264,89.433395386,Sandstone
8.3559494019,2.2048902512,0.2192066461,89.319007874,Sandstone
8.3580465317,2.2044429779,0.2180350274,89.297859192,Sandstone
8.3612003326,2.2024726868,0.2154602557,89.290512085,Sandstone
8.3627405167,2.2023611069,0.2150611579,89.326469421,Sandstone
8.3613815308,2.2048070431,0.2194626182,89.476890564,Sandstone
8.35825634,2.2066819668,0.2254636735,89.732040405,Sandstone
8.3556718826,2.2071895599,0.2294128984,90.142784119,Sandstone
8.3552160263,2.2063143253,0.2309471369,90.577941895,Sandstone
8.3551073074,2.2048206329,0.2289410681,90.861221313,Sandstone
8.3539686203,2.2039387226,0.2236511111,91.034240723,Sandstone
8.3529186249,2.2066075802,0.2190175354,91.136573792,Sandstone
8.351319313,2.210208416,0.2174568772,91.238128662,Sandstone
8.347992897,2.21007967,0.2175921649,91.291778564,Sandstone
8.34516716,2.209757328,0.2176385522,91.309875488,Sandstone
8.3447008133,2.2080299854,0.2176609337,91.322319031,Sandstone
8.3464422226,2.2029430866,0.2189225703,91.323707581,Sandstone
8.3521595001,2.2018027306,0.2218104005,91.329307556,Sandstone
8.3607673645,2.2073292732,0.224613145,91.346954346,Sandstone
8.3651313782,2.2112257481,0.2252828777,91.378227234,Sandstone
8.3634843826,2.2125785351,0.224601388,91.328041077,Sandstone
8.3627290726,2.2124233246,0.2250899523,91.16872406,Sandstone
8.367814064,2.2089471817,0.2265510112,90.962562561,Sandstone
8.3780851364,2.2015140057,0.2262430638,90.816589355,Sandstone
8.3887243271,2.1949329376,0.2236907184,90.818267822,Sandstone
8.3934354782,2.1975135803,0.2221549004,90.704833984,Sandstone
8.3913440704,2.2067203522,0.2234028429,90.688667297,Sandstone
8.3866558075,2.2117519379,0.2248453945,90.878761292,Sandstone
8.3833274841,2.2107231617,0.2244666815,91.014175415,Sandstone
8.38484478,2.2073221207,0.223790586,91.12374115,Sandstone
8.3912715912,2.2057688236,0.2244030833,91.165229797,Sandstone
8.3973751068,2.2082819939,0.2254516184,91.189376831,Sandstone
8.4006328583,2.2108542919,0.2267384827,91.195007324,Sandstone
8.4029321671,2.2093515396,0.2293547094,91.218254089,Sandstone
8.4039354324,2.2080955505,0.2332146615,91.260818481,Sandstone
8.4028253555,2.2075555325,0.2370459884,91.345352173,Sandstone
8.402381897,2.2051072121,0.2394571751,91.438262939,Sandstone
8.4045724869,2.2037265301,0.2398601919,91.459732056,Sandstone
8.4073486328,2.2042925358,0.23863855,91.476852417,Sandstone
8.406876564,2.2050504684,0.2358565181,91.487258911,Sandstone
8.4040317535,2.2053380013,0.23251082,91.402748108,Sandstone
8.4029741287,2.2089381218,0.2314800918,91.239608765,Sandstone
8.4017620087,2.2195134163,0.2330777049,91.027702332,Sandstone
8.3950977325,2.2303514481,0.2334535122,90.734672546,Sandstone
8.3879709244,2.2314476967,0.2306062281,90.250732422,Sandstone
8.388958931,2.2255861759,0.2279149145,89.685890198,Sandstone
8.3961610794,2.220767498,0.2279501259,89.332374573,Sandstone
8.401597023,2.2188808918,0.2280636877,89.06980896,Sandstone
8.4027729034,2.2182044983,0.2253179699,88.901779175,SandstoneShale
8.4026565552,2.2201080322,0.2208947688,88.846946716,SandstoneShale
8.4049758911,2.2229812145,0.2183716744,88.903205872,SandstoneShale
8.4085407257,2.2224457264,0.219230324,88.943435669,SandstoneShale
8.4088335037,2.2227301598,0.2212029994,88.964820862,SandstoneShale
8.4044694901,2.2251896858,0.2218974233,89.061340332,SandstoneShale
8.3992433548,2.2294945717,0.2225017548,89.240287781,SandstoneShale
8.3983011246,2.2340462208,0.2247233242,89.427978516,SandstoneShale
8.4012241364,2.2341682911,0.2280854136,89.625953674,SandstoneShale
8.4024572372,2.2296929359,0.232336849,89.518943787,SandstoneShale
8.3997592926,2.2233564854,0.2360565811,89.379165649,SandstoneShale
8.3981142044,2.2197952271,0.2367483675,89.152740479,SandstoneShale
8.3992013931,2.219414711,0.2345442176,88.957748413,SandstoneShale
8.3975601196,2.2224252224,0.2320070863,88.737365723,SandstoneShale
8.3912229538,2.2279200554,0.2292310745,88.572616577,SandstoneShale
8.3871889114,2.2337648869,0.2244215459,88.449684143,Sandstone
8.389081955,2.238505125,0.2245190591,88.340171814,Sandstone
8.3907232285,2.2409780025,0.2266579866,88.32976532,Sandstone
8.3882455826,2.2382643223,0.2259546369,88.337776184,Sandstone
8.3847074509,2.2300524712,0.2251667678,88.227783203,Sandstone
8.3822755814,2.2245099545,0.2267238945,87.903717041,Sandstone
8.38098526,2.2300508022,0.2260227054,87.524841309,Sandstone
8.3830299377,2.2403316498,0.2204845995,87.315437317,Sandstone
8.3877449036,2.2452504635,0.2166300416,87.283851624,Sandstone
8.3928585052,2.2444245815,0.215898037,87.32787323,Sandstone
8.3996152878,2.2446696758,0.2084181607,87.430870056,Sandstone
8.4056596756,2.2468719482,0.2038150132,87.650596619,Sandstone
8.4048862457,2.2455341816,0.2081515789,87.724182129,Sandstone
8.3989496231,2.2411515713,0.209106192,87.703109741,Sandstone
8.3957481384,2.2389988899,0.2096702158,87.613586426,Sandstone
8.3981485367,2.2386796474,0.2122717351,87.485076904,Sandstone
8.4021148682,2.237290144,0.213496387,87.211875916,Sandstone
8.4016990662,2.2355773449,0.2121159732,86.813705444,Sandstone
8.3966770172,2.2351155281,0.2131523639,86.543869019,Sandstone
8.3925542831,2.2365636826,0.2175817639,86.879180908,Sandstone
8.3917255402,2.2390620708,0.2207423598,87.729301453,Sandstone
8.3920040131,2.2391619682,0.2208402604,88.620582581,Sandstone
8.3924121857,2.2332940102,0.2212629765,89.357849121,Sandstone
8.3900241852,2.2226548195,0.2252352983,89.731636047,Sandstone
8.3849630356,2.2154755592,0.2293540686,89.548202515,Sandstone
8.3830604553,2.2146894932,0.2298738509,89.36239624,Sandstone
8.3866186142,2.2120194435,0.2261674106,89.145858765,Sandstone
8.3898572922,2.2089908123,0.2198676169,88.900001526,Sandstone
8.3881940842,2.2098500729,0.2140137404,88.47467804,Sandstone
8.3814735413,2.2153975964,0.2116879523,88.010429382,Sandstone
8.3736343384,2.2189292908,0.2095820308,87.758628845,Sandstone
8.3743019104,2.2135930061,0.2040977925,87.575447083,Sandstone
8.3749694824,2.2063667774,0.2049060762,87.352149963,Sandstone
8.3781919479,2.2093400955,0.2040279359,87.290740967,Sandstone
8.3887519836,2.213801384,0.1957738698,87.573051453,Sandstone
8.3907260895,2.2182893753,0.1986624151,87.904319763,Sandstone
8.3881883621,2.2232170105,0.1989808083,88.176345825,Sandstone
8.3855581284,2.2281386852,0.1973078698,88.386230469,Sandstone
8.381518364,2.2336452007,0.2012614161,88.718399048,Sandstone
8.3759365082,2.2264902592,0.2081514895,89.165924072,Sandstone
8.3734722137,2.2190203667,0.212622717,89.680297852,Sandstone
8.376789093,2.2141857147,0.215557605,90.365722656,Sandstone
8.3809289932,2.2071812153,0.219701305,91.131988525,Sandstone
8.3829927444,2.1970515251,0.2229149491,91.480987549,Sandstone
8.3876686096,2.1844830513,0.228459537,91.452087402,Sandstone
8.3963098526,2.1823832989,0.2352751493,90.838363647,Sandstone
8.4009695053,2.1842250824,0.2339586616,89.952682495,Sandstone
8.397190094,2.1870524883,0.2243562341,89.362586975,Sandstone
8.3890285492,2.1928691864,0.222353518,88.724662781,Sandstone
8.381321907,2.2013244629,0.2202311158,88.144493103,Sandstone
8.3759975433,2.2065992355,0.2137527168,87.437103271,Sandstone
8.374127388,2.2078597546,0.214667514,86.98651123,Sandstone
8.3771314621,2.2062811852,0.2205708474,86.693183899,Sandstone
8.384180069,2.2085399628,0.2274979651,87.38609314,Sandstone
8.3903341293,2.2172877789,0.2305939645,88.199577332,Sandstone
8.3920135498,2.2303669453,0.2282384783,88.895118713,Sandstone
8.3914146423,2.2420563698,0.2253178507,89.1014328,Sandstone
8.3893861771,2.2440466881,0.2237105221,88.409591675,Sandstone
8.385723114,2.2315888405,0.2208981216,88.420913696,Sandstone
8.3833055496,2.2125189304,0.219483301,89.331939697,Sandstone
8.3854312897,2.200997591,0.2198435366,91.751731873,Sandstone
8.3903055191,2.1907935143,0.2200995833,94.220504761,Sandstone
8.3935785294,2.185836792,0.2248985469,96.66255188,Sandstone
8.3941907883,2.2087182999,0.2372191101,96.353523254,Sandstone
8.400976181,2.2504498959,0.2477774024,93.95916748,Sandstone
8.4241447449,2.3188967705,0.2372253239,89.86946106,Limestone
8.4572143555,2.4071359634,0.2146336287,85.365180969,Limestone
8.4838552475,2.4902255535,0.1742130369,82.178443909,Limestone
8.4938402176,2.5370845795,0.130551964,81.17401123,Limestone
8.4900875092,2.5635681152,0.1049805805,82.63343811,Limestone
8.4836158752,2.551678896,0.1083365455,86.649604797,Limestone
8.4795331955,2.4762420654,0.1381079406,92.20589447,Limestone
8.3158283234,2.1663117409,0.2392025441,92.811935425,Sandstone
8.3094158173,2.1677825451,0.2326053232,92.305648804,Sandstone
8.3076477051,2.1686689854,0.2328211367,92.316543579,Sandstone
8.3077869415,2.1725063324,0.234456867,92.468841553,Sandstone
8.3088998795,2.1761126518,0.2368552536,92.624961853,Sandstone
8.3071165085,2.1747438908,0.2367845327,92.811294556,Sandstone
8.3043928146,2.1703145504,0.2321456224,92.834381104,Sandstone
8.3064184189,2.1653134823,0.2287428677,92.61907196,Sandstone
8.3111505508,2.1601855755,0.2319839001,92.252960205,Sandstone
8.3137140274,2.1619048119,0.2381819785,91.508628845,Sandstone
8.3134737015,2.1689260006,0.2405806035,90.61895752,Sandstone
8.3140001297,2.1813688278,0.2393506169,90.44039917,Sandstone
8.3164463043,2.1915142536,0.2379593998,90.963363647,Sandstone
8.3171491623,2.1980619431,0.2390974611,91.476722717,Sandstone
8.3147745132,2.2030408382,0.2428075522,91.872520447,Sandstone
8.3132228851,2.2109949589,0.245976299,91.924163818,Sandstone
8.3112545013,2.2138073444,0.2449573874,91.894966125,Sandstone
8.3087081909,2.2052278519,0.2412935048,91.658737183,Sandstone
8.3091287613,2.1927859783,0.2358145118,91.623626709,Sandstone
8.3102216721,2.1901209354,0.2293401361,91.670204163,Sandstone
8.3081178665,2.197905302,0.2249951065,91.663139343,Sandstone
8.3057250977,2.2038865089,0.2236772031,91.544219971,Sandstone
8.3047609329,2.2045776844,0.2227339,91.43006897,Sandstone
8.3050479889,2.1993370056,0.2184896618,91.142868042,Sandstone
8.3068799973,2.1916735172,0.213592127,90.743019104,Sandstone
8.3072509766,2.1870071888,0.2130420208,90.120162964,Sandstone
8.3052139282,2.1861412525,0.2144903392,89.376548767,Sandstone
8.3061189651,2.1867733002,0.2133205682,88.703338623,Sandstone
8.3090581894,2.1903190613,0.2108000964,88.307830811,Sandstone
8.3081235886,2.1988744736,0.2085769475,88.254493713,Sandstone
8.3042726517,2.2068960667,0.2047817409,88.622467041,Sandstone
8.3032140732,2.2073237896,0.2003514767,89.093353271,Sandstone
8.3061418533,2.2029941082,0.2039189041,89.508041382,Sandstone
8.3085956573,2.199808836,0.2124748677,89.363059998,Sandstone
8.3086433411,2.1976704597,0.2218806148,88.773406982,Sandstone
8.3074979782,2.1947278976,0.235264048,87.836753845,Sandstone
8.3052339554,2.1944396496,0.2451298982,87.456047058,Sandstone
8.3000097275,2.1983549595,0.2448182404,87.179199219,Sandstone
8.294137001,2.2005767822,0.243157208,87.335472107,Sandstone
8.291431427,2.199862957,0.2403437197,87.174087524,Sandstone
8.2941589355,2.2001991272,0.2359278649,86.98840332,Sandstone
8.301779747,2.202357769,0.2323732078,86.015190125,Sandstone
8.3074922562,2.2047953606,0.2277570218,85.03162384,Sandstone
8.3075208664,2.2084159851,0.2237310708,84.414268494,Sandstone
8.3069133759,2.2146434784,0.2190912068,84.482269287,Sandstone
8.3089342117,2.2384271622,0.1985965371,84.680488586,Sandstone
8.3087654114,2.2875444889,0.1609550416,84.645339966,Sandstone
8.303940773,2.3376750946,0.1253106147,84.444320679,Sandstone
8.3000164032,2.3904368877,0.107544899,84.360458374,Sandstone
8.3004379272,2.4121623039,0.1147807762,84.074607849,Sandstone
8.3025503159,2.3692348003,0.1440859884,83.716964722,Sandstone
8.3037576675,2.302346468,0.1787701398,83.126106262,Sandstone
8.3046226501,2.2522172928,0.2039836198,83.030845642,Sandstone
8.3070163727,2.2273819447,0.2232545614,83.17440033,Sandstone
8.3096847534,2.2186419964,0.2271308899,83.838722229,Sandstone
8.310005188,2.2142443657,0.2264252305,84.48941803,Sandstone
8.3079586029,2.2108790874,0.2266033739,85.171234131,Sandstone
8.3054847717,2.2115075588,0.221877262,84.401947021,Sandstone
8.3032407761,2.217757225,0.2194333524,82.184715271,Sandstone
8.4032421112,2.405829668,0.219359532,65.257324219,Limestone
8.4168291092,2.4976930618,0.1571139842,62.421783447,Limestone
8.4304151535,2.5381929874,0.1019308791,61.297233582,Limestone
8.4093990326,2.5332894325,0.0690921471,63.644142151,Limestone
8.4020032883,2.497543335,0.0620309263,69.039024353,Limestone
8.3974084854,2.4290730953,0.0722574145,75.430763245,Limestone
8.3908720016,2.3445076942,0.112869449,80.686958313,Limestone
8.3772096634,2.2705070972,0.1640108973,83.654647827,Limestone
8.3638439178,2.2340481281,0.2035058439,84.794425964,Sandstone
8.3604898453,2.2269532681,0.2348452955,84.878982544,Sandstone
8.3646602631,2.2245213985,0.2416210622,84.616333008,Sandstone
8.3718366623,2.2208454609,0.235607788,84.362579346,Sandstone
8.3786430359,2.2203431129,0.2246163636,84.151618958,Sandstone
8.3821315765,2.2235269547,0.2143899053,83.993721008,Sandstone
8.3841896057,2.2269425392,0.2115677744,83.581260681,Sandstone
8.3864898682,2.2302014828,0.2144212425,83.368804932,Sandstone
8.3868894577,2.2359654903,0.2176287621,83.255340576,Sandstone
8.3843774796,2.2431411743,0.2141845524,83.157752991,Sandstone
8.3820543289,2.2497904301,0.2079167217,83.212432861,Sandstone
8.3810462952,2.2598104477,0.2036310434,83.196044922,Sandstone
8.380569458,2.2606141567,0.2019667774,83.191558838,Sandstone
8.3800325394,2.2527086735,0.2034889162,83.031730652,Sandstone
8.3805475235,2.2475056648,0.2091299593,83.598220825,Sandstone
8.3845252991,2.2448456287,0.2149846703,84.200271606,Sandstone
8.3924055099,2.2427632809,0.2153703421,84.723968506,Sandstone
8.3985280991,2.2410976887,0.209240362,84.995361328,Sandstone
8.3976068497,2.2396769524,0.2026960254,85.062515259,Sandstone
8.3934593201,2.2375199795,0.1996698231,85.095375061,Sandstone
8.3925218582,2.2345337868,0.1999292076,85.030212402,Sandstone
8.3933134079,2.2298336029,0.203360647,84.924713135,Sandstone
8.3920116425,2.2247924805,0.2087450624,84.749160767,Sandstone
8.3899850845,2.2250516415,0.2117040306,84.705818176,Sandstone
8.3912982941,2.2266938686,0.209312737,84.704544067,Sandstone
8.395606041,2.2299253941,0.2036288083,84.82346344,Sandstone
8.4003944397,2.2318468094,0.1970047355,85.057983398,Sandstone
8.405081749,2.2362840176,0.1912560761,85.337554932,Sandstone
8.4077215195,2.2413954735,0.1887547076,85.596412659,Sandstone
8.4057664871,2.2436802387,0.1889835447,85.697555542,Sandstone
8.40184021,2.2421877384,0.1880879849,85.686553955,Sandstone
8.3990240097,2.2389333248,0.1860708743,85.606712341,Sandstone
8.396733284,2.2391943932,0.1855616122,85.622192383,Sandstone
8.3963661194,2.2437093258,0.1855280697,85.602127075,Sandstone
8.3996639252,2.2464923859,0.1845552921,85.599937439,Sandstone
8.4039545059,2.2472777367,0.1862058491,85.663970947,Sandstone
8.4063396454,2.246594429,0.1920242906,86.044570923,Sandstone
8.4062719345,2.2419457436,0.1982909739,86.716041565,Sandstone
8.4052276611,2.2354860306,0.203747943,87.270172119,Sandstone
8.4051361084,2.2322144508,0.2090242952,87.482749939,Sandstone
8.4067344666,2.2295706272,0.2103432864,87.473625183,Sandstone
8.4060268402,2.226875782,0.2044516951,87.159240723,Sandstone
8.4018287659,2.2260699272,0.1993178874,87.092735291,Sandstone
8.3994693756,2.2255144119,0.1990813166,87.031021118,Sandstone
8.4025030136,2.2229213715,0.2025782615,87.386909485,Sandstone
8.4060411453,2.2193601131,0.207202062,87.67767334,Sandstone
8.4052696228,2.2180459499,0.2102567554,87.821968079,Sandstone
8.401638031,2.2209880352,0.2104920149,87.809356689,Sandstone
8.3978099823,2.222556591,0.2078340501,87.661094666,Sandstone
8.3949193954,2.2227833271,0.2040855289,87.507827759,Sandstone
8.3950881958,2.2253298759,0.2020476609,87.131126404,Sandstone
8.4007539749,2.2309417725,0.2015466094,86.774276733,Sandstone
8.4111566544,2.2360846996,0.2000174224,86.673301697,Sandstone
8.4235696793,2.2380731106,0.1979431957,87.021133423,Sandstone
8.4352416992,2.2375471592,0.1968649775,87.418197632,Sandstone
8.4435386658,2.2333745956,0.197476238,87.71736908,Sandstone
8.4472112656,2.2229883671,0.199058339,88.009162903,Sandstone
8.4479103088,2.2094056606,0.200363934,88.237243652,Sandstone
8.4482336044,2.2037937641,0.2000995427,88.432106018,Sandstone
8.4484634399,2.2061474323,0.1983986199,88.614677429,Sandstone
8.4472322464,2.2098405361,0.198199302,88.940338135,Sandstone
8.4440584183,2.2107801437,0.2013785988,89.03944397,Sandstone
8.4410018921,2.2088322639,0.2053737044,88.70905304,Sandstone
8.4407835007,2.2054314613,0.2071439922,87.568145752,Sandstone
8.444943428,2.205053091,0.206491068,85.193412781,Sandstone
8.45109272,2.209621191,0.2039214373,81.438369751,Sandstone
8.452331543,2.2170684338,0.1947598308,76.237060547,Sandstone
8.4457817078,2.2287023067,0.1684004068,70.422904968,Sandstone
8.4380788803,2.2551400661,0.1239339709,65.060699463,Sandstone
8.4397554398,2.3100676537,0.0779702738,62.400131226,Limestone
8.4593811035,2.3949701786,0.0466462076,63.177742004,Limestone
8.4972076416,2.4897332191,0.0331957787,67.35508728,Limestone
8.5429258347,2.5634419918,0.0356036574,72.979232788,Limestone
8.5811185837,2.5985081196,0.0539582111,78.289260864,Limestone
8.6023073196,2.5986623764,0.0832307637,82.487609863,Limestone
8.6109104156,2.5814096928,0.1093045622,85.435050964,Limestone
8.6195983887,2.5706934929,0.1314026564,86.985046387,Limestone
8.6296110153,2.5704488754,0.1488641649,87.617378235,Limestone
8.6329832077,2.5674200058,0.1596661061,87.935157776,Limestone
8.6306171417,2.5553724766,0.1701041758,88.385925293,Limestone
8.6284446716,2.5427155495,0.1801216006,89.404212952,Limestone
8.6272239685,2.5360426903,0.1846920848,90.593353271,Limestone
8.6266717911,2.5321125984,0.182741344,91.777328491,Limestone
8.6278057098,2.5281002522,0.1822411418,92.902694702,Limestone
8.627363205,2.5249149799,0.1915083826,93.518058777,Limestone
8.6240873337,2.520024538,0.2031574696,93.339729309,Limestone
8.6227235794,2.510923624,0.2111243159,91.939987183,Limestone
8.6262626648,2.5018475056,0.2132868022,89.981765747,Limestone
8.6299505234,2.4995381832,0.2041676939,88.44707489,Limestone
8.6290454865,2.5097715855,0.1847954988,87.495811462,Limestone
8.6250801086,2.5328009129,0.1681998223,87.55922699,Limestone
8.6215162277,2.5553212166,0.1616261154,88.298377991,Limestone
8.6206493378,2.5578966141,0.1667033434,89.343811035,Limestone
8.6226606369,2.5382170677,0.1855087876,90.067985535,Limestone
8.6249570847,2.5151903629,0.1948297024,89.867050171,Limestone
8.6249237061,2.5080869198,0.1808305532,89.105522156,Limestone
8.6237039566,2.5182156563,0.1635377109,88.322486877,Limestone
8.6234464645,2.5315299034,0.1597182155,88.043518066,Limestone
8.6236848831,2.5343465805,0.1603726596,88.168121338,Limestone
8.6232442856,2.5247402191,0.1595750451,88.093925476,Limestone
8.6232213974,2.5119869709,0.1654824466,87.266929626,Limestone
8.6246643066,2.507686615,0.1686252356,86.048530579,Limestone
8.6239271164,2.5146093369,0.1627450734,85.278465271,Limestone
8.6183862686,2.523234129,0.16309008,85.440574646,Limestone
8.6119937897,2.5265240669,0.1683863848,86.625465393,Limestone
8.6090888977,2.5305247307,0.1706560105,88.462852478,Limestone
8.6093492508,2.5401933193,0.1805833876,90.779701233,Limestone
8.6108522415,2.5472874641,0.1981123835,93.456947327,Limestone
8.6126317978,2.542167902,0.205859527,96.233024597,Limestone
8.6143465042,2.5252342224,0.2006724924,97.786430359,Limestone
8.6170740128,2.5028703213,0.199429974,97.341255188,Limestone
8.6218338013,2.4826521873,0.2094046474,94.730911255,Limestone
8.6258869171,2.4715182781,0.2167925239,91.428573608,Limestone
8.6229162216,2.4735674858,0.2058558464,88.918830872,Limestone
8.6121273041,2.4898147583,0.1783407032,86.955535889,Limestone
8.5992832184,2.5173835754,0.1523581445,85.559700012,Limestone
8.5883979797,2.5455904007,0.1450005472,84.92325592,Limestone
8.5828123093,2.5593185425,0.156983003,84.941436768,Limestone
8.5843276978,2.5524067879,0.1737604737,85.307106018,Limestone
8.586812973,2.5343842506,0.176561743,85.170547485,Limestone
8.5839910507,2.5227558613,0.1646199524,84.417915344,Limestone
8.5797338486,2.5279672146,0.1539780349,83.317070007,Limestone
8.5801916122,2.5414693356,0.1458921731,82.588935852,Limestone
8.5841083527,2.5450716019,0.1395481974,82.966003418,Limestone
8.5877056122,2.5368485451,0.1391350925,83.943328857,Limestone
8.5896902084,2.5344836712,0.1336919814,84.992179871,Limestone
8.5884027481,2.5482139587,0.12407922,86.007881165,Limestone
8.5815343857,2.5637526512,0.1279548407,86.851554871,Limestone
8.5728216171,2.5605583191,0.1452135146,87.197242737,Limestone
8.5694141388,2.5379071236,0.1588682532,86.844314575,Limestone
8.5720891953,2.5126614571,0.1622573882,85.525779724,Limestone
8.5776786804,2.5024299622,0.158319816,83.866088867,Limestone
8.5845355988,2.5149490833,0.147694543,82.591072083,Limestone
8.589715004,2.5414516926,0.1366998702,82.155426025,Limestone
8.5896091461,2.5627744198,0.133306548,82.042900085,Limestone
8.5850601196,2.56874156,0.1364549398,81.057426453,Limestone
8.5802316666,2.5658869743,0.1396964937,78.733627319,Limestone
8.5757188797,2.5619242191,0.135085389,76.516769409,Limestone
8.5613613129,2.5531599522,0.1248135343,75.577064514,Limestone
8.5235328674,2.5335180759,0.1210721508,75.560394287,Limestone
8.4973402023,2.5084187984,0.1260928959,76.479804993,Limestone
8.4975271225,2.4907040596,0.1324363798,78.43963623,Limestone
8.497713089,2.4828214645,0.1375046968,81.304702759,Limestone
8.4979000092,2.4775791168,0.1469579041,83.894638062,Limestone
8.4980859756,2.4781999588,0.16406703,85.073822021,Limestone
8.537405014,2.4956336021,0.1789757609,84.999145508,Limestone
8.6042480469,2.5248475075,0.180143252,84.771575928,Limestone
8.6431713104,2.5474720001,0.1724682152,84.918273926,Limestone
8.6620950699,2.5544230938,0.1678167135,85.579566956,Limestone
8.6688690186,2.549880743,0.1669548154,86.952545166,Limestone
8.6683864594,2.5405840874,0.1630341113,88.996498108,Limestone
8.6669416428,2.5310547352,0.1580122709,91.032775879,Limestone
8.6659460068,2.5241594315,0.1641755551,92.195587158,Limestone
8.6641778946,2.5192229748,0.1818900555,92.105918884,Limestone
8.664855957,2.5112369061,0.1982869804,90.577171326,Limestone
8.6700162888,2.4985640049,0.2041197866,88.501602173,Limestone
8.6738901138,2.489964962,0.1912139356,86.617271423,Limestone
8.6726427078,2.4962849617,0.1676745713,85.310432434,Limestone
8.6713294983,2.5153758526,0.1526761055,84.96472168,Limestone
8.6740446091,2.5332813263,0.1483568698,85.497940063,Limestone
8.6779212952,2.5404112339,0.1524171233,86.705528259,Limestone
8.6776247025,2.5379209518,0.1632219851,87.796737671,Limestone
8.672203064,2.531514883,0.1741356701,87.951347351,Limestone
8.6663045883,2.5261311531,0.1806066036,86.930580139,Limestone
8.6645021439,2.5230522156,0.1833882779,85.213729858,Limestone
8.6662826538,2.5203962326,0.18114236,83.806098938,Limestone
8.6682214737,2.5177848339,0.1715685874,82.886810303,Limestone
8.6670589447,2.5177645683,0.1574037522,82.622619629,Limestone
8.6619510651,2.5221140385,0.1466227323,82.814178467,Limestone
8.657081604,2.5285050869,0.1434602886,83.478927612,Limestone
8.6571540833,2.5306117535,0.1445283294,84.561508179,Limestone
8.6609363556,2.5240893364,0.1463841051,85.802124023,Limestone
8.6635427475,2.5123898983,0.1554248333,86.55556488,Limestone
8.6618480682,2.5027625561,0.1748908609,86.49810791,Limestone
8.6578760147,2.4985437393,0.1896914393,85.581550598,Limestone
8.6572628021,2.4986329079,0.1862398833,84.19694519,Limestone
8.6634483337,2.5026569366,0.168325007,82.938774109,Limestone
8.6736478806,2.5119671822,0.1489716023,81.962142944,Limestone
8.6813964844,2.5253384113,0.1342646629,81.729011536,Limestone
8.6826515198,2.5381324291,0.1263274848,82.308273315,Limestone
8.6789216995,2.5447163582,0.1277139187,83.422462463,Limestone
8.6737365723,2.5413305759,0.1334792078,84.193122864,Limestone
8.670044899,2.5313811302,0.1394796818,84.198783875,Limestone
8.6699991226,2.5249996185,0.1441782713,83.708343506,Limestone
8.6748800278,2.5251815319,0.1472302675,83.097961426,Limestone
8.680557251,2.5241887569,0.1488698274,82.778823853,Limestone
8.6821756363,2.5193610191,0.1444120854,82.825050354,Limestone
8.6837949753,2.5168545246,0.1330732852,82.531211853,Limestone
8.6785974503,2.5188429356,0.1247606352,81.892990112,Limestone
8.6640663147,2.521143198,0.1251348853,81.357383728,Limestone
8.6579799652,2.521500349,0.1301675886,80.855461121,Limestone
8.6623001099,2.522916317,0.1314406097,80.567909241,Limestone
8.6707553864,2.5303077698,0.1256870031,80.246032715,Limestone
8.6765604019,2.5424733162,0.1204465404,79.843208313,Limestone
8.676445961,2.5493733883,0.119305484,79.228225708,Limestone
8.6720752716,2.5448293686,0.1192578599,78.376701355,Limestone
8.6671943665,2.5360422134,0.1192168668,77.54019165,Limestone
8.6637010574,2.5335493088,0.1181330606,77.689483643,Limestone
8.6626434326,2.5396921635,0.1160373464,78.770179749,Limestone
8.6643600464,2.5490703583,0.1141793504,80.687271118,Limestone
8.66639328,2.5549955368,0.1145320907,82.254013062,Limestone
8.6664495468,2.5560564995,0.1186047196,83.342430115,Limestone
8.6657533646,2.5542273521,0.1260920018,83.539299011,Limestone
8.6660203934,2.5484440327,0.1338551939,83.109512329,Limestone
8.6678199768,2.5389323235,0.138777867,82.162841797,Limestone
8.6706943512,2.5339624882,0.1375939846,80.871620178,Limestone
8.6723937988,2.5403950214,0.1288735867,80.0001297,Limestone
8.6697330475,2.5517427921,0.1238915771,79.697181702,Limestone
8.6636314392,2.557100296,0.122534655,80.031440735,Limestone
8.6584444046,2.5553874969,0.120274812,80.367797852,Limestone
8.6572360992,2.5500397682,0.1199794188,80.27469635,Limestone
8.6599349976,2.5404863358,0.1218856573,80.119285583,Limestone
8.6643342972,2.5278439522,0.1239327565,79.858612061,Limestone
8.6670646667,2.518194437,0.1256357729,79.561721802,Limestone
8.6660652161,2.5156080723,0.1218090355,79.929016113,Limestone
8.6645689011,2.518270731,0.1150470302,81.254089355,Limestone
8.6662416458,2.5219926834,0.1118776947,83.761734009,Limestone
8.6709537506,2.5249855518,0.1135237664,85.884040833,Limestone
8.6733379364,2.5266005993,0.121250011,87.005874634,Limestone
8.6713085175,2.5239932537,0.1338669062,86.901046753,Limestone
8.6698083878,2.5140295029,0.1418166757,85.872314453,Limestone
8.6719732285,2.5001831055,0.1445588768,84.147323608,Limestone
8.6743106842,2.4942660332,0.1445571184,81.970794678,Limestone
8.6741781235,2.5049304962,0.1413375437,79.875534058,Limestone
8.671546936,2.5276591778,0.1331872642,78.786117554,Limestone
8.6667976379,2.5484879017,0.1225405335,79.016326904,Limestone
8.6632061005,2.5582294464,0.1135346889,79.402824402,Limestone
8.6635198593,2.558993578,0.1074343175,79.464492798,Limestone
8.6666574478,2.5579631329,0.1038677394,78.615753174,Limestone
8.6677837372,2.5588476658,0.1017602906,78.023658752,Limestone
8.6641187668,2.5605494976,0.1024786681,78.121650696,Limestone
8.6592235565,2.5601744652,0.107040666,78.796737671,Limestone
8.6599798203,2.5594210625,0.1114953756,79.316345215,Limestone
8.6662511826,2.5635449886,0.1076256186,79.485221863,Limestone
8.670838356,2.571829319,0.1014631093,79.517532349,Limestone
8.6704187393,2.5754766464,0.0999537706,79.664794922,Limestone
8.6685676575,2.5708911419,0.103295058,80.122169495,Limestone
8.6689567566,2.5657343864,0.1123055294,81.171615601,Limestone
8.6699886322,2.5670258999,0.1220827401,82.837181091,Limestone
8.6703605652,2.5721693039,0.1268012822,85.101646423,Limestone
8.6702947617,2.5735223293,0.1269876212,87.480476379,Limestone
8.6705503464,2.5663766861,0.1312207133,88.620292664,Limestone
8.6692848206,2.5520067215,0.1428106129,88.035667419,Limestone
8.6657037735,2.5377521515,0.1529924273,86.539718628,Limestone
8.6623392105,2.5299723148,0.155925855,85.111930847,Limestone
8.6608667374,2.5295686722,0.1488970816,83.949501038,Limestone
8.6616449356,2.5371661186,0.1377091855,82.742279053,Limestone
8.6656093597,2.5512158871,0.1343090087,81.3070755,Limestone
8.6708641052,2.5606789589,0.1289573312,80.533660889,Limestone
8.6745557785,2.5542778969,0.1250253171,79.809677124,Limestone
8.6767635345,2.5400362015,0.1287394464,79.301734924,Limestone
8.6771240234,2.5421833992,0.1231519803,79.116661072,Limestone
8.6774845123,2.5760917664,0.1134333462,80.239227295,Limestone
8.6760120392,2.6264555454,0.1149957031,82.05921936,Limestone
8.6677150726,2.6519496441,0.1270082444,83.177932739,Limestone
8.6627635956,2.631200552,0.141496554,83.431564331,Limestone
8.6628856659,2.5884039402,0.1473786533,82.590232849,Limestone
8.6656961441,2.5560195446,0.1409091502,82.075706482,Limestone
8.6694097519,2.544665575,0.1364124864,82.2943573,Limestone
8.674697876,2.5499360561,0.1308327317,82.972915649,Limestone
8.6780853271,2.5611839294,0.1215505525,83.454795837,Limestone
8.6741752625,2.5646817684,0.1212487742,83.519485474,Limestone
8.6686830521,2.5550718307,0.1303382218,83.281982422,Limestone
8.6685304642,2.5417370796,0.1439180523,82.600967407,Limestone
8.6705913544,2.5344049931,0.1451745629,81.451019287,Limestone
8.6704444885,2.5332901478,0.1353554279,80.286300659,Limestone
8.6682834625,2.5370388031,0.1249528006,79.278968811,Limestone
8.6665496826,2.5449352264,0.1197623685,78.359573364,Limestone
8.6660079956,2.5507371426,0.1200258657,77.810447693,Limestone
8.6661157608,2.5496070385,0.1226930395,77.350967407,Limestone
8.6676883698,2.548412323,0.1231947839,76.699256897,Limestone
8.6717987061,2.5575067997,0.1195314899,75.913917542,Limestone
8.6763181686,2.5740947723,0.1138899997,75.404701233,Limestone
8.6789112091,2.584250927,0.1093139276,75.284965515,Limestone
8.6777324677,2.5834035873,0.1054853871,75.650939941,Limestone
8.6729917526,2.5778970718,0.1026575118,75.985496521,Limestone
8.6684541702,2.5709457397,0.1026551574,76.165000916,Limestone
8.6663503647,2.5635232925,0.1059281975,76.027641296,Limestone
8.6668167114,2.5591914654,0.1091578975,76.079299927,Limestone
8.6696472168,2.559699297,0.1077672541,76.500984192,Limestone
8.673664093,2.5651571751,0.1029189602,77.488121033,Limestone
8.6756687164,2.5744247437,0.0997910351,78.973815918,Limestone
8.6723480225,2.5809962749,0.1003453285,80.125579834,Limestone
8.6661205292,2.5777242184,0.1061857641,80.994293213,Limestone
8.6645259857,2.5665888786,0.1207621023,81.388786316,Limestone
8.6654844284,2.5553302765,0.1372159421,81.461387634,Limestone
8.6650743484,2.5477354527,0.1427718103,80.639846802,Limestone
8.6668386459,2.5442409515,0.1369297504,79.920021057,Limestone
8.6692714691,2.5463755131,0.133822009,79.243728638,Limestone
8.6681137085,2.5541524887,0.1318909228,78.549034119,Limestone
8.6675510406,2.5628905296,0.1271891147,78.028808594,Limestone
8.6694173813,2.5654616356,0.1235557199,78.494522095,Limestone
8.6684303284,2.5597436428,0.1229547709,80.029998779,Limestone
8.6658983231,2.5518903732,0.1230184659,82.063301086,Limestone
8.6638154984,2.545958519,0.1246813983,83.91468811,Limestone
8.6622076035,2.5382676125,0.1331220865,85.684616089,Limestone
8.6648082733,2.5254819393,0.1390825659,87.067153931,Limestone
8.6691579819,2.5098526478,0.1490787864,87.780654907,Limestone
8.6685123444,2.49589324,0.1591899842,88.002609253,Limestone
8.6638822556,2.4876859188,0.1638325453,88.11807251,Limestone
8.660115242,2.4877085686,0.1678882837,88.097564697,Limestone
8.6579551697,2.4944043159,0.1690195054,88.098106384,Limestone
8.6576929092,2.5011422634,0.1711278409,88.326194763,Limestone
8.6591815948,2.5009899139,0.174195379,88.815116882,Limestone
8.6605396271,2.495518446,0.170784384,89.152877808,Limestone
8.6617431641,2.4916388988,0.1656691879,88.75541687,Limestone
8.6636123657,2.4942369461,0.1637203097,88.648445129,Limestone
8.6643333435,2.5038030148,0.1648559123,88.428016663,Limestone
8.6630010605,2.5133874416,0.1679752469,87.986557007,Limestone
8.6641530991,2.5145142078,0.1697751433,86.889190674,Limestone
8.6695728302,2.5115070343,0.166231364,84.94821167,Limestone
8.6715354919,2.5139143467,0.1602901369,83.192237854,Limestone
8.6678342819,2.5201542377,0.156638369,82.643608093,Limestone
8.6633243561,2.5249054432,0.1516308784,82.990615845,Limestone
8.6605272293,2.5298237801,0.1451130807,83.383323669,Limestone
8.6582546234,2.5367949009,0.1432720721,83.759017944,Limestone
8.6594648361,2.5406968594,0.1476680636,83.977928162,Limestone
8.6653385162,2.5348172188,0.1528254747,83.773765564,Limestone
8.6698083878,2.5234224796,0.1511175931,82.932884216,Limestone
8.6673603058,2.5179769993,0.1425348222,81.500015259,Limestone
8.6615428925,2.5228998661,0.1325040013,80.795524597,Limestone
8.6587333679,2.5345437527,0.1256530136,81.253540039,Limestone
8.6589450836,2.5455400944,0.1225418672,82.285194397,Limestone
8.6603488922,2.54748106,0.1227825806,83.133270264,Limestone
8.6602993011,2.5401408672,0.1279921681,83.21648407,Limestone
8.6579084396,2.5314698219,0.1387936324,83.100234985,Limestone
8.6563768387,2.5271122456,0.1486875415,82.332977295,Limestone
8.657626152,2.5306518078,0.1494505703,80.921905518,Limestone
8.6608009338,2.5444040298,0.1404825896,79.181098938,Limestone
8.6617736816,2.5616531372,0.1301481575,77.68585968,Limestone
8.6591386795,2.5716147423,0.1227924973,77.291618347,Limestone
8.6593389511,2.5713846684,0.1173396036,78.001571655,Limestone
8.6658239365,2.566549778,0.1095513031,78.872215271,Limestone
8.669588089,2.5625293255,0.1059353426,80.289321899,Limestone
8.665060997,2.5579247475,0.1206763089,81.774879456,Limestone
8.6593847275,2.54783535,0.1361913383,83.148902893,Limestone
8.6601696014,2.5342099667,0.1432112455,83.821220398,Limestone
8.6663970947,2.5240037441,0.1384622753,84.299552917,Limestone
8.671544075,2.5187022686,0.1367934942,83.77671814,Limestone
8.6733694077,2.515638113,0.1448599547,82.861183167,Limestone
8.6727781296,2.5140452385,0.1532601416,81.306358337,Limestone
8.6677865982,2.5147702694,0.1513062119,79.811698914,Limestone
8.6628856659,2.5192418098,0.1414124221,78.059448242,Limestone
8.6634149551,2.5276954174,0.130447194,76.877334595,Limestone
8.6670627594,2.5399284363,0.1226881593,76.679489136,Limestone
8.6696891785,2.5555968285,0.11824435,77.371452332,Limestone
8.6695413589,2.5716457367,0.116036132,78.891448975,Limestone
8.6637248993,2.5821607113,0.1165522859,80.672042847,Limestone
8.6578950882,2.5809452534,0.1194502711,82.608505249,Limestone
8.6614122391,2.5651087761,0.1244343147,84.098175049,Limestone
8.6692266464,2.5413222313,0.133769542,84.615852356,Limestone
8.6703748703,2.5239770412,0.1459480971,84.223220825,Limestone
8.6663408279,2.5163304806,0.1477368176,83.030258179,Limestone
8.6619987488,2.5137989521,0.1403044015,81.234542847,Limestone
8.657948494,2.5184109211,0.1338275969,79.672348022,Limestone
8.6546354294,2.5353035927,0.1253600419,78.769851685,Limestone
8.6551084518,2.5638353825,0.1218763739,79.002159119,Limestone
8.6591711044,2.5926134586,0.1221199408,80.506515503,Limestone
8.6623191833,2.6040489674,0.1243619695,82.734428406,Limestone
8.6613349915,2.5923676491,0.1307000816,84.847587585,Limestone
8.658495903,2.5673885345,0.142460838,86.387702942,Limestone
8.6582536697,2.5420973301,0.1566226631,86.757667542,Limestone
8.6606702805,2.523743391,0.1650800407,85.847358704,Limestone
8.6642074585,2.5150251389,0.1648454368,84.364082336,Limestone
8.6667814255,2.5147919655,0.1586485505,82.244438171,Limestone
8.6676092148,2.5216939449,0.1490979642,80.836242676,Limestone
8.6657791138,2.533539772,0.1377708167,80.143295288,Limestone
8.6604251862,2.5469169617,0.127234295,80.214241028,Limestone
8.6561880112,2.5578351021,0.1196445227,80.329284668,Limestone
8.6580467224,2.563065052,0.1167137176,80.716072083,Limestone
8.6629419327,2.5624411106,0.1205271259,80.737052917,Limestone
8.6692810059,2.5585613251,0.1294829845,80.928268433,Limestone
8.6821479797,2.5550816059,0.135552913,81.286872864,Limestone
8.6839494705,2.5536389351,0.1335534006,82.429153442,Limestone
8.6842327118,2.5531289577,0.1359322071,83.779762268,Limestone
8.6845159531,2.5519688129,0.1443792135,85.742073059,Limestone
8.6847991943,2.5485811234,0.1551333815,88.408821106,Limestone
8.6850814819,2.539801836,0.170019716,91.121452332,Limestone
8.6853647232,2.5245893002,0.1856972128,92.997344971,Limestone
8.6720104218,2.5061831474,0.1898438334,93.992912292,Limestone
8.6667804718,2.4893612862,0.1814864129,94.333824158,Limestone
8.6695861816,2.4777424335,0.1686562449,93.558509827,Limestone
8.6726713181,2.4712262154,0.158355698,91.629898071,Limestone
8.674369812,2.4642558098,0.1577548236,88.885322571,Limestone
8.6756677628,2.454834938,0.167351231,85.771118164,Limestone
8.6747560501,2.4568145275,0.1646365672,82.571540833,Limestone
8.6709680557,2.4825289249,0.1449452341,80.4323349,Limestone
8.6666126251,2.5423359871,0.1331149042,79.203132629,Limestone
8.6626844406,2.6289548874,0.1219984666,79.295524597,Limestone
8.6614179611,2.6827633381,0.1172930449,80.145729065,Limestone
8.6635370255,2.6484410763,0.1212558821,81.278594971,Limestone
8.6663942337,2.5940499306,0.1297858655,82.945304871,Limestone
8.6680850983,2.5452451706,0.1377988309,84.437316895,Limestone
8.6695976257,2.5122721195,0.1436408907,86.094139099,Limestone
8.669549942,2.5015556812,0.1471236348,87.214584351,Limestone
8.6679773331,2.5081763268,0.1489123553,88.270744324,Limestone
8.6691989899,2.5159301758,0.1523821205,89.195137024,Limestone
8.6729593277,2.5139930248,0.1584321558,90.476104736,Limestone
8.6743450165,2.5070314407,0.1657959074,91.412574768,Limestone
8.6720380783,2.5031299591,0.1708179861,91.945167542,Limestone
8.6698846817,2.5015249252,0.1740489751,91.59552002,Limestone
8.6695175171,2.4987738132,0.1739675254,90.335800171,Limestone
8.6699771881,2.4960279465,0.1689730585,87.974456787,Limestone
8.670466423,2.4954755306,0.1629347652,85.760810852,Limestone
8.6708698273,2.499822855,0.1572021693,84.367881775,Limestone
8.6715345383,2.515484333,0.1504276693,84.168067932,Limestone
8.6709976196,2.5425002575,0.1408903599,85.029457092,Limestone
8.666311264,2.5629072189,0.1310889721,86.684127808,Limestone
8.6591520309,2.5572242737,0.1277174801,88.371620178,Limestone
8.6569786072,2.5294284821,0.1361236274,89.587036133,Limestone
8.6609897614,2.4996697903,0.1573397517,89.41053009,Limestone
8.6638917923,2.482465744,0.1774131805,88.955047607,Limestone
8.6637773514,2.477840662,0.1845890582,88.782012939,Limestone
8.6651821136,2.4802761078,0.184983328,89.239334106,Limestone
8.6678028107,2.4869513512,0.1838609874,90.293281555,Limestone
8.6668376923,2.494410038,0.1828459054,90.879798889,Limestone
8.6622724533,2.4951095581,0.1863576174,90.912200928,Limestone
8.6577987671,2.4857387543,0.1958681643,89.58669281,Limestone
8.6571826935,2.4738633633,0.2031377554,88.387771606,Limestone
8.6611204147,2.4729101658,0.1975017488,87.836654663,Limestone
8.6656160355,2.4897134304,0.1824910492,88.067634583,Limestone
8.6684951782,2.5116128922,0.1693793386,88.755615234,Limestone
8.6696920395,2.5233602524,0.1639866978,89.556663513,Limestone
8.6686077118,2.5191376209,0.1659123749,90.272399902,Limestone
8.6661968231,2.5019638538,0.1728000194,90.224784851,Limestone
8.6649637222,2.4855430126,0.18131271,89.583328247,Limestone
8.6645812988,2.4866945744,0.1812133193,88.887626648,Limestone
8.6653699875,2.5088989735,0.1691698879,88.277275085,Limestone
8.6690254211,2.5362927914,0.1558727622,87.667320251,Limestone
8.6735677719,2.5466105938,0.1503976732,86.490898132,Limestone
8.6763086319,2.5331330299,0.1483471245,85.081878662,Limestone
8.6777839661,2.5099544525,0.1403271109,83.299255371,Limestone
8.6787137985,2.4959807396,0.127504468,81.063011169,Limestone
8.6773509979,2.5015077591,0.1128055826,79.201034546,Limestone
8.6725244522,2.5242028236,0.1035405025,78.81452179,Limestone
8.6667585373,2.5513002872,0.1022409499,79.91506958,Limestone
8.6652498245,2.5685925484,0.105141744,82.059143066,Limestone
8.6695051193,2.5728724003,0.111295335,83.576301575,Limestone
8.6736783981,2.5713219643,0.123209022,83.950744629,Limestone
8.6729412079,2.5685794353,0.1382124424,83.17527771,Limestone
8.6698827744,2.5612082481,0.1449299008,81.8723526,Limestone
8.6711483002,2.5457830429,0.1380196214,80.889190674,Limestone
8.6779661179,2.5256853104,0.1272673905,80.544128418,Limestone
8.6845359802,2.5080385208,0.1228213981,81.241622925,Limestone
8.6882276535,2.4980316162,0.1295413077,83.147476196,Limestone
8.6917409897,2.4953215122,0.1475113928,85.478477478,Limestone
8.6964912415,2.4932637215,0.1704113185,87.464363098,Limestone
8.7006921768,2.4883234501,0.1873498708,89.280036926,Limestone
8.7024555206,2.4862322807,0.1926573217,90.918663025,Limestone
8.7032136917,2.4924020767,0.1928777248,92.202537537,Limestone
8.7063350677,2.501298666,0.196846664,93.219352722,Limestone
8.7103300095,2.5009694099,0.2048523426,93.630905151,Marl
8.7109622955,2.4865813255,0.2100097239,93.723876953,Marl
8.711520195,2.46667099,0.213610813,93.802230835,Marl
8.7157506943,2.4547233582,0.2151549459,93.890701294,Marl
8.7182416916,2.4562633038,0.2115580291,93.930732727,Marl
8.7154359818,2.4665019512,0.2078301907,93.833488464,Marl
8.7128343582,2.4757628441,0.2017225921,93.66696167,Marl
8.7139081955,2.4778108597,0.2037452906,93.593833923,Marl
8.7165670395,2.4756677151,0.2108059973,93.388160706,Marl
8.719830513,2.4778790474,0.2075220793,93.286308289,Marl
8.7217407227,2.4879715443,0.1974705458,93.178321838,Marl
8.7177972794,2.4999780655,0.1899460703,93.202827454,Marl
8.7089757919,2.5057480335,0.1875756234,93.223800659,Marl
8.701716423,2.5052607059,0.1904055029,93.246688843,Marl
8.6988248825,2.5042452812,0.1945426315,93.32258606,Marl
8.6995134354,2.5044136047,0.1956009716,93.351448059,Marl
8.7023143768,2.5039653778,0.1934137195,93.224838257,Marl
8.705160141,2.5047693253,0.1905999482,93.048957825,Marl
8.7060747147,2.5103385448,0.1907322556,92.886405945,Marl
8.7073793411,2.5191810131,0.1938626319,92.700401306,Marl
8.7109975815,2.525616169,0.1921242774,92.323730469,Marl
8.7126131058,2.5271184444,0.1876781434,91.69770813,Marl
8.7065906525,2.5249118805,0.1848066598,90.700706482,Limestone
8.6959886551,2.5187022686,0.1863040626,88.859886169,Limestone
8.6918668747,2.5092685223,0.1882944852,86.841072083,Limestone
8.6996154785,2.503112793,0.1806481332,85.368408203,Limestone
8.7124633789,2.5071845055,0.1620541662,84.731033325,Limestone
8.7198677063,2.5207631588,0.1456823945,84.603561401,Limestone
8.7195949554,2.5341289043,0.14553231,84.678627014,Limestone
8.7170114517,2.5362608433,0.1607300341,85.083480835,Limestone
8.7169532776,2.5259189606,0.1746121645,86.104064941,Limestone
8.7175254822,2.516605854,0.1721768379,87.261756897,Limestone
8.7160358429,2.5233235359,0.1567418128,88.151092529,Limestone
8.7144174576,2.542776823,0.1432842463,88.696716309,Limestone
8.7142219543,2.5541520119,0.1421671361,88.976661682,Limestone
8.7152109146,2.5442695618,0.1493449062,89.098045349,Limestone
8.7203397751,2.5226924419,0.1584754586,89.065010071,Limestone
8.7268152237,2.5080740452,0.1645142138,88.937797546,Limestone
8.7212753296,2.5077457428,0.1611487418,88.939361572,Limestone
8.699962616,2.5127038956,0.1609278023,89.35344696,Limestone
8.6774291992,2.5097703934,0.1688356251,90.281799316,Limestone
8.6660699844,2.4979174137,0.17687352,91.045837402,Limestone
8.6633663177,2.4887750149,0.1811484694,90.900505066,Limestone
8.6646575928,2.4897627831,0.1834196001,89.435768127,Limestone
8.6695737839,2.4943814278,0.184078902,86.827865601,Limestone
8.6746110916,2.4974691868,0.176922977,84.031173706,Limestone
8.6716365814,2.5140149593,0.1603477448,82.242126465,Limestone
8.6585483551,2.5639886856,0.1440149695,81.905601501,Limestone
8.6427316666,2.6345744133,0.1318272501,82.86567688,Limestone
8.6310892105,2.6776065826,0.1319115609,84.715911865,Limestone
8.6283063889,2.6542003155,0.1476337016,87.15372467,Limestone
8.6377744675,2.5867512226,0.169439435,89.235877991,Limestone
8.6538152695,2.5293488503,0.1841079295,90.170143127,Limestone
8.6647100449,2.5055644512,0.1862690598,90.178031921,Limestone
8.6659593582,2.5044512749,0.1851460189,89.937347412,Limestone
8.6601018906,2.5090272427,0.1879179627,90.093666077,Limestone
8.6513996124,2.5126154423,0.1906588227,90.207054138,Limestone
8.6469478607,2.5145409107,0.1908574551,90.150978088,Limestone
8.6488637924,2.5153856277,0.1909262985,89.716651917,Limestone
8.6517496109,2.5162062645,0.1940958798,88.843582153,Limestone
8.6547079086,2.516838789,0.1974176466,87.830429077,Limestone
8.6596870422,2.5161089897,0.1942520887,86.7603302,Limestone
8.6601114273,2.5156376362,0.1869580895,86.061416626,Limestone
8.6497106552,2.5208132267,0.1746637225,85.934143066,Limestone
8.6352272034,2.5340929031,0.1609198898,86.419052124,Limestone
8.6270227432,2.5503945351,0.1635286063,87.18862915,Limestone
8.6275920868,2.5615105629,0.1734898388,87.792762756,Limestone
8.6345024109,2.5614731312,0.1841126233,88.191642761,Limestone
8.6445178986,2.5504581928,0.1980267018,88.285835266,Limestone
8.6540641785,2.5385103226,0.2033575624,88.1302948,Limestone
8.6606884003,2.5364339352,0.1996884793,87.69896698,Limestone
8.6633682251,2.5407001972,0.1915105283,87.018569946,Limestone
8.6629924774,2.5390393734,0.1824125648,86.115852356,Limestone
8.6629180908,2.5286388397,0.1763726026,85.293548584,Limestone
8.6642637253,2.5179884434,0.1736814976,84.971008301,Limestone
8.6639184952,2.5144240856,0.1719895601,85.093559265,Limestone
8.6615304947,2.5159885883,0.1711721122,85.600265503,Limestone
8.6601428986,2.5162847042,0.1720291525,86.385475159,Limestone
8.6595287323,2.5153198242,0.1733220369,87.126502991,Limestone
8.6580762863,2.5167348385,0.1749217063,87.484657288,Limestone
8.6574811935,2.5181293488,0.1786323935,87.4480896,Limestone
8.6587715149,2.5156378746,0.1832865328,87.181106567,Limestone
8.6600246429,2.5121965408,0.1853893697,86.711608887,Limestone
8.6609096527,2.5120010376,0.1847335696,86.104560852,Limestone
8.6631555557,2.5129499435,0.1817764193,85.650009155,Limestone
8.6642770767,2.5121240616,0.1767497063,85.277626038,Limestone
8.6569919586,2.5126516819,0.1716571301,85.000312805,Limestone
8.6413259506,2.5180895329,0.1655996889,84.586006165,Limestone
8.6304855347,2.5266683102,0.1568424255,83.645591736,Limestone
8.6354999542,2.5367691517,0.1475419998,82.086524963,Limestone
8.649646759,2.5488829613,0.1421670914,80.235969543,Limestone
8.6591796875,2.5603899956,0.1412421763,78.733184814,Limestone
8.659201622,2.5674881935,0.1408472806,77.973487854,Limestone
8.6515254974,2.5692982674,0.1375838071,77.709068298,Limestone
8.6399354935,2.566218853,0.133093372,78.171951294,Limestone
8.629650116,2.5588839054,0.1330896765,79.110557556,Limestone
8.6231012344,2.5506057739,0.1379393041,79.98639679,Limestone
8.6192703247,2.5484731197,0.1423719823,80.687667847,Limestone
8.6179733276,2.5577516556,0.1436711997,81.177909851,Limestone
8.6200389862,2.5724387169,0.143742159,81.482536316,Limestone
8.6234960556,2.5797777176,0.1480192244,81.724052429,Limestone
8.6242609024,2.5768094063,0.1592228115,81.732307434,Limestone
8.623418808,2.5716283321,0.1680980921,81.689208984,Limestone
8.6259698868,2.5696122646,0.1650272608,82.094047546,Limestone
8.6304006577,2.5705099106,0.1561944038,82.60068512,Limestone
8.630235672,2.5740213394,0.1510258615,83.117477417,Limestone
8.6245126724,2.5776073933,0.1492532641,83.622909546,Limestone
8.6184530258,2.5758593082,0.1496238708,84.143745422,Limestone
8.6171970367,2.5698797703,0.1535489857,84.576141357,Limestone
8.6212739944,2.5668201447,0.1565064639,84.833518982,Limestone
8.6267242432,2.5670509338,0.157295391,84.901229858,Limestone
8.6286840439,2.5645935535,0.1619918048,84.771636963,Limestone
8.6258764267,2.5594816208,0.1695265919,84.203865051,Limestone
8.6214170456,2.5563421249,0.1742054373,83.21421814,Limestone
8.620059967,2.5550284386,0.1739297509,81.80606842,Limestone
8.6224632263,2.5535445213,0.1701392084,80.981506348,Limestone
8.6252031326,2.5540733337,0.165102452,81.10799408,Limestone
8.6259908676,2.5584893227,0.160508424,81.305740356,Limestone
8.6257123947,2.5617523193,0.158451125,81.945762634,Limestone
8.6253290176,2.5585491657,0.1603005528,83.217445374,Limestone
8.623380661,2.5532822609,0.1645177454,85.058486938,Limestone
8.6190452576,2.5536894798,0.168758601,86.611946106,Limestone
8.614115715,2.5573663712,0.1737274975,87.497665405,Limestone
8.6116256714,2.5562353134,0.1806819737,87.708000183,Limestone
8.611415863,2.5501046181,0.1868172884,87.092590332,Limestone
8.6107339859,2.5439147949,0.186301142,85.788917542,Limestone
8.6095523834,2.5382692814,0.1772228032,84.095703125,Limestone
8.6112537384,2.5336110592,0.1676696688,82.179023743,Limestone
8.6170654297,2.5341746807,0.1677986085,80.564796448,Limestone
8.6243181229,2.5409173965,0.1719297767,78.894271851,Limestone
8.6304702759,2.5479648113,0.1673217863,77.486419678,Limestone
8.6332244873,2.5491781235,0.159256056,77.038284302,Limestone
8.6261377335,2.5447056293,0.1562614739,77.41191864,Limestone
8.6055364609,2.540504694,0.1572862267,78.468727112,Limestone
8.5797815323,2.5398917198,0.1600710899,79.81401825,Limestone
8.5613746643,2.5398013592,0.1638658047,81.09261322,Limestone
8.5515041351,2.5333020687,0.1677994728,82.176902771,Limestone
8.5399570465,2.5160040855,0.1705992371,82.492683411,Limestone
8.5215339661,2.4958860874,0.1753008664,82.114387512,Limestone
8.5037193298,2.4854564667,0.1821283102,81.115585327,Limestone
8.4965114594,2.4834012985,0.1857619584,79.893196106,Limestone
8.4968700409,2.4809536934,0.1842048913,78.463745117,Limestone
8.4965658188,2.4804651737,0.181242466,77.308296204,Limestone
8.494597435,2.4872584343,0.178317681,76.994934082,Limestone
8.4939107895,2.4976522923,0.1698125899,77.376312256,Limestone
8.4991664886,2.5089280605,0.157885775,78.282691956,Limestone
8.5226926804,2.5238523483,0.1478774101,79.433990479,Limestone
8.5663099289,2.5348343849,0.1450286806,80.505691528,Limestone
8.6063919067,2.5264282227,0.1535081565,81.686004639,Limestone
8.6229429245,2.5014295578,0.1655523032,82.749137878,Limestone
8.6224384308,2.4795730114,0.1735356748,83.47013092,Limestone
8.6206550598,2.4697320461,0.1799540371,83.781082153,Limestone
8.6274404526,2.4649224281,0.1853312999,83.511367798,Limestone
8.6459102631,2.45885396,0.1844755113,83.116447449,Limestone
8.6657066345,2.453268528,0.177403897,82.860427856,Limestone
8.6732559204,2.453148365,0.1710034609,83.208190918,Limestone
8.6706867218,2.461571455,0.1707004756,83.757713318,Limestone
8.6719293594,2.4771268368,0.1732186675,85.24848938,Limestone
8.684753418,2.4905445576,0.1727311313,88.46987915,Limestone
8.7040996552,2.4930448532,0.1779497862,93.841362,Limestone
8.7184848785,2.4888181686,0.1866246909,100.09444427,Limestone
8.720790863,2.4838516712,0.2017218173,105.48135376,Limestone
8.7334728241,2.4661624432,0.2376761287,110.10170746,Limestone
9.006896019,2.2911407948,0.3747304678,102.77965546,Limestone
8.895362854,2.3268382549,0.3013848066,103.40302277,Limestone
8.7602376938,2.3679354191,0.276973635,104.65370178,Limestone
9.1653194427,2.2652585506,0.4677021205,102.29890442,Limestone
9.2043142319,2.2618663311,0.4255283177,100.91349792,Limestone
9.1176319122,2.2855613232,0.3738655746,101.67678833,Limestone
8.9584541321,2.30139184,0.337449193,104.34692383,Limestone
8.3996286392,2.1970307827,0.2163476497,87.676818848,Sandstone
8.3883419037,2.2832763195,0.2038035095,88.109977722,Sandstone
8.3880777359,2.3340396881,0.2076686621,89.014801025,Sandstone
8.3911705017,2.3292880058,0.2117253691,90.049171448,Sandstone
8.3935413361,2.299962759,0.2069850415,91.222160339,Sandstone
8.3943843842,2.2715265751,0.2023970634,92.082832336,Sandstone
8.3943729401,2.2503378391,0.2070772648,92.704414368,Sandstone
8.3931531906,2.233217001,0.2173882723,93.120674133,Sandstone
8.3900976181,2.2174303532,0.226561442,93.53931427,Sandstone
8.3891096115,2.2027935982,0.2339958251,93.769515991,Sandstone
8.3930578232,2.1905856133,0.2396883965,93.876342773,Sandstone
8.3971157074,2.1827111244,0.2421743423,93.819488525,Sandstone
8.395283699,2.1808092594,0.2430212796,93.771980286,Sandstone
8.3916769028,2.1863062382,0.243069008,93.679847717,Sandstone
8.3933420181,2.1940991879,0.243030116,93.536720276,Sandstone
8.3997793198,2.1979660988,0.2455876023,93.490905762,Sandstone
8.4044952393,2.1965725422,0.2503976822,93.606559753,Sandstone
8.4039316177,2.1906251907,0.2541078329,93.742530823,Sandstone
8.3996238708,2.1866323948,0.258363694,93.672714233,Sandstone
8.3951406479,2.1907713413,0.2657794952,93.466384888,Sandstone
8.3916606903,2.2000799179,0.2671789229,93.401565552,Sandstone
8.3892087936,2.2069253922,0.271235019,93.412559509,Sandstone
8.3894605637,2.20550704,0.2747570574,93.464019775,Sandstone
8.3919458389,2.1963376999,0.2708329856,93.321060181,Sandstone
8.3929653168,2.1882059574,0.2669304013,93.008377075,Sandstone
8.3927230835,2.192335844,0.2656004429,92.706474304,Sandstone
8.3954381943,2.208479166,0.2634048164,92.402168274,Sandstone
8.3999185562,2.2264959812,0.2569799423,91.812004089,Sandstone
8.4007558823,2.2325508595,0.2486918569,90.670394897,Sandstone
8.3971977234,2.2250556946,0.2422344834,89.117111206,Sandstone
8.3952083588,2.2133448124,0.238541007,87.320281982,Sandstone
8.3976135254,2.2057080269,0.2336236537,85.811454773,Sandstone
8.4000864029,2.2069694996,0.2215302885,84.703491211,Sandstone
8.3984937668,2.2251558304,0.2032245696,84.073638916,Sandstone
8.3954324722,2.2563920021,0.1875000298,84.052680969,Sandstone
8.3957185745,2.2832722664,0.1784091592,84.600875854,Sandstone
8.3995037079,2.2972383499,0.1729841232,85.576171875,Sandstone
8.4035863876,2.3004868031,0.1717882305,86.688926697,Sandstone
8.4063720703,2.2927160263,0.1811329871,87.439697266,Sandstone
8.4062919617,2.2759854794,0.1982887834,87.729492188,Sandstone
8.4015750885,2.261879921,0.2046056986,87.735748291,Sandstone
8.3944654465,2.2560038567,0.2035476714,87.66217041,Sandstone
8.3901844025,2.2584748268,0.2090138495,87.631011963,Sandstone
8.3909826279,2.2612709999,0.2143243551,87.634727478,Sandstone
8.3918781281,2.2564475536,0.2169031501,87.744224548,Sandstone
8.3881092072,2.2437918186,0.2173293531,87.893013,Sandstone
8.3841381073,2.2278649807,0.2175372243,88.547821045,Sandstone
8.3870649338,2.2174324989,0.2193728536,89.712150574,Sandstone
8.3952455521,2.2181930542,0.2227325737,90.874649048,Sandstone
8.4021940231,2.2240407467,0.229544729,91.815719604,Sandstone
8.4035768509,2.2249202728,0.2431732863,92.716781616,Sandstone
8.399731636,2.2074739933,0.2633503079,93.362983704,Sandstone
8.3935613632,2.1602659225,0.2828899324,93.349266052,Sandstone
8.3875055313,2.0997600555,0.2915695012,92.393241882,Sandstone
8.3848314285,2.0653147697,0.2865408659,90.677558899,Sandstone
8.389333725,2.0868878365,0.275115788,89.114189148,Sandstone
8.3993206024,2.1452364922,0.263171047,88.162193298,Sandstone
8.4087877274,2.1959080696,0.2493771613,87.783554077,Sandstone
8.4118947983,2.2199962139,0.2352312505,87.787101746,Sandstone
8.4074497223,2.2274386883,0.2267294079,87.669258118,Sandstone
8.399772644,2.2248699665,0.2259159982,86.854164124,Sandstone
8.3940982819,2.2191820145,0.2307586223,84.649528503,Sandstone
8.39366436,2.2105004787,0.237303704,81.100151062,Sandstone
8.3972244263,2.1972517967,0.2407955527,76.34286499,Sandstone
8.3976802826,2.1863517761,0.2338957787,70.791397095,Sandstone
8.3930902481,2.1995105743,0.2073072493,66.308403015,Sandstone
8.3932914734,2.2565727234,0.1651708782,65.461433411,Limestone
8.4011936188,2.3550703526,0.1261849552,70.054374695,Limestone
8.4080591202,2.4496157169,0.1063280776,78.668945313,Limestone
8.4402256012,2.5059132576,0.1089489758,88.581642151,Limestone
8.6406173706,2.5046696663,0.1245746762,97.408332825,Limestone
8.7994384766,2.4587860107,0.142876789,102.9730835,Limestone
8.5288524628,1.7807425261,0.573598206,130.51309204,Coal
8.5328760147,1.5806037188,0.617611587,124.59120178,Coal
8.5351829529,1.4440387487,0.64072299,116.85326385,Coal
8.5387735367,1.3873400688,0.6008637547,109.16207123,Coal
8.5522251129,1.435767889,0.5261378288,102.74385071,Coal
8.5625734329,1.581278801,0.4416040182,97.479972839,Coal
8.5395774841,1.7872695923,0.3557658494,93.715675354,Coal
8.4843797684,2.0027382374,0.2961703539,91.773933411,Sandstone
8.4355449677,2.1661839485,0.2686880529,91.323951721,Sandstone
8.4174470901,2.2635316849,0.2595218122,91.554069519,Sandstone
8.4197769165,2.3182280064,0.2531698644,91.929542542,Sandstone
8.4264259338,2.3463680744,0.2485390007,92.442886353,Sandstone
8.4333467484,2.3554930687,0.2507691383,93.039077759,Sandstone
8.4417896271,2.3559718132,0.2582623661,93.472648621,Sandstone
8.4509735107,2.3530962467,0.2641121745,93.512748718,Sandstone
8.4585180283,2.3418807983,0.2630412877,93.198280334,Sandstone
8.4589681625,2.3193051815,0.2578297853,92.766914368,Sandstone
8.4481925964,2.2945187092,0.2558170855,92.446250916,Sandstone
8.4355564117,2.2855396271,0.2552450895,92.337799072,Sandstone
8.4351501465,2.2993762493,0.2524563968,92.664955139,Sandstone
8.4465923309,2.3206019402,0.256436646,93.493743896,Sandstone
8.4571781158,2.3328976631,0.2732094824,94.602722168,Sandstone
8.4587173462,2.3254449368,0.2922904193,95.371749878,Sandstone
8.4552297592,2.2951259613,0.2994996309,95.3904953,Sandstone
8.4536800385,2.2611899376,0.2972104251,95.238960266,Sandstone
8.4519672394,2.2425932884,0.2969619334,95.480033875,Sandstone
8.445895195,2.2395172119,0.2959301472,95.984344482,Sandstone
8.4403839111,2.2419884205,0.2888320088,96.353546143,Sandstone
8.4409065247,2.2425377369,0.2809177339,96.3985672,Sandstone
8.4455366135,2.238142252,0.2799786627,96.185150146,Sandstone
8.4496974945,2.2361526489,0.2863427401,95.840751648,Sandstone
8.4527750015,2.2425100803,0.2925519943,95.577148438,Sandstone
8.4565858841,2.2483940125,0.2937850058,95.277603149,Sandstone
8.4581775665,2.2491590977,0.29184708,94.265991211,Sandstone
8.4550476074,2.2470898628,0.2887555361,92.7265625,Sandstone
8.4535694122,2.2456548214,0.2838259339,91.072166443,Sandstone
8.4607944489,2.2457613945,0.2782956064,89.59942627,Sandstone
8.4708223343,2.246825695,0.277400732,88.742721558,Sandstone
8.4729509354,2.2593281269,0.2834201753,88.527671814,Sandstone
8.472905159,2.3075060844,0.2918630838,89.01650238,Sandstone
12.572992325,2.0339915752,0.5370007157,115.82502747,Sandstone
12.648471832,2.0088474751,0.520160675,115.58081818,Sandstone
12.741651535,1.9755473137,0.4777472913,115.33660126,Sandstone
12.906334877,1.9774804115,0.4645956457,115.09239197,Sandstone
13.027622223,2.0309374332,0.4596013725,114.84818268,Sandstone
13.078130722,2.090836525,0.4454330206,114.60397339,Sandstone
13.092195511,2.1151382923,0.4356462955,114.3597641,Sandstone
13.086902618,2.1035859585,0.4291851819,114.11555481,Sandstone
13.116541862,2.0990493298,0.4255642593,113.87134552,Sandstone
13.136044502,2.1042709351,0.4120142162,113.62713623,Sandstone
13.183110237,2.1044504642,0.4094183743,113.38292694,Sandstone
13.22440815,2.1006548405,0.430896908,113.13871765,Sandstone
13.241996765,2.0968415737,0.4503677487,112.89450836,Sandstone
13.253085136,2.0967197418,0.4613029659,112.65029907,Sandstone
13.238717079,2.1264383793,0.4528053701,112.40608978,Sandstone
13.227256775,2.2053720951,0.4349925816,112.16188049,Sandstone
13.18457222,2.3215360641,0.4254410267,111.9176712,Sandstone
13.093799591,2.3759157658,0.4147355855,111.67346191,Sandstone
13.019593239,2.3196585178,0.4223892391,111.42925262,Sandstone
12.895448685,2.244556427,0.4383425713,111.18504333,Sandstone
12.788876534,2.2025725842,0.4400606453,110.94083405,Sandstone
12.743806839,2.1884450912,0.4105521441,110.69662476,Sandstone
12.623120308,2.1593258381,0.3593749702,110.45241547,Sandstone
12.515962601,2.1218647957,0.3257536888,110.20820618,Sandstone
12.497210503,2.0989596844,0.3165807724,109.96399689,Sandstone
12.495951653,2.0869290829,0.3244993985,109.7197876,Sandstone
12.49253273,2.0794410706,0.3350870609,109.47557831,Sandstone
12.492190361,2.0682482719,0.3411515653,109.23136902,Sandstone
12.473748207,2.0574007034,0.3412175179,108.98715973,Sandstone
12.429244041,2.0513355732,0.3497058153,108.74295044,Sandstone
12.401096344,2.0535340309,0.3576975465,108.40969086,Sandstone
12.398440361,2.0627450943,0.3571565747,107.95553589,Sandstone
12.398440361,2.0714313984,0.3536787629,108.04579926,Sandstone
12.398429871,2.0785689354,0.3573449254,108.4517746,Sandstone
12.380277634,2.090726614,0.3768478334,108.88876343,Sandstone
12.343424797,2.1050806046,0.3843198419,109.7116394,Sandstone
12.322508812,2.1152217388,0.3635812998,110.33624268,Sandstone
12.320309639,2.1125028133,0.3338718712,110.62611389,Sandstone
12.320326805,2.1026813984,0.3223008811,110.82047272,Sandstone
12.352496147,2.0900862217,0.3414784074,110.51572418,Sandstone
12.389870644,2.0793707371,0.3735814095,110.16924286,Sandstone
12.397948265,2.0799720287,0.387355119,109.98933411,Sandstone
12.398440361,2.0852622986,0.3763690591,109.53586578,Sandstone
12.398440361,2.0885224342,0.356601119,109.72528839,Sandstone
12.398440361,2.0888357162,0.3404913843,110.02111053,Sandstone
12.398440361,2.0889019966,0.3399401307,110.00879669,Sandstone
12.398430824,2.0914621353,0.3544883132,109.83952332,Sandstone
12.367063522,2.0952239037,0.3668301105,110.1328125,Sandstone
12.329656601,2.0991165638,0.3659298718,110.66631317,Sandstone
12.32087326,2.0995447636,0.3567911983,111.27999878,Sandstone
12.320308685,2.097079277,0.3644996285,111.66547394,Sandstone
12.320308685,2.0967113972,0.3837462962,111.45496368,Sandstone
12.320308685,2.0966484547,0.3820130825,110.93358612,Sandstone
12.320308685,2.0907149315,0.3596898913,110.68672943,Sandstone
12.320308685,2.0806372166,0.3344424367,110.94316101,Sandstone
12.320308685,2.0741467476,0.3220210671,111.3640976,Sandstone
12.320318222,2.074971199,0.3200695813,111.98254395,Sandstone
12.330474854,2.0776424408,0.323269695,112.61070251,Sandstone
12.365345955,2.078125,0.3282115757,112.79605103,Sandstone
12.393782616,2.0798079967,0.3391806781,112.65850067,Sandstone
12.398440361,2.0775051117,0.3473962843,112.52259827,Sandstone
12.398415565,2.0697813034,0.3500133455,112.49976349,Sandstone
12.375177383,2.0626480579,0.3408073783,112.19476318,Sandstone
12.338754654,2.0582904816,0.3296404481,112.04901123,Sandstone
12.352172852,2.0568187237,0.3341236711,112.41051483,Sandstone
12.387407303,2.0566411018,0.3464278877,112.60099792,Sandstone
12.397708893,2.0591051579,0.3549666405,112.90086365,Sandstone
12.398440361,2.0619430542,0.3492916226,113.34389496,Sandstone
12.39192009,2.0625,0.3368975222,113.48738098,Sandstone
12.390842438,2.0608716011,0.3329946697,113.5249939,Sandstone
12.396897316,2.0605976582,0.3482134044,113.70481873,Sandstone
12.398440361,2.0629155636,0.3650544584,113.97231293,Sandstone
12.398440361,2.0650613308,0.3681673706,114.32648468,Sandstone
12.398440361,2.0621907711,0.3551518917,114.79894257,Sandstone
12.398440361,2.054454565,0.347274363,115.10198212,Sandstone
12.398440361,2.0504455566,0.3540698886,115.30247498,Sandstone
12.398440361,2.0521643162,0.3609009981,115.56227875,Sandstone
12.417401314,2.0542685986,0.358414501,115.84281921,Sandstone
12.421260834,2.0531105995,0.3576582968,116.02689362,Sandstone
12.403599739,2.0504243374,0.3680509925,116.13452911,Sandstone
12.398442268,2.048261404,0.371869266,116.20407104,Sandstone
12.398440361,2.0463123322,0.3663713932,116.00402832,Sandstone
12.398440361,2.044365406,0.3576156497,115.79485321,Sandstone
12.398440361,2.0424172878,0.3469405174,115.72633362,Sandstone
12.398440361,2.0389204025,0.3353226483,115.67153168,Sandstone
12.398440361,2.0358436108,0.3248263597,115.56218719,Sandstone
12.398440361,2.0374610424,0.3329672515,115.5078125,Sandstone
12.398426056,2.0426073074,0.3509840071,115.57025909,Sandstone
12.380178452,2.0446388721,0.3514432013,115.68704987,Sandstone
12.345186234,2.0411655903,0.339707613,115.88127136,Sandstone
12.324181557,2.0370762348,0.3314352632,116.00687408,Sandstone
12.320308685,2.0369079113,0.3323101699,116.01968384,Sandstone
12.320308685,2.037065506,0.3347888887,116.0041275,Sandstone
12.320308685,2.0379023552,0.3279996812,116.22883606,Sandstone
12.320308685,2.0402622223,0.3241781592,116.5633316,Sandstone
12.320308685,2.0439908504,0.3261554241,116.63358307,Sandstone
12.320308685,2.0470626354,0.3284852505,116.69290924,Sandstone
12.320308685,2.0441782475,0.3298875391,116.76383972,Sandstone
12.320308685,2.0386333466,0.3322106004,116.66889191,Sandstone
12.320308685,2.0371489525,0.3330362439,116.64746857,Sandstone
12.320323944,2.0385308266,0.3298670053,116.65622711,Sandstone
12.334833145,2.0390629768,0.3240741789,116.58952332,Sandstone
12.368403435,2.0354354382,0.3231678009,116.49608612,Sandstone
12.392959595,2.0306622982,0.3303430378,116.53483582,Sandstone
12.398418427,2.028578043,0.3318658471,116.4302597,Sandstone
12.375551224,2.0326399803,0.3334284425,116.02459717,Sandstone
12.339255333,2.0411932468,0.334022522,115.76603699,Sandstone
12.350986481,2.0446014404,0.3325837851,115.69709778,Sandstone
12.386983871,2.0407044888,0.3267412782,115.94748688,Sandstone
12.398440361,2.0356025696,0.3258587718,116.27829742,Sandstone
12.398440361,2.0349011421,0.3390769064,116.35353088,Sandstone
12.398440361,2.0344190598,0.3587537706,116.36518097,Sandstone
12.398440361,2.0321345329,0.3731692731,116.22554016,Sandstone
12.39841938,2.03125,0.3747186363,115.96509552,Sandstone
12.373553276,2.0305569172,0.3706903756,116.00215912,Sandstone
12.363838196,2.0289087296,0.3746094704,116.33664703,Sandstone
12.387423515,2.0297100544,0.3909836411,116.53177643,Sandstone
12.379265785,2.0363838673,0.4049203396,116.43685913,Sandstone
12.349714279,2.0464699268,0.4028101265,116.18756104,Sandstone
12.358878136,2.0524449348,0.3876202703,115.99008179,Sandstone
12.36402607,2.0516939163,0.3738629222,116.18544006,Sandstone
12.336889267,2.0460925102,0.3679557741,116.58000946,Sandstone
12.321592331,2.0399901867,0.3637743294,116.6778183,Sandstone
12.320308685,2.0360946655,0.3499887288,116.71755981,Sandstone
12.320308685,2.0345187187,0.3287964165,116.75006104,Sandstone
12.333561897,2.0335030556,0.3227300346,116.66908264,Sandstone
12.363326073,2.031908989,0.3348225951,116.84725189,Sandstone
12.361679077,2.0338819027,0.352650851,117.12957001,Sandstone
12.332383156,2.0344469547,0.3632444441,117.19867706,Sandstone
12.320308685,2.0309796333,0.3605528176,117.047966,Sandstone
12.320316315,2.0279984474,0.3535765707,116.77028656,Sandstone
12.330638885,2.0299565792,0.3482796252,116.65623474,Sandstone
12.361463547,2.0363323689,0.3537948728,116.65626526,Sandstone
12.364481926,2.0383956432,0.3640068173,116.57788086,Sandstone
12.334318161,2.0368416309,0.3662661314,116.64842224,Sandstone
12.327965736,2.0361218452,0.3719940782,116.75749969,Sandstone
12.357221603,2.0367774963,0.3886795044,116.52961731,Sandstone
12.388441086,2.0377180576,0.3988709748,116.35566711,Sandstone
12.395920753,2.0380961895,0.3823147416,116.53575897,Sandstone
12.37454319,2.0387015343,0.3563537598,116.75198364,Sandstone
12.341152191,2.0371935368,0.3479726911,116.92680359,Sandstone
12.30592823,2.0324397087,0.35703969,117.13262939,Sandstone
12.263641357,2.0290660858,0.3581070304,117.19985962,Sandstone
12.234010696,2.0264687538,0.3459681273,117.11235809,Sandstone
12.238778114,2.0223679543,0.3329584599,116.9690094,Sandstone
12.275100708,2.018078804,0.3303330541,116.81317139,Sandstone
12.309684753,2.0178442001,0.3398913145,116.62019348,Sandstone
12.320315361,2.0239517689,0.3542085886,116.53108215,Sandstone
12.32754612,2.0315203667,0.3604183495,116.25561523,Sandstone
12.355841637,2.0347540379,0.3492073417,115.91629791,Sandstone
12.411314964,2.031594038,0.3347606063,115.83078003,Sandstone
12.465647697,2.024576664,0.3293063939,115.78942108,Sandstone
12.489038467,2.0226922035,0.3365730047,115.85840607,Sandstone
12.492190361,2.0292751789,0.3484734297,116.02735901,Sandstone
12.492190361,2.0384469032,0.3537631035,116.04006958,Sandstone
12.492190361,2.0407969952,0.3556939363,115.92878723,Sandstone
12.492190361,2.0354440212,0.3548022211,115.78636932,Sandstone
12.492190361,2.0310792923,0.347630918,115.68348694,Sandstone
12.492190361,2.0320050716,0.3353633285,115.67382813,Sandstone
12.492190361,2.0343253613,0.3243457973,115.7922287,Sandstone
12.492190361,2.03459692,0.3191396594,115.84002686,Sandstone
12.492190361,2.0330424309,0.3220837414,115.62207794,Sandstone
12.492190361,2.0322415829,0.3247684836,115.49462891,Sandstone
12.492190361,2.0355806351,0.3276963234,115.54135895,Sandstone
12.492195129,2.0419819355,0.3377360106,115.56246948,Sandstone
12.505534172,2.0471279621,0.3540177941,115.56242371,Sandstone
12.542052269,2.0499346256,0.3658914864,115.52864075,Sandstone
12.575591087,2.0524260998,0.3559617102,115.600914,Sandstone
12.585940361,2.0553512573,0.3321869969,115.82144928,Sandstone
12.585940361,2.0566353798,0.3132589161,116.05425262,Sandstone
12.585940361,2.0544798374,0.3066495955,116.32204437,Sandstone
12.585940361,2.0484247208,0.3105365336,116.46874237,Sandstone
12.585934639,2.040102005,0.3205624223,116.33756256,Sandstone
12.57738018,2.0350692272,0.3388460279,116.05537415,Sandstone
12.544825554,2.0373651981,0.3573129475,115.59764099,Sandstone
12.506575584,2.0437312126,0.3617646098,115.23184204,Sandstone
12.492195129,2.0468719006,0.3478936553,115.31698608,Sandstone
12.492184639,2.0468761921,0.3213041723,115.53276825,Sandstone
12.481760025,2.0479142666,0.3055742383,115.73703003,Sandstone
12.447821617,2.0514194965,0.3107969165,115.90676117,Sandstone
12.411398888,2.0552551746,0.3234845996,115.90603638,Sandstone
12.398440361,2.0556147099,0.3330544233,115.96902466,Sandstone
12.398440361,2.053668499,0.3393647969,116.24964905,Sandstone
12.398440361,2.0507071018,0.3487510383,116.54605103,Sandstone
12.398440361,2.0458011627,0.3586465418,116.57906342,Sandstone
12.396432877,2.0404551029,0.3654467463,116.48462677,Sandstone
12.374565125,2.0365862846,0.3725294173,116.51448822,Sandstone
12.337550163,2.035649538,0.3720110953,116.59279633,Sandstone
12.320308685,2.0376186371,0.3586413264,116.62494659,Sandstone
12.320308685,2.0395543575,0.3478847146,116.60996246,Sandstone
12.320308685,2.0410182476,0.3513140678,116.54880524,Sandstone
12.320308685,2.0434508324,0.3643687069,116.30680084,Sandstone
12.320308685,2.0458929539,0.372559011,115.94599152,Sandstone
12.320308685,2.0444700718,0.3707585633,115.78134918,Sandstone
12.320308685,2.040541172,0.3676801324,115.72289276,Sandstone
12.320308685,2.0404937267,0.3705104291,115.62726593,Sandstone
12.320308685,2.0429387093,0.3739359975,115.65164185,Sandstone
12.320308685,2.04347682,0.3658855259,115.83370209,Sandstone
12.320308685,2.0420255661,0.3485170901,116.06861877,Sandstone
12.320308685,2.0414805412,0.3391571641,116.13069153,Sandstone
12.320308685,2.0424587727,0.3479714692,115.94947052,Sandstone
12.320308685,2.0411326885,0.3662573695,115.63010406,Sandstone
12.320308685,2.0385870934,0.3800836504,115.3366394,Sandstone
12.320308685,2.0390102863,0.3758152127,115.19439697,Sandstone
12.320308685,2.0431861877,0.359316051,114.97325134,Sandstone
12.320308685,2.0496058464,0.3501302004,114.74014282,Sandstone
12.320308685,2.0513863564,0.3508346379,114.5786438,Sandstone
12.320308685,2.0466976166,0.349213928,114.28862,Sandstone
12.320308685,2.0416083336,0.3416485786,114.02646637,Sandstone
12.320308685,2.0409331322,0.3375046551,113.88413239,Sandstone
12.320308685,2.0437278748,0.3385229111,113.94557953,Sandstone
12.320308685,2.0476644039,0.3375487328,114.30976105,Sandstone
12.320308685,2.0497963428,0.3351319432,114.57554626,Sandstone
12.320308685,2.0493862629,0.3348575234,114.56761932,Sandstone
12.320308685,2.0479650497,0.3335040808,114.47940826,Sandstone
12.320308685,2.0472967625,0.3323210776,114.42556763,Sandstone
12.320308685,2.0482792854,0.33112064,114.47224426,Sandstone
12.320308685,2.048412323,0.3316455781,114.38551331,Sandstone
12.320308685,2.0470166206,0.3330449164,114.14292145,Sandstone
12.320308685,2.0463001728,0.3375909626,114.01874542,Sandstone
12.320308685,2.046487093,0.3450935483,113.87529755,Sandstone
12.320304871,2.0438437462,0.3527878523,113.55114746,Sandstone
12.312252045,2.0389859676,0.3565176129,113.23287964,Sandstone
12.281409264,2.0365085602,0.3538056016,113.00134277,Sandstone
12.245714188,2.0399360657,0.3494100273,112.85774994,Sandstone
12.253388405,2.0475308895,0.3427368104,112.76926422,Sandstone
12.297348022,2.053976059,0.3323227465,112.80989838,Sandstone
12.320308685,2.0544641018,0.3214675188,112.92997742,Sandstone
12.320308685,2.0519607067,0.325676173,112.95690918,Sandstone
12.320308685,2.0511407852,0.3423880637,113.12533569,Sandstone
12.320308685,2.0533161163,0.3503753841,113.60090637,Sandstone
12.318799973,2.0556752682,0.34872365,113.95591736,Sandstone
12.310366631,2.0560278893,0.3524933755,114.1394043,Sandstone
12.284255981,2.0574126244,0.3681295514,114.05909729,Sandstone
12.245587349,2.0585939884,0.3774743974,113.55462646,Sandstone
12.226559639,2.057492733,0.3714606166,112.87480164,Sandstone
12.226559639,2.0545341969,0.3729274869,112.08466339,Sandstone
12.226559639,2.052737236,0.3843021393,111.3523407,Sandstone
12.226559639,2.0523743629,0.3920306861,110.91399384,Sandstone
12.226559639,2.051030159,0.3825782835,110.97628021,Sandstone
12.226559639,2.0490820408,0.3661959171,111.44359589,Sandstone
12.243394852,2.0481889248,0.3591297269,111.81430054,Sandstone
12.290818214,2.0502541065,0.3545187414,111.90536499,Sandstone
12.320305824,2.0538020134,0.3528923988,111.61074066,Sandstone
12.313452721,2.0556783676,0.3542143404,111.01963806,Sandstone
12.285541534,2.0549674034,0.3641951084,110.83331299,Sandstone
12.256108284,2.0540328026,0.3748250306,111.14466858,Sandstone
12.268966675,2.0547192097,0.3788553178,111.55024719,Sandstone
12.305247307,2.054322958,0.3737991154,111.7505722,Sandstone
12.320308685,2.0547163486,0.3620380163,111.50561523,Sandstone
12.320308685,2.0576558113,0.3502448499,110.77508545,Sandstone
12.320308685,2.0599131584,0.33917436,109.72388458,Sandstone
12.320308685,2.0595815182,0.328128159,109.06256104,Sandstone
12.320308685,2.0578856468,0.3239940405,109.18946075,Sandstone
12.320308685,2.0596137047,0.3302392662,109.66210175,Sandstone
12.320305824,2.0627603531,0.3424927294,110.20882416,Sandstone
12.307865143,2.0686292648,0.35205248,110.33538818,Sandstone
12.271884918,2.0777521133,0.3522389531,109.89909363,Sandstone
12.266320229,2.0842862129,0.3451394737,109.55658722,Sandstone
12.293460846,2.086933136,0.3376965821,109.45024872,Sandstone
12.27775383,2.0866110325,0.3369446397,109.31440735,Sandstone
12.239004135,2.0862576962,0.3407460451,108.97529602,Sandstone
12.226559639,2.0869085789,0.3498524725,108.71469879,Sandstone
12.226559639,2.0868556499,0.3561144769,108.92414856,Sandstone
12.226559639,2.0863037109,0.3568748832,109.39633179,Sandstone
12.226559639,2.0855088234,0.3530062735,109.76643372,Sandstone
12.226559639,2.0874536037,0.3431185484,109.94248962,Sandstone
12.226559639,2.093701601,0.3328455389,109.65986633,Sandstone
12.226559639,2.0986950397,0.3280150592,108.90605164,Sandstone
12.226559639,2.0992972851,0.330162704,108.30471039,Sandstone
12.226559639,2.0988812447,0.3295497596,107.90569305,Sandstone
12.226559639,2.0986998081,0.3262169361,107.38082123,Sandstone
12.226559639,2.0974133015,0.3295849562,106.7275238,Sandstone
12.2265625,2.0977752209,0.3340303004,106.17449951,Sandstone
12.229401588,2.1026234627,0.3317580819,105.59609222,Sandstone
12.244361877,2.1098484993,0.3292562962,104.99885559,Sandstone
12.261018753,2.1157224178,0.3302566707,104.80471802,Sandstone
12.245318413,2.1200082302,0.3221867383,104.65658569,Sandstone
12.228885651,2.1227371693,0.307941705,104.25809479,Sandstone
12.248271942,2.1216678619,0.300334245,104.24848938,Sandstone
12.294132233,2.1223011017,0.3027907014,104.40727234,Sandstone
12.318444252,2.129206419,0.3143072426,104.25281525,Sandstone
12.320308685,2.1376338005,0.3246504962,103.98133087,Sandstone
12.320308685,2.1417610645,0.3241043687,103.60916138,Sandstone
12.320308685,2.1428377628,0.3084073663,103.14231873,Sandstone
12.320308685,2.1445815563,0.2898350954,102.78128815,Sandstone
12.320308685,2.1452851295,0.2841284275,102.80235291,Sandstone
12.320308685,2.1440694332,0.291092068,102.91698456,Sandstone
12.320308685,2.1429755688,0.3011629581,103.18685913,Sandstone
12.320308685,2.1420252323,0.3103488088,103.67255402,Sandstone
12.320308685,2.1395089626,0.3176009953,103.83030701,Sandstone
12.319765091,2.1343793869,0.3207977712,103.70803833,Sandstone
12.309776306,2.1283984184,0.3200927675,103.35192108,Sandstone
12.268752098,2.1259799004,0.3116538227,103.06372833,Sandstone
12.226559639,2.1295142174,0.3004856408,103.20030975,Sandstone
12.226559639,2.137825489,0.2936725318,103.27527618,Sandstone
12.226559639,2.1468763351,0.2952100635,103.35630798,Sandstone
12.226559639,2.1508688927,0.3055223227,103.42884827,Sandstone
12.226559639,2.1480555534,0.3200799227,104.21311951,Sandstone
12.226559639,2.1408240795,0.3301077485,104.93287659,Sandstone
12.226387978,2.1323988438,0.334207058,104.63922882,Sandstone
12.216772079,2.1274642944,0.3365271688,103.81011963,Sandstone
12.170452118,2.1291575432,0.3399924934,102.59741974,Sandstone
12.153086662,2.1357085705,0.346676141,101.4043045,Sandstone
12.212718964,2.1421062946,0.3507922292,101.04139709,Sandstone
12.15750885,2.1443431377,0.344686985,101.41364288,Sandstone
12.143388748,2.1441700459,0.3279957473,101.64242554,Sandstone
12.184141159,2.1452388763,0.3156071007,101.93895721,Sandstone
12.226559639,2.1468853951,0.3183964789,102.33386993,Sandstone
12.226559639,2.1461451054,0.3303485215,102.8483429,Sandstone
12.226559639,2.1435103416,0.340607971,103.37879181,Sandstone
12.226558685,2.1405179501,0.3355180621,103.5375061,Sandstone
12.221434593,2.1384758949,0.3210648298,103.38659668,Sandstone
12.194229126,2.1359524727,0.3100521266,103.31519318,Sandstone
12.199998856,2.1322414875,0.3134047985,103.54264832,Sandstone
12.230086327,2.1310012341,0.3119865358,103.80451965,Sandstone
12.27118206,2.1362252235,0.29924196,103.88673401,Sandstone
12.311638832,2.1455984116,0.2946788967,103.49888611,Sandstone
12.320308685,2.1499896049,0.3026355207,102.93751526,Sandstone
12.320308685,2.1450889111,0.3091569543,102.9506073,Sandstone
12.320308685,2.1377971172,0.3015437126,103.05686951,Sandstone
12.320308685,2.1356902122,0.2938520014,103.26874542,Sandstone
12.320308685,2.1377828121,0.3005478382,103.5773468,Sandstone
12.320308685,2.1373004913,0.3140841722,103.48097992,Sandstone
12.318662643,2.1345698833,0.3207634985,103.63718414,Sandstone
12.302697182,2.1373438835,0.3178488314,104.19850922,Sandstone
12.277275085,2.1442193985,0.3094337583,104.61711884,Sandstone
12.330653191,2.1483001709,0.3010255098,105.4274292,Sandstone
12.350205421,2.1450688839,0.2908882201,104.9917984,Sandstone
12.3203125,2.1401436329,0.2878917456,103.95807648,Sandstone
12.327646255,2.1398444176,0.2899201512,103.81282043,Sandstone
12.395847321,2.140625,0.2935595512,103.23799133,Sandstone
12.477331161,2.1405375004,0.291638881,103.11233521,Sandstone
17.108293533,1.9992939234,0.4302127659,144.11669922,Dolomite
16.592748642,2.1048903465,0.3620938361,128.84037781,Dolomite
15.191646576,2.1297545433,0.3406383097,118.75064087,Dolomite
16.196098328,2.0709195137,0.3711133003,120.7562561,Dolomite
17.083930969,2.0029742718,0.4333073199,128.84991455,Dolomite
17.102344513,1.977181673,0.4986720979,144.20585632,Dolomite
14.499209404,2.1303358078,0.374212414,132.58421326,Dolomite
14.415371895,2.1425936222,0.3799811602,128.3837738,Dolomite
14.406250954,2.0691344738,0.4056688249,125.69346619,Dolomite
14.406250954,1.9552371502,0.4239118099,128.80973816,Dolomite
14.401464462,1.8796969652,0.4194698632,135.51654053,Dolomite
14.49448967,1.8771240711,0.4137375057,142.55122375,Dolomite
13.909257889,2.2394895554,0.4004321396,132.85766602,Dolomite
13.746340752,2.2599248886,0.4006188512,130.82943726,Dolomite
13.700044632,2.275042057,0.4096280634,129.90905762,Dolomite
13.679690361,2.284681797,0.4124142826,129.34185791,Dolomite
13.679690361,2.2685043812,0.3908487558,128.2069397,Dolomite
13.679690361,2.2088236809,0.3677906096,127.47026062,Dolomite
16.622457504,2.0276620388,0.4426918924,142.59794617,Dolomite
17.016630173,2.1017298698,0.4319981337,137.56008911,Dolomite
17.156759262,2.0687475204,0.4453902543,135.38565063,Dolomite
17.102771759,1.970562458,0.4664664567,135.86425781,Dolomite
17.344165802,1.8657118082,0.4982682467,141.63180542,Dolomite
15.803878784,2.0164468288,0.4287638068,131.75880432,Dolomite
15.946035385,1.8926795721,0.4558883309,139.23130798,Dolomite
16.461149216,1.8309421539,0.4735922813,143.9581604,Dolomite
15.842208862,1.9390112162,0.4993136525,122.86103821,Limestone
14.988020897,1.7996237278,0.5000727177,120.77243042,Limestone
17.440912247,1.7429828644,0.5747318864,139.68266296,Limestone
17.588342667,1.8183494806,0.517652154,121.61765289,Limestone
16.537679672,1.8454681635,0.4888417125,120.74242401,Limestone
15.358009338,1.7328650951,0.509000361,132.92027283,Limestone
16.549520493,2.0518295765,0.4096286893,118.28651428,Dolomite
16.345853806,2.0415787697,0.4016801417,113.68731689,Dolomite
17.507699966,2.0648038387,0.3982386291,111.73597717,Dolomite
17.794212341,2.0922241211,0.392901361,114.68650055,Dolomite
16.80737114,2.0961761475,0.3912074268,117.26990509,Dolomite
16.109325409,2.0773689747,0.3970018625,120.5973587,Dolomite
16.272859573,2.0260696411,0.4129800498,126.52852631,Dolomite
13.935067177,2.3490014076,0.3919824958,114.02797699,Tuff
13.786197662,2.3517878056,0.3689098358,113.35457611,Tuff
13.621651649,2.3488903046,0.3526746035,116.78102112,Tuff
13.624687195,2.3440177441,0.3533170521,125.34091949,Tuff
13.648398399,2.338085413,0.3603887856,129.86717224,Tuff
13.521445274,2.3294036388,0.3589535058,125.74832916,Tuff
13.378177643,2.3204960823,0.3520237803,119.43489838,Tuff
13.327841759,2.3106284142,0.3507528603,116.11220551,Tuff
13.313123703,2.2971310616,0.3589520156,118.03790283,Tuff
13.327282906,2.286677599,0.371576041,120.8372345,Tuff
13.450608253,2.2872827053,0.3832097948,120.11785126,Tuff
13.735920906,2.2941148281,0.3895954192,119.43592834,Tuff
13.881639481,2.2966005802,0.3887060881,119.03397369,Tuff
13.851740837,2.2943751812,0.3840595484,118.34591675,Tuff
13.841103554,2.2939770222,0.3767263591,119.51740265,Tuff
13.88955307,2.299959898,0.3648787737,121.48749542,Tuff
13.995765686,2.3119392395,0.3517739177,122.72519684,Tuff
14.037169456,2.3250463009,0.3404999971,123.77377319,Tuff
14.005515099,2.3310627937,0.3292286992,124.24938202,Tuff
13.878324509,2.3259012699,0.3185764253,123.06158447,Tuff
13.745727539,2.3168926239,0.317614764,121.2203064,Tuff
13.612388611,2.3093435764,0.3322793245,119.67656708,Tuff
13.572418213,2.3015408516,0.3531407714,118.59721375,Tuff
13.494197845,2.2971158028,0.3689624965,117.76058197,Tuff
13.111239433,2.2578415871,0.3456911147,117.44593811,Tuff
13.153395653,2.3003320694,0.3461722434,114.71937561,Tuff
13.177891731,2.3580315113,0.3431256115,113.36260986,Tuff
13.124336243,2.3955745697,0.3368041813,114.76712036,Tuff
13.050089836,2.3944852352,0.3321120143,117.37839508,Tuff
13.074879646,2.3722810745,0.3338242769,120.25997925,Tuff
13.184152603,2.3535442352,0.3418305814,122.09754181,Tuff
13.275395393,2.3380794525,0.3474343419,120.99430084,Tuff
13.300963402,2.3171167374,0.3461069465,117.29904175,Tuff
13.311231613,2.2873768806,0.3440744877,116.03443146,Tuff
13.307928085,2.2587208748,0.3505081236,117.6324234,Tuff
13.40955162,2.2452375889,0.367115289,119.33615875,Tuff
13.640417099,2.2518398762,0.3810333312,121.56103516,Tuff
13.941959381,2.2770123482,0.3795582354,120.68123627,Tuff
14.12237072,2.3164162636,0.3626382649,115.37923431,Tuff
14.12115097,2.3607058525,0.3414692879,108.9965744,Tuff
14.147568703,2.3886289597,0.3308789134,106.40659332,Tuff
14.189768791,2.3820939064,0.336688906,107.71528625,Tuff
14.252305031,2.3518359661,0.3526201844,110.98092651,Tuff
14.269274712,2.3269238472,0.3678070009,117.42626953,Tuff
14.145425797,2.3237383366,0.3783486784,122.65985107,Tuff
14.057757378,2.3376486301,0.3893789649,123.887146,Tuff
14.013245583,2.349973917,0.3955424726,123.88146973,Tuff
13.922240257,2.3495924473,0.3848869205,123.06904602,Tuff
13.74409008,2.3440084457,0.3636758327,121.18312073,Tuff
13.679860115,2.340378046,0.3477056921,120.20825195,Tuff
13.764217377,2.3377525806,0.3477743566,120.2490387,Tuff
13.850090981,2.3291141987,0.3606271744,120.07048798,Tuff
13.89655304,2.3013882637,0.3722105026,120.22945404,Tuff
13.811519623,2.2572267056,0.3769696653,120.3196106,Tuff
13.60548687,2.2207219601,0.3801822364,119.79141998,Tuff
13.438552856,2.20475173,0.3905690908,119.81111145,Tuff
13.505132675,2.2032511234,0.4055374861,120.55096436,Tuff
13.61600399,2.2141623497,0.4139254391,121.58187866,Tuff
13.707392693,2.2441518307,0.4189842641,122.66201019,Tuff
13.820552826,2.2859964371,0.4244562089,123.53299713,Tuff
13.865857124,2.3209352493,0.4196174741,123.05081177,Tuff
13.850829124,2.3500161171,0.4009094536,120.98750305,Tuff
13.834958076,2.3816475868,0.3843897581,118.51802063,Tuff
13.865786552,2.4090862274,0.3817471862,113.02851105,Tuff
13.941547394,2.4252200127,0.3802519143,106.39440155,Tuff
14.006726265,2.4334719181,0.3683372438,103.44450378,Tuff
13.854606628,2.4360220432,0.3547383547,104.26675415,Tuff
13.748420715,2.4235932827,0.3522295654,109.09355164,Tuff
13.701034546,2.3769090176,0.3578861952,114.40362549,Tuff
13.680120468,2.2859506607,0.3606923521,116.87850952,Tuff
13.680096626,2.1673045158,0.3579831123,116.86496735,Tuff
13.69874382,2.0634973049,0.3532307148,113.99403381,Tuff
13.776596069,2.0163757801,0.3505335152,111.55715942,Tuff
13.837164879,2.0391838551,0.3527395129,111.3113327,Tuff
13.782066345,2.1108396053,0.358494401,111.67269897,Tuff
13.861240387,2.1895935535,0.3635553718,113.86101532,Tuff
14.016827583,2.2530243397,0.3697780967,118.4079895,Tuff
13.912568092,2.298936367,0.387781024,121.2201004,Tuff
13.784920692,2.3275132179,0.4109591544,122.3811264,Tuff
13.795524597,2.3416802883,0.4169573188,123.57988739,Tuff
13.875627518,2.3434076309,0.4022768736,122.56056976,Tuff
13.952324867,2.3404686451,0.3850568533,120.87982178,Tuff
14.077190399,2.343126297,0.3818154335,120.16340637,Tuff
14.249978065,2.3519134521,0.3879249394,120.06758118,Tuff
14.47294426,2.363704443,0.3871442974,121.69552612,Tuff
14.562623024,2.3765890598,0.3708640635,122.7547226,Tuff
14.636463165,2.385424614,0.3491684496,120.88274384,Tuff
14.619216919,2.3803827763,0.3426417112,118.56769562,Tuff
14.583238602,2.3591856956,0.3586115241,115.76994324,Tuff
14.578239441,2.3351070881,0.3791483641,112.91556549,Tuff
14.592269897,2.322476387,0.3862566352,112.9667511,Tuff
14.606301308,2.3249557018,0.3809152842,114.45623779,Tuff
14.574140549,2.3392727375,0.3672148585,115.57015228,Tuff
14.391324997,2.3608756065,0.3501216769,116.15475464,Tuff
14.18874836,2.3776497841,0.348644644,116.33547211,Tuff
14.095163345,2.373016119,0.3720701337,117.37088776,Tuff
13.971355438,2.3459050655,0.3972227871,116.92796326,Tuff
13.953063011,2.3115997314,0.3942709565,111.51356506,Tuff
13.953309059,2.2825362682,0.3659722805,105.95167542,Tuff
14.114883423,2.2671914101,0.345166266,106.44501495,Tuff
14.258337021,2.2721407413,0.3460645974,110.66126251,Tuff
14.346509933,2.3020043373,0.3592268229,118.11315918,Tuff
14.290631294,2.3464984894,0.3777501285,124.60858917,Tuff
14.185011864,2.3778579235,0.3926793635,123.4968338,Tuff
14.11861515,2.3862552643,0.3954362571,119.60960388,Tuff
14.101354599,2.3757474422,0.3858371377,118.10581207,Tuff
14.175765991,2.3609390259,0.3754977882,118.4756546,Tuff
14.352378845,2.3568899632,0.3755750358,117.79753876,Tuff
14.299086571,2.3587346077,0.3777699769,118.41270447,Tuff
14.117400169,2.3599689007,0.3752418458,121.95826721,Tuff
14.03283596,2.3616495132,0.3733537197,123.91664886,Tuff
13.987096786,2.3665497303,0.3789109588,124.10987091,Tuff
14.08082962,2.3644962311,0.3930469751,124.01625824,Tuff
14.049427032,2.3494155407,0.4034411609,122.79138184,Tuff
14.055870056,2.3344845772,0.4022214711,121.62400818,Tuff
14.041154861,2.3267362118,0.3950198889,120.46038818,Tuff
13.942985535,2.3246057034,0.3878953755,117.51185608,Tuff
13.842660904,2.320966959,0.3887714744,114.18122864,Tuff
13.83520031,2.3150396347,0.3950247467,112.54324341,Tuff
13.863967896,2.3116133213,0.3958410323,111.326828,Tuff
13.889278412,2.3131682873,0.3859270811,111.02560425,Tuff
13.92822361,2.3192987442,0.3704241812,112.50856018,Tuff
13.995959282,2.3267703056,0.3635823131,114.50009918,Tuff
14.056221962,2.3353202343,0.3684133887,116.45202637,Tuff
14.077711105,2.3447909355,0.3737120926,114.65288544,Tuff
14.000591278,2.3532552719,0.3688221574,109.82566071,Tuff
14.07185936,2.3637976646,0.3566441238,105.74933624,Tuff
14.157327652,2.3811678886,0.3519715071,103.48928833,Tuff
14.20383358,2.400860548,0.3628669083,103.31200409,Tuff
14.216888428,2.4122238159,0.3800631464,105.25415802,Tuff
14.254383087,2.4120731354,0.3893612027,107.71401215,Tuff
14.364005089,2.4091153145,0.3882513046,108.73814392,Tuff
14.57155323,2.4037036896,0.383816272,109.43441772,Tuff
14.235307693,2.3859269619,0.3809812963,109.61538696,Tuff
14.06098938,2.3587441444,0.3768520355,106.71987152,Tuff
13.924181938,2.3465621471,0.3661999106,103.68475342,Tuff
14.100705147,2.3569447994,0.3518087566,103.49607086,Tuff
14.137904167,2.374350071,0.3424193263,103.91461182,Tuff
14.245883942,2.379835844,0.3435542881,107.15702057,Tuff
14.251074791,2.3701004982,0.3555937409,111.92886353,Tuff
14.070356369,2.3655898571,0.373421818,114.92124939,Tuff
13.877758026,2.3725829124,0.3874922693,116.45237732,Tuff
13.798102379,2.3859121799,0.3939749897,116.96518707,Tuff
13.628084183,2.3914544582,0.4032371938,115.7846756,Tuff
13.593851089,2.3768582344,0.4233344197,114.61840057,Tuff
13.431303024,2.3462188244,0.4390193224,114.71187592,Tuff
13.481944084,2.3154170513,0.4340566695,114.11010742,Tuff
13.317122459,2.302375555,0.4125394523,112.92594147,Tuff
13.132271767,2.2994937897,0.3883493245,111.37604523,Tuff
13.12112236,2.2971332073,0.3764053285,112.46083832,Tuff
13.336717606,2.2958598137,0.3814179897,115.75997162,Tuff
13.718420982,2.3008627892,0.396440655,118.36993408,Tuff
13.660327911,2.3141350746,0.4061327577,119.4863739,Tuff
13.112968445,2.3237259388,0.4036660492,118.79681396,Tuff
13.063519478,2.3284208775,0.3999119103,118.10614014,Tuff
13.222799301,2.3361017704,0.4044061601,117.61318207,Tuff
13.204924583,2.345685482,0.4043537378,116.91356659,Tuff
13.049080849,2.3432559967,0.3873503208,116.33692169,Tuff
13.081695557,2.322791338,0.3685364723,115.69637299,Tuff
12.985331535,2.3037781715,0.3710437715,115.81880951,Tuff
12.846179008,2.2940380573,0.3951995671,116.1109314,Tuff
12.783294678,2.2848117352,0.4119245708,115.15805054,Tuff
12.851793289,2.2820792198,0.3992381394,112.88802338,Tuff
12.87311554,2.2917103767,0.3693875372,109.12781525,Tuff
12.922110558,2.2981743813,0.3471977711,106.818573,Tuff
12.857232094,2.2892334461,0.3463167548,107.71355438,Tuff
12.752625465,2.2729821205,0.3558670282,109.30848694,Tuff
12.757038116,2.2612614632,0.3678600192,111.02583313,Tuff
12.829425812,2.2554330826,0.3855597973,113.57221985,Tuff
12.865442276,2.257327795,0.3996039927,115.8744812,Tuff
12.941801071,2.2733132839,0.4037604034,116.29829407,Tuff
13.004268646,2.3019077778,0.3990661502,115.9504776,Tuff
12.973477364,2.325927496,0.398609519,113.66325378,Tuff
12.832507133,2.3277742863,0.4121782482,111.67060089,Tuff
12.660997391,2.3130435944,0.4316680431,109.06275177,Tuff
12.666077614,2.2963297367,0.444498986,105.60214996,Tuff
12.693621635,2.2859399319,0.4369418025,105.10277557,Tuff
12.68001461,2.2821395397,0.4122202992,104.17089081,Tuff
12.681337357,2.2801895142,0.3889523745,107.50090027,Tuff
12.716218948,2.2784352303,0.3825735152,118.38516998,Tuff
12.756745338,2.2816462517,0.4021434188,124.61639404,Tuff
12.797271729,2.2921311855,0.430169791,125.89749908,Tuff
12.837228775,2.3086864948,0.4402954876,123.80702972,Tuff
12.859575272,2.3259606361,0.4277950227,114.58073425,Tuff
12.892559052,2.332852602,0.4137240648,109.77305603,Tuff
12.944908142,2.3269503117,0.4154726267,110.63567352,Tuff
12.96397686,2.318226099,0.4222524762,111.06330872,Tuff
13.03903389,2.3134770393,0.4231824577,111.0812149,Tuff
13.077890396,2.3125598431,0.4130196869,108.79450989,Tuff
13.090903282,2.3163900375,0.3959178329,107.78652191,Tuff
13.024557114,2.3117640018,0.3847990632,110.19701385,Tuff
13.016480446,2.2947640419,0.3918040395,113.42884064,Tuff
13.038524628,2.2802197933,0.4113654494,116.82310486,Tuff
13.039447784,2.2808139324,0.4245605469,119.12217712,Tuff
13.056788445,2.2968831062,0.4210116267,118.12586975,Tuff
13.159978867,2.3100430965,0.4008103609,116.09990692,Tuff
13.100600243,2.303237915,0.3788698316,115.2233429,Tuff
12.993262291,2.2867164612,0.3686032593,114.90866852,Tuff
12.907363892,2.2813024521,0.3675599694,114.87244415,Tuff
12.842997551,2.2933666706,0.3686596453,113.3967514,Tuff
12.715415955,2.3107905388,0.3620294929,110.30242157,Tuff
12.681020737,2.3273427486,0.3511325419,105.37412262,Tuff
12.679706573,2.3453483582,0.3454516232,101.48679352,Tuff
12.679691315,2.3538191319,0.3460425138,100.94879913,Tuff
12.679691315,2.341168642,0.3532129824,102.79737091,Tuff
12.678583145,2.3161189556,0.3600344956,107.91975403,Tuff
12.634277344,2.3012290001,0.3620041907,115.12150574,Tuff
12.59741497,2.2998423576,0.3602774739,119.02677155,Tuff
12.660447121,2.2969810963,0.3596396148,118.70539856,Tuff
12.678668976,2.2865228653,0.3651430011,116.91785431,Tuff
12.680700302,2.2777080536,0.3768259287,114.329216,Tuff
12.72601223,2.2810690403,0.3902802765,112.63540649,Tuff
12.838108063,2.2966294289,0.3921578228,111.22167206,Tuff
12.93813324,2.315466404,0.3822186887,108.45348358,Tuff
12.946105957,2.3316950798,0.371186465,106.24095917,Tuff
12.982919693,2.336663723,0.3610031903,106.6910553,Tuff
13.0440979,2.323482275,0.3502006531,109.40449524,Tuff
13.132541656,2.3029675484,0.3392289281,112.70069122,Tuff
13.420154572,2.2925729752,0.336805582,114.57413483,Tuff
13.460268021,2.2997596264,0.3414650857,113.16882324,Tuff
13.482741356,2.3157756329,0.3478286266,110.38330841,Tuff
13.491308212,2.3336815834,0.356322974,108.35761261,Tuff
13.494080544,2.3603093624,0.3558083475,105.72760773,Tuff
13.571102142,2.3993952274,0.3420253694,103.7430954,Tuff
13.619232178,2.4339432716,0.3309110701,104.83657837,Tuff
13.574048996,2.4373779297,0.3420505822,107.1751709,Tuff
13.498556137,2.4082911015,0.37548244,110.29151154,Tuff
13.419692993,2.3749120235,0.3990922868,111.87487793,Tuff
13.292787552,2.3582673073,0.3884168267,108.64031219,Tuff
13.154935837,2.3533895016,0.3576700091,105.1042099,Tuff
13.085094452,2.3477146626,0.3388068676,104.18824005,Tuff
13.065786362,2.3401079178,0.3411403,104.97122955,Tuff
13.117836952,2.3362753391,0.3476058245,105.03279114,Tuff
13.125035286,2.3407933712,0.3501344025,104.07452393,Tuff
13.131860733,2.3492035866,0.353082031,102.79369354,Tuff
13.132792473,2.354020834,0.3527530134,101.90392303,Tuff
13.133130074,2.353187561,0.3410298526,102.59100342,Tuff
13.148229599,2.3508484364,0.3276668787,102.6879425,Tuff
13.231081009,2.3523209095,0.3329664767,103.95704651,Tuff
13.303764343,2.3508138657,0.3526153564,106.66036987,Tuff
13.353786469,2.3428471088,0.3684197962,108.67771912,Tuff
13.399676323,2.331489563,0.3711906075,110.13613892,Tuff
13.406131744,2.3193562031,0.3648859859,108.47603607,Tuff
12.680330276,2.3429889679,0.3731154799,111.41385651,Tuff
12.718838692,2.372733593,0.368463248,105.17726135,Tuff
12.796631813,2.4374306202,0.3355882764,92.633987427,Tuff
12.874498367,2.5081884861,0.2838508487,82.795440674,Limestone
12.891046524,2.5333018303,0.2555865943,81.306266785,Limestone
12.924934387,2.492172718,0.2784852087,87.153770447,Limestone
13.066906929,2.4228930473,0.32829988,97.533493042,Limestone
13.164856911,2.3698732853,0.3658860326,106.2974472,Limestone
13.29070282,2.3431797028,0.3842645586,108.51031494,Limestone
13.363461494,2.3322489262,0.3982790112,106.19413757,Tuff
13.418766975,2.3317279816,0.4099432826,104.1263504,Tuff
13.489872932,2.3416776657,0.4063409567,103.67744446,Tuff
13.49443531,2.3542537689,0.3912975788,104.98683929,Tuff
13.453510284,2.3565301895,0.3817373514,106.44857788,Tuff
13.340453148,2.3460888863,0.3802294433,107.01786804,Tuff
13.186177254,2.3325557709,0.3768023252,107.38537598,Tuff
13.105882645,2.3227508068,0.3650253415,106.66796112,Tuff
13.02532959,2.3128504753,0.3505787253,105.88108826,Tuff
12.861138344,2.3045015335,0.3434292972,106.29737091,Tuff
12.619365692,2.3091175556,0.3408737481,106.9733963,Tuff
12.526221275,2.328268528,0.3426043987,107.58065796,Tuff
12.503897667,2.343952179,0.349429816,108.29212189,Tuff
12.493779182,2.3363111019,0.3524262011,108.65842438,Tuff
13.100275993,2.3099291325,0.3309252262,115.59706116,SandstoneShale
13.198320389,2.2813732624,0.3491266072,117.28494263,SandstoneShale
13.257176399,2.2778265476,0.3590590656,119.92614746,SandstoneShale
13.243646622,2.3000571728,0.3512980044,120.33068085,SandstoneShale
13.22810936,2.328275919,0.3388625681,118.98873138,SandstoneShale
13.274386406,2.3480348587,0.3356356919,118.75211334,SandstoneShale
13.345150948,2.3672282696,0.3784329891,120.68363953,SandstoneShale
13.311583519,2.3650856018,0.3726561666,121.23992157,SandstoneShale
13.242676735,2.361243248,0.3721066415,121.36012268,SandstoneShale
13.168632507,2.3616495132,0.3800742328,121.44036102,SandstoneShale
13.143525124,2.3660788536,0.387416929,121.61369324,SandstoneShale
13.096481323,2.3691625595,0.3838401735,121.8317337,SandstoneShale
12.695497513,2.3776841164,0.3906540573,116.12543488,SandstoneShale
12.70741272,2.3712060452,0.3755563796,117.01760101,SandstoneShale
12.725370407,2.3702771664,0.3622510433,116.15950775,SandstoneShale
12.760840416,2.3795292377,0.3530774117,110.80003357,SandstoneShale
12.793167114,2.4035789967,0.3428090811,104.99464417,SandstoneShale
12.750774384,2.4312121868,0.3337625265,102.96343231,SandstoneShale
12.634461403,2.4373781681,0.3384175301,104.39215088,SandstoneShale
12.586950302,2.4153733253,0.3596743047,109.78919983,SandstoneShale
12.585940361,2.38996768,0.3827140927,115.95259857,SandstoneShale
12.585940361,2.3854396343,0.3920010924,116.81046295,SandstoneShale
13.493191719,2.327244997,0.3396451771,112.85636139,SandstoneShale
13.492190361,2.3285260201,0.3274787366,112.7742157,SandstoneShale
13.492190361,2.3339846134,0.3186429739,111.72200775,SandstoneShale
13.492190361,2.3445105553,0.3134896755,109.50814819,SandstoneShale
13.492190361,2.3571844101,0.3097252846,109.56459808,SandstoneShale
13.501431465,2.34075284,0.3036690056,112.28885651,SandstoneShale
13.552562714,2.3141365051,0.3079600036,116.99093628,SandstoneShale
13.598867416,2.248385191,0.3309651017,126.49408722,SandstoneShale
13.66311264,2.1817030907,0.3680926561,132.08882141,SandstoneShale
13.614721298,2.1616859436,0.3925484121,132.33027649,SandstoneShale
13.566329956,2.1976809502,0.3798285127,129.24993896,SandstoneShale
13.520139694,2.255033493,0.3432244956,120.2727356,SandstoneShale
13.492338181,2.2961916924,0.3170697391,113.33975983,SandstoneShale
14.916102409,1.8970091343,0.4466671646,113.60915375,Sandstone
15.400763512,1.9155352116,0.3925223351,92.675415039,Sandstone
15.537309647,1.8626899719,0.3642823994,72.346679688,Sandstone
15.107035637,1.8175323009,0.3557884693,63.703811646,Sandstone
15.350025177,1.8301845789,0.3498899639,63.828342438,Sandstone
15.833546638,1.8805896044,0.3540827036,73.826980591,Sandstone
16.639492035,1.9199643135,0.3810266256,93.184844971,Sandstone
17.74687767,1.9027137756,0.4273917675,105.01651001,Sandstone
17.553445816,1.8358775377,0.4639780223,110.34980011,Sandstone
17.112134933,1.8086357117,0.4589643478,104.30886841,Sandstone
16.336454391,1.9073655605,0.4043118954,89.285827637,Sandstone
13.800955772,2.113409996,0.3258548379,83.612983704,Sandstone
13.688739777,2.2914817333,0.2748487294,85.757041931,Sandstone
14.26518631,2.3218281269,0.2858838439,92.337265015,Sandstone
14.53983593,2.2752320766,0.3300721645,98.252479553,Sandstone
13.646229744,2.2825891972,0.339975059,96.545875549,Sandstone
13.724906921,2.3637480736,0.2916006744,93.091827393,Sandstone
15.241035461,2.4640386105,0.2285747081,88.288368225,Sandstone
16.843755722,2.514020443,0.2026820481,81.630867004,Sandstone
16.117557526,2.5100052357,0.2134797126,82.744941711,Sandstone
13.232412338,2.4901189804,0.2289907634,87.467010498,Sandstone
13.139080048,2.465928793,0.2347462922,84.571922302,Sandstone
13.192358017,2.4424884319,0.245543614,74.921592712,Sandstone
13.243385315,2.40361166,0.2772445679,74.741882324,Sandstone
13.190838814,2.3164730072,0.3325539231,92.715423584,Sandstone
13.154548645,2.1962614059,0.3888153136,113.01451874,Sandstone
12.950045586,2.4061744213,0.3639771044,105.98906708,Sandstone
12.861145973,2.4079256058,0.3403250575,108.05478668,Sandstone
12.859379768,2.405636549,0.3309228718,109.30421448,Sandstone
13.096593857,2.3866510391,0.2931682765,107.20239258,Sandstone
13.128808022,2.3440494537,0.318933934,113.90174103,Sandstone
13.158384323,2.3110146523,0.3542612195,119.57607269,Sandstone
13.039059639,2.5198192596,0.2803062499,97.335868835,Sandstone
13.039059639,2.5006887913,0.2780769169,100.59706879,Sandstone
13.039059639,2.4802618027,0.274056077,103.27889252,Sandstone
13.039059639,2.4700422287,0.2704181671,103.48823547,Sandstone
13.039059639,2.4690015316,0.273896873,102.57264709,Sandstone
13.039886475,2.4662909508,0.2827219963,101.34780121,Sandstone
13.074460983,2.4466004372,0.2967364788,99.721298218,Sandstone
13.120067596,2.4104881287,0.3146731853,101.33033752,Sandstone
13.132529259,2.3844020367,0.3230930269,102.07740784,Sandstone
13.132557869,2.3955307007,0.2959616482,95.983543396,Sandstone
13.123737335,2.4536516666,0.2322615385,87.680984497,Sandstone
13.231725693,2.5156815052,0.1714822501,74.314826965,Sandstone
13.757809639,2.4836452007,0.1595236957,67.644889832,Sandstone
13.437514305,2.3422589302,0.2115190774,79.33631134,Sandstone
13.391121864,2.2030649185,0.2978319228,93.177818298,Sandstone
13.37780571,2.1663091183,0.3626359701,102.62204742,Sandstone
13.052117348,2.436994791,0.2436639518,95.606536865,Sandstone
13.039157867,2.4662601948,0.2543210685,95.389831543,Sandstone
13.039059639,2.4845924377,0.2736192346,96.18598938,Sandstone
13.039059639,2.499301672,0.2788146734,96.83908844,Sandstone
13.038707733,2.5110170841,0.2707351744,96.266212463,Sandstone
13.021744728,2.5165729523,0.265386641,95.51008606,Sandstone
12.967362404,2.5138235092,0.2721185684,96.053962708,Sandstone
12.945801735,2.5047228336,0.2849157453,97.875213623,Sandstone
12.945308685,2.4933271408,0.2943949699,100.28577423,Sandstone
12.945696831,2.4843404293,0.3003038168,101.537117,Sandstone
12.946025848,2.5459055901,0.2440337837,92.2603302,Sandstone
12.945308685,2.5498154163,0.2283789217,90.162796021,Sandstone
12.945735931,2.5439732075,0.2205436528,88.826332092,Sandstone
12.965542793,2.5347194672,0.2240482718,89.066131592,Sandstone
13.014865875,2.5312435627,0.2317974269,89.639030457,Sandstone
13.039493561,2.5370044708,0.2308863997,89.606498718,Sandstone
13.078093529,2.5447559357,0.2173379809,89.055145264,Sandstone
13.130970955,2.5464587212,0.2024599165,88.031219482,Sandstone
13.201403618,2.5410854816,0.1960078925,87.371414185,Sandstone
13.281781197,2.5333075523,0.1964818537,87.687805176,Sandstone
13.354375839,2.5273089409,0.1985719204,88.536781311,Sandstone
13.396849632,2.5233268738,0.2010297775,89.812187195,Sandstone
13.434778214,2.5199146271,0.2058989555,91.195983887,Sandstone
13.486239433,2.5167987347,0.2137096971,92.243011475,Sandstone
13.549113274,2.5153324604,0.2247893661,93.246520996,Sandstone
13.582567215,2.511934042,0.2369091213,94.431182861,Sandstone
13.606228828,2.4987328053,0.2492462695,95.770217896,Sandstone
14.550644875,2.2271649837,0.2402700782,83.051475525,Sandstone
14.278678894,2.3134646416,0.1815802008,75.097068787,Sandstone
14.225721359,2.3871376514,0.1448657811,74.408081055,Sandstone
14.207818985,2.3511426449,0.1539271176,76.484840393,Sandstone
14.067708015,2.2463884354,0.1938116103,74.575653076,Sandstone
13.997894287,2.1760568619,0.223582685,73.834770203,Sandstone
14.014959335,2.1832678318,0.2192121446,70.761932373,Sandstone
13.730715752,2.2376539707,0.1912252307,66.448951721,Sandstone
13.417824745,2.265308857,0.1727715582,68.347724915,Sandstone
13.321835518,2.2281544209,0.1914693564,72.010810852,Sandstone
13.36233139,2.1745603085,0.2425837219,75.275436401,Sandstone
13.710549355,2.1684272289,0.2966959178,80.908226013,Sandstone
14.195065498,2.2117478848,0.3310139477,90.156433105,Sandstone
12.79880619,2.4688568115,0.2718440592,92.204673767,Sandstone
12.647411346,2.5050799847,0.2513039112,85.940368652,Sandstone
12.541015625,2.5060076714,0.2472769767,83.464302063,Sandstone
12.486667633,2.4604408741,0.2603156865,87.018974304,Sandstone
12.456432343,2.38595891,0.2851959765,95.689857483,Sandstone
12.329359055,2.31072855,0.3142906427,106.53092957,Sandstone
12.204668999,2.2586717606,0.3405099809,116.62573242,Sandstone
12.304613113,2.2503483295,0.3643145263,123.49154663,Sandstone
12.245119095,2.2538766861,0.2685759664,96.938415527,Sandstone
12.302194595,2.2492520809,0.2537929416,97.890144348,Sandstone
12.33353138,2.2550992966,0.2464343756,97.739768982,Sandstone
12.360203743,2.262319088,0.2485500127,96.846420288,Sandstone
12.321391106,2.262409687,0.2531615198,95.894271851,Sandstone
12.325996399,2.2545220852,0.2538098991,96.09954834,Sandstone
12.33710289,2.2464940548,0.2522898018,98.113090515,Sandstone
12.297812462,2.2459790707,0.2536915541,100.4800415,Sandstone
12.228103638,2.2515089512,0.2611470222,102.36296082,Sandstone
12.226559639,2.2533326149,0.2708222568,103.6727829,Sandstone
12.226559639,2.2443978786,0.2747811079,103.26044464,Sandstone
12.226559639,2.228867054,0.2706665993,101.5749054,Sandstone
12.226559639,2.2172794342,0.2642801702,99.647979736,Sandstone
12.226559639,2.2140767574,0.2597318888,97.913909912,Sandstone
12.226559639,2.2152607441,0.2542856336,96.924873352,Sandstone
12.226559639,2.2173099518,0.2493848205,96.360527039,Sandstone
12.226559639,2.2200512886,0.2504762709,95.588729858,Sandstone
12.226559639,2.2240567207,0.254722476,95.067825317,Sandstone
12.226559639,2.2279474735,0.2541750669,94.879829407,Sandstone
12.226559639,2.2295913696,0.25103724,94.507194519,Sandstone
12.226559639,2.2304573059,0.2521336079,94.363349915,Sandstone
12.226559639,2.2331850529,0.2555705905,94.0965271,Sandstone
12.226559639,2.2369875908,0.2576559484,93.694740295,Sandstone
12.226559639,2.2399337292,0.266510129,93.528579712,Sandstone
12.226559639,2.2403609753,0.2829212248,93.191604614,Sandstone
12.226559639,2.2379567623,0.2914756238,92.8565979,Sandstone
12.226559639,2.2336525917,0.2858856618,92.408630371,Sandstone
12.226559639,2.2308082581,0.2745042443,91.955101013,Sandstone
12.226559639,2.2339787483,0.2660628259,91.684516907,Sandstone
12.226559639,2.2434165478,0.2583403587,91.256271362,Sandstone
12.226559639,2.2558317184,0.248952955,90.612876892,Sandstone
12.226559639,2.266289711,0.2457673848,90.218467712,Sandstone
12.226559639,2.2726209164,0.254095912,90.047210693,Sandstone
12.226559639,2.2762775421,0.2659384608,89.92263031,Sandstone
12.226559639,2.2784020901,0.2754415572,89.521064758,Sandstone
12.226559639,2.2784972191,0.2808829248,88.546836853,Sandstone
12.226559639,2.2766199112,0.2805452347,87.915313721,Sandstone
12.226559639,2.2756075859,0.2731181383,87.592041016,Sandstone
12.226559639,2.2773005962,0.2584058642,87.443649292,Sandstone
12.226559639,2.2799310684,0.2461003363,87.715988159,Sandstone
12.226559639,2.28034091,0.2423080206,88.089347839,Sandstone
12.226559639,2.2772073746,0.2452178448,88.250015259,Sandstone
12.226559639,2.273298502,0.2507919669,88.263160706,Sandstone
12.226559639,2.2729327679,0.2608862519,88.373947144,Sandstone
12.226559639,2.276157856,0.2764582038,88.587905884,Sandstone
12.226559639,2.2773194313,0.2876099944,88.757995605,Sandstone
12.226559639,2.2729058266,0.2861878276,88.796463013,Sandstone
12.226559639,2.2652952671,0.2769124508,88.679664612,Sandstone
12.226920128,2.259701252,0.2736966312,88.682914734,Sandstone
12.244981766,2.2596275806,0.2752237916,89.194740295,Sandstone
12.370975494,2.262499094,0.2729104757,89.967010498,Sandstone
12.472770691,2.2644789219,0.2727947533,90.140197754,Sandstone
12.566047668,2.2621207237,0.2835743427,89.770500183,Sandstone
12.610829353,2.2527782917,0.3063676953,89.676948547,Sandstone
12.671165466,2.2441630363,0.3315884471,89.506813049,Sandstone
12.609861374,2.2458071709,0.3456682861,88.830589294,Sandstone
12.496123314,2.2573180199,0.3481148183,89.310707092,Sandstone
12.513738632,2.271053791,0.3457217216,89.768608093,Sandstone
12.622216225,2.2806065083,0.3452306092,89.04573822,Sandstone
12.686686516,2.2831938267,0.336370796,88.665229797,Sandstone
12.74973774,2.277857542,0.3141149879,89.54460144,Sandstone
12.738398552,2.2740061283,0.2978336811,91.690391541,Sandstone
12.727058411,2.2807896137,0.2958487272,93.660682678,Sandstone
12.715718269,2.2910177708,0.3003625572,94.348480225,Sandstone
12.703264236,2.289380312,0.2970520556,93.973899841,Sandstone
12.67994976,2.2753510475,0.2879578471,92.806045532,Sandstone
12.668307304,2.2632911205,0.283806771,90.829421997,Sandstone
12.551186562,2.2587497234,0.2855037153,89.917884827,Sandstone
12.415575981,2.2584044933,0.2882052362,90.080429077,Sandstone
12.398821831,2.2599701881,0.2858946919,90.34513092,Sandstone
12.402457237,2.2629644871,0.2772392929,90.78338623,Sandstone
12.442943573,2.2667992115,0.2690936029,90.785690308,Sandstone
12.419360161,2.2695376873,0.2642548084,90.390174866,Sandstone
12.299666405,2.2693095207,0.2553321421,90.641136169,Sandstone
12.291644096,2.2653493881,0.2427559793,90.911430359,Sandstone
12.228021622,2.2606878281,0.2339236885,91.007736206,Sandstone
12.228193283,2.2598836422,0.2351799905,91.159393311,Sandstone
12.24790287,2.2621672153,0.2415676117,91.229347229,Sandstone
12.227007866,2.2609345913,0.2489066124,91.469406128,Sandstone
12.226559639,2.2545838356,0.2564486563,92.178970337,Sandstone
12.226559639,2.2484805584,0.2576804459,93.371406555,Sandstone
12.226559639,2.2477278709,0.2515230775,94.074684143,Sandstone
12.226559639,2.2526295185,0.2432085425,94.421127319,Sandstone
12.226559639,2.2578904629,0.2450797111,94.837753296,Sandstone
12.226559639,2.2602977753,0.2552649677,94.639892578,Sandstone
12.226559639,2.2617800236,0.2595161796,94.064155579,Sandstone
12.226525307,2.2642011642,0.2543067336,94.108703613,Sandstone
12.223876953,2.2656042576,0.2459020615,93.455154419,Sandstone
12.167785645,2.2646174431,0.2436710745,92.87147522,Sandstone
12.22562027,2.2631971836,0.2443303168,92.716964722,Sandstone
12.237213135,2.2647333145,0.2398668826,92.57698822,Sandstone
12.318490982,2.2711873055,0.2318894416,91.253791809,Sandstone
12.320539474,2.2888972759,0.2165342271,88.652427673,Sandstone
12.327747345,2.3284416199,0.1848357618,84.615524292,Sandstone
12.320479393,2.3932831287,0.1393757612,77.752120972,Sandstone
12.320308685,2.4586253166,0.0975763649,68.991188049,Sandstone
12.321406364,2.4730682373,0.0793606639,62.710933685,Sandstone
12.367103577,2.4243447781,0.0973035097,67.270126343,Sandstone
12.423334122,2.356287241,0.1548645943,91.591018677,Sandstone
12.557689667,2.3114156723,0.2374860346,122.41187286,Sandstone
12.873340607,2.2965717316,0.3107557893,137.12388611,Sandstone
12.959910393,2.2939870358,0.3468955159,139.89280701,Sandstone
12.990400314,2.2025356293,0.3006366491,103.69506073,Sandstone
13.030220032,2.2106337547,0.2960322499,102.23220062,Sandstone
12.896114349,2.2149350643,0.2825906277,101.5890274,Sandstone
12.647424698,2.2157707214,0.2678977847,101.39110565,Sandstone
12.506918907,2.2171258926,0.2598110139,100.45667267,Sandstone
12.425148964,2.2207710743,0.2559877634,99.482566833,Sandstone
12.449440002,2.2237927914,0.25452739,99.374465942,Sandstone
12.501398087,2.2241194248,0.2571063936,98.986961365,Sandstone
12.543624878,2.225420475,0.2653440833,98.385864258,Sandstone
12.635038376,2.2316315174,0.2761825919,97.626541138,Sandstone
12.673445702,2.2393009663,0.2815447748,96.929115295,Sandstone
12.610469818,2.2445068359,0.2775115967,96.352165222,Sandstone
12.509204865,2.2472503185,0.2674815059,95.737213135,Sandstone
12.533345222,2.2475562096,0.2628153563,95.439407349,Sandstone
12.579427719,2.2445952892,0.2676345706,95.406433105,Sandstone
12.610985756,2.2390677929,0.2710669339,95.541015625,Sandstone
12.558804512,2.23660326,0.2668352723,95.454147339,Sandstone
12.330435753,2.2384347916,0.2634845674,95.061965942,Sandstone
12.282054901,2.2429685593,0.2695872784,94.839729309,Sandstone
12.500527382,2.2495033741,0.2761692107,94.572746277,Sandstone
12.472257614,2.2542304993,0.2728385031,94.185714722,Sandstone
12.375989914,2.2540562153,0.2647328079,93.728187561,Sandstone
12.328773499,2.251834631,0.2615672946,93.365989685,Sandstone
12.385103226,2.2551777363,0.2615430951,93.259773254,Sandstone
12.398012161,2.2607889175,0.2546978295,93.171325684,Sandstone
12.39215374,2.2575967312,0.240990743,93.20879364,Sandstone
12.397053719,2.2498693466,0.2301555872,93.349021912,Sandstone
12.398411751,2.2513830662,0.2236271203,93.426933289,Sandstone
12.399775505,2.2616829872,0.2173858732,93.333854675,Sandstone
12.45603466,2.2673122883,0.2125723362,92.95072937,Sandstone
12.486325264,2.2632293701,0.2103803009,92.926132202,Sandstone
12.439961433,2.2569782734,0.2084776163,92.937545776,Sandstone
12.360243797,2.2530577183,0.2060237527,93.065368652,Sandstone
12.325230598,2.2504432201,0.2061699033,93.042411804,Sandstone
12.320396423,2.2496049404,0.2095922828,92.853759766,Sandstone
12.320308685,2.2507035732,0.2137130499,93.141479492,Sandstone
12.320308685,2.2541458607,0.2174470872,93.117736816,Sandstone
12.320308685,2.2596108913,0.2230641395,92.716094971,Sandstone
12.320991516,2.2631001472,0.2285672873,92.449478149,Sandstone
12.351599693,2.2640607357,0.2320549041,92.281387329,Sandstone
12.383883476,2.2657244205,0.239698723,92.150100708,Sandstone
12.39782238,2.2688393593,0.2492378801,91.900596619,Sandstone
12.447860718,2.2706983089,0.2509196401,91.347190857,Sandstone
12.485007286,2.2686626911,0.245227471,90.749382019,Sandstone
12.493042946,2.2672948837,0.2467637807,90.256332397,Sandstone
12.535088539,2.2701656818,0.2674493492,90.03377533,Sandstone
12.576827049,2.2736735344,0.2958732843,90.09777832,Sandstone
12.593216896,2.2736539841,0.3175806999,90.052131653,Sandstone
12.659531593,2.27115345,0.3326428533,89.934364319,Sandstone
12.681028366,2.2708888054,0.3413788378,90.002883911,Sandstone
12.752803802,2.2725071907,0.3404585421,89.934417725,Sandstone
12.845600128,2.2718148232,0.3304675519,89.690078735,Sandstone
12.925859451,2.2680952549,0.3238086402,89.601051331,Sandstone
12.944928169,2.2648413181,0.3257321715,89.474555969,Sandstone
12.943406105,2.2656474113,0.326013267,89.366195679,Sandstone
12.861200333,2.2705621719,0.3213589489,89.24887085,Sandstone
12.729334831,2.2745623589,0.3186471462,89.006393433,Sandstone
12.589105606,2.2731792927,0.3196257949,88.914031982,Sandstone
12.456642151,2.2676870823,0.3191462457,88.929580688,Sandstone
12.406755447,2.2642867565,0.3215114474,88.843795776,Sandstone
12.468595505,2.2669706345,0.335108161,88.719177246,Sandstone
12.769979477,2.2731685638,0.3546826243,88.59475708,Sandstone
13.102690697,2.2792644501,0.3645976484,88.446998596,Sandstone
13.594865799,2.2825679779,0.3622455597,88.429321289,Sandstone
14.094051361,2.2810518742,0.3626303077,88.552139282,Sandstone
14.402193069,2.276330471,0.3719688654,88.411117554,Sandstone
14.618747711,2.2756147385,0.3840515018,88.070510864,Sandstone
14.877274513,2.2826457024,0.3875842392,88.037078857,Sandstone
15.137737274,2.2901287079,0.3755071461,88.175811768,Sandstone
15.272773743,2.2887957096,0.3541401327,88.241493225,Sandstone
15.375806808,2.2805275917,0.3355665505,88.339820862,Sandstone
15.471981049,2.2743160725,0.3299727738,88.374977112,Sandstone
15.506806374,2.2736456394,0.3305564821,88.419624329,Sandstone
15.596680641,2.2760131359,0.3329211771,88.504150391,Sandstone
15.681907654,2.2761657238,0.3450970352,88.376731873,Sandstone
15.73363781,2.2541470528,0.369317621,88.665435791,Sandstone
15.882889748,2.2031042576,0.388269037,88.856506348,Sandstone
15.502697945,2.1601350307,0.3725776672,88.898109436,Sandstone
15.021528244,2.1637797356,0.3232671022,89.537658691,Sandstone
14.023692131,2.2112247944,0.2680946589,89.898910522,Sandstone
13.534464836,2.2608880997,0.2322372943,89.439727783,Sandstone
13.665553093,2.2840168476,0.2188284993,88.313972473,Sandstone
14.0473032,2.281370163,0.2144871205,87.305786133,Sandstone
14.364245415,2.2602128983,0.2137514949,87.373809814,Sandstone
14.428120613,2.2419247627,0.2152042091,87.829452515,Sandstone
14.125891685,2.2493009567,0.2169875503,87.735404968,Sandstone
13.823610306,2.2771561146,0.2192782611,87.899711609,Sandstone
13.704093933,2.3051667213,0.2226519138,88.199378967,Sandstone
13.787103653,2.3223748207,0.2270962745,88.176322937,Sandstone
14.19562912,2.3292815685,0.2271738797,87.85320282,Sandstone
14.455945969,2.3247129917,0.2192741036,87.344261169,Sandstone
14.499390602,2.3104019165,0.2074952424,87.218315125,Sandstone
14.513604164,2.3011217117,0.2006914914,87.208709717,Sandstone
14.657177925,2.3044817448,0.2020011842,87.249679565,Sandstone
14.884730339,2.3138916492,0.2059383541,87.568557739,Sandstone
15.051351547,2.3196284771,0.2092853785,87.964477539,Sandstone
15.226099968,2.317917347,0.2122379541,88.561180115,Sandstone
15.37780571,2.310377121,0.214696452,89.095710754,Sandstone
15.515511513,2.2938716412,0.2149877995,89.249954224,Sandstone
15.552156448,2.2730879784,0.2148796618,89.289901733,Sandstone
15.45042038,2.2646789551,0.2150463462,88.652359009,Sandstone
15.289134979,2.2769434452,0.2130594105,87.643798828,Sandstone
14.961870193,2.2984771729,0.2109039873,87.360862732,Sandstone
14.880793571,2.3094186783,0.2145969868,87.525527954,Sandstone
15.000470161,2.3073239326,0.226562798,87.966674805,Sandstone
15.106978416,2.304548502,0.2417525947,89.106819153,Sandstone
15.264305115,2.3087828159,0.2510421872,90.182670593,Sandstone
15.490800858,2.3170025349,0.2477040142,90.228141785,Sandstone
15.685084343,2.3194110394,0.2357521802,89.69556427,Sandstone
15.763019562,2.311902523,0.2270633727,89.430282593,Sandstone
15.773247719,2.3025045395,0.229784295,89.310005188,Sandstone
15.77366066,2.3005170822,0.2385539263,89.020378113,Sandstone
15.784808159,2.3084492683,0.2421875,88.798980713,Sandstone
15.86951828,2.3207471371,0.2351883054,88.768959045,Sandstone
15.939482689,2.3265838623,0.2198329717,88.800071716,Sandstone
15.952838898,2.3209793568,0.206587255,88.718605042,Sandstone
15.953124046,2.303737402,0.204559803,88.693626404,Sandstone
15.947872162,2.2780156136,0.2133617103,88.793190002,Sandstone
15.714226723,2.256136179,0.2247804552,88.918144226,Sandstone
15.406779289,2.2547931671,0.2322320342,89.227272034,Sandstone
15.31055069,2.2792439461,0.2353779376,89.47983551,Sandstone
15.413425446,2.3121461868,0.2331274301,89.604476929,Sandstone
15.698999405,2.3309419155,0.229069382,89.838043213,Sandstone
15.91075325,2.3298499584,0.2335472256,89.80569458,Sandstone
15.98050499,2.3202335835,0.2476737946,89.615348816,Sandstone
16.062320709,2.3156356812,0.2572798729,89.365318298,Sandstone
16.118270874,2.3165512085,0.2548313737,88.558105469,Sandstone
16.169368744,2.3168261051,0.2519824207,87.67111969,Sandstone
16.21122551,2.3161299229,0.2555949986,87.392318726,Sandstone
16.218601227,2.3156423569,0.2552664578,87.141304016,Sandstone
16.21875,2.3137712479,0.2455891669,86.692001343,Sandstone
16.218347549,2.3113980293,0.2369724661,86.848861694,Sandstone
16.20063591,2.3116350174,0.2388939708,88.063056946,Sandstone
16.153312683,2.3143956661,0.2472009659,88.74306488,Sandstone
16.125600815,2.3169953823,0.2508832514,87.70790863,Sandstone
16.125818253,2.3218944073,0.2468514442,86.478103638,Sandstone
16.159496307,2.3364140987,0.2382973582,85.696807861,Sandstone
16.203660965,2.3462207317,0.2291740626,83.997421265,Sandstone
16.199293137,2.3195652962,0.2223559171,80.554695129,Sandstone
15.74396801,2.2682511806,0.2161395252,76.206359863,Limestone
15.135309219,2.2532193661,0.2064588368,72.051353455,Sandstone
14.972929955,2.3065223694,0.1905242652,68.588684082,Sandstone
15.037651062,2.3941478729,0.1716071069,65.733268738,Sandstone
15.144286156,2.4693114758,0.1583181471,63.958480835,Sandstone
15.215194702,2.5150065422,0.1581484377,63.844600677,Sandstone
15.136834145,2.5318408012,0.1694241315,64.844154358,Sandstone
15.056620598,2.5224802494,0.1824332327,67.031044006,Sandstone
15.078997612,2.4913551807,0.1917388588,70.554916382,Sandstone
15.255899429,2.4501354694,0.2026455849,74.844642639,Sandstone
15.468123436,2.4095728397,0.2211596221,79.345161438,Sandstone
15.570496559,2.3739104271,0.241845265,83.10546875,Sandstone
15.657424927,2.3457634449,0.2572939694,85.210189819,Sandstone
15.763993263,2.3275654316,0.270393461,86.049095154,Sandstone
15.946604729,2.3188347816,0.2857478559,86.563453674,Sandstone
16.155288696,2.3151857853,0.2987713814,86.874916077,Sandstone
16.311691284,2.3129913807,0.3022508025,86.968391418,Sandstone
16.435667038,2.3110389709,0.296046108,86.938491821,Sandstone
16.492473602,2.310059309,0.2862452567,86.936378479,Sandstone
16.560705185,2.3095841408,0.278850019,87.015205383,Sandstone
16.614114761,2.3093152046,0.2765316367,86.985809326,Sandstone
16.527833939,2.3109915257,0.2773899734,86.952690125,Sandstone
16.505062103,2.312267065,0.2764264643,87.073875427,Sandstone
16.486152649,2.3094406128,0.2732000351,87.307250977,Sandstone
16.37726593,2.3029193878,0.2709599435,87.705047607,Sandstone
16.338245392,2.2786433697,0.2707915008,88.280677795,Sandstone
16.33259964,2.2041077614,0.2715331018,88.608512878,Sandstone
15.573970795,2.0830888748,0.2707079053,88.668823242,Sandstone
14.190919876,1.9685143232,0.2678153217,88.544631958,Sandstone
13.603207588,1.8993629217,0.2648053169,87.99723053,Sandstone
13.574344635,1.8701162338,0.2643229961,87.536148071,Sandstone
13.53068924,1.8657081127,0.2672812641,87.539886475,Sandstone
13.793794632,1.9015272856,0.269811213,87.525337219,Sandstone
14.523412704,1.9964959621,0.2688083053,87.19392395,Sandstone
15.203976631,2.1178281307,0.2641167939,86.726654053,Sandstone
15.609772682,2.2020683289,0.2561469376,86.482879639,Sandstone
15.762899399,2.2302281857,0.2460729331,86.54158783,Sandstone
15.785410881,2.2384941578,0.2350116223,86.676376343,Sandstone
15.918100357,2.2559039593,0.2243069559,86.80859375,Sandstone
16.05995369,2.2684223652,0.2183527797,86.693595886,Sandstone
15.767585754,2.2590968609,0.2241076976,86.459190369,Sandstone
14.29890728,2.2499301434,0.2396430522,86.379425049,Sandstone
12.669258118,2.2673678398,0.2532638907,86.411094666,Sandstone
12.400753975,2.3011655807,0.2588428557,86.686378479,Sandstone
12.430780411,2.3202784061,0.2612396181,86.910682678,Sandstone
12.486571312,2.3150115013,0.2637908757,86.822601318,Sandstone
12.492156982,2.3044579029,0.262527585,86.789146423,Sandstone
12.49503231,2.3003706932,0.2574627399,86.869590759,Sandstone
12.479668617,2.3012144566,0.2562692463,86.828613281,Sandstone
12.424679756,2.3034284115,0.2591316402,86.603256226,Sandstone
12.388906479,2.302116394,0.2563912272,86.373825073,Sandstone
12.342531204,2.2986109257,0.2448074371,86.268630981,Sandstone
12.213721275,2.2970671654,0.2335420698,86.275146484,Sandstone
12.166080475,2.2975642681,0.2333524078,86.175239563,Sandstone
12.216101646,2.297085762,0.2403204441,85.882232666,Sandstone
12.226341248,2.2972421646,0.2419471294,85.713066101,Sandstone
12.226559639,2.303524971,0.2374087572,85.521644592,Sandstone
12.226559639,2.3142428398,0.2363061309,85.166740417,Sandstone
12.226559639,2.3230698109,0.2401406169,84.877304077,Sandstone
12.226211548,2.3274111748,0.2393099964,84.865440369,Sandstone
12.210926056,2.3274912834,0.2303224355,85.107559204,Sandstone
12.166904449,2.322514534,0.2240800261,85.376060486,Sandstone
12.133515358,2.3146021366,0.2289590091,85.67199707,Sandstone
12.132809639,2.3100485802,0.238149941,85.976013184,Sandstone
12.132809639,2.3125927448,0.2410130352,86.047416687,Sandstone
12.132809639,2.3190567493,0.2362700105,85.830467224,Sandstone
12.132809639,2.3225786686,0.2303574085,85.547798157,Sandstone
12.132809639,2.3213801384,0.2282648981,85.502624512,Sandstone
12.132809639,2.3212361336,0.2261496335,85.483520508,Sandstone
12.132809639,2.3265509605,0.2180953324,85.287483215,Sandstone
12.132809639,2.3324286938,0.2060728967,85.076332092,Sandstone
12.132809639,2.3319222927,0.1963186115,84.776367188,Sandstone
12.132809639,2.3258991241,0.193597272,84.593818665,Sandstone
12.132809639,2.3212678432,0.1968543231,84.626228333,Sandstone
12.132809639,2.319642067,0.2021266967,84.719566345,Sandstone
12.132809639,2.3170194626,0.2052835673,84.631286621,Sandstone
12.132809639,2.3127951622,0.2036261559,84.152931213,Sandstone
12.132809639,2.3082444668,0.1989880055,83.760253906,Sandstone
12.132809639,2.3054955006,0.1948931366,83.760612488,Sandstone
12.132809639,2.305662632,0.1929845959,83.823020935,Sandstone
12.132809639,2.3069632053,0.1953942478,83.689109802,Sandstone
12.133307457,2.3077757359,0.2015443146,83.418640137,Sandstone
12.156253815,2.3088936806,0.2038984746,83.199531555,Sandstone
12.209804535,2.3121140003,0.1987508237,83.103927612,Sandstone
12.217190742,2.316983223,0.1925256699,83.16469574,Sandstone
12.189284325,2.3213970661,0.1927071959,83.230148315,Sandstone
12.161376953,2.3249619007,0.1965335011,83.118858337,Sandstone
12.1393013,2.3285617828,0.1983858347,82.929977417,Sandstone
12.132920265,2.3307211399,0.1987195313,82.86302948,Sandstone
12.132809639,2.3307542801,0.1968510896,82.97277832,Sandstone
12.132809639,2.3296339512,0.1922707856,83.247688293,Sandstone
12.132809639,2.3286106586,0.1877647042,83.559410095,Sandstone
12.132809639,2.3287601471,0.1873067319,83.587913513,Sandstone
12.132809639,2.3290998936,0.189349398,83.463127136,Sandstone
12.132809639,2.3292441368,0.1877585202,83.320129395,Sandstone
12.132809639,2.3300161362,0.1834246516,83.160240173,Sandstone
12.132809639,2.3312005997,0.1798485816,83.075805664,Sandstone
12.132809639,2.3308494091,0.177708596,83.048957825,Sandstone
12.132809639,2.3285493851,0.1778855324,83.155143738,Sandstone
12.132809639,2.327691555,0.1794056296,83.356002808,Sandstone
12.132809639,2.3299136162,0.1791919917,83.468734741,Sandstone
12.132809639,2.3317658901,0.1763730794,83.494483948,Sandstone
12.132809639,2.3301303387,0.1746009588,83.587806702,Sandstone
12.132809639,2.3273704052,0.177545622,83.597358704,Sandstone
12.132809639,2.3261432648,0.1818524748,83.412452698,Sandstone
12.132809639,2.3239254951,0.1808231026,83.392967224,Sandstone
12.132809639,2.3218934536,0.1746997833,83.555496216,Sandstone
12.132809639,2.3227686882,0.1685783714,83.624984741,Sandstone
12.132809639,2.3244662285,0.1660813391,83.632965088,Sandstone
12.132809639,2.3245820999,0.1685936451,83.6720047,Sandstone
12.132809639,2.3221409321,0.1754145324,83.726516724,Sandstone
12.132809639,2.3204302788,0.1832478195,83.72706604,Sandstone
12.132809639,2.3208022118,0.1888975799,83.817199707,Sandstone
12.132809639,2.3209159374,0.191229254,84.349563599,Sandstone
12.132809639,2.3222234249,0.1906285882,84.371940613,Sandstone
12.132809639,2.3271610737,0.188606739,84.069992065,Sandstone
12.132809639,2.3351016045,0.1854488999,84.086463928,Sandstone
12.132809639,2.3404524326,0.1830736995,84.098693848,Sandstone
12.132809639,2.3400335312,0.1864691824,84.225921631,Sandstone
12.132809639,2.3364124298,0.1969935596,84.292488098,Sandstone
12.132809639,2.3323452473,0.2082116008,84.486457825,Sandstone
12.132809639,2.3297524452,0.2123773694,84.614700317,Sandstone
12.132809639,2.3289268017,0.2114179581,84.489624023,Sandstone
12.132809639,2.3305130005,0.2123204321,84.562454224,Sandstone
12.132809639,2.3319270611,0.2170660943,84.496116638,Sandstone
12.132809639,2.3307216167,0.2242591828,84.250015259,Sandstone
12.132809639,2.3260138035,0.232669875,84.288993835,Sandstone
12.132809639,2.3188176155,0.240890801,84.437515259,Sandstone
12.132809639,2.3156294823,0.2429938614,84.450241089,Sandstone
12.132809639,2.3197426796,0.2380481064,84.537658691,Sandstone
12.132809639,2.3258912563,0.2309394181,84.693687439,Sandstone
12.132809639,2.3287096024,0.2218013108,84.736846924,Sandstone
12.132809639,2.3291041851,0.2145924717,84.824409485,Sandstone
12.132651329,2.3289172649,0.2149472982,84.910415649,Sandstone
12.125154495,2.3272156715,0.225457862,85.074188232,Sandstone
12.102174759,2.3220694065,0.2347083539,85.107780457,Sandstone
12.132129669,2.316357851,0.2318878621,85.042602539,Sandstone
12.132809639,2.3140528202,0.2244629115,85.110572815,Sandstone
12.132809639,2.3149747849,0.2224675119,85.193008423,Sandstone
12.132809639,2.3182451725,0.2277148068,85.207756042,Sandstone
12.132809639,2.3230252266,0.2326531112,85.161598206,Sandstone
12.132809639,2.3263485432,0.2333676368,85.250343323,Sandstone
12.132809639,2.323330164,0.2305929512,85.588310242,Sandstone
12.132809639,2.3154461384,0.2267297357,85.652420044,Sandstone
12.132809639,2.3107750416,0.2259382308,85.282714844,Sandstone
12.132809639,2.312400341,0.2272587121,85.144760132,Sandstone
12.132809639,2.3143014908,0.2280590236,85.259773254,Sandstone
12.132809639,2.3131706715,0.2308956832,85.322181702,Sandstone
12.132809639,2.3112242222,0.2348012179,85.403457642,Sandstone
12.132809639,2.3094186783,0.2357946187,85.580688477,Sandstone
12.132809639,2.3088757992,0.2308196723,85.64692688,Sandstone
12.132809639,2.3111729622,0.2239422053,85.379623413,Sandstone
12.132809639,2.3150146008,0.2224615812,85.21862793,Sandstone
12.132809639,2.3147010803,0.2245225906,85.141906738,Sandstone
12.132809639,2.3095264435,0.225965932,84.601547241,Sandstone
12.132809639,2.3067941666,0.2228470445,84.225028992,Sandstone
12.132809639,2.3126416206,0.2173298597,84.009475708,Sandstone
12.132809639,2.3253908157,0.2139008045,83.613235474,Sandstone
12.132809639,2.3439981937,0.2078428417,82.805892944,Sandstone
12.132932663,2.3810949326,0.1890997887,78.238067627,Sandstone
12.139260292,2.4450025558,0.1598080099,70.582939148,Sandstone
12.179267883,2.5167591572,0.1387458891,64.875762939,Sandstone
12.175469398,2.5523240566,0.1372630447,62.988407135,Sandstone
12.167675972,2.5259940624,0.1515458524,65.904434204,Sandstone
12.124568939,2.4609663486,0.1715284735,73.133407593,Sandstone
12.060843468,2.3975529671,0.1886279583,79.780914307,Sandstone
12.03950119,2.3564505577,0.1993226409,83.868026733,Sandstone
12.039059639,2.3347306252,0.2053517103,85.202667236,Sandstone
12.039059639,2.3235967159,0.2174481153,85.475212097,Sandstone
12.039059639,2.3176345825,0.2361585498,89.369270325,Sandstone
12.039059639,2.3155186176,0.2500704527,89.611305237,Sandstone
12.039059639,2.3164513111,0.2553305626,86.670722961,Sandstone
12.039059639,2.3165988922,0.2528200448,86.524726868,Sandstone
12.039059639,2.3129677773,0.2441802919,86.80532074,Sandstone
12.039059639,2.3073146343,0.2306776196,87.013031006,Sandstone
12.039059639,2.304267168,0.2199453712,86.439826965,Sandstone
12.039059639,2.3052909374,0.2188710123,86.086738586,Sandstone
12.039059639,2.3065340519,0.2218049765,85.956306458,Sandstone
12.039059639,2.3050003052,0.2219756842,85.389045715,Sandstone
12.039059639,2.302601099,0.2248071432,85.175445557,Sandstone
12.039059639,2.3006834984,0.2329809815,85.439575195,Sandstone
12.039059639,2.2994687557,0.2368035018,85.46875,Sandstone
12.039059639,2.3022184372,0.2303401381,85.470710754,Sandstone
12.039059639,2.3094263077,0.2168560624,85.494506836,Sandstone
12.039059639,2.3145165443,0.2067846656,85.406303406,Sandstone
12.039059639,2.3154015541,0.2027543187,85.414428711,Sandstone
12.039059639,2.3150384426,0.2028886378,85.560935974,Sandstone
12.039059639,2.3172154427,0.2054467797,85.529891968,Sandstone
12.039059639,2.3238723278,0.2079195231,85.505615234,Sandstone
12.039059639,2.326294899,0.2116168141,85.634407043,Sandstone
12.039059639,2.3172175884,0.2158132493,85.851455688,Sandstone
12.039059639,2.3018932343,0.2183285654,86.034851074,Sandstone
12.039059639,2.2946071625,0.2163442522,86.128036499,Sandstone
12.039059639,2.300565958,0.2107184231,86.219680786,Sandstone
12.039059639,2.3081371784,0.2037972659,86.246398926,Sandstone
12.039059639,2.3089969158,0.1977974772,86.121643066,Sandstone
12.039059639,2.3056221008,0.1949718744,85.999267578,Sandstone
12.039059639,2.3042507172,0.1964195222,85.966064453,Sandstone
12.039059639,2.3067312241,0.2027098835,85.847434998,Sandstone
12.039059639,2.311624527,0.2129753232,86.036231995,Sandstone
12.039073944,2.3169453144,0.2238757163,86.312980652,Sandstone
12.040590286,2.319341898,0.2297434509,86.344955444,Sandstone
12.086274147,2.3188359737,0.2286239564,86.468711853,Sandstone
12.131389618,2.318854332,0.2280419022,86.46824646,Sandstone
12.115977287,2.319822073,0.2307169884,86.375541687,Sandstone
12.055727959,2.3198280334,0.2292454988,86.531181335,Sandstone
12.039449692,2.3159229755,0.219869718,86.593643188,Sandstone
12.039061546,2.3086140156,0.2112144381,86.656204224,Sandstone
12.039059639,2.3042221069,0.2143699527,86.842628479,Sandstone
12.039059639,2.306634903,0.2216163874,86.997879028,Sandstone
12.039059639,2.3124399185,0.22203812,87.246437073,Sandstone
12.039059639,2.3177983761,0.2154197395,87.61894989,Sandstone
12.039059639,2.3226692677,0.2096943706,87.901145935,Sandstone
12.039059639,2.3284959793,0.2091233432,87.93687439,Sandstone
12.039059639,2.3343377113,0.2096960992,87.968093872,Sandstone
12.039059639,2.3373272419,0.2115067691,88.090705872,Sandstone
12.039059639,2.3378770351,0.2159471363,88.306495667,Sandstone
12.039059639,2.3364636898,0.2215311229,88.494178772,Sandstone
12.039059639,2.3326385021,0.2220253497,88.499893188,Sandstone
12.039059639,2.3292207718,0.2165069729,88.139099121,Sandstone
12.039059639,2.330509901,0.2112629563,87.134529114,Sandstone
12.039059639,2.3352510929,0.2096537501,86.165328979,Sandstone
12.039059639,2.3354511261,0.2094814181,85.886909485,Sandstone
12.039059639,2.3280003071,0.2074920833,86.680198669,Sandstone
12.039059639,2.3202013969,0.2058883011,88.442268372,Sandstone
12.039059639,2.3184394836,0.2059269845,89.744216919,Sandstone
12.039059639,2.3206775188,0.2083678097,89.071243286,Sandstone
12.039059639,2.3258759975,0.2157714963,87.060920715,Sandstone
12.039059639,2.3362853527,0.2251519412,85.675827026,Sandstone
12.039059639,2.3469896317,0.2310887128,84.539619446,Sandstone
12.039059639,2.3449261189,0.2455783337,84.471336365,Sandstone
12.039069176,2.3183443546,0.2917372286,90.713119507,Sandstone
12.044493675,2.2619268894,0.3597509265,102.83560944,Sandstone
12.27306366,2.1970620155,0.4153840542,113.86157227,Sandstone
12.865931511,2.1593756676,0.4428310692,120.84096527,Sandstone
12.492190361,2.5644645691,0.213857621,83.584663391,Limestone
12.492974281,2.5711245537,0.1823864728,78.869239807,Limestone
12.5245924,2.5720489025,0.1612250209,76.953735352,Limestone
12.679691315,2.561819315,0.1430024505,73.96774292,Limestone
12.679691315,2.568757534,0.1344332844,73.35811615,Limestone
12.679691315,2.5791335106,0.1284758151,73.845825195,Limestone
12.679924965,2.5852408409,0.1359450221,76.52355957,Limestone
12.690932274,2.581325531,0.164721936,80.805305481,Limestone
12.745210648,2.5703618526,0.2032143176,85.904434204,Limestone
12.368765831,2.3613395691,0.2073775232,71.093070984,Sandstone
12.234550476,2.4084773064,0.2028927058,72.782417297,Sandstone
12.155599594,2.4322557449,0.2058198303,75.021598816,Sandstone
12.133242607,2.4299430847,0.212820217,77.426185608,Sandstone
12.132809639,2.4177548885,0.2157264799,78.965034485,Sandstone
12.132809639,2.4105348587,0.20954974,79.159622192,Sandstone
12.132809639,2.4109866619,0.1981924772,78.111953735,Sandstone
12.132809639,2.4156763554,0.1906389743,76.016403198,Sandstone
12.132809639,2.4227995872,0.1917101592,73.558578491,Sandstone
12.132809639,2.4336292744,0.1970165223,71.79058075,Sandstone
12.133890152,2.4503233433,0.199208349,71.234642029,Sandstone
12.177254677,2.4728224277,0.1947547942,71.055755615,Sandstone
12.222773552,2.4971959591,0.1838714927,70.282691956,Sandstone
12.26258564,2.5180702209,0.1669105142,69.401245117,Sandstone
12.30801487,2.5311017036,0.1483767331,68.793563843,Sandstone
12.321060181,2.5344290733,0.1457762122,69.523773193,Sandstone
12.369813919,2.5312407017,0.1731256247,74.613540649,Sandstone
12.525629997,2.5275857449,0.2183854431,82.965141296,Sandstone
12.610969543,2.5275807381,0.256182909,90.76978302,Sandstone
12.227293015,2.6741743088,0.0421625189,59.332653046,Limestone
12.226559639,2.6814622879,0.028177632,54.255260468,Limestone
12.226728439,2.6729860306,0.025635872,53.20634079,Limestone
12.235115051,2.658254385,0.0354501307,55.992385864,Limestone
12.313333511,2.6352434158,0.070015274,63.905651093,Limestone
12.49975872,2.6063351631,0.127572462,74.098190308,Limestone
13.249078751,2.6282310486,0.0863239095,66.573158264,Limestone
13.0896101,2.6120905876,0.1025793105,67.484977722,Limestone
12.917891502,2.6076953411,0.116499126,68.933685303,Limestone
12.848560333,2.61632514,0.1128143445,68.375198364,Limestone
12.749156952,2.6271021366,0.093073532,66.100349426,Limestone
12.61758709,2.6320707798,0.0715949088,63.828193665,Limestone
12.586623192,2.6336717606,0.0599345565,62.728721619,Limestone
12.585940361,2.6332087517,0.0579629317,63.612609863,Limestone
12.585940361,2.6301062107,0.0606225058,65.44254303,Limestone
12.585871696,2.6263434887,0.0635099858,66.320793152,Limestone
12.581730843,2.6221446991,0.0635102615,65.86580658,Limestone
12.521306038,2.6199798584,0.0617318302,65.501754761,Limestone
12.415214539,2.6214792728,0.0604871996,64.600883484,Limestone
12.387799263,2.6235656738,0.0589908585,63.073905945,Limestone
12.375713348,2.6229975224,0.0569427498,62.119571686,Limestone
12.382266045,2.6174082756,0.059121605,61.185009003,Limestone
12.378577232,2.6099655628,0.0700935945,61.658412933,Limestone
12.406432152,2.6043031216,0.0864899457,63.232398987,Limestone
12.435279846,2.6030344963,0.0982126072,63.917423248,Limestone
12.471090317,2.6059646606,0.0997271016,64.072425842,Limestone
12.491775513,2.6070990562,0.0965132788,63.730541229,Limestone
12.492190361,2.6030406952,0.0962573066,63.250133514,Limestone
12.492190361,2.5962080956,0.1005677804,63.371997833,Limestone
12.492190361,2.5927524567,0.1038593128,63.866729736,Limestone
12.49229908,2.5967230797,0.1018729657,64.364837646,Limestone
12.497173309,2.6072249413,0.0958652049,63.898635864,Limestone
12.502516747,2.6200749874,0.0879023448,62.436344147,Limestone
12.492119789,2.6305706501,0.0802888125,60.70854187,Limestone
12.479286194,2.6354084015,0.0744652897,59.080741882,Limestone
12.436306953,2.6349844933,0.0728697926,59.014480591,Limestone
12.399190903,2.6320977211,0.0793733299,60.801486969,Limestone
12.398440361,2.627020359,0.0934232697,63.154087067,Limestone
12.398440361,2.6180641651,0.1076371744,64.867126465,Limestone
12.398440361,2.6063773632,0.1152445599,65.730316162,Limestone
12.398286819,2.5954065323,0.1166998297,65.906669617,Limestone
12.390996933,2.5865802765,0.1179085001,66.207099915,Limestone
12.359542847,2.579215765,0.122301653,67.07321167,Limestone
12.344521523,2.5742800236,0.1262793243,67.522857666,Limestone
12.401357651,2.5740814209,0.1267967075,67.883468628,Limestone
12.386522293,2.5760450363,0.1246859282,67.835342407,Limestone
12.32179451,2.5726790428,0.1235230044,67.354469299,Limestone
12.325478554,2.5616881847,0.1297410131,68.252365112,Limestone
12.36806488,2.5533487797,0.1448124945,70.110084534,Limestone
12.413952827,2.5566251278,0.1567431241,70.201370239,Limestone
12.322387695,2.5691804886,0.1516816169,68.415405273,Limestone
12.320690155,2.5874919891,0.1349103302,66.008644104,Limestone
12.33707428,2.6054008007,0.123277992,63.112506866,Limestone
12.364881516,2.6115055084,0.1228663251,62.425415039,Limestone
12.321274757,2.6027567387,0.1277726591,64.173149109,Limestone
12.320491791,2.5903913975,0.1319410801,65.21824646,Limestone
12.328809738,2.5860645771,0.1312427074,65.155815125,Limestone
12.36301899,2.5917921066,0.1212202385,64.790458679,Limestone
12.385414124,2.6013090611,0.107939586,64.043304443,Limestone
12.346417427,2.6083905697,0.1054828912,63.635627747,Limestone
12.334300995,2.6071577072,0.1157422289,64.570877075,Limestone
12.34350872,2.5964932442,0.1290082783,65.437774658,Limestone
12.328556061,2.5905375481,0.1377390176,65.988349915,Limestone
12.349403381,2.5948472023,0.1391418725,65.901428223,Limestone
12.355072975,2.6034908295,0.1340136826,64.940246582,Limestone
12.380222321,2.6114273071,0.1269185394,64.802200317,Limestone
12.345159531,2.6170270443,0.1245474666,65.971870422,Limestone
12.339687347,2.6152281761,0.1295639873,67.045715332,Limestone
12.415763855,2.6015067101,0.1349280328,67.756416321,Limestone
12.489556313,2.5883765221,0.1340772212,67.453315735,Limestone
12.527329445,2.5870716572,0.1268604845,66.281044006,Limestone
12.49269104,2.5980200768,0.1170741692,66.28049469,Limestone
12.481462479,2.6119637489,0.1080701277,66.00643158,Limestone
12.435920715,2.6202526093,0.1015450135,64.710403442,Limestone
12.404654503,2.6219577789,0.0977885425,63.483753204,Limestone
12.436785698,2.6197237968,0.0957228467,62.58864212,Limestone
12.497962952,2.6211912632,0.0947018489,62.868297577,Limestone
12.535722733,2.6260783672,0.0937536806,63.587223053,Limestone
12.566766739,2.6285142899,0.0910644382,63.34217453,Limestone
12.499759674,2.6274995804,0.0840584934,62.113494873,Limestone
12.492320061,2.6179382801,0.0745221004,60.750190735,Limestone
12.4923563,2.6007797718,0.0695634633,60.808094025,Limestone
12.500061989,2.5960402489,0.0720227361,60.959266663,Limestone
12.536384583,2.6121339798,0.0753233507,60.29189682,Limestone
12.54834938,2.6296169758,0.0710633025,58.933116913,Limestone
12.493424416,2.6307497025,0.0599052608,56.800094604,Limestone
12.49250412,2.6202201843,0.0517843217,55.707923889,Limestone
12.507803917,2.6173119545,0.0519651026,55.677639008,Limestone
12.5818367,2.6233255863,0.0547792725,55.833709717,Limestone
12.623373985,2.627202034,0.0552940741,56.23759079,Limestone
12.66491127,2.6284213066,0.057075087,57.161334991,Limestone
12.683643341,2.6272451878,0.0651119202,58.416568756,Limestone
12.583104134,2.6189374924,0.0773222744,59.988933563,Limestone
12.505507469,2.6060364246,0.0874949172,61.191059113,Limestone
12.540320396,2.5985569954,0.0917743742,61.728099823,Limestone
12.502987862,2.5983691216,0.090514183,61.649284363,Limestone
12.432406425,2.5992560387,0.0882898048,60.887805939,Limestone
12.399072647,2.5965080261,0.0902220681,60.890880585,Limestone
12.396966934,2.5923509598,0.097069867,61.606548309,Limestone
12.37987709,2.5900986195,0.1042014509,62.127490997,Limestone
12.323987961,2.5926024914,0.1074621752,62.535587311,Limestone
12.335598946,2.5979220867,0.106690295,62.562992096,Limestone
12.333693504,2.5989694595,0.1054017916,62.632961273,Limestone
12.323963165,2.5935232639,0.1082300469,63.085731506,Limestone
12.33991909,2.5841298103,0.1144338846,63.075309753,Limestone
12.320721626,2.5744328499,0.1198618934,63.508113861,Limestone
12.320308685,2.5695638657,0.1201806739,64.417121887,Limestone
12.320308685,2.572265625,0.1181882694,64.108551025,Limestone
12.320308685,2.5807232857,0.1197393388,62.704498291,Limestone
12.320114136,2.5901317596,0.1227418706,61.871509552,Limestone
12.310276031,2.5964126587,0.1257438809,61.937633514,Limestone
12.242232323,2.5976758003,0.1316838264,62.771884918,Limestone
12.251861572,2.5928726196,0.1402691007,63.54176712,Limestone
12.413039207,2.5847761631,0.1467582583,64.256965637,Limestone
12.333346367,2.5786943436,0.1493569016,65.108703613,Limestone
12.406902313,2.5752334595,0.1530533582,65.124702454,Limestone
12.366683006,2.5753512383,0.1626924425,66.767845154,Limestone
12.365426064,2.5710508823,0.171828419,68.663764954,Limestone
12.458100319,2.5584430695,0.1734280735,67.652252197,Limestone
12.327578545,2.5525100231,0.1706040204,65.831512451,Limestone
12.290189743,2.5556592941,0.1706568599,63.544067383,Limestone
12.227937698,2.5612492561,0.1781422496,61.333278656,Limestone
12.226559639,2.5631201267,0.1854452044,61.638183594,Limestone
12.226559639,2.5584628582,0.1887104064,62.519824982,Limestone
12.226559639,2.5506994724,0.1933053434,62.774894714,Limestone
12.226559639,2.5437996387,0.1983930767,63.04511261,Limestone
12.226559639,2.5421919823,0.1945461184,62.33574295,Limestone
12.226766586,2.5448665619,0.1842588484,61.460990906,Limestone
12.238191605,2.5436615944,0.186565876,62.870155334,Limestone
12.360579491,2.539837122,0.2062111795,66.094841003,Limestone
12.322577477,2.545309782,0.2231041789,68.045898438,Limestone
12.339788437,2.5599048138,0.2143010199,68.199066162,Limestone
12.387804031,2.573018074,0.1840900332,66.677612305,Limestone
12.364425659,2.5770018101,0.1576336622,63.562217712,Limestone
12.321339607,2.5734488964,0.1505846828,61.745544434,Limestone
12.320293427,2.5674657822,0.1573537886,62.330528259,Limestone
12.319254875,2.5580396652,0.1654564142,63.429489136,Limestone
12.300247192,2.5453088284,0.1723620892,64.707069397,Limestone
12.228169441,2.5302870274,0.181620419,65.951644897,Limestone
12.226559639,2.5184175968,0.1904433817,66.303527832,Limestone
12.226559639,2.5153524876,0.18996723,66.054214478,Limestone
12.226559639,2.5223660469,0.1798506081,65.794158936,Limestone
12.226559639,2.5343520641,0.1663108617,65.163513184,Limestone
12.226559639,2.5393908024,0.1552606374,64.247810364,Limestone
12.226559639,2.5324969292,0.1500105113,64.140716553,Limestone
12.226559639,2.5224637985,0.1492699981,63.429290771,Limestone
12.226559639,2.5236411095,0.1483542025,62.929340363,Limestone
12.226566315,2.5368235111,0.142298162,62.422679901,Limestone
12.227367401,2.5493469238,0.1318858713,61.416553497,Limestone
12.251797676,2.548687458,0.1284988523,62.291614532,Limestone
12.322752953,2.5350205898,0.1534546465,69.269706726,Limestone
12.465149879,2.519974947,0.2095067799,81.334579468,Limestone
12.751791,2.5131790638,0.2731294036,92.251373291,Limestone
12.773052216,2.5146529675,0.3098966479,100.78886414,Limestone
13.113587379,2.6949810982,0.136828199,61.781497955,Limestone
13.059495926,2.6347088814,0.157066673,65.881828308,Limestone
12.923725128,2.5650186539,0.1870929152,69.439247131,Limestone
12.772297859,2.5130815506,0.2102366835,70.997917175,Limestone
12.696599007,2.4878323078,0.2222618908,70.408782959,Limestone
12.652964592,2.4793760777,0.2243297994,68.357635498,Limestone
12.630293846,2.4747018814,0.2203246355,66.541732788,Limestone
12.505067825,2.4729375839,0.2177333981,64.73260498,Limestone
12.313429832,2.4784712791,0.2231372893,63.093708038,Limestone
12.231534958,2.4869070053,0.2339400947,62.531608582,Limestone
12.22663784,2.4863698483,0.238629669,63.293048859,Limestone
12.226559639,2.4786977768,0.2340563834,64.474967957,Limestone
12.226559639,2.4789350033,0.2285818905,65.077888489,Limestone
12.226559639,2.4904031754,0.2263162583,65.20500946,Limestone
12.226559639,2.5006086826,0.2216751128,65.254013062,Limestone
12.226559639,2.4993314743,0.2135555893,65.576133728,Limestone
12.226559639,2.4923005104,0.2093065828,65.915962219,Limestone
12.226559639,2.4895210266,0.2116013467,66.051345825,Limestone
12.226559639,2.4905457497,0.2158824056,66.144866943,Limestone
12.226559639,2.4904131889,0.2164593637,66.136581421,Limestone
12.226559639,2.4878988266,0.2120879889,66.228775024,Limestone
12.226559639,2.4839639664,0.2057478279,66.562194824,Limestone
12.226559639,2.4801001549,0.200204432,67.00113678,Limestone
12.226559639,2.47773242,0.1975397468,67.334999084,Limestone
12.226559639,2.478092432,0.197728917,67.187812805,Limestone
12.226913452,2.4828896523,0.1976640671,66.490600586,Limestone
12.244386673,2.4912183285,0.1928456873,65.604194641,Limestone
12.322790146,2.4994411469,0.1821946651,64.747154236,Limestone
12.389557838,2.5054707527,0.1708148718,64.067550659,Limestone
12.398275375,2.5121026039,0.1617855877,63.699558258,Limestone
12.399015427,2.5231485367,0.1521218866,63.61000061,Limestone
12.421282768,2.5340447426,0.1414055526,63.689044952,Limestone
12.396541595,2.5348360538,0.1354778558,63.782337189,Limestone
12.337368965,2.5242707729,0.1364487261,64.066093445,Limestone
12.352334976,2.5136144161,0.13904953,64.485397339,Limestone
12.389998436,2.5127027035,0.1408725679,64.624847412,Limestone
12.398259163,2.5195291042,0.1442865282,64.562591553,Limestone
12.398440361,2.5275666714,0.1486741155,64.438240051,Limestone
12.398440361,2.5353484154,0.1488905549,64.220420837,Limestone
12.398440361,2.5455460548,0.143795073,64.001754761,Limestone
12.398440361,2.5553436279,0.140739128,63.906364441,Limestone
12.398440361,2.556933403,0.1440981627,63.982498169,Limestone
12.398440361,2.5499410629,0.1482900977,64.183166504,Limestone
12.398095131,2.5413842201,0.1484151781,64.462020874,Limestone
12.382040024,2.5350232124,0.1471614987,64.759140015,Limestone
12.304225922,2.5289752483,0.1490608901,64.876502991,Limestone
12.235878944,2.5228507519,0.1543664932,64.725730896,Limestone
12.235078812,2.5200169086,0.1598374993,64.608383179,Limestone
12.264250755,2.5216178894,0.1623483002,64.566459656,Limestone
12.318360329,2.5261723995,0.1594025344,64.398147583,Limestone
12.354499817,2.5327074528,0.1518491209,64.223312378,Limestone
12.382155418,2.5377576351,0.1460797787,64.098838806,Limestone
12.433962822,2.5366075039,0.1472300589,64.031303406,Limestone
12.482697487,2.5290307999,0.1531444788,64.102157593,Limestone
12.49199295,2.5201215744,0.1572910696,64.328544617,Limestone
12.492190361,2.517642498,0.1564248949,64.289878845,Limestone
12.492190361,2.5256290436,0.1527974606,63.697467804,Limestone
12.492190361,2.5384144783,0.1504683942,63.295253754,Limestone
12.492190361,2.543191433,0.1503771693,63.409770966,Limestone
12.492190361,2.5354099274,0.1499194354,63.888221741,Limestone
12.492190361,2.5253143311,0.1492212266,64.710769653,Limestone
12.492190361,2.5202114582,0.1508795768,65.308807373,Limestone
12.492190361,2.516238451,0.1552177668,65.630073547,Limestone
12.492190361,2.5110907555,0.1590925902,65.883880615,Limestone
12.492190361,2.5085043907,0.1605884731,65.884613037,Limestone
12.492190361,2.5096161366,0.1611666679,65.878501892,Limestone
12.492190361,2.509304285,0.1598352641,65.96862793,Limestone
12.492190361,2.5048606396,0.1549440175,65.890266418,Limestone
12.492397308,2.5004398823,0.1499408633,65.755310059,Limestone
12.502561569,2.4994244576,0.1500737965,65.795890808,Limestone
12.544353485,2.5008020401,0.1546973139,66.008430481,Limestone
12.584979057,2.5021531582,0.1586639583,66.245231628,Limestone
12.586356163,2.5016512871,0.1623518467,66.501220703,Limestone
12.605384827,2.4981386662,0.1694457382,66.775131226,Limestone
12.651161194,2.4913139343,0.1771253645,66.943534851,Limestone
12.679085732,2.4845752716,0.1799338013,66.913002014,Limestone
12.679258347,2.4821252823,0.1760559529,66.682594299,Limestone
12.660721779,2.4843366146,0.1676098406,66.482398987,Limestone
12.615034103,2.490165472,0.1595991105,66.382080078,Limestone
12.586604118,2.4970891476,0.1567247808,66.403999329,Limestone
12.585940361,2.5022912025,0.1618312001,66.619812012,Limestone
12.585217476,2.503282547,0.1698523015,66.943229675,Limestone
12.552116394,2.5005385876,0.171250999,67.144134521,Limestone
12.46164608,2.501404047,0.1649920642,66.984107971,Limestone
12.369662285,2.5095775127,0.1597056389,66.715019226,Limestone
12.303206444,2.5178849697,0.1639807522,66.679466248,Limestone
12.256494522,2.5160572529,0.1763765365,66.730262756,Limestone
12.227169991,2.5049574375,0.189263612,66.829650879,Limestone
12.226559639,2.4970152378,0.1979842931,67.002639771,Limestone
12.226559639,2.4973254204,0.2033669651,66.972831726,Limestone
12.226559639,2.4984741211,0.2075318992,66.901901245,Limestone
12.22662735,2.4929480553,0.2108748406,67.272994995,Limestone
12.229908943,2.4846038818,0.212137863,67.83253479,Limestone
12.25684166,2.4836776257,0.2105654329,68.287452698,Limestone
12.304367065,2.4895179272,0.2115276456,68.477088928,Limestone
12.319988251,2.4913306236,0.2236211747,68.128868103,Limestone
12.320308685,2.4872550964,0.2436496764,67.283866882,Limestone
12.319794655,2.4861905575,0.2560887635,66.181777954,Limestone
12.296028137,2.4958305359,0.2550615966,65.259017944,Limestone
12.243035316,2.514677763,0.251703918,64.823181152,Limestone
12.226894379,2.5312547684,0.2569081485,64.832496643,Limestone
12.226559639,2.534535408,0.265539825,65.5989151,Limestone
12.226559639,2.5233645439,0.2687594295,66.723068237,Limestone
12.226559639,2.50547719,0.2683993876,67.483551025,Limestone
12.226559639,2.4896874428,0.2666800022,67.903343201,Limestone
12.226559639,2.4792571068,0.2608219385,67.932060242,Limestone
12.227042198,2.4746057987,0.2491773963,67.521850586,Limestone
12.249260902,2.4762899876,0.2379579693,66.95715332,Limestone
12.303396225,2.4816522598,0.2329884619,66.637199402,Limestone
12.325323105,2.4855082035,0.2303436399,66.632194519,Limestone
12.35299778,2.4849436283,0.2251873314,66.737869263,Limestone
12.392301559,2.4829063416,0.2208327055,66.799949646,Limestone
12.398274422,2.4851200581,0.2212882489,66.731445313,Limestone
12.395578384,2.4930269718,0.2229015678,66.237754822,Limestone
12.369408607,2.4995322227,0.2218631506,65.71522522,Limestone
12.321380615,2.4969446659,0.217791006,65.854011536,Limestone
12.320208549,2.4880328178,0.2121167034,66.013412476,Limestone
12.315159798,2.4805967808,0.2051654607,66.040245056,Limestone
12.281767845,2.4799041748,0.1970040351,66.01399231,Limestone
12.220484734,2.4857509136,0.1883613765,65.060188293,Limestone
12.186276436,2.4956831932,0.1785850227,64.329216003,Limestone
12.184763908,2.5084857941,0.173963666,66.901924133,Limestone
12.32919693,2.5147554874,0.1893871576,73.029548645,Limestone
12.450795174,2.5128388405,0.2269847095,80.662780762,Limestone
12.587338448,2.5440442562,0.1586520821,71.156288147,Limestone
12.585940361,2.5640547276,0.1242590621,64.21231842,Limestone
12.585940361,2.5790319443,0.1120320782,60.439998627,Limestone
12.585940361,2.5882782936,0.1077847406,59.505905151,Limestone
12.585940361,2.5984036922,0.1023764014,59.548934937,Limestone
12.585794449,2.6124060154,0.0977643356,59.278846741,Limestone
12.57804203,2.6245174408,0.0930309668,57.805652618,Limestone
12.507778168,2.6301600933,0.0857292414,57.026332855,Limestone
12.492495537,2.6332728863,0.0774990022,56.998142242,Limestone
12.492190361,2.6321921349,0.0750496387,57.565681458,Limestone
12.492343903,2.6238694191,0.0818679929,60.638397217,Limestone
12.500435829,2.616065979,0.0961208418,64.643417358,Limestone
12.579101563,2.6144914627,0.1094463989,66.757904053,Limestone
12.523976326,2.6182329655,0.1130485013,68.173461914,Limestone
12.429290771,2.6189603806,0.1071702242,67.380775452,Limestone
12.40280056,2.616235733,0.0972155333,65.412689209,Limestone
12.447946548,2.6170217991,0.0901427716,64.465019226,Limestone
12.491243362,2.6229639053,0.086843811,63.851352692,Limestone
12.492190361,2.6300065517,0.0833572373,63.412296295,Limestone
12.492190361,2.6317157745,0.0810541958,62.97605896,Limestone
12.492190361,2.6293203831,0.0813263282,63.768913269,Limestone
12.492147446,2.6279087067,0.0845977142,64.149551392,Limestone
12.489351273,2.6274051666,0.0903382078,63.264514923,Limestone
12.443567276,2.6265707016,0.0932115614,62.817935944,Limestone
12.399403572,2.629601717,0.0917691365,62.088382721,Limestone
12.398440361,2.6353437901,0.0874328166,61.04315567,Limestone
12.398440361,2.6375954151,0.0808165148,60.460124969,Limestone
12.398440361,2.634090662,0.0732450485,60.176864624,Limestone
12.398440361,2.6278812885,0.0653868914,59.777980804,Limestone
12.39848423,2.6275496483,0.0597971864,59.617973328,Limestone
12.402251244,2.6324176788,0.059957657,59.271518707,Limestone
12.49257946,2.6371924877,0.067688942,58.763912201,Limestone
12.557785034,2.6361575127,0.0792072117,59.703559875,Limestone
12.677070618,2.6303222179,0.0855422467,61.07219696,Limestone
12.681922913,2.6279244423,0.0826889053,61.938350677,Limestone
12.74928093,2.626938343,0.0750062764,62.025554657,Limestone
12.772972107,2.6269712448,0.0690672547,61.030929565,Limestone
12.773440361,2.62891078,0.0652891621,60.750358582,Limestone
12.773440361,2.6337869167,0.0640885681,60.874607086,Limestone
12.773440361,2.6371912956,0.0680992752,60.750667572,Limestone
12.773440361,2.6299324036,0.0752703547,60.904590607,Limestone
12.771549225,2.6182632446,0.0791909322,61.091110229,Limestone
12.691188812,2.6167154312,0.077171281,60.476081848,Limestone
12.718957901,2.6292381287,0.0726920366,59.543937683,Limestone
12.769962311,2.6447899342,0.0695059225,58.211250305,Limestone
12.710804939,2.6421377659,0.0695824996,56.874816895,Limestone
12.591244698,2.604845047,0.078755714,56.447559357,Limestone
12.562314987,2.5450129509,0.1119246408,63.312473297,Limestone
12.510128975,2.4922111034,0.1784861684,77.291748047,Limestone
12.554316521,2.6156773567,0.1061318517,62.180484772,Limestone
12.495755196,2.5964729786,0.1260562092,65.661773682,Limestone
12.413249969,2.5832602978,0.1382256299,67.14251709,Limestone
12.400038719,2.5840723515,0.1423853487,68.405761719,Limestone
12.457846642,2.5894708633,0.144177109,68.033058167,Limestone
12.486820221,2.5903372765,0.1452424675,66.476783752,Limestone
12.439379692,2.588252306,0.1444500238,66.457611084,Limestone
12.403882027,2.5841622353,0.1408670545,66.765419006,Limestone
12.399523735,2.5810210705,0.1404542476,67.417030334,Limestone
12.444517136,2.5776867867,0.1455584615,68.789550781,Limestone
12.497537613,2.5730564594,0.1487290561,69.501861572,Limestone
12.494778633,2.5694088936,0.148354277,69.828575134,Limestone
12.492245674,2.5668227673,0.1498074383,70.214057922,Limestone
12.492190361,2.561934948,0.160093978,71.865013123,Limestone
12.492338181,2.5586125851,0.17141065,73.167793274,Limestone
12.496746063,2.5641679764,0.1684832424,72.160896301,Limestone
12.423915863,2.577934742,0.1524598449,69.923118591,Limestone
12.401241302,2.5893981457,0.1361324787,66.120681763,Limestone
12.441249847,2.593310833,0.1261111349,63.132396698,Limestone
12.409182549,2.5929558277,0.1211308837,62.472702026,Limestone
12.398675919,2.592772007,0.1221425012,62.082473755,Limestone
12.398440361,2.5963292122,0.1272062063,61.671295166,Limestone
12.398440361,2.6022894382,0.1284949183,61.74445343,Limestone
12.398440361,2.6019484997,0.1221577525,61.479808807,Limestone
12.398440361,2.5925426483,0.1148278266,61.206867218,Limestone
12.398440361,2.5836858749,0.1144908071,61.630447388,Limestone
12.398440361,2.5839760303,0.1215751395,61.948883057,Limestone
12.398440361,2.5914750099,0.1314508468,62.049488068,Limestone
12.398440361,2.5963554382,0.1381824166,61.741535187,Limestone
12.398440361,2.5979371071,0.1389279366,61.213302612,Limestone
12.398440361,2.6012146473,0.1358149499,61.584938049,Limestone
12.398440361,2.6039648056,0.1336732954,61.987529755,Limestone
12.398440361,2.5991413593,0.1345423758,61.990451813,Limestone
12.398440361,2.5877439976,0.1378445029,62.650539398,Limestone
12.398440361,2.5788855553,0.1425679326,63.642131805,Limestone
12.398440361,2.5771420002,0.1461409479,64.332397461,Limestone
12.398440361,2.5797970295,0.1453444511,64.660812378,Limestone
12.398440361,2.5813193321,0.1409614235,64.167640686,Limestone
12.398440361,2.5815463066,0.1349172294,62.925769806,Limestone
12.398440361,2.5800554752,0.1286787242,61.951980591,Limestone
12.398440361,2.5773625374,0.1252517253,61.702423096,Limestone
12.398440361,2.5785138607,0.1251902133,61.545448303,Limestone
12.398440361,2.5827977657,0.1256445497,61.335826874,Limestone
12.398440361,2.5854566097,0.1241617501,61.657432556,Limestone
12.398440361,2.5866680145,0.1245659143,62.645709991,Limestone
12.398440361,2.589827776,0.1299770772,63.496250153,Limestone
12.398440361,2.5940909386,0.1353461295,63.524913788,Limestone
12.398440361,2.5952157974,0.1331636161,63.306293488,Limestone
12.398440361,2.5937716961,0.123032935,62.742118835,Limestone
12.398440361,2.5929038525,0.1130463257,61.73531723,Limestone
12.398440361,2.5931324959,0.1086258814,61.11648941,Limestone
12.398440361,2.5954139233,0.1092576012,60.748851776,Limestone
12.398440361,2.5990457535,0.1105453596,60.497394562,Limestone
12.398440361,2.601162672,0.1093301773,60.776794434,Limestone
12.398440361,2.602973938,0.1062932909,61.267066956,Limestone
12.398440361,2.6077342033,0.1014785841,61.361125946,Limestone
12.398440361,2.6132330894,0.0956817493,60.9621315,Limestone
12.398440361,2.6150949001,0.091635935,60.678596497,Limestone
12.398440361,2.6148877144,0.0911346823,60.758060455,Limestone
12.398440361,2.6154434681,0.0916549265,60.59022522,Limestone
12.398440361,2.6143336296,0.09014792,60.169017792,Limestone
12.398440361,2.6103153229,0.0875800848,59.636135101,Limestone
12.398440361,2.608877182,0.0872143432,59.403190613,Limestone
12.398440361,2.6126406193,0.0917536318,59.593212128,Limestone
12.398321152,2.6132433414,0.0983077362,59.796188354,Limestone
12.393089294,2.6060192585,0.1011050418,60.060073853,Limestone
12.390679359,2.5989773273,0.0977309495,60.070068359,Limestone
12.390752792,2.5988547802,0.0910198689,60.096279144,Limestone
12.395929337,2.6026370525,0.0867328569,60.446617126,Limestone
12.398389816,2.6029984951,0.0871532485,60.657791138,Limestone
12.398440361,2.6001999378,0.0900202543,60.623775482,Limestone
12.398440361,2.6011021137,0.0932181925,60.657215118,Limestone
12.398440361,2.6063373089,0.0962196663,60.729652405,Limestone
12.398440361,2.6107003689,0.0988908336,60.708019257,Limestone
12.39781189,2.6101827621,0.1022680327,60.875862122,Limestone
12.373285294,2.6051366329,0.1059599742,61.114643097,Limestone
12.385397911,2.5997755527,0.1089669019,61.229034424,Limestone
12.397805214,2.5974955559,0.1115677133,61.250106812,Limestone
12.382306099,2.5997512341,0.1133977473,61.270618439,Limestone
12.339707375,2.6039741039,0.1139722764,61.383663177,Limestone
12.320972443,2.6057929993,0.1136139482,61.66210556,Limestone
12.330163002,2.6034178734,0.1122904569,61.862617493,Limestone
12.326116562,2.5953900814,0.1105037257,61.825027466,Limestone
12.336277962,2.5839025974,0.110178642,61.619335175,Limestone
12.378446579,2.5773918629,0.1123987734,61.129001617,Limestone
12.396853447,2.5837235451,0.1167480424,60.746311188,Limestone
12.348952293,2.5951011181,0.1236236691,60.835590363,Limestone
12.320903778,2.5938248634,0.1330175251,61.333942413,Limestone
12.320308685,2.5781092644,0.142298162,62.135147095,Limestone
12.320308685,2.5612385273,0.1497450322,63.000205994,Limestone
12.320308685,2.5513679981,0.155824855,63.528385162,Limestone
12.320308685,2.5451669693,0.160860464,63.793041229,Limestone
12.320308685,2.5393173695,0.1635865122,64.030426025,Limestone
12.320308685,2.5368061066,0.1628942192,64.085952759,Limestone
12.320308685,2.5387401581,0.15968512,63.86913681,Limestone
12.320308685,2.5439596176,0.1542843133,63.57698822,Limestone
12.32063961,2.552082777,0.1481743306,63.812652588,Limestone
12.334349632,2.5613231659,0.1468316466,65.248352051,Limestone
12.339651108,2.569092989,0.1531613022,67.168167114,Limestone
12.37338829,2.5720758438,0.1660843194,67.832824707,Limestone
12.393913269,2.5675663948,0.188199833,70.209686279,Limestone
12.419371605,2.5562608242,0.2221146822,76.3254776,Limestone
12.470751762,2.5446546078,0.2601480186,83.693138123,Limestone
12.54331398,2.5425722599,0.2874334455,90.819999695,Limestone
12.586528778,2.5824890137,0.1082822382,64.527481079,Limestone
12.585940361,2.5768966675,0.0934813768,62.289459229,Limestone
12.585940361,2.5699594021,0.0934420973,62.822444916,Limestone
12.586121559,2.5701394081,0.0956788585,63.888462067,Limestone
12.593803406,2.5755374432,0.0954922661,64.265106201,Limestone
12.593411446,2.5828607082,0.0910456702,64.089324951,Limestone
12.586102486,2.592386961,0.0846572146,63.586803436,Limestone
12.585940361,2.5993945599,0.0812311918,62.917446136,Limestone
12.585940361,2.5978574753,0.0821727961,62.609554291,Limestone
12.585940361,2.5907759666,0.0848538503,62.640869141,Limestone
12.585940361,2.5859284401,0.0874681398,62.516246796,Limestone
12.585940361,2.5864181519,0.0904479772,62.514450073,Limestone
12.585940361,2.5849969387,0.0934932604,62.286346436,Limestone
12.585940361,2.5729017258,0.0952693224,63.271678925,Limestone
12.58491993,2.5565495491,0.0957031325,69.097236633,Limestone
12.541461945,2.5478889942,0.0957031325,76.678871155,Limestone
12.539514542,2.5499322414,0.095643945,81.490653992,Limestone
12.621017456,2.5506529808,0.0954039842,84.213661194,Marl
12.747879982,2.5360732079,0.0949216336,85.158348083,Marl
12.84645462,2.5169231892,0.0941973105,86.782142639,Marl
12.772260666,2.5791819096,0.1019818485,69.73789978,Limestone
12.679063797,2.5450398922,0.1257114857,68.361740112,Limestone
12.536776543,2.5401885509,0.1551140398,68.998947144,Limestone
12.493074417,2.5629756451,0.179721728,70.125411987,Limestone
12.491705894,2.5553812981,0.2081263661,74.37285614,Limestone
12.520479202,2.5954763889,0.2139000446,79.070617676,Limestone
12.401021957,2.6324093342,0.1542901546,68.735237122,Limestone
12.398440361,2.6607861519,0.1077077612,61.258617401,Limestone
12.398440361,2.6764211655,0.0834232196,58.058326721,Limestone
12.398440361,2.6775422096,0.0799561813,58.571926117,Limestone
12.39838028,2.6657021046,0.0905805305,60.273200989,Limestone
12.394963264,2.6514112949,0.1031841859,60.702320099,Limestone
12.350280762,2.6433739662,0.1051006988,60.982936859,Limestone
12.320900917,2.6399691105,0.0956327245,61.202793121,Limestone
12.320308685,2.6365320683,0.0876426026,60.281318665,Limestone
12.320308685,2.6325047016,0.0910566896,60.33158493,Limestone
12.320308685,2.6251182556,0.0983375832,61.49980545,Limestone
12.320308685,2.6166214943,0.0995484293,62.293746948,Limestone
12.320338249,2.6149623394,0.0945454538,62.573192596,Limestone
12.322339058,2.6213316917,0.0895649418,61.114303589,Limestone
12.360557556,2.6285042763,0.0886835232,60.737926483,Limestone
12.397623062,2.6307659149,0.0907886773,61.368202209,Limestone
12.398440361,2.6272046566,0.0941336975,61.147258759,Limestone
12.398440361,2.6178951263,0.0996876359,62.028011322,Limestone
12.398452759,2.6078305244,0.1078516096,63.362075806,Limestone
12.399609566,2.6050817966,0.1156443506,64.453460693,Limestone
12.429018021,2.6124303341,0.1173666343,65.494674683,Limestone
12.4284935,2.6211278439,0.1124068275,65.088027954,Limestone
12.39168644,2.6239993572,0.11162287,64.496414185,Limestone
12.400047302,2.6205649376,0.1174616739,63.996154785,Limestone
12.45793438,2.6152191162,0.1207196936,63.345737457,Limestone
12.399680138,2.61328125,0.1172865778,63.842311859,Limestone
12.398445129,2.6137709618,0.1135226861,63.159736633,Limestone
12.398440361,2.6118204594,0.1162190139,62.783683777,Limestone
12.398440361,2.6054956913,0.121432744,64.082771301,Limestone
12.398440361,2.6006345749,0.1250863075,65.454704285,Limestone
12.400460243,2.601547718,0.1299451888,67.377479553,Limestone
12.488699913,2.6063790321,0.1342214644,68.420280457,Limestone
12.492152214,2.6126892567,0.1355932802,68.223075867,Limestone
12.493677139,2.6175813675,0.1371801794,68.401626587,Limestone
12.549645424,2.6176645756,0.1399569362,67.979362488,Limestone
12.456689835,2.6109964848,0.1412156373,67.848258972,Limestone
12.401306152,2.5970358849,0.1405075341,68.480430603,Limestone
12.398480415,2.5886347294,0.1485485286,68.742050171,Limestone
12.449250221,2.6117424965,0.2051513046,68.989837646,Limestone
12.432383537,2.6122748852,0.192781195,66.151794434,Limestone
12.487352371,2.6132435799,0.19928132,66.970695496,Limestone
12.492427826,2.6137223244,0.2053452581,67.559547424,Limestone
12.506174088,2.6179120541,0.1968510598,66.596931458,Limestone
12.493479729,2.6227297783,0.1855486035,64.865844727,Limestone
12.492213249,2.6230518818,0.1825381815,63.936737061,Limestone
12.492190361,2.6184742451,0.1845465004,65.125167847,Limestone
12.492190361,2.6122636795,0.1858066618,67.011665344,Limestone
12.491857529,2.60683918,0.1893221587,68.974006653,Limestone
12.47652626,2.6046442986,0.1925011575,69.643089294,Limestone
12.406188011,2.6062934399,0.1874846518,68.598869324,Limestone
12.398579597,2.6086797714,0.1735604107,67.985023499,Limestone
12.399127007,2.6097884178,0.1587307304,67.622848511,Limestone
12.425668716,2.6089704037,0.1471049637,66.938430786,Limestone
12.401569366,2.6129100323,0.1427911967,66.447273254,Limestone
12.39154911,2.6212742329,0.1491263807,65.473274231,Limestone
12.391449928,2.6269385815,0.1601751745,65.262245178,Limestone
12.42636013,2.6252429485,0.1664251834,66.23449707,Limestone
12.48465538,2.616663456,0.1617295444,67.129348755,Limestone
12.492050171,2.6082844734,0.1487745196,67.302772522,Limestone
12.492190361,2.6056706905,0.1342350096,66.977226257,Limestone
12.492190361,2.6115612984,0.1242098883,66.631019592,Limestone
12.49058342,2.6205539703,0.1190441549,66.121368408,Limestone
12.423894882,2.6241745949,0.1140826643,65.480255127,Limestone
12.400694847,2.6219165325,0.1081124991,64.551620483,Limestone
12.398478508,2.6176981926,0.1056956872,64.135063171,Limestone
12.3989048,2.6120455265,0.107932888,65.217094421,Limestone
12.419892311,2.6053404808,0.1095592678,66.030754089,Limestone
12.48200798,2.6019396782,0.1060151756,66.206047058,Limestone
12.491993904,2.602408886,0.098980099,65.78351593,Limestone
12.492190361,2.6016871929,0.0956972912,65.504493713,Limestone
12.492190361,2.5990133286,0.1024359241,67.064712524,Limestone
12.492190361,2.6016054153,0.1201084331,69.064781189,Limestone
12.492190361,2.6092069149,0.1388992518,70.712493896,Limestone
12.492190361,2.612459898,0.1465098262,71.605560303,Limestone
12.492190361,2.607789278,0.142439276,71.185440063,Limestone
12.492334366,2.5998716354,0.1348447502,69.765388489,Limestone
12.49855423,2.592407465,0.1296235025,68.73638916,Limestone
12.494438171,2.5859425068,0.1258092672,69.148254395,Limestone
12.530235291,2.5791852474,0.121738784,69.197746277,Limestone
12.506427765,2.5740115643,0.1200687587,69.452461243,Limestone
12.493685722,2.5732431412,0.12397971,70.703193665,Limestone
12.492217064,2.5765132904,0.1311037689,71.250358582,Limestone
12.492190361,2.5804028511,0.1364938021,71.98841095,Limestone
12.492464066,2.5814578533,0.1397623569,73.42099762,Limestone
12.505177498,2.5823507309,0.1418747157,73.041557312,Limestone
12.517967224,2.5881624222,0.1386898458,70.403564453,Limestone
12.422350883,2.5985996723,0.12548244,67.868438721,Limestone
12.398774147,2.6086032391,0.1084718034,64.515823364,Limestone
12.391554832,2.6159584522,0.0966439322,61.83215332,Limestone
12.365731239,2.6175868511,0.091034703,61.324039459,Limestone
12.366149902,2.6109259129,0.0910979584,61.819080353,Limestone
12.385476112,2.6002862453,0.0986166522,62.695186615,Limestone
12.378534317,2.5938050747,0.1115670502,63.555416107,Limestone
12.393740654,2.5955247879,0.1213314608,64.748207092,Limestone
12.404354095,2.6005015373,0.1235350519,65.152336121,Limestone
12.401287079,2.6039049625,0.1239533201,67.210693359,Limestone
12.445775032,2.6076116562,0.1283172071,69.632316589,Limestone
12.387351036,2.6119027138,0.1326999217,69.528617859,Limestone
12.36814785,2.6139471531,0.1319857836,68.584312439,Limestone
12.391381264,2.6154186726,0.1287021786,65.620155334,Limestone
12.398285866,2.6153402328,0.1299430281,63.08505249,Limestone
12.398440361,2.6087379456,0.1370976418,63.815750122,Limestone
12.398440361,2.5947313309,0.1417745203,65.303184509,Limestone
12.400187492,2.5818068981,0.1407759339,67.010910034,Limestone
12.469975471,2.5798666477,0.1395984888,69.076255798,Limestone
12.491448402,2.5857546329,0.1432920247,69.681686401,Limestone
12.479036331,2.5908002853,0.1482800394,68.94972229,Limestone
12.417695045,2.5914225578,0.1466953009,67.808303833,Limestone
12.398869514,2.5883219242,0.139993161,65.860679626,Limestone
12.398440361,2.5847966671,0.1389193386,65.177597046,Limestone
12.400649071,2.5854654312,0.1451925635,66.594558716,Limestone
12.497085571,2.5907475948,0.1479268968,67.014190674,Limestone
12.512846947,2.5970728397,0.1422091424,66.293373108,Limestone
12.496482849,2.6008343697,0.1361303777,65.896858215,Limestone
12.498038292,2.5967819691,0.1413892657,65.028755188,Limestone
12.499832153,2.5838692188,0.1568207592,66.19581604,Limestone
12.494289398,2.5716967583,0.1715395302,69.215751648,Limestone
12.491436958,2.5724580288,0.178671509,70.139625549,Limestone
12.456811905,2.5827498436,0.1800199002,69.210960388,Limestone
12.390171051,2.5863015652,0.1846308857,68.714279175,Limestone
12.424981117,2.5799694061,0.196051687,69.849334717,Limestone
12.478648186,2.5744235516,0.2069925815,71.721336365,Limestone
12.49191761,2.5728852749,0.2076589167,74.161369324,Limestone
12.492190361,2.5738196373,0.1974737793,75.802604675,Limestone
12.491409302,2.580955267,0.1868869066,75.094970703,Limestone
12.458436966,2.5958256721,0.1817301959,73.901405334,Limestone
12.423747063,2.6093490124,0.1792069972,73.101234436,Limestone
12.42600441,2.6113955975,0.1798861623,72.482391357,Limestone
12.462796211,2.6049249172,0.1892078966,72.847305298,Limestone
12.487204552,2.5983784199,0.2039238811,73.971733093,Limestone
12.492090225,2.5952982903,0.2133287936,75.249229431,Limestone
12.492190361,2.5957605839,0.2125615329,76.042747498,Limestone
12.492190361,2.5996334553,0.2092718333,76.065414429,Limestone
12.492190361,2.6034789085,0.2110295743,76.131088257,Limestone
12.492190361,2.6017720699,0.2139483541,75.665771484,Limestone
12.492190361,2.5958414078,0.2113340944,74.289581299,Limestone
12.492190361,2.5920596123,0.2024091035,72.573120117,Limestone
12.492190361,2.5923187733,0.1943817288,71.170959473,Limestone
12.491539001,2.5941131115,0.1903371215,70.738464355,Limestone
12.465392113,2.5950591564,0.1849400848,70.76134491,Limestone
12.438575745,2.5962135792,0.1768568754,70.738395691,Limestone
12.471801758,2.5990178585,0.1728969067,70.549278259,Limestone
12.491769791,2.5984504223,0.1779844314,70.826980591,Limestone
12.492190361,2.5917434692,0.186500743,72.490196228,Limestone
12.492190361,2.582650423,0.1928488165,73.846107483,Limestone
12.492190361,2.5773026943,0.1951540112,73.468559265,Limestone
12.492190361,2.5781245232,0.1928322315,73.0418396,Limestone
12.492190361,2.5797498226,0.1882122606,72.730804443,Limestone
12.492190361,2.578140974,0.1833779216,72.410179138,Limestone
12.492190361,2.5729577541,0.1807195395,73.359619141,Limestone
12.492190361,2.5662987232,0.1807371676,74.314781189,Limestone
12.492190361,2.5626859665,0.1818273216,74.042991638,Limestone
12.492190361,2.5645473003,0.1838360131,73.7813797,Limestone
12.492190361,2.5703411102,0.1878475398,74.749710083,Limestone
12.492190361,2.5743293762,0.1961793602,77.133338928,Limestone
12.492190361,2.5841562748,0.1650953591,77.245872498,Limestone
12.492190361,2.5903961658,0.1559134722,76.629402161,Limestone
12.492190361,2.5930609703,0.1495683044,76.458183289,Limestone
12.492190361,2.5912370682,0.1488387883,75.1772995,Limestone
12.492190361,2.5878300667,0.1527741402,74.333374023,Limestone
12.492190361,2.5841403008,0.1589598209,74.263076782,Limestone
12.492190361,2.5802481174,0.1633777767,74.304359436,Limestone
12.492190361,2.578328371,0.1627147794,74.000473022,Limestone
12.492190361,2.5798125267,0.160108909,73.084236145,Limestone
12.491864204,2.5816166401,0.1600892544,72.164047241,Limestone
12.477910995,2.5795211792,0.1614637375,71.542366028,Limestone
12.430387497,2.5737395287,0.161152482,72.183441162,Limestone
12.451845169,2.569965601,0.1590644121,73.726348877,Limestone
12.491335869,2.5729248524,0.1587832272,74.914031982,Limestone
12.491989136,2.5789785385,0.1631208062,75.905715942,Limestone
12.482582092,2.5790977478,0.1700337976,76.809532166,Limestone
12.433592796,2.5706400871,0.1744404882,76.79309845,Limestone
12.399188995,2.5611102581,0.1741333008,75.983383179,Limestone
12.398440361,2.5573449135,0.1729594916,75.940307617,Limestone
12.398440361,2.5581936836,0.1740541905,76.455001831,Limestone
12.398440361,2.5604093075,0.1756484956,76.693954468,Limestone
12.398440361,2.5663096905,0.1770757586,77.207427979,Limestone
12.398440361,2.5761260986,0.1806237698,77.072631836,Limestone
12.398440361,2.5844595432,0.1840995997,76.006507874,Limestone
12.398440361,2.5879261494,0.1808282733,75.568656921,Limestone
12.398896217,2.5881166458,0.1713521928,75.391273499,Limestone
12.419699669,2.5899529457,0.1638697088,75.173187256,Limestone
12.465796471,2.5943646431,0.1611026078,75.268989563,Limestone
12.491631508,2.5984706879,0.1579003483,74.95149231,Limestone
12.492190361,2.6000976563,0.1523885131,74.561294556,Limestone
12.492190361,2.5993299484,0.1511764228,74.709190369,Limestone
12.492190361,2.5996391773,0.159525007,75.373298645,Limestone
12.492190361,2.6025915146,0.1711660177,76.866882324,Limestone
12.492190361,2.6054909229,0.1765246093,78.241798401,Limestone
12.492190361,2.6066923141,0.1758870929,78.847267151,Limestone
12.492190361,2.6069340706,0.175049305,78.747047424,Limestone
12.492190361,2.6057085991,0.1744969785,77.79486084,Limestone
12.492190361,2.6022894382,0.1707060486,77.155189514,Limestone
12.492190361,2.6003367901,0.1646696329,76.582542419,Limestone
12.492190361,2.6054387093,0.1625863612,75.677848816,Limestone
12.492190361,2.6130218506,0.1670623124,75.742294312,Limestone
12.492190361,2.611907959,0.1742427349,76.430755615,Limestone
12.492190361,2.6019690037,0.1805287898,76.976531982,Limestone
12.492190361,2.5923881531,0.1834126413,76.991950989,Limestone
12.492190361,2.5886301994,0.181589976,75.891090393,Limestone
12.492190361,2.5876772404,0.1800288111,74.31388092,Limestone
12.492190361,2.585511446,0.1844498217,74.323699951,Limestone
12.492506981,2.5825917721,0.1922796518,76.385047913,Limestone
12.506804466,2.5796675682,0.1924488842,77.705162048,Limestone
12.519142151,2.5790278912,0.1784077287,76.591346741,Limestone
12.504779816,2.58370924,0.158319667,73.2838974,Limestone
12.491501808,2.5928606987,0.1438286304,69.025398254,Limestone
12.448497772,2.6024551392,0.1389693916,66.013977051,Limestone
12.382008553,2.6080524921,0.1406010836,64.84311676,Limestone
12.377725601,2.607370615,0.1426200569,64.755233765,Limestone
12.398013115,2.6000931263,0.1403767467,64.592689514,Limestone
12.399190903,2.5909097195,0.1343007237,64.348999023,Limestone
12.432959557,2.5884342194,0.1295496821,64.901054382,Limestone
12.454490662,2.5938034058,0.1303543895,65.437301636,Limestone
12.423941612,2.5994412899,0.1334079355,65.589035034,Limestone
12.442007065,2.6010737419,0.1312609911,65.533050537,Limestone
12.482666016,2.6021389961,0.1232991666,64.6042099,Limestone
12.491996765,2.6047878265,0.1150372252,63.825778961,Limestone
12.49156189,2.6058120728,0.1108144,63.66758728,Limestone
12.464805603,2.6020312309,0.1097743362,62.927772522,Limestone
12.416959763,2.596249342,0.1092863381,62.130512238,Limestone
12.398810387,2.5962219238,0.1091618389,62.061168671,Limestone
12.398440361,2.6045446396,0.1103540286,62.515544891,Limestone
12.398440361,2.6129703522,0.1140423268,63.516620636,Limestone
12.398440361,2.6103675365,0.1194951758,64.462562561,Limestone
12.398440361,2.5968515873,0.1231156439,64.769950867,Limestone
12.398440361,2.5845878124,0.1228980571,64.509857178,Limestone
12.398440361,2.5823636055,0.1199071854,63.522212982,Limestone
12.398440361,2.5895421505,0.1174220815,63.212902069,Limestone
12.398870468,2.5997591019,0.1197184548,64.421669006,Limestone
12.418263435,2.605376482,0.1297442317,66.364341736,Limestone
12.484984398,2.6038267612,0.1454089135,69.114639282,Limestone
12.523747444,2.6009643078,0.158071354,71.51398468,Limestone
12.493484497,2.6074872017,0.161114946,72.921463013,Limestone
12.517342567,2.6233522892,0.1550501287,72.172286987,Limestone
12.526578903,2.6373848915,0.1403352916,68.4088974,Limestone
12.453907013,2.6447629929,0.1159985587,63.862171173,Limestone
12.387313843,2.6480295658,0.0884436294,59.724941254,Limestone
12.340733528,2.6478214264,0.06845586,57.207000732,Limestone
12.338279724,2.6439657211,0.0605372116,56.976799011,Limestone
12.351765633,2.6387991905,0.0625316873,57.417900085,Limestone
12.332487106,2.635556221,0.073049888,57.460899353,Limestone
12.377135277,2.6365141869,0.0935228541,58.168357849,Limestone
12.461262703,2.6372401714,0.1210827976,60.661617279,Limestone
12.491553307,2.6283524036,0.1450578123,64.806358337,Limestone
12.492190361,2.6107861996,0.1548704058,69.096405029,Limestone
12.492190361,2.5971302986,0.1486274898,70.846946716,Limestone
12.492442131,2.5946660042,0.1353223026,69.688018799,Limestone
12.502926826,2.6024470329,0.1252315193,67.628204346,Limestone
12.500283241,2.6139411926,0.1184958294,65.573234558,Limestone
12.439728737,2.6239924431,0.1097855046,63.824924469,Limestone
12.399319649,2.6328961849,0.0986018106,62.207199097,Limestone
12.398440361,2.63752985,0.0924943462,60.201957703,Limestone
12.398934364,2.6348736286,0.0970083624,58.747642517,Limestone
12.420223236,2.6277136803,0.1084428355,58.763950348,Limestone
12.470703125,2.6209113598,0.1209295392,60.363544464,Limestone
12.49170208,2.6157290936,0.1316614002,63.776744843,Limestone
12.492190361,2.6079676151,0.1410669386,68.196243286,Limestone
12.492190361,2.5965898037,0.1512815654,72.02910614,Limestone
12.492190361,2.5874564648,0.1634074599,74.638130188,Limestone
12.492190361,2.5816173553,0.1751430333,75.781066895,Limestone
12.492190361,2.5762338638,0.1819800436,75.641799927,Limestone
12.492190361,2.5733954906,0.1830066442,75.235496521,Limestone
12.492190361,2.5749619007,0.1810833067,75.157142639,Limestone
12.492684364,2.5782520771,0.1776709557,75.818321228,Limestone
12.513664246,2.5798990726,0.1731683165,76.425514221,Limestone
12.529084206,2.5825004578,0.1694836318,75.740127563,Limestone
12.443017006,2.5885448456,0.1680651754,74.482276917,Limestone
12.399938583,2.5915555954,0.1671392918,73.843544006,Limestone
12.422513962,2.5875213146,0.1646094769,73.578681946,Limestone
12.48015976,2.5802891254,0.1606694907,73.523277283,Limestone
12.491971016,2.5761647224,0.1580801457,73.235671997,Limestone
12.492190361,2.5763194561,0.1600483954,72.174919128,Limestone
12.492138863,2.5760986805,0.164218545,72.481842041,Limestone
12.489942551,2.5742914677,0.1668653041,73.681488037,Limestone
12.486764908,2.5739276409,0.1688120365,74.518753052,Limestone
12.492067337,2.5767741203,0.1713338196,75.903541565,Limestone
12.491931915,2.5801296234,0.1727306545,76.383178711,Limestone
12.480717659,2.5822124481,0.1709487289,76.592445374,Limestone
12.438853264,2.5853171349,0.1689206064,77.919204712,Limestone
12.425448418,2.5900650024,0.1698189974,78.114219666,Limestone
12.490757942,2.5936589241,0.1715820134,77.191642761,Limestone
12.492190361,2.5947289467,0.170728147,76.242027283,Limestone
12.492190361,2.595233202,0.1664163023,75.169044495,Limestone
12.492190361,2.5974340439,0.1623801142,75.227218628,Limestone
12.492190361,2.599861145,0.1645603627,76.245231628,Limestone
12.492190361,2.6002163887,0.1732434034,76.7970047,Limestone
12.492190361,2.5985119343,0.1822892725,76.843658447,Limestone
12.492190361,2.5963132381,0.1869488806,76.789405823,Limestone
12.492190361,2.5954525471,0.189471364,76.548553467,Limestone
12.492190361,2.5968966484,0.1923906803,76.222427368,Limestone
12.492190361,2.5989048481,0.1922409683,75.669296265,Limestone
12.492190361,2.5971033573,0.1879508495,74.620597839,Limestone
12.492190361,2.5932912827,0.1825602055,74.058563232,Limestone
12.492190361,2.5924727917,0.18213664,74.387420654,Limestone
12.492190361,2.5959565639,0.1876610518,74.864852905,Limestone
12.492190361,2.6011004448,0.1907636374,74.703125,Limestone
12.492190361,2.6053767204,0.1895956993,73.603843689,Limestone
12.492190361,2.6091675758,0.1889775693,72.299217224,Limestone
12.492423058,2.6125667095,0.1880821735,71.158424377,Limestone
12.503109932,2.616396904,0.1799156368,69.998954773,Limestone
12.548826218,2.6216497421,0.1664767563,68.199531555,Limestone
12.585143089,2.6255970001,0.1609168649,66.441696167,Limestone
12.585783005,2.6243588924,0.1670969725,65.873458862,Limestone
12.578770638,2.6134567261,0.1710657924,66.671890259,Limestone
12.54117012,2.5892119408,0.1633518487,68.53730011,Limestone
12.473082542,2.5619223118,0.1617673337,72.15007782,Limestone
12.400356293,2.544709444,0.1933757961,78.545875549,Limestone
12.415145874,2.5376923084,0.2521331608,84.874755859,Limestone
12.399256706,2.6140553951,0.1839594096,73.573158264,Limestone
12.398587227,2.6010885239,0.2016613781,73.702926636,Limestone
12.406067848,2.596547842,0.211912021,74.210411072,Limestone
12.451838493,2.6028821468,0.2043899149,74.566551208,Limestone
12.49132061,2.6106488705,0.1884894669,74.794364929,Limestone
12.492190361,2.6077730656,0.1799537987,74.943641663,Limestone
12.492190361,2.5961203575,0.1838261336,75.434043884,Limestone
12.492190361,2.5865907669,0.1932739764,75.766891479,Limestone
12.492190361,2.5897071362,0.1997877508,75.433609009,Limestone
12.492190361,2.6033895016,0.1993859112,75.179801941,Limestone
12.492190361,2.6123075485,0.1929008961,75.040298462,Limestone
12.492190361,2.6113581657,0.1869372278,74.339149475,Limestone
12.492190361,2.6036159992,0.1858504117,73.614303589,Limestone
12.49223423,2.5971035957,0.1891641021,73.6509552,Limestone
12.492190361,2.5767977238,0.2106081992,80.749160767,Limestone
12.492371559,2.5730652809,0.2173195183,81.086326599,Limestone
12.501556396,2.5712800026,0.2188412547,81.330970764,Limestone
12.583940506,2.5711464882,0.2200880796,81.187553406,Limestone
12.585783958,2.5689973831,0.2226483524,81.182746887,Limestone
12.577269554,2.5646169186,0.2152640671,81.104385376,Limestone
12.494049072,2.56067729,0.1979960054,80.806030273,Limestone
12.492190361,2.5631649494,0.1813417673,80.206855774,Limestone
12.492190361,2.5728697777,0.1740660369,78.672271729,Limestone
12.492190361,2.5811369419,0.1700347215,77.071159363,Limestone
12.492190361,2.5816743374,0.162587598,75.751419067,Limestone
12.492190361,2.5755529404,0.1573983282,74.229431152,Limestone
12.492190361,2.5650761127,0.161085099,73.888801575,Limestone
12.492190361,2.5498132706,0.1734656692,74.124977112,Limestone
12.492190361,2.5322666168,0.1818463206,74.118339539,Limestone
12.492190361,2.5243353844,0.1781813502,73.976280212,Limestone
12.492190361,2.5340554714,0.166915983,73.490074158,Limestone
12.492190361,2.5524616241,0.1577767432,73.293571472,Limestone
12.492190361,2.5676145554,0.1568478197,73.591125488,Limestone
12.492190361,2.5716934204,0.1593095511,74.255630493,Limestone
12.492190361,2.5696430206,0.1588879675,74.403030396,Limestone
12.492190361,2.5640501976,0.1540334672,74.300720215,Limestone
12.492190361,2.5514237881,0.1457922608,73.91456604,Limestone
12.492190361,2.5405285358,0.1392184645,73.158309937,Limestone
12.492190361,2.5412628651,0.1369090676,73.231536865,Limestone
12.492190361,2.5519411564,0.1401730329,73.764564514,Limestone
12.492190361,2.5596311092,0.147358641,74.424629211,Limestone
12.492190361,2.5625579357,0.147219345,75.331848145,Limestone
12.492190361,2.5659201145,0.1409682781,76.415176392,Limestone
12.492190361,2.5634076595,0.1426849961,77.191360474,Limestone
12.492190361,2.558621645,0.1513047516,77.599205017,Limestone
12.492190361,2.5625648499,0.1580001414,78.28427124,Limestone
12.492190361,2.5747411251,0.1638371944,78.783714294,Limestone
12.599175453,2.5929439068,0.2165731788,72.209877014,Limestone
12.587974548,2.6008877754,0.2013884932,71.538848877,Limestone
12.586034775,2.6015591621,0.1937610358,72.633087158,Limestone
12.585940361,2.6020007133,0.1905753762,73.428146362,Limestone
12.585940361,2.6069171429,0.189974457,73.809051514,Limestone
12.585940361,2.6113679409,0.1929033399,73.843727112,Limestone
12.585940361,2.6122534275,0.1969549805,73.899673462,Limestone
12.584727287,2.612303257,0.197603181,74.129417419,Limestone
12.491873741,2.5662641525,0.1474233419,76.905143738,Limestone
12.491903305,2.5782120228,0.1299413443,71.731193542,Limestone
12.477931023,2.5897665024,0.1002981365,67.003814697,Limestone
12.407313347,2.5961856842,0.0735548586,63.865074158,Limestone
12.378288269,2.6003568172,0.0581993349,62.149459839,Limestone
12.369419098,2.6058447361,0.0557975657,62.559841156,Limestone
12.392072678,2.6120800972,0.0616304986,63.702472687,Limestone
12.398884773,2.6172266006,0.0676247925,63.559978485,Limestone
12.42252636,2.6201274395,0.0692175627,63.318214417,Limestone
12.404916763,2.6229491234,0.0702101141,64.132217407,Limestone
12.398575783,2.6286010742,0.0776415691,64.692756653,Limestone
12.398440361,2.6341574192,0.0886014476,65.179122925,Limestone
12.398440361,2.6383583546,0.0932626799,65.726638794,Limestone
12.398440361,2.644588232,0.0902837217,65.522438049,Limestone
12.398440361,2.6513967514,0.0871401057,65.342651367,Limestone
12.32064724,2.6388657093,0.0835096762,59.277667999,Limestone
12.320308685,2.6426932812,0.0768310204,58.746498108,Limestone
12.320804596,2.6360440254,0.075533554,59.464813232,Limestone
12.342455864,2.625854969,0.0806656405,61.177185059,Limestone
12.329663277,2.613707304,0.0921279415,62.858287811,Limestone
12.360414505,2.6024775505,0.1029213145,64.12815094,Limestone
12.391545296,2.5988895893,0.1075514331,64.277854919,Limestone
12.397889137,2.6043202877,0.1060587168,63.060123444,Limestone
12.380707741,2.6082112789,0.1007932052,61.811698914,Limestone
12.336075783,2.6042804718,0.0964697003,62.676773071,Limestone
12.320624352,2.5983090401,0.1003102437,64.812217712,Limestone
12.321344376,2.5945730209,0.1144753769,66.74370575,Limestone
12.364546776,2.5933969021,0.1283610165,68.542541504,Limestone
12.393372536,2.5939564705,0.1324840486,68.728897095,Limestone
12.398340225,2.5966544151,0.13112849,67.92980957,Limestone
12.398440361,2.6024839878,0.1315288395,67.413986206,Limestone
12.398440361,2.6086161137,0.133332029,67.622184753,Limestone
12.398572922,2.6113774776,0.1370023489,69.481781006,Limestone
12.405233383,2.605653286,0.1466040015,71.002227783,Limestone
12.465259552,2.5927948952,0.157991305,70.584938049,Limestone
12.490275383,2.5853171349,0.155808717,68.239845276,Limestone
12.433521271,2.5927498341,0.1332564503,64.002609253,Limestone
12.401556969,2.6114704609,0.1056972146,60.609130859,Limestone
12.398493767,2.6255269051,0.0917646736,60.605098724,Limestone
12.398440361,2.6232461929,0.0968937427,62.811382294,Limestone
12.398440361,2.6099674702,0.1135095358,64.739730835,Limestone
12.398440361,2.6016712189,0.128247723,65.4400177,Limestone
12.398440361,2.6083698273,0.1326501817,65.214942932,Limestone
12.398440361,2.6208817959,0.1288541406,64.727157593,Limestone
12.398440361,2.6220610142,0.1270262301,65.210212708,Limestone
12.398440361,2.6111519337,0.1320437789,66.509971619,Limestone
12.398440361,2.6019003391,0.1371196657,67.289932251,Limestone
12.398440361,2.6018688679,0.1342350692,66.859703064,Limestone
12.398440361,2.6065666676,0.1241150722,65.389335632,Limestone
12.398440361,2.6109671593,0.1150209755,63.877895355,Limestone
12.398440361,2.6135852337,0.1133937165,62.670135498,Limestone
12.398440361,2.6139378548,0.1177233383,62.141033173,Limestone
12.398440361,2.6112320423,0.1238036677,63.276908875,Limestone
12.398440361,2.605745554,0.1315850914,65.166656494,Limestone
12.398440361,2.6003646851,0.1424262822,66.526748657,Limestone
12.398440361,2.5970644951,0.1517364681,67.565612793,Limestone
12.398440361,2.5977468491,0.1526760608,68.176078796,Limestone
12.398440361,2.6014268398,0.146876663,68.252487183,Limestone
12.398440361,2.6027152538,0.141068235,67.8022995,Limestone
12.398440361,2.5982141495,0.1358861774,66.794395447,Limestone
12.398440361,2.5904757977,0.1286843866,65.971847534,Limestone
12.398440361,2.5855596066,0.1223908588,65.555328369,Limestone
12.398440361,2.5878117085,0.1210868359,65.068489075,Limestone
12.398440361,2.5968039036,0.1230490208,64.669517517,Limestone
12.398545265,2.6083009243,0.1243259981,64.293273926,Limestone
12.403307915,2.6166946888,0.1240609959,64.068069458,Limestone
12.410700798,2.6170504093,0.1246006414,64.375709534,Limestone
12.404527664,2.6109516621,0.1287032217,64.994041443,Limestone
12.39977932,2.6067237854,0.1361861974,65.496131897,Limestone
12.449360847,2.6092116833,0.1425622702,65.562042236,Limestone
12.455233574,2.6139857769,0.1416023374,65.106163025,Limestone
12.41474247,2.6142656803,0.1324119121,64.283081055,Limestone
12.39880085,2.6106624603,0.1218211725,63.497360229,Limestone
12.398641586,2.6083068848,0.1164689362,63.699344635,Limestone
12.407373428,2.6084873676,0.1165618673,64.712844849,Limestone
12.404783249,2.60917449,0.117309615,65.187812805,Limestone
12.398576736,2.6105234623,0.1165198237,65.406471252,Limestone
12.398440361,2.6133308411,0.1151076928,65.142379761,Limestone
12.398440361,2.6175844669,0.1111656129,63.793796539,Limestone
12.398440361,2.6252844334,0.103667222,62.689319611,Limestone
12.398440361,2.6333389282,0.1012974083,63.676876068,Limestone
12.399605751,2.6320469379,0.1143029407,66.700553894,Limestone
12.451481819,2.6200113297,0.1372614801,69.916297913,Limestone
12.491318703,2.6077370644,0.1535824984,72.377388,Limestone
12.492190361,2.602686882,0.1549886167,72.675476074,Limestone
12.492190361,2.6009502411,0.1469958723,70.95980072,Limestone
12.492693901,2.6059465408,0.1318353564,71.924430847,Limestone
12.491919518,2.6112985611,0.1308678091,69.891998291,Limestone
12.48050499,2.6152331829,0.1261528283,67.794456482,Limestone
12.461803436,2.609978199,0.1164378077,68.007446289,Limestone
12.472960472,2.5951859951,0.1087790057,71.257026672,Limestone
12.492190361,2.6196501255,0.112849474,68.322158813,Limestone
12.492190361,2.6122558117,0.1127530858,68.189666748,Limestone
12.492190361,2.6014859676,0.1154286787,68.32611084,Limestone
12.492190361,2.5942206383,0.1185793802,68.370689392,Limestone
12.492190361,2.5950138569,0.1220430583,68.284645081,Limestone
12.492190361,2.6042876244,0.122944884,67.563018799,Limestone
12.492190361,2.6164090633,0.1192713603,66.78578949,Limestone
12.492190361,2.6248438358,0.1138708889,66.684791565,Limestone
12.492190361,2.630197525,0.1114078462,66.398498535,Limestone
12.491369247,2.6369843483,0.1118567884,65.656288147,Limestone
12.456151962,2.6461462975,0.1101367921,64.030082703,Limestone
12.40409565,2.6500613689,0.1054095924,63.631767273,Limestone
12.398769379,2.6348888874,0.1080687195,68.418327332,Limestone
12.408856392,2.5954291821,0.1345647126,78.429222107,Limestone
12.454437256,2.5428657532,0.1873001307,91.254608154,Limestone
12.426642418,2.6804966927,0.1122247055,62.080135345,Limestone
12.399775505,2.694832325,0.0696799532,59.585533142,Limestone
12.431041718,2.7031908035,0.048676651,59.066631317,Limestone
12.476333618,2.7050778866,0.0392772555,59.394790649,Limestone
12.491886139,2.7073297501,0.0346872769,59.08385849,Limestone
12.492190361,2.7142148018,0.0346317403,58.641796112,Limestone
12.492548943,2.7155683041,0.0417626314,61.543209076,Limestone
12.50856781,2.688356638,0.0618486032,70.304214478,Limestone
12.555053711,2.6167604923,0.1054887399,82.204811096,Limestone
12.619948387,2.5088751316,0.1789470464,94.632209778,Limestone
12.642210007,2.3996005058,0.2723142803,107.03431702,Limestone
8.8853693008,2.310750246,0.4154960513,102.61717987,Limestone
8.9653778076,2.311024189,0.433649838,101.46802521,Limestone
8.8220739365,2.3505921364,0.3932445943,100.31900024,Limestone
10.6241045,1.8900655508,0.3476043046,125.81211853,Coal
11.955980301,1.8141666651,0.3392837048,128.78738403,Coal
13.253046036,1.7525479794,0.3649385273,129.38404846,Coal
13.604122162,1.6950139999,0.4325214028,129.73799133,Coal
13.759461403,1.6541942358,0.4987484813,130.0916748,Coal
14.288696289,1.6847845316,0.5226427913,130.44543457,Coal
14.976254463,1.8062617779,0.5212038755,130.92396545,Coal
15.852417946,1.8829451799,0.5193661451,131.78633118,Coal
17.73752594,1.7852118015,0.5104005933,132.30322266,Coal
18.00623703,1.6589081287,0.4971372485,133.41778564,Coal
16.27220726,1.6129741669,0.500970304,138.09117126,Coal
16.084558487,1.5807614326,0.5157034397,142.93565369,Coal
17.781005859,1.4845850468,0.5263406038,146.0236969,Coal
20.268987656,1.3542764187,0.5306381583,142.04512024,Coal
20.640207291,1.2701650858,0.5483078361,135.26647949,Coal
20.535573959,1.2391308546,0.5586701632,133.58602905,Coal
20.430940628,1.2440187931,0.5353813171,130.95278931,Coal
20.326307297,1.298858881,0.4994314611,104.36691284,Coal
17.220184326,1.4036155939,0.4517343044,84.695251465,Coal
16.594707489,1.5281773806,0.4052152932,95.831176758,Coal
16.749364853,1.6091570854,0.3762790263,102.47263336,Coal
16.988834381,1.623508811,0.3895742297,108.41829681,Coal
17.45759201,1.5794169903,0.4271042943,117.4251709,Coal
16.395769119,1.540178299,0.4462840557,104.00595093,Coal
13.818378448,1.5582755804,0.4427335858,87.301216125,Coal
12.070652008,1.6048556566,0.4403571784,90.401847839,Coal
11.556166649,1.6031540632,0.4493351877,94.53465271,Coal
11.902903557,1.5353871584,0.4560916722,93.637321472,Coal
11.546051979,1.4635494947,0.4757803082,96.722938538,Coal
10.816824913,1.4098427296,0.502270937,100.90573883,Coal
10.801217079,1.3642817736,0.5296484232,104.68452454,Coal
8.5831422806,2.6688666344,0.2211797088,67.798347473,Sandstone
8.5810279846,2.6849467754,0.2091638595,71.466201782,Sandstone
8.6109218597,2.6579430103,0.2151910067,75.073822021,Sandstone
8.684422493,2.6117153168,0.2287037224,77.687408447,Sandstone
8.7558479309,2.5817806721,0.2436839044,79.230606079,Sandstone
8.5801296234,2.4552152157,0.2863565385,85.420776367,SandstoneShale
8.578125,2.4546489716,0.2595341802,84.418891907,SandstoneShale
8.5781021118,2.4661359787,0.2452717572,83.862251282,SandstoneShale
8.5592784882,2.4806778431,0.2463470399,83.326774597,SandstoneShale
8.5147418976,2.4933741093,0.2517263293,81.647064209,SandstoneShale
8.4826993942,2.5122377872,0.2507758737,79.583213806,SandstoneShale
8.476568222,2.5421609879,0.2414605618,78.398948669,SandstoneShale
8.4765634537,2.5733819008,0.2301719934,77.734657288,SandstoneShale
8.4765634537,2.5866510868,0.222382158,78.458404541,SandstoneShale
8.4765634537,2.5757241249,0.2227934301,80.549819946,SandstoneShale
8.4765634537,2.548014164,0.2323871404,81.959983826,SandstoneShale
8.4765634537,2.513977766,0.2435015291,82.715911865,SandstoneShale
8.4765634537,2.4895572662,0.2493554801,83.258651733,SandstoneShale
8.4765634537,2.484783411,0.2486360222,83.016975403,SandstoneShale
8.4765634537,2.495016098,0.2463920414,82.568595886,SandstoneShale
8.4765634537,2.5068209171,0.2511748374,82.584060669,SandstoneShale
8.4765634537,2.5129721165,0.2647132277,82.812675476,SandstoneShale
8.4903860092,2.5141606331,0.2774264514,83.120727539,SandstoneShale
8.530163765,2.5088336468,0.2790212035,83.340026855,SandstoneShale
8.5671472549,2.4942247868,0.2713975012,83.402542114,SandstoneShale
8.578125,2.4739625454,0.2638067901,83.58745575,SandstoneShale
8.578125,2.4551289082,0.2579629123,83.685638428,SandstoneShale
8.578125,2.4473052025,0.2501282096,83.063194275,SandstoneShale
8.578125,2.4559626579,0.2416024655,82.031829834,SandstoneShale
8.578125,2.4763479233,0.2388070971,81.18662262,SandstoneShale
8.5781230927,2.4972164631,0.2435171753,80.455177307,SandstoneShale
8.5583734512,2.508762598,0.2505734563,78.732467651,SandstoneShale
8.5100126266,2.5112404823,0.255898267,75.202133179,SandstoneShale
8.4788417816,2.514487505,0.2587433755,72.580841064,SandstoneShale
8.4749393463,2.5294306278,0.2647222579,72.061630249,SandstoneShale
8.47265625,2.5514392853,0.2787385881,72.728530884,SandstoneShale
8.4742574692,2.5612645149,0.2903084159,75.683525085,SandstoneShale
8.4765605927,2.5480287075,0.2878963351,79.537834167,SandstoneShale
8.4765634537,2.5277774334,0.2726612687,81.34299469,SandstoneShale
8.468752861,2.5217139721,0.2595115006,81.568435669,SandstoneShale
8.4570360184,2.529145956,0.2676781416,81.476661682,SandstoneShale
8.4647417068,2.5372242928,0.2879128754,81.003944397,SandstoneShale
8.4765634537,2.5358505249,0.2940389216,80.612861633,SandstoneShale
8.4765634537,2.5262360573,0.277787447,80.825691223,SandstoneShale
8.4765634537,2.5128076077,0.2550134063,81.417373657,SandstoneShale
8.4765634537,2.4994266033,0.2457895577,81.912948608,SandstoneShale
8.4765634537,2.4922890663,0.2498725504,82.029891968,SandstoneShale
8.4765634537,2.4983277321,0.2624438107,81.556938171,SandstoneShale
8.4765634537,2.5156068802,0.2776965797,80.412078857,SandstoneShale
8.4765634537,2.5333786011,0.281668067,79.131347656,SandstoneShale
8.4765634537,2.5418410301,0.2712116241,79.1820755,SandstoneShale
8.4765634537,2.5390059948,0.2579030991,80.268684387,SandstoneShale
8.4765634537,2.5334887505,0.255817771,80.8384552,SandstoneShale
8.4765634537,2.5337412357,0.2649413943,80.971160889,SandstoneShale
8.4765634537,2.5396988392,0.2742259204,80.840103149,SandstoneShale
8.4765634537,2.5469472408,0.2714838684,80.155059814,SandstoneShale
8.4710025787,2.5469222069,0.256242156,79.431999207,SandstoneShale
8.4430074692,2.5419185162,0.2431121618,79.381446838,SandstoneShale
8.3978538513,2.5349359512,0.2432187349,79.799987793,SandstoneShale
8.375,2.5269625187,0.2485979646,80.809646606,SandstoneShale
8.375,2.5159213543,0.2502132058,82.460479736,SandstoneShale
8.375,2.4957194328,0.2521284223,82.255722046,SandstoneShale
8.375,2.477568388,0.2547015548,79.120735168,SandstoneShale
8.375,2.4825940132,0.2425750494,74.48286438,SandstoneShale
8.375,2.5250201225,0.2073615938,69.111244202,SandstoneShale
8.375,2.5891559124,0.1648790091,65.279182434,SandstoneShale
8.375,2.6487224102,0.1378640085,63.87871933,SandstoneShale
8.375,2.6903250217,0.1331366897,63.693973541,Sandstone
8.375,2.7110068798,0.1397083104,64.439872742,Sandstone
8.375,2.7108476162,0.1463891715,66.033096313,Sandstone
8.375,2.6890935898,0.1540124267,69.449508667,Sandstone
8.375,2.6452481747,0.1710148305,74.131713867,Sandstone
8.3627691269,2.5832281113,0.1973774582,78.165840149,Sandstone
8.3201580048,2.5153594017,0.222913444,81.772010803,Sandstone
8.2815465927,2.4583337307,0.2429140508,84.616149902,Sandstone
8.2734384537,2.4168279171,0.254932791,85.988464355,Sandstone
8.2734384537,2.384865284,0.2560120225,85.757919312,Sandstone
8.2734384537,2.3709142208,0.2439371049,83.816307068,Sandstone
8.2734384537,2.3830714226,0.2267033309,81.40738678,Sandstone
8.2734384537,2.4147932529,0.2195751518,80.357849121,Sandstone
8.2734384537,2.4470174313,0.2279939353,81.126350403,Sandstone
8.2734384537,2.4583387375,0.2414473295,81.964805603,Sandstone
8.2734384537,2.4513261318,0.2497037053,82.672332764,Sandstone
8.2734384537,2.4499940872,0.2538949847,83.799850464,Sandstone
8.2734384537,2.4554491043,0.2614279091,84.975006104,Sandstone
8.2734384537,2.4436752796,0.2686043382,86.55556488,Sandstone
8.2734384537,2.4038095474,0.2632334232,87.967727661,Sandstone
8.2734384537,2.3624441624,0.2490112185,87.807563782,Sandstone
8.2734384537,2.3483226299,0.2415444553,86.883483887,Sandstone
8.2734384537,2.3545615673,0.2408690453,86.50643158,Sandstone
8.2734384537,2.364631176,0.2391289026,85.780311584,Sandstone
8.2734384537,2.374191761,0.2361559272,84.873840332,Sandstone
8.2734384537,2.3874621391,0.2360369265,84.853988647,Sandstone
8.2734384537,2.4034090042,0.2427645475,85.062805176,Sandstone
8.2734384537,2.4132428169,0.2505374849,85.230178833,Sandstone
8.2734384537,2.4195127487,0.2590385675,85.719116211,Sandstone
8.2734384537,2.4337551594,0.2746093869,85.491798401,Sandstone
8.2734384537,2.4598152637,0.2886410654,84.78163147,Sandstone
8.2734384537,2.4735252857,0.2919616103,85.037239075,Sandstone
8.2734384537,2.4533092976,0.2851475775,86.538208008,Sandstone
8.2734384537,2.4018030167,0.2797387838,87.791603088,Sandstone
8.2734384537,2.3513133526,0.2775363326,87.124565125,Sandstone
8.2734384537,2.3295180798,0.2657012641,84.563873291,Sandstone
8.2734384537,2.3518109322,0.2494720966,80.357650757,Sandstone
8.2734508514,2.4299192429,0.2492951751,75.709960938,Sandstone
8.2805662155,2.554138422,0.2678847015,71.663925171,Sandstone
8.3161230087,2.6806774139,0.2854305804,66.669059753,Sandstone
8.354388237,2.7641599178,0.2669017613,61.165168762,Sandstone
8.3496809006,2.7988209724,0.2115430832,57.585723877,Sandstone
8.3449735641,2.8087470531,0.1494442523,58.493556976,Sandstone
8.3402662277,2.7844097614,0.1134323552,63.874465942,Sandstone
8.3355588913,2.7146065235,0.1142890081,70.826980591,Sandstone
8.3212776184,2.620670557,0.1438279748,76.837974548,Sandstone
8.2796125412,2.5182719231,0.1924495697,80.01335144,Sandstone
8.2734384537,2.4297811985,0.2289639413,79.092895508,Sandstone
8.2750015259,2.3989460468,0.2235819101,73.77771759,Sandstone
8.2912960052,2.4446091652,0.1780748516,66.588691711,Sandstone
8.3325204849,2.5447025299,0.1302774251,61.600372314,Sandstone
8.3350687027,2.6323740482,0.1105053127,59.930553436,Sandstone
8.3376169205,2.6693432331,0.1143242195,62.393310547,Sandstone
8.3301906586,2.6781768799,0.1255070269,69.742515564,Sandstone
8.2861175537,2.6492664814,0.1475168318,79.062690735,Sandstone
8.2734384537,2.5642125607,0.1866355091,87.166145325,Sandstone
8.2734384537,2.440123558,0.2320470214,90.642791748,Sandstone
8.2734384537,2.3317632675,0.2561067641,90.372055054,Sandstone
8.2734384537,2.2760453224,0.2552455962,90.186653137,Sandstone
8.2734384537,2.269313097,0.2571977973,90.976593018,Sandstone
8.2734384537,2.2796866894,0.2665368617,92.083442688,Sandstone
8.2734384537,2.2798223495,0.2741363645,92.625579834,Sandstone
8.2734384537,2.2674348354,0.2700648308,91.198501587,Sandstone
8.2734384537,2.2678582668,0.2629533708,88.134895325,Sandstone
8.2734384537,2.3015189171,0.2617471814,84.659164429,Sandstone
8.2734384537,2.3582396507,0.2580343187,82.263237,Sandstone
8.2734384537,2.4061126709,0.2509744763,81.250144958,Sandstone
8.2734384537,2.4231951237,0.2474240512,78.230995178,Sandstone
8.2734384537,2.42603755,0.2468589991,73.113685608,Sandstone
8.2734384537,2.4629662037,0.2283562273,66.983291626,Sandstone
8.2734384537,2.5502400398,0.1762503535,59.587970734,Sandstone
8.2734384537,2.6607608795,0.1080550328,54.750614166,Sandstone
8.2734384537,2.7284967899,0.0568574369,53.739833832,Sandstone
8.2734384537,2.731777668,0.0341438837,53.216938019,Sandstone
8.2734384537,2.7096750736,0.027230192,52.800682068,Sandstone
8.2734384537,2.6958537102,0.0243929718,52.846622467,Sandstone
8.2734384537,2.6894083023,0.0250462648,54.409526825,Sandstone
8.2734384537,2.6815104485,0.0335058011,60.345970154,Sandstone
8.2734384537,2.6588573456,0.0602955371,69.000915527,Sandstone
8.2734384537,2.5969011784,0.113696903,77.236930847,Sandstone
8.2734384537,2.4869749546,0.1779545397,84.698608398,Sandstone
8.2734384537,2.3706567287,0.2278491408,89.938812256,Sandstone
8.2734384537,2.2933151722,0.2471068203,91.401832581,Sandstone
8.2734384537,2.2625467777,0.2516341805,91.676628113,Sandstone
8.2734384537,2.2564203739,0.2594072521,92.060943604,Sandstone
8.2734384537,2.2530751228,0.2687371969,91.756111145,Sandstone
8.2734384537,2.2544543743,0.2688733041,91.500427246,Sandstone
8.2734384537,2.2591896057,0.260399431,91.221885681,Sandstone
8.2734384537,2.2626545429,0.2573207021,91.280357361,Sandstone
8.2734384537,2.2627527714,0.2590801418,91.585617065,Sandstone
8.2734384537,2.26399827,0.2647362947,91.846633911,Sandstone
8.2734384537,2.2664089203,0.2698439658,92.222999573,Sandstone
8.2734384537,2.2644040585,0.2739662826,92.61945343,Sandstone
8.2734384537,2.2635185719,0.2735196948,92.878852844,Sandstone
8.2734384537,2.2730281353,0.2745166421,92.535980225,Sandstone
8.2734384537,2.2896866798,0.2826590836,92.23525238,Sandstone
8.2731437683,2.2956073284,0.2909019291,92.458488464,Sandstone
8.2695198059,2.2817282677,0.2919380367,92.71698761,Sandstone
8.2698135376,2.2649834156,0.286655128,92.678413391,Sandstone
8.2734384537,2.2545537949,0.2797957063,92.542076111,Sandstone
8.2734384537,2.2498362064,0.2697534859,92.211547852,Sandstone
8.2734384537,2.2461988926,0.2590199709,91.575019836,Sandstone
8.2734384537,2.2501971722,0.2510420084,90.697563171,Sandstone
8.2734384537,2.2660636902,0.2478101403,89.205589294,Sandstone
8.2730178833,2.2905552387,0.251377821,87.801902771,Sandstone
8.2655897141,2.3152403831,0.2569471598,86.445869446,Sandstone
8.2655954361,2.3331565857,0.259794265,86.119377136,Sandstone
8.2656011581,2.3571455479,0.261069119,87.300964355,Sandstone
8.2656059265,2.388728857,0.2693501711,88.38368988,Sandstone
8.265455246,2.4086477757,0.2888370156,89.260375977,Sandstone
8.2618684769,2.4000694752,0.3031758666,89.498802185,Sandstone
8.2658901215,2.3773310184,0.3005525172,89.497123718,Sandstone
8.2734384537,2.3589355946,0.2930288613,90.388389587,Sandstone
8.2734384537,2.342954874,0.2929901481,91.855285645,Sandstone
8.2734384537,2.3163301945,0.2982857823,93.320373535,Sandstone
8.2734384537,2.2878084183,0.2948975563,93.508781433,Sandstone
8.2734384537,2.2714993954,0.2835578322,92.608352661,Sandstone
8.2734384537,2.2688479424,0.2776521742,91.892379761,Sandstone
8.2733736038,2.2746994495,0.2764802575,91.178192139,Sandstone
8.2694768906,2.2916533947,0.2830526531,90.525917053,Sandstone
8.265542984,2.3166565895,0.2936551273,90.026809692,Sandstone
8.2577457428,2.3430125713,0.2945559919,89.524459839,Sandstone
8.2695894241,2.412058115,0.3054113388,86.79032135,Sandstone
8.2656936646,2.384963274,0.3053936958,90.070617676,Sandstone
8.2656297684,2.3415243626,0.3059181869,92.385215759,Sandstone
8.2694501877,2.309659481,0.304664284,92.773323059,Sandstone
8.2695188522,2.3040738106,0.2988743782,92.687744141,Sandstone
8.26953125,2.3113689423,0.295417726,92.080780029,Sandstone
8.26953125,2.3151812553,0.2880441546,91.036186218,Sandstone
8.26953125,2.3135371208,0.2822340131,90.005905151,Sandstone
8.2695293427,2.3135173321,0.2813345194,87.773391724,Sandstone
8.2620172501,2.3211154938,0.2812108994,82.704940796,Sandstone
8.2542247772,2.3583750725,0.2805713117,74.816390991,Sandstone
8.2652463913,2.4374511242,0.2589817643,64.488700867,Sandstone
8.3254070282,2.5403904915,0.1993550211,56.228614807,Sandstone
8.3726949692,2.6424684525,0.1202125996,52.841896057,Sandstone
8.375,2.7174265385,0.0601805151,52.124797821,Sandstone
8.375,2.7716054916,0.043065507,51.709587097,Sandstone
8.375,2.7807848454,0.0503341146,51.864189148,Sandstone
8.375,2.7369499207,0.0583045892,56.783550262,Sandstone
8.375,2.669074297,0.0701966137,66.34614563,Sandstone
8.374956131,2.5872266293,0.1033803523,75.611045837,Sandstone
8.3347663879,2.4924356937,0.1603839397,82.726013184,Sandstone
8.2847862244,2.3981955051,0.2134107351,87.670455933,Sandstone
8.2740049362,2.3311851025,0.2466121167,90.119277954,Sandstone
8.2734384537,2.2939040661,0.2600486577,91.956687927,Sandstone
8.2734384537,2.2730791569,0.2623638213,93.448295593,Sandstone
8.2734384537,2.259878397,0.2649286687,93.447563171,Sandstone
8.2734384537,2.2571597099,0.2701108754,92.979255676,Sandstone
8.2734384537,2.2622113228,0.2815422714,92.90977478,Sandstone
8.2734384537,2.2662217617,0.2851110399,92.932891846,Sandstone
8.2734384537,2.2674655914,0.2794578075,91.940750122,Sandstone
8.2734384537,2.268484354,0.2757169306,91.364089966,Sandstone
8.2734384537,2.2703258991,0.27770859,91.821220398,Sandstone
8.2734384537,2.273172617,0.2857955694,92.325439453,Sandstone
8.2734384537,2.2724597454,0.2922535241,91.589691162,Sandstone
8.2734441757,2.2725627422,0.2991570532,86.65851593,Sandstone
8.3048563004,2.3071343899,0.287119627,76.934318542,Sandstone
8.3538827896,2.4017930031,0.2376559079,64.264259338,Sandstone
8.3732633591,2.5525560379,0.1615780592,54.621658325,Sandstone
8.375,2.6986088753,0.094381839,55.277885437,Sandstone
8.375,2.7718436718,0.0652781203,63.789707184,Sandstone
8.375,2.7419404984,0.0722660348,73.835945129,Sandstone
8.354434967,2.6268777847,0.1127175689,83.39704895,Sandstone
8.30717659,2.4806563854,0.1741581857,90.243606567,Sandstone
8.2769479752,2.3638267517,0.22982122,91.933738708,Sandstone
8.2734384537,2.3024356365,0.2566025555,90.839530945,Sandstone
8.2734384537,2.2903904915,0.2551370859,90.249580383,Sandstone
8.2734384537,2.3095040321,0.2457992136,90.052360535,Sandstone
8.2734384537,2.3292384148,0.2430269569,90.193023682,Sandstone
8.2734384537,2.3369476795,0.2509935498,89.893630981,Sandstone
8.2734384537,2.3301594257,0.2581242323,88.398780823,Sandstone
8.2734384537,2.3268685341,0.2564944625,84.346107483,Sandstone
8.2734384537,2.3396012783,0.247907266,79.143226624,Sandstone
8.2734384537,2.3804016113,0.2381400913,77.231002808,Sandstone
8.2734384537,2.4463326931,0.2326889783,78.092926025,Sandstone
8.2734384537,2.4928128719,0.2459113449,81.0623703,Sandstone
8.2734384537,2.4777104855,0.2756174505,85.959655762,Sandstone
8.2734384537,2.416107893,0.2955007851,89.191635132,Sandstone
8.2734384537,2.3589282036,0.2896744609,89.552001953,Sandstone
8.2734384537,2.3329164982,0.2696058154,89.167022705,Sandstone
8.2734384537,2.3308696747,0.2589917481,88.342254639,Sandstone
8.2734384537,2.3408670425,0.2556808591,86.688484192,Sandstone
8.2734384537,2.3581233025,0.2550506294,84.879165649,Sandstone
8.2734384537,2.3757674694,0.2552250028,82.604385376,Sandstone
8.2734384537,2.3941688538,0.2496943176,81.550437927,Sandstone
8.2734384537,2.4076948166,0.2454388589,82.66103363,Sandstone
8.2734384537,2.4124948978,0.2509258687,84.188407898,Sandstone
8.2734384537,2.404112339,0.2674008012,86.19317627,Sandstone
8.2734384537,2.3816688061,0.2782159746,88.262313843,Sandstone
8.2734384537,2.3516600132,0.2788905203,89.864952087,Sandstone
8.2734384537,2.324644804,0.2795556486,91.235977173,Sandstone
8.2734384537,2.3044800758,0.2851679623,92.10080719,Sandstone
8.2734384537,2.2939381599,0.2897771001,92.123817444,Sandstone
8.2734384537,2.2896120548,0.2850239575,91.669654846,Sandstone
8.2734384537,2.2923598289,0.2731383741,91.040115356,Sandstone
8.2734384537,2.305406332,0.2620614767,90.560241699,Sandstone
8.2734384537,2.329605341,0.2662032247,90.616531372,Sandstone
8.2734384537,2.3508210182,0.2861025035,90.558166504,Sandstone
8.2734384537,2.3467066288,0.3005390465,90.213516235,Sandstone
8.2734384537,2.324837923,0.2934832573,90.100395203,Sandstone
8.2734384537,2.3112261295,0.2756463587,89.555999756,Sandstone
8.2734384537,2.3209986687,0.266679734,87.995498657,Sandstone
8.2734384537,2.3477597237,0.2641610503,85.922798157,Sandstone
8.2734384537,2.3886408806,0.2630247176,83.821273804,Sandstone
8.2734384537,2.4467074871,0.2701475024,82.480461121,Sandstone
8.2734384537,2.4964687824,0.2828694284,82.529495239,Sandstone
8.2734384537,2.4981367588,0.2881983817,83.647697449,Sandstone
8.2734384537,2.4572985172,0.279268533,85.320259094,Sandstone
8.2734384537,2.420519352,0.2675919235,87.287269592,Sandstone
8.2734384537,2.4094040394,0.2677688301,89.269470215,Sandstone
8.2734384537,2.4014239311,0.2779699266,90.878593445,Sandstone
8.2734384537,2.3734822273,0.2892130613,91.389083862,Sandstone
8.2734384537,2.3316011429,0.2979939878,90.97013855,Sandstone
8.2734384537,2.2972531319,0.3017797768,90.464042664,Sandstone
8.3238201141,2.3723144531,0.2137473226,68.095367432,Sandstone
8.3325357437,2.3718121052,0.2200632989,75.551315308,Sandstone
8.3412513733,2.3690481186,0.2465451658,82.6927948,Sandstone
8.3465013504,2.3681659698,0.2743840814,86.559562683,Sandstone
8.350358963,2.3667654991,0.287209034,87.076690674,Sandstone
8.3542156219,2.3605866432,0.2789295912,87.036224365,Sandstone
8.3195934296,2.3458924294,0.2646823525,87.350349426,Sandstone
8.2827386856,2.323558569,0.2593202293,88.544776917,Sandstone
8.2734384537,2.2958140373,0.2673590183,88.128364563,Sandstone
8.2734384537,2.2792298794,0.2693974078,83.682815552,Sandstone
8.2734384537,2.2983057499,0.2461233139,79.78515625,Sandstone
8.2734384537,2.3586950302,0.2054773569,79.470001221,Sandstone
8.2734384537,2.4160609245,0.177134946,82.418144226,Sandstone
8.2734384537,2.4198186398,0.180471018,86.694580078,Sandstone
8.2734384537,2.3780341148,0.2060090303,88.560775757,Sandstone
8.2734384537,2.3383767605,0.2298462242,87.267089844,Sandstone
8.2734384537,2.3247439861,0.2391753793,85.691360474,Sandstone
8.2734384537,2.3273024559,0.2404333055,84.690368652,Sandstone
8.2734384537,2.3343646526,0.2403306663,84.448524475,Sandstone
8.2734384537,2.3428368568,0.2397185713,85.138298035,Sandstone
8.2734384537,2.3548755646,0.2330414504,84.405296326,Sandstone
8.2734384537,2.3704447746,0.2218675315,81.464920044,Sandstone
8.2734508514,2.3889651299,0.211472705,79.195411682,Sandstone
8.286356926,2.4103660583,0.2009820342,79.236991882,Sandstone
8.2929267883,2.4228811264,0.1962876022,81.203063965,Sandstone
8.280163765,2.409422636,0.2063090354,84.808097839,Sandstone
8.2734384537,2.3751211166,0.227021724,87.411300659,Sandstone
8.2734384537,2.3463511467,0.2425435334,87.321876526,Sandstone
8.2734384537,2.3432996273,0.2449519336,85.585952759,Sandstone
8.2734384537,2.3647735119,0.2377734184,83.999343872,Sandstone
8.2734384537,2.4001657963,0.227973327,83.410881042,Sandstone
8.2734384537,2.4383525848,0.2233673185,83.885055542,Sandstone
8.2734384537,2.4579861164,0.2285345793,85.041755676,Sandstone
8.2734384537,2.4473283291,0.2373954654,84.691322327,Sandstone
8.2734384537,2.4347374439,0.2348084003,81.044670105,Sandstone
8.3004140854,2.4561109543,0.2224677354,75.697166443,Sandstone
8.3481235504,2.5078306198,0.214870438,71.634765625,Sandstone
8.3671827316,2.5437259674,0.2134049833,69.42678833,Sandstone
8.3647680283,2.5451836586,0.2036364079,67.90071106,Sandstone
8.3594436646,2.5473234653,0.1743738204,64.691841125,Sandstone
8.3532381058,2.5775811672,0.1339930445,62.317905426,Sandstone
8.347032547,2.6273708344,0.1001767069,65.397834778,Sandstone
8.3408269882,2.6617875099,0.0907035023,71.714141846,Sandstone
8.3346214294,2.6519358158,0.1142258197,77.557144165,Sandstone
8.2896623611,2.5922272205,0.1666511595,82.237792969,Sandstone
8.2312259674,2.5074338913,0.2252514213,85.889068604,Sandstone
8.201587677,2.4363353252,0.2648587227,87.636207581,Sandstone
8.1976423264,2.3949472904,0.2797092497,87.714233398,Sandstone
8.1992177963,2.3771979809,0.2776065469,88.158607483,Sandstone
8.2061834335,2.3749215603,0.2695896327,88.839424133,Sandstone
8.2201528549,2.3829770088,0.2593048513,88.56993866,Sandstone
8.2265577316,2.3898944855,0.2521458566,88.083847046,Sandstone
8.224281311,2.3875105381,0.2515685558,87.658569336,Sandstone
8.2294549942,2.3819572926,0.25198856,86.350151062,Sandstone
8.2366285324,2.3828241825,0.2479637563,84.624694824,Sandstone
8.233792305,2.3915772438,0.2405742407,83.595954895,Sandstone
8.2371864319,2.4020590782,0.2332892418,83.038139343,Sandstone
8.246632576,2.4118280411,0.229704231,82.097915649,Sandstone
8.2433319092,2.4272370338,0.2328284234,81.511276245,Sandstone
8.2382974625,2.4505670071,0.2415972501,82.640144348,Sandstone
8.2448883057,2.4661278725,0.2548283339,84.921485901,Sandstone
8.2456235886,2.4500823021,0.2643601596,87.03061676,Sandstone
8.2400150299,2.4115290642,0.2644403279,87.495376587,Sandstone
8.2404441833,2.3875386715,0.2562311292,85.713111877,Sandstone
8.2378759384,2.3972184658,0.2479266375,83.413787842,Sandstone
8.2300786972,2.4276137352,0.244743824,81.929008484,Sandstone
8.222284317,2.4527852535,0.2404560745,81.146156311,Sandstone
8.223033905,2.4618339539,0.2316683978,80.717254639,Sandstone
8.2392845154,2.4590806961,0.2225690484,79.644805908,Sandstone
8.2458000183,2.456666708,0.2138415277,78.435905457,Sandstone
8.2400999069,2.4703943729,0.2059591264,78.682449341,Sandstone
8.2507610321,2.4949827194,0.203771919,80.26676178,Sandstone
8.2679319382,2.5007357597,0.2074793279,82.364082336,Sandstone
8.2734384537,2.4714682102,0.212000832,84.132675171,Sandstone
8.2734384537,2.4297192097,0.2105475366,85.193161011,Sandstone
8.2734384537,2.3990130424,0.2077064067,85.989624023,Sandstone
8.2734384537,2.3733890057,0.2123270184,86.946144104,Sandstone
8.2734384537,2.3420023918,0.2212471664,87.662872314,Sandstone
8.2734384537,2.3204438686,0.2274179757,87.311882019,Sandstone
8.2734384537,2.3314146996,0.2281831354,85.933128357,Sandstone
8.2734384537,2.3692877293,0.2285903543,84.489624023,Sandstone
8.2734384537,2.405279398,0.2297133207,84.223167419,Sandstone
8.2734384537,2.4156308174,0.2278493345,85.099853516,Sandstone
8.2734384537,2.4026257992,0.2248602062,86.317680359,Sandstone
8.2734384537,2.3788301945,0.2244105786,87.610038757,Sandstone
8.2734384537,2.3535797596,0.2284426242,88.234199524,Sandstone
8.2734384537,2.3355927467,0.2328631431,88.094818115,Sandstone
8.2734384537,2.3326761723,0.2320155799,89.703773499,Sandstone
8.311378479,2.2068691254,0.2402151376,106.04742432,Coal
8.4516611099,1.9721957445,0.3084312975,112.78268433,Coal
8.6451692581,1.7544270754,0.4221330285,109.76295471,Coal
8.7701883316,1.7089669704,0.5042544007,98.711959839,Coal
8.8289403915,1.8835625648,0.4940157831,86.351097107,Coal
8.350897789,2.4453091621,0.2279372811,81.831481934,Sandstone
8.3702898026,2.4370334148,0.2269821167,83.23651123,Sandstone
8.3749980927,2.4204854965,0.222955212,84.668281555,Sandstone
8.375002861,2.3935823441,0.2261597365,87.131736755,Sandstone
8.6801652908,2.5513372421,0.2680481672,78.480079651,Sandstone
8.6476068497,2.5381493568,0.2462845892,78.430152893,Sandstone
8.6002731323,2.5084395409,0.2343646735,77.514045715,Sandstone
8.5925178528,2.5091984272,0.230521366,75.40725708,Sandstone
8.6343345642,2.5457181931,0.234129563,73.252059937,Sandstone
8.5750846863,2.7464215755,0.2117663771,71.370803833,Sandstone
8.5474224091,2.7619042397,0.1931880414,78.209815979,Sandstone
8.4800100327,2.6957628727,0.1880292594,83.265907288,Sandstone
8.372385025,2.5759279728,0.2003270239,85.779602051,Sandstone
8.2978239059,2.471609354,0.2195056975,86.579338074,Sandstone
8.2800512314,2.4116532803,0.2297887504,87.646995544,Sandstone
8.3025045395,2.3720011711,0.2305437475,94.242256165,Sandstone
8.3757038116,2.2518599033,0.2472315431,108.95029449,Coal
8.5042905807,1.9640954733,0.3020469546,128.1350708,Coal
8.6635293961,1.6306577921,0.39132604,140.8543396,Coal
8.7828731537,1.4220043421,0.492667824,142.86592102,Coal
8.7880992889,1.3485616446,0.5637372136,138.99391174,Coal
8.7933254242,1.3473032713,0.5924170017,132.71269226,Coal
8.7943687439,1.3513963223,0.5957971811,129.96646118,Coal
8.7890748978,1.3382313251,0.6014950871,130.76789856,Coal
8.7977762222,1.3253574371,0.6125103831,131.01539612,Coal
8.8483724594,1.3252174854,0.6047911644,130.65203857,Coal
8.9410829544,1.3325622082,0.588722229,125.89900208,Coal
8.9993515015,1.3441730738,0.5916426182,113.49613953,Coal
9.0168066025,1.3919005394,0.5973316431,100.47907257,Coal
8.9652633667,1.5218091011,0.5440487266,90.143722534,Coal
8.7777357101,1.764336586,0.4184097052,81.091522217,Coal
8.5955238342,2.074244976,0.2773086131,79.408027649,Coal
8.4708118439,2.3181211948,0.194565177,80.404327393,Coal
8.3862514496,2.4100217819,0.1894300878,79.08883667,Coal
8.4310560226,2.4230871201,0.2119729668,78.983604431,Sandstone
8.4899454117,2.5091812611,0.3212602437,82.804664612,Sandstone
8.4022216797,2.4851360321,0.303863883,82.733184814,Sandstone
8.3193502426,2.4571912289,0.269374609,81.883018494,Sandstone
8.2793073654,2.4432561398,0.241357848,81.40687561,Sandstone
8.2715425491,2.4486265182,0.2282531857,81.495002747,Sandstone
8.2534999847,2.4557027817,0.2210391164,82.30128479,Sandstone
8.2047262192,2.4417586327,0.2102251649,83.121139526,Sandstone
8.1746177673,2.4108331203,0.1994547844,83.348976135,Sandstone
8.1917390823,2.3791892529,0.197694242,83.454551697,Sandstone
8.2232236862,2.358259201,0.2121060044,83.823745728,Sandstone
8.2373847961,2.3514010906,0.2291405946,85.675872803,Sandstone
8.2317419052,2.3473098278,0.234416455,87.218650818,Sandstone
8.2234869003,2.3100934029,0.2371706814,87.205062866,Sandstone
8.2231302261,2.2423737049,0.2601647079,87.218032837,Sandstone
8.2034034729,2.1905503273,0.2854963541,87.28313446,Sandstone
8.1749610901,2.1979379654,0.2809767127,86.592834473,Sandstone
8.171877861,2.2492656708,0.2519157827,86.22354126,Sandstone
8.1792030334,2.2850863934,0.238848865,86.6590271,Sandstone
8.2175006866,2.2780754566,0.2529900968,86.900260925,Sandstone
8.171875,2.3329150677,0.2609773874,86.83908844,Sandstone
8.173201561,2.3374831676,0.2481879741,86.364761353,Sandstone
8.1803388596,2.340731144,0.2329412252,86.354415894,Sandstone
8.1848859787,2.3479874134,0.2251804173,86.608963013,Sandstone
8.1920433044,2.3596158028,0.2253232002,86.772232056,Sandstone
8.194685936,2.3663184643,0.2330824137,86.305519104,Sandstone
8.1920309067,2.3666386604,0.2368384302,85.791046143,Sandstone
8.1940908432,2.3647437096,0.2341848612,85.917762756,Sandstone
8.1880836487,2.3660457134,0.2264055759,86.515846252,Sandstone
8.1937761307,2.3549518585,0.2202600837,87.833534241,Sandstone
8.2081651688,2.326325655,0.2228689045,89.063179016,Sandstone
8.2137155533,2.2893033028,0.2256770134,89.446388245,Sandstone
8.2048149109,2.2611656189,0.2299988717,89.579864502,Sandstone
8.1930427551,2.2496933937,0.232167393,90.228721619,Sandstone
8.202580452,2.2493262291,0.2319017947,91.315544128,Sandstone
8.1965398788,2.2652916908,0.2353540212,91.667709351,Sandstone
8.1807308197,2.2811024189,0.2421942204,91.280731201,Sandstone
8.1900691986,2.2881217003,0.2456874698,90.776451111,Sandstone
8.2060279846,2.2883071899,0.2383923382,89.96761322,Sandstone
8.1977844238,2.2940664291,0.2230731845,88.745155334,Sandstone
8.1917419434,2.3160989285,0.2080673724,87.688339233,Sandstone
8.2258958817,2.3353219032,0.1989405006,86.64427948,Sandstone
8.2513685226,2.3470168114,0.1962162107,85.603294373,Sandstone
8.2617473602,2.3490817547,0.1944716722,85.455825806,Sandstone
8.2612543106,2.347099781,0.1895886809,85.596862793,Sandstone
8.2582607269,2.3509192467,0.1861320287,85.546562195,Sandstone
8.2613010406,2.363768816,0.1967758834,84.732444763,Sandstone
8.2582120895,2.3858625889,0.2139161825,83.098449707,Sandstone
8.2617168427,2.4154613018,0.2239101529,81.280204773,Sandstone
8.2609605789,2.4466524124,0.2246147841,79.559669495,Sandstone
8.2535352707,2.4689035416,0.2244463861,79.694725037,Sandstone
8.2507286072,2.4690682888,0.229222998,81.427719116,Sandstone
8.2578325272,2.4436354637,0.2338056564,83.319168091,Sandstone
8.2574481964,2.4056897163,0.2354834974,85.013725281,Sandstone
8.2539100647,2.3673584461,0.2348369062,85.794914246,Sandstone
8.2506380081,2.3360977173,0.2350620031,85.931106567,Sandstone
8.212430954,2.3142220974,0.2402241826,85.853240967,Sandstone
8.1833076477,2.2980246544,0.2441657484,85.776557922,Sandstone
8.1796884537,2.2880475521,0.23898229,85.704956055,Sandstone
8.1805257797,2.2868478298,0.2266057283,85.542526245,Sandstone
8.1911411285,2.295989275,0.2115379125,85.70350647,Sandstone
8.1893005371,2.309397459,0.2033816725,85.912124634,Sandstone
8.2179679871,2.3216972351,0.2053212374,86.057281494,Sandstone
8.2624835968,2.3266961575,0.211532414,86.939231873,Sandstone
8.2734270096,2.3213300705,0.2161382884,87.950576782,Sandstone
8.2734384537,2.3061664104,0.2144131362,89.289001465,Sandstone
8.2734384537,2.2822523117,0.2225645632,91.138900757,Sandstone
8.2734384537,2.247023344,0.2371460348,92.565689087,Sandstone
8.2734384537,2.2131273746,0.2511858344,93.121765137,Sandstone
8.2734384537,2.1947648525,0.257373184,90.900466919,Sandstone
8.2734384537,2.2026824951,0.253382206,83.875564575,Sandstone
8.2734413147,2.2282116413,0.2391064167,74.746063232,Sandstone
8.2749547958,2.2704582214,0.205261156,64.404212952,Sandstone
8.3125600815,2.3358550072,0.1583068967,55.798023224,Sandstone
8.3191041946,2.4132535458,0.115555726,53.440906525,Sandstone
8.3256483078,2.4400539398,0.098228246,56.592769623,Sandstone
8.3306713104,2.4038538933,0.1045426428,62.00868988,Sandstone
8.2810554504,2.3611609936,0.1189873442,68.220970154,Sandstone
8.2724313736,2.3513104916,0.14191477,77.021156311,Sandstone
8.2254247665,2.3557214737,0.1716964841,82.956497192,Sandstone
8.175699234,2.3299741745,0.1999755949,83.781333923,Sandstone
8.171875,2.2959091663,0.21380651,83.778305054,Sandstone
8.171875,2.2866649628,0.2100288272,83.592971802,Sandstone
8.171875,2.3041503429,0.2054080963,83.504493713,Sandstone
8.171875,2.3220422268,0.2035954148,84.096061707,Sandstone
8.171875,2.3250932693,0.2059334964,84.531677246,Sandstone
8.171875,2.3262360096,0.2093913406,84.657569885,Sandstone
8.171875,2.3370461464,0.2114654332,85.625244141,Sandstone
8.171875,2.3504526615,0.2155694813,86.402542114,Sandstone
8.171875,2.351354599,0.2174647897,86.655738831,Sandstone
8.171875,2.3368754387,0.2165490836,87.027198792,Sandstone
8.1949768066,2.31767416,0.2163401693,87.154464722,Sandstone
8.2337408066,2.3020339012,0.2180104107,86.664367676,Sandstone
8.2343702316,2.2873413563,0.2206625044,85.981269836,Sandstone
8.199930191,2.2727744579,0.2260192633,85.815681458,Sandstone
8.1801633835,2.2678835392,0.2346794009,85.751304626,Sandstone
8.1796827316,2.2704164982,0.2400018424,85.965423584,Sandstone
8.1758813858,2.2694888115,0.2358294576,87.125915527,Sandstone
8.1757993698,2.2599003315,0.2224534899,87.945808411,Sandstone
8.1795482635,2.2446451187,0.2162626386,89.14781189,Sandstone
8.213517189,2.2155864239,0.2340275794,90.179946899,Sandstone
8.2598600388,2.1783349514,0.2660822868,89.828582764,Sandstone
8.2729482651,2.1631069183,0.2888695896,89.812385559,Sandstone
8.2734384537,2.1945044994,0.2871567309,89.334403992,Sandstone
8.2734384537,2.2520601749,0.2703357041,89.135696411,Sandstone
8.2734384537,2.2897577286,0.2613806427,89.332069397,Sandstone
8.2734384537,2.2925229073,0.2711798549,89.375030518,Sandstone
8.2734384537,2.3716711998,0.2222473025,83.617721558,Sandstone
8.2734384537,2.348072052,0.2264923304,83.822746277,Sandstone
8.2734384537,2.3357303143,0.2237117887,83.464836121,Sandstone
8.2734384537,2.3477125168,0.2165191919,83.245986938,Sandstone
8.2734384537,2.3697266579,0.2126125544,83.676818848,Sandstone
8.2734384537,2.3752262592,0.2100791782,84.663269043,Sandstone
8.2734384537,2.3599836826,0.2069764137,85.585006714,Sandstone
8.2734384537,2.3451185226,0.2045090348,85.532920837,Sandstone
8.2734384537,2.3437712193,0.2083533406,85.473548889,Sandstone
8.2734384537,2.3554587364,0.2140931636,85.389427185,Sandstone
8.2734384537,2.3739163876,0.2162924111,84.452980042,Sandstone
8.2734384537,2.3908452988,0.2131860703,84.178977966,Sandstone
8.2734384537,2.3999807835,0.2127868384,85.442253113,Sandstone
8.2734384537,2.3987987041,0.2177399099,87.021697998,Sandstone
8.2734384537,2.3810403347,0.2251363248,88.272277832,Sandstone
8.2734384537,2.3519461155,0.2302770764,88.779243469,Sandstone
8.2734384537,2.3265783787,0.2355492562,87.863021851,Sandstone
8.2734384537,2.3251316547,0.2414860129,86.111732483,Sandstone
8.2734384537,2.3453364372,0.2438665181,85.088050842,Sandstone
8.2734384537,2.3647065163,0.2392056733,85.091003418,Sandstone
8.2734384537,2.3670818806,0.2311631143,85.303199768,Sandstone
8.2734384537,2.3592815399,0.2218566686,85.036270142,Sandstone
8.2734384537,2.3591461182,0.2105145752,83.924827576,Sandstone
8.2734384537,2.3746297359,0.1989203244,82.547546387,Sandstone
8.2734384537,2.3975656033,0.1915856749,81.50138855,Sandstone
8.2734384537,2.4188241959,0.1906098276,80.460159302,Sandstone
8.2734384537,2.4248566628,0.1902643591,80.250091553,Sandstone
8.2734384537,2.41959095,0.1896087378,81.273002625,Sandstone
8.2734384537,2.4116532803,0.189059481,82.626853943,Sandstone
8.2734384537,2.400105238,0.1974903941,84.421188354,Sandstone
8.2734384537,2.3770813942,0.2105824798,86.07371521,Sandstone
8.2734384537,2.3450956345,0.2193961889,86.627830505,Sandstone
8.2734384537,2.3179838657,0.2217948288,86.712776184,Sandstone
8.2734384537,2.3004207611,0.2228297442,87.109436035,Sandstone
8.2734384537,2.289257288,0.2235776037,87.535125732,Sandstone
8.2734384537,2.280315876,0.2188893408,88.061958313,Sandstone
8.2734384537,2.2807533741,0.2132000327,87.872360229,Sandstone
8.2734384537,2.2949614525,0.2112185359,86.815727234,Sandstone
8.2734384537,2.3168950081,0.2097660005,85.782867432,Sandstone
8.2734384537,2.3287565708,0.208391279,83.972259521,Sandstone
8.273443222,2.3165249825,0.2102897465,80.138565063,Sandstone
8.2764072418,2.3038077354,0.1962349266,74.465835571,Sandstone
8.3158092499,2.3227374554,0.1669648737,69.995048523,Sandstone
8.36353302,2.3835279942,0.1441139728,69.85811615,Sandstone
8.3749980927,2.4621536732,0.1463795602,72.503318787,Sandstone
8.375,2.4961810112,0.1666915268,75.72052002,Sandstone
8.3750219345,2.4514174461,0.1926952153,79.76007843,Sandstone
8.3985347748,2.3789362907,0.2213927954,80.847000122,Sandstone
8.5374975204,2.3328518867,0.2479180396,86.15788269,Sandstone
8.7356958389,2.2651665211,0.2878536284,101.23165894,Sandstone
8.9867477417,1.3340728283,0.5558370352,128.40365601,Coal
8.9157323837,1.3220667839,0.52325207,130.92951965,Coal
8.8907213211,1.2916929722,0.5122479796,134.05482483,Coal
8.9352045059,1.2694591284,0.5175326467,135.51707458,Coal
9.0197372437,1.2785227299,0.5214220881,135.57220459,Coal
9.0025720596,1.3076300621,0.5442983508,135.41152954,Coal
8.8962182999,1.3264300823,0.5782099366,136.25628662,Coal
8.8594236374,1.3290877342,0.5954702497,136.04785156,Coal
8.9197158813,1.3332024813,0.5791524649,132.42547607,Coal
8.9615488052,1.3609962463,0.5566651225,124.95436096,Coal
8.8950271606,1.4074527025,0.5390440822,117.66609192,Coal
8.8118247986,1.4703090191,0.4975124598,114.97462463,Coal
8.7890844345,1.5605288744,0.431224823,115.37699127,Coal
8.7890634537,1.6528755426,0.3986302316,119.38118744,Coal
8.7890634537,1.677598238,0.4386643767,126.50067902,Coal
8.7890634537,1.5963420868,0.5062721968,131.64161682,Coal
8.789068222,1.4759893417,0.5413848758,132.10482788,Coal
8.7943344116,1.4098697901,0.5310661793,129.56103516,Coal
8.7702960968,1.4364215136,0.5114105344,124.7142334,Coal
8.6842069626,1.5385180712,0.5117114186,116.85018921,Coal
8.6040525436,1.6561542749,0.5227074027,110.79353333,Coal
8.5794525146,1.748221159,0.4975382388,107.87799835,Coal
8.5781259537,1.8303496838,0.418250829,108.41166687,Coal
8.5910625458,1.8771358728,0.3439274728,112.11126709,Coal
8.6491317749,1.8329772949,0.351333797,112.09830475,Coal
8.7347726822,1.745113492,0.4183639288,103.89592743,Coal
8.7806329727,1.7483721972,0.4487017095,88.490013123,Coal
8.5555839539,1.8909230232,0.4022475779,79.748764038,Coal
8.4093008041,2.0841948986,0.3398818672,83.204528809,Coal
8.3764181137,2.1964700222,0.3397659361,87.436500549,Coal
8.2915935516,2.3614256382,0.2188813835,85.022697449,Sandstone
8.2678041458,2.2943091393,0.2108413726,86.461456299,Sandstone
8.2734384537,2.2607767582,0.2087647468,87.388175964,Sandstone
8.2734384537,2.250603199,0.2091457546,87.945098877,Sandstone
8.2734384537,2.2526361942,0.2099609524,88.331817627,Sandstone
8.2734384537,2.2608685493,0.2077863663,88.102378845,Sandstone
8.2734384537,2.2695627213,0.204608947,86.786361694,Sandstone
8.2734384537,2.2753651142,0.2053994834,85.088165283,Sandstone
8.2734384537,2.2808015347,0.2069948614,83.921325684,Sandstone
8.2734384537,2.2885789871,0.2035515904,83.54724884,Sandstone
8.2734384537,2.2973308563,0.1966784596,83.749015808,Sandstone
8.2734384537,2.3021538258,0.1928223073,83.937339783,Sandstone
8.2734384537,2.3002612591,0.1925149411,83.829292297,Sandstone
8.2734384537,2.297898531,0.1914048642,83.47492981,Sandstone
8.2734384537,2.3007619381,0.1879065931,83.052459717,Sandstone
8.2734384537,2.3050978184,0.1846312582,82.980636597,Sandstone
8.2734384537,2.3013148308,0.1856616288,83.15372467,Sandstone
8.2734384537,2.2893209457,0.1918763816,82.979957581,Sandstone
8.2734384537,2.2823708057,0.1980981976,82.451934814,Sandstone
8.2734384537,2.2897861004,0.1962554604,82.260482788,Sandstone
8.2734384537,2.3052220345,0.1869242489,82.847503662,Sandstone
8.2734384537,2.3151879311,0.1793898642,83.785430908,Sandstone
8.2734384537,2.3136270046,0.1781013161,84.206375122,Sandstone
8.2734384537,2.3017914295,0.180785954,84.083877563,Sandstone
8.2734384537,2.2848675251,0.1876451075,83.827941895,Sandstone
8.2734384537,2.2696471214,0.2003132403,84.010063171,Sandstone
8.2734384537,2.2592070103,0.2145803273,85.54511261,Sandstone
8.2734384537,2.2518103123,0.2241367847,87.520767212,Sandstone
8.2734384537,2.2431778908,0.2290254831,88.315040588,Sandstone
8.2734384537,2.2329330444,0.2320615351,87.775932312,Sandstone
8.2734384537,2.2245321274,0.2315712869,86.681533813,Sandstone
8.2734384537,2.2203245163,0.2282253206,85.294708252,Sandstone
8.2734384537,2.2241380215,0.2227393538,82.955566406,Sandstone
8.2734384537,2.2407386303,0.209498331,79.658355713,Sandstone
8.2869749069,2.2827661037,0.1919473112,76.011779785,Sandstone
8.3584403992,2.3645968437,0.1916708797,72.646430969,Sandstone
8.6959371567,2.8185706139,0.2920793295,75.897758484,Limestone
8.7323646545,2.8159165382,0.2858461142,79.074279785,Limestone
9.609375,2.5725002289,0.2205858976,71.313972473,Limestone
9.578950882,2.6219875813,0.2107404023,68.287490845,Limestone
9.4765634537,2.6873145103,0.2144224197,65.719955444,Limestone
9.3265953064,2.7515587807,0.2170912325,65.348678589,Limestone
9.2242965698,2.7966632843,0.2128573805,66.793647766,Limestone
9.1975755692,2.8063218594,0.2150756717,68.693756104,Limestone
9.1953134537,2.7814934254,0.2277177721,70.540527344,Limestone
9.1953134537,2.7396233082,0.2358422726,70.438186646,Limestone
9.1953134537,2.7020866871,0.2279250175,70.189407349,Limestone
9.1953134537,2.6857545376,0.2066162527,71.527687073,Limestone
9.1953134537,2.6769433022,0.1875919551,73.465080261,Limestone
9.195315361,2.6616835594,0.1827058792,75.956504822,Limestone
9.401506424,2.6120579243,0.233070612,63.921661377,Limestone
9.2956142426,2.6412630081,0.1835558563,60.780189514,Limestone
9.1945142746,2.6776080132,0.12945126,60.135131836,Limestone
9.1359090805,2.6997439861,0.093998313,62.379081726,Limestone
9.1041288376,2.696295023,0.0954226777,66.996086121,Limestone
9.1096429825,2.6756579876,0.1307962388,71.995880127,Limestone
8.9962902069,2.7372760773,0.3347334266,78.243911743,Limestone
9.0088233948,2.7972886562,0.3283427358,78.622840881,Limestone
9.0494365692,2.8128399849,0.3156579137,80.632873535,Limestone
9.0815706253,2.7654323578,0.30794397,83.680351257,Limestone
8.8364229202,2.693562746,0.1871264875,62.16060257,Limestone
8.7951622009,2.7216360569,0.140326336,63.382873535,Limestone
8.7890634537,2.7227361202,0.1152576134,67.833389282,Limestone
8.7890787125,2.7042984962,0.1128200665,73.974517822,Limestone
8.7973241806,2.6789944172,0.1447608173,80.019599915,Limestone
8.4765634537,2.6199631691,0.3832166493,87.612770081,Limestone
8.4765634537,2.650564909,0.336787343,89.037506104,Limestone
8.4765634537,2.64854002,0.3097666204,93.660079956,Limestone
8.4765634537,2.6238033772,0.3185753226,98.552268982,Limestone
10.026277542,1.8496998549,0.3696046174,97.722854614,Coal
10.252046585,1.8472753763,0.3854909241,95.929542542,Coal
10.199055672,1.8461784124,0.3886398375,94.102478027,Coal
9.6991128922,1.8483438492,0.4012901187,92.79058075,Coal
9.3140449524,1.9216556549,0.4108096361,93.191833496,Coal
9.7516222,1.8958762884,0.3965769112,98.380439758,Coal
9.7520141602,1.8215700388,0.435531497,95.917114258,Coal
9.6661815643,1.8502048254,0.4415098131,93.744117737,Coal
9.9907712936,1.8232471943,0.3734731674,94.82963562,Coal
10.622591972,1.6332777739,0.4029235542,95.237091064,Coal
10.726548195,1.5559124947,0.428781569,96.463157654,Coal
10.656591415,1.5899958611,0.4454999268,94.905181885,Coal
9.7704744339,1.7252182961,0.4412146509,94.45513916,Coal
10.817831039,2.185767889,0.3003388047,94.822792053,Coal
10.874708176,2.0897197723,0.2962034047,95.807060242,Coal
10.772069931,1.9695038795,0.313569963,96.557723999,Coal
10.66943264,1.8803063631,0.3523244858,97.289802551,Coal
10.193565369,1.8857364655,0.3864730597,95.383926392,Coal
9.8558444977,1.9757759571,0.4066373408,93.318382263,Coal
9.4487686157,2.061207056,0.4258129895,92.939239502,Coal
12.228422165,2.0733175278,0.39244923,97.880363464,Coal
12.705078125,2.0228228569,0.4227030575,99.751312256,Coal
12.559855461,1.9586038589,0.4460827112,100.41010284,Coal
11.069058418,1.951734066,0.4569849968,97.76423645,Coal
9.2392272949,2.0542578697,0.3702359498,98.578231812,Coal
10.486127853,1.8855460882,0.3946091533,97.551864624,Coal
12.051951408,1.8265752792,0.4125831723,98.150245667,Coal
12.908949852,1.8409026861,0.4134132862,98.536087036,Coal
13.240250587,1.8818467855,0.4106592834,98.387046814,Coal
13.237812042,1.9509493113,0.4247765243,98.229042053,Coal
12.965838432,2.0527551174,0.4386894107,96.694511414,Coal
12.921352386,2.1273949146,0.4328482747,96.203796387,Coal
13.132504463,2.1091952324,0.4204453528,96.006256104,Coal
9.1823034286,2.5516064167,0.3751615882,93.384185791,SandstoneShale
9.2315073013,2.5280163288,0.4208241105,93.204589844,SandstoneShale
9.2131567001,2.4622271061,0.4388354123,91.105751038,SandstoneShale
9.1316232681,2.3991215229,0.4081150889,87.894691467,SandstoneShale
9.0896091461,2.4044849873,0.3546185791,84.990486145,SandstoneShale
9.0937490463,2.4855613708,0.3177106977,83.848480225,SandstoneShale
9.09375,2.5671515465,0.3048093915,83.882339478,SandstoneShale
9.09375,2.6043388844,0.2994088829,84.488990784,SandstoneShale
9.09375,2.6154460907,0.2943956852,85.549713135,SandstoneShale
9.09375,2.6144149303,0.2916920185,86.282051086,SandstoneShale
9.09375,2.610033989,0.2913986146,86.723205566,SandstoneShale
9.09375,2.6061873436,0.2926141322,87.381713867,SandstoneShale
9.09375,2.6004354954,0.2992909253,88.034851074,SandstoneShale
9.09375,2.5914363861,0.3125281632,88.575157166,SandstoneShale
9.09375,2.5815374851,0.3271606863,88.919891357,SandstoneShale
9.1015329361,2.5641343594,0.3567644656,89.544258118,SandstoneShale
9.1148233414,2.5687646866,0.3590415418,89.251342773,SandstoneShale
9.1095142365,2.5725982189,0.3580236137,88.767829895,SandstoneShale
9.0854005814,2.5755593777,0.3553495109,87.822723389,SandstoneShale
9.0465841293,2.5849096775,0.3555449247,86.293869019,SandstoneShale
9.0157184601,2.6025078297,0.3549194336,84.451812744,SandstoneShale
9.0162353516,2.6241185665,0.3458101153,83.461380005,SandstoneShale
9.0167531967,2.6391780376,0.3264616132,83.904273987,SandstoneShale
9.0172710419,2.6412024498,0.3059518933,85.056945801,SandstoneShale
9.0177879333,2.6317019463,0.296947062,86.155441284,SandstoneShale
9.0183057785,2.6162488461,0.3015469313,86.65977478,SandstoneShale
10.087405205,1.8791875839,0.5447484255,83.083274841,Sandstone
9.8808088303,1.9971126318,0.4585684836,80.607025146,Sandstone
9.1656293869,2.2939932346,0.3597640991,77.928695679,Sandstone
10.60064888,1.8082996607,0.3895978928,100.16231537,Coal
10.714920044,1.7457634211,0.4107287526,101.31273651,Coal
10.829191208,1.7838714123,0.4360316992,101.07991028,Coal
10.943462372,1.8708410263,0.4443562031,101.28901672,Coal
11.057733536,1.9501719475,0.4388909042,98.026885986,Coal
9.873831749,1.9741508961,0.4314579666,94.389831543,Coal
9.3538770676,1.9579491615,0.4186574221,93.953460693,Coal
9.296833992,1.969393611,0.4065755904,93.872184753,Coal
8.6898059845,2.5817756653,0.3506779671,81.797554016,SandstoneShale
8.6913995743,2.5936775208,0.3263528645,78.078079224,SandstoneShale
8.6891202927,2.5947258472,0.2927081287,76.676902771,SandstoneShale
8.6875,2.5981862545,0.2720420361,77.278846741,SandstoneShale
8.6875,2.6039762497,0.2708008289,78.110496521,SandstoneShale
8.6875,2.6103923321,0.2798577249,78.913627625,SandstoneShale
8.6875,2.6154811382,0.2882372439,79.509162903,SandstoneShale
8.6219034195,2.6478550434,0.2560799122,75.254898071,SandstoneShale
8.5868520737,2.6680362225,0.2563278675,76.850486755,SandstoneShale
8.5781269073,2.6715638638,0.2666702271,79.104057312,SandstoneShale
8.578125,2.6527557373,0.2814759612,80.894073486,SandstoneShale
8.578125,2.6261968613,0.2954269648,81.911254883,SandstoneShale
8.6874961853,2.5725607872,0.2726546526,75.29334259,Sandstone
8.6875,2.5651996136,0.2440331876,75.145957947,Sandstone
8.6874961853,2.558991909,0.2349820286,76.206420898,Sandstone
8.6813192368,2.5593039989,0.2405777872,77.351951599,Sandstone
8.6471977234,2.5708229542,0.2539546788,78.253417969,Sandstone
8.578125,2.6700005531,0.2281781137,71.556549072,Sandstone
8.578125,2.7080411911,0.1945289969,73.429130554,Sandstone
8.578125,2.7261981964,0.1959527284,77.329597473,Sandstone
8.4849643707,2.5974597931,0.2550331652,77.432548523,SandstoneShale
8.4788312912,2.6034133434,0.256526649,77.692054749,SandstoneShale
8.4765644073,2.5984659195,0.2600639462,78.156410217,SandstoneShale
8.4765634537,2.5864937305,0.2626561821,78.426757813,SandstoneShale
8.4765634537,2.5775771141,0.2658710778,78.538635254,SandstoneShale
8.4765634537,2.5744318962,0.2706098855,78.555168152,SandstoneShale
8.4765634537,2.5695796013,0.2781280577,78.47441864,SandstoneShale
8.4791431427,2.4995806217,0.2465192676,77.857452393,SandstoneShale
8.4765634537,2.5102815628,0.2452475131,78.442184448,SandstoneShale
8.476568222,2.5314276218,0.2482713759,79.262512207,SandstoneShale
8.6401758194,2.5596084595,0.303001672,77.944496155,Sandstone
8.6590671539,2.5219528675,0.2846030295,77.313262939,Sandstone
8.6385211945,2.4991316795,0.2646226585,76.691772461,Sandstone
8.6196155548,2.4916415215,0.2503558695,76.480392456,Sandstone
8.6274909973,2.4909207821,0.244449079,76.495994568,Sandstone
8.6291818619,2.4930841923,0.2448961735,76.711845398,Sandstone
8.6246452332,2.4978713989,0.2462532371,76.858482361,Sandstone
8.6363420486,2.5074985027,0.2485587597,76.646408081,Sandstone
8.6492071152,2.5179438591,0.2531887889,76.378204346,Sandstone
8.6613178253,2.5242440701,0.259372741,76.312530518,SandstoneShale
8.6640634537,2.5283997059,0.2625547349,76.358863831,SandstoneShale
8.6640615463,2.5343708992,0.2605161965,76.615478516,SandstoneShale
8.6629247665,2.5396142006,0.2547456622,77.132827759,SandstoneShale
8.6590261459,2.5479998589,0.2511743009,77.630645752,SandstoneShale
8.6573648453,2.553989172,0.2598892748,77.883926392,SandstoneShale
8.6645498276,2.5582811832,0.2721384764,77.791954041,SandstoneShale
8.6790351868,2.5582773685,0.2765845656,77.343711853,SandstoneShale
8.6896600723,2.5571703911,0.2703581154,76.859924316,SandstoneShale
8.619011879,2.4043750763,0.2785812318,76.473114014,SandstoneShale
8.5781145096,2.4926745892,0.2617173493,75.406967163,SandstoneShale
8.5664463043,2.527869463,0.2615850866,75.788772583,SandstoneShale
8.5272626877,2.5502943993,0.2672782242,76.872291565,SandstoneShale
8.5118312836,2.5784721375,0.2675174177,77.562095642,SandstoneShale
8.6875,2.5791699886,0.2500008643,76.22744751,Sandstone
8.6875,2.5736217499,0.2466759533,75.267662048,Sandstone
8.6875,2.5757200718,0.2422656566,74.802406311,Sandstone
8.6875,2.5805358887,0.2311419696,73.911376953,Sandstone
8.6902427673,2.5843057632,0.216102019,73.775466919,Sandstone
8.7197399139,2.5883483887,0.2080028057,74.634613037,Sandstone
8.7659349442,2.5910558701,0.2126412839,75.389152527,Sandstone
8.7692756653,2.5836560726,0.2260455191,76.156761169,Sandstone
8.7726154327,2.5715837479,0.2377814204,76.463111877,Sandstone
8.7759552002,2.5642757416,0.2436103076,76.403594971,Sandstone
8.7792959213,2.5611245632,0.2466834486,76.369529724,Sandstone
8.7826356888,2.5558447838,0.250769794,76.328208923,Sandstone
8.7859754562,2.5473582745,0.2533645034,76.55316925,SandstoneShale
8.7861185074,2.5423026085,0.2535312474,77.198219299,SandstoneShale
8.7465839386,2.5458257198,0.2556988597,77.681991577,SandstoneShale
8.7022943497,2.556989193,0.266181469,77.143371582,SandstoneShale
8.6911363602,2.5748035908,0.2738224566,76.043830872,SandstoneShale
8.6875,2.5955712795,0.2670720816,74.471412659,SandstoneShale
8.6875,2.6074943542,0.2467695624,73.748252869,SandstoneShale
8.6875,2.6111495495,0.2268595845,74.694572449,SandstoneShale
8.6875,2.6077868938,0.2224787027,75.809700012,SandstoneShale
8.6875,2.600171566,0.2336820811,77.273010254,SandstoneShale
8.6875,2.5920064449,0.2524078488,78.214927673,SandstoneShale
8.6875,2.5783686638,0.264321655,78.162475586,SandstoneShale
8.7890253067,2.581849575,0.24642542,71.579734802,Sandstone
8.7637042999,2.603202343,0.2240289748,68.688728333,Sandstone
8.7186594009,2.6431624889,0.1965468377,67.550033569,Sandstone
8.7005529404,2.6694564819,0.1681296378,68.412307739,Sandstone
8.7063512802,2.6633610725,0.1497354954,71.038742065,Sandstone
8.7461709976,2.6399786472,0.1606307328,74.042236328,Sandstone
8.7854919434,2.6254293919,0.195919618,75.675430298,Sandstone
8.7890634537,2.6142120361,0.2336241156,75.981842041,Sandstone
8.7890634537,2.5873031616,0.25756675,76.929473877,SandstoneShale
8.7890634537,2.5783023834,0.2589711845,77.169166565,SandstoneShale
8.7890634537,2.5833272934,0.2614147365,77.635910034,SandstoneShale
8.7890634537,2.5927484035,0.2674969733,78.6068573,SandstoneShale
8.7890634537,2.5952899456,0.2718398571,79.886062622,SandstoneShale
12.649542809,1.7133779526,0.4724200964,99.629249573,Coal
13.822854042,1.5334923267,0.5118307471,96.06288147,Coal
14.777519226,1.4509862661,0.5126143098,91.602050781,Coal
15.637363434,1.5111489296,0.5061306953,91.847045898,Coal
17.210588455,1.7271556854,0.5172680616,87.867706299,Coal
21.604574203,1.6930894852,0.5034556389,95.260345459,Coal
23.65417099,1.614890933,0.4928185344,91.734603882,Coal
22.514215469,1.6865172386,0.4868064225,88.359802246,Coal
22.320943832,1.8336172104,0.4546814561,92.710388184,Coal
22.493413925,1.9355148077,0.4388849139,98.294868469,Coal
22.543857574,1.944632411,0.470540911,97.594245911,Coal
22.35987854,1.9443638325,0.5036181211,87.085823059,Coal
20.872447968,1.9664599895,0.5333364606,77.862876892,Coal
19.76325798,2.006944418,0.5423157811,83.848632813,Coal
20.456922531,2.0110142231,0.549671948,95.80569458,Coal
21.57226944,1.9375966787,0.5508425236,94.457176208,Coal
22.44669342,1.761080265,0.534044385,89.976509094,Coal
22.919446945,1.5415313244,0.5166109204,91.520729065,Coal
18.704833984,1.3962236643,0.500885725,82.791946411,Coal
12.545466423,1.412088275,0.4263373911,78.610328674,Coal
10.501247406,1.6256412268,0.284894526,78.810966492,SandstoneShale
10.172046661,2.0205750465,0.1632845551,70.734321594,SandstoneShale
10.17671299,2.383033514,0.1140993834,66.132736206,SandstoneShale
10.168958664,2.5577943325,0.1226556376,67.413879395,SandstoneShale
10.011528015,2.6195857525,0.1494586617,68.485351563,SandstoneShale
9.8398227692,2.63793993,0.1754414886,69.454986572,SandstoneShale
9.7479724884,2.6297669411,0.1936886758,70.33380127,SandstoneShale
9.1230611801,2.4537599087,0.1606037915,80.201026917,Sandstone
9.0948143005,2.4195532799,0.1612233818,80.017745972,Sandstone
9.09375,2.4111092091,0.1657310873,79.375396729,Sandstone
9.09375,2.4186227322,0.1750592589,78.932365417,Sandstone
9.09375,2.4265367985,0.1804055721,78.688056946,Sandstone
9.1270437241,2.4293489456,0.1832544804,78.496459961,Sandstone
9.1427745819,2.4279797077,0.1843715757,78.601654053,Sandstone
9.1180553436,2.4235725403,0.1856524199,79.154327393,Sandstone
9.0736665726,2.4128372669,0.182978794,79.51399231,Sandstone
9.0170049667,2.3954517841,0.1773229241,79.535820007,Sandstone
8.9946813583,2.386228323,0.1731678098,79.399604797,Sandstone
8.9921884537,2.3956487179,0.1714446247,79.243484497,Sandstone
8.9921884537,2.4137890339,0.1754908115,79.036399841,Sandstone
8.9921884537,2.4266281128,0.1794549972,78.714431763,Sandstone
8.9921884537,2.4244291782,0.1828551143,78.449058533,Sandstone
8.9921884537,2.4174625874,0.1846933365,78.406280518,Sandstone
8.9922056198,2.4201552868,0.1830387563,78.483413696,Sandstone
9.027598381,2.4272997379,0.1832695454,78.448432922,Sandstone
9.0671243668,2.4359610081,0.1970050484,78.515129089,Sandstone
9.0550451279,2.4430122375,0.2124880999,78.838874817,Sandstone
9.0603466034,2.4548444748,0.2219798565,79.467071533,Sandstone
9.087805748,2.4655473232,0.2215413153,80.504768372,Sandstone
9.0748205185,2.463711977,0.218664825,81.374633789,Sandstone
9.0294103622,2.4525494576,0.2148298025,82.412208557,Sandstone
8.9630384445,2.4344432354,0.2031585872,83.101951599,Sandstone
8.9148702621,2.4134607315,0.1878682375,83.193847656,Sandstone
8.9375295639,2.3960158825,0.1795728952,83.336524963,Sandstone
8.9795742035,2.3960020542,0.1813031584,83.050506592,Sandstone
9.0319185257,2.4240159988,0.2053276598,82.572006226,Sandstone
9.1232757568,2.4780538082,0.2536882758,82.689880371,Sandstone
9.3935022354,2.3358860016,0.4033141136,82.056900024,Sandstone
9.40625,2.3791143894,0.3375886083,81.355827332,Sandstone
9.4062414169,2.4286794662,0.2810429335,83.040252686,Sandstone
9.4013376236,2.4517576694,0.2398227006,84.905479431,Sandstone
9.4033317566,2.4622838497,0.2089633495,85.319572449,Sandstone
9.376994133,2.4937126637,0.1904017776,84.07988739,Sandstone
9.3205041885,2.5463759899,0.1918370575,81.586769104,Sandstone
9.296875,2.5855176449,0.2213570178,78.720100403,Sandstone
9.296875,2.5995132923,0.2729463577,75.753791809,Sandstone
9.40625,2.5039227009,0.2188002914,72.249160767,Sandstone
9.40625,2.5062198639,0.1829799265,72.801429749,Sandstone
9.40625,2.4999129772,0.1527989507,73.90864563,Sandstone
9.40625,2.4997177124,0.1385309249,74.405097961,Sandstone
9.40625,2.5182206631,0.1468291432,73.612113953,Sandstone
9.09375,2.5197300911,0.2374855727,74.487335205,Sandstone
9.0885620117,2.5529668331,0.226747781,76.223831177,Sandstone
9.0596580505,2.5444242954,0.216616258,79.054801941,Sandstone
9.0141544342,2.5132536888,0.2009236366,81.578636169,Sandstone
8.9921884537,2.4652307034,0.1861988455,83.278137207,Sandstone
8.9921884537,2.4222280979,0.1717003584,83.150482178,Sandstone
8.9921884537,2.4046363831,0.1527312249,80.802879333,Sandstone
8.9921884537,2.4142012596,0.1306498349,77.617195129,Sandstone
8.9921884537,2.4363708496,0.1167901084,75.653045654,Sandstone
8.9921884537,2.4528005123,0.1197034493,76.052085876,Sandstone
8.9921884537,2.4562187195,0.1331202239,77.716926575,Sandstone
8.9824256897,2.4499454498,0.1445080489,78.624717712,Sandstone
8.9477567673,2.4423565865,0.1484569311,78.741424561,Sandstone
8.9099407196,2.4395148754,0.1490873992,79.291809082,Sandstone
8.904838562,2.4394528866,0.1501662135,79.664077759,Sandstone
8.9108839035,2.4357869625,0.1507615745,79.316055298,Sandstone
8.9126195908,2.4250264168,0.1507367343,78.856971741,Sandstone
8.9423074722,2.4203081131,0.1541852653,77.858634949,Sandstone
8.9803991318,2.4379580021,0.1659700722,77.094161987,Sandstone
8.9921808243,2.4694571495,0.185731709,77.427726746,Sandstone
8.9921884537,2.4860212803,0.2052723318,78.404037476,Sandstone
8.9921884537,2.4716322422,0.2077985853,78.758911133,Sandstone
8.9921884537,2.4466187954,0.1850907952,77.142959595,Sandstone
8.9922075272,2.4374554157,0.1495680809,74.822036743,Sandstone
9.0072345734,2.4540967941,0.127651006,74.003112793,Sandstone
9.0506410599,2.4844408035,0.1371328086,75.146522522,Sandstone
9.0864591599,2.5020718575,0.1682559401,77.028587341,Sandstone
9.093744278,2.4941883087,0.1968927532,78.869155884,Sandstone
9.09375,2.4720518589,0.2122281492,81.132484436,Sandstone
9.093747139,2.4519414902,0.2499188334,85.317207336,Sandstone
9.0851545334,2.3888664246,0.3427089453,92.685455322,Coal
9.0603370667,2.2225522995,0.4506569505,99.827476501,Coal
9.0372800827,2.0617423058,0.5007249117,100.8422699,Coal
9.024512291,2.0415241718,0.465089947,95.46522522,Coal
9.0195293427,2.1745641232,0.4053634107,88.124916077,Coal
9.0153770447,2.3676939011,0.3919846117,82.811454773,Coal
9.0037050247,2.4764590263,0.4220837355,80.393714905,Coal
8.9947357178,2.5045995712,0.4488974512,79.260818481,Coal
8.9808197021,2.5664470196,0.1873761564,64.206375122,Sandstone
8.9738273621,2.6251862049,0.1752811074,63.979030609,Sandstone
8.9660701752,2.6723518372,0.1622544974,66.519699097,Sandstone
8.9275169373,2.6810622215,0.1578400582,69.975852966,Sandstone
8.8933725357,2.646143198,0.1662249863,73.683410645,Sandstone
8.890625,2.5814478397,0.1768329144,76.731330872,Sandstone
8.890625,2.5157735348,0.1764231771,78.594772339,Sandstone
8.890625,2.4685206413,0.1668720692,79.656410217,Sandstone
8.890625,2.440785408,0.1590566784,79.564979553,Sandstone
8.890625,2.4280378819,0.1582931429,78.605049133,Sandstone
8.890625,2.4291882515,0.1648312211,77.568374634,Sandstone
8.890625,2.4457337856,0.176240474,77.076087952,Sandstone
8.890625,2.4748950005,0.1866804063,76.782249451,Sandstone
8.890625,2.4963726997,0.1821147054,75.673233032,Sandstone
8.890625,2.496240139,0.1552770436,73.316436768,Sandstone
8.890625,2.4983863831,0.1107973903,68.548812866,Sandstone
8.890625,2.530700922,0.0692668781,62.949050903,Sandstone
8.890625,2.5868237019,0.0470292084,59.552749634,Sandstone
8.890625,2.6240253448,0.044861652,59.218948364,Sandstone
8.890625,2.6279079914,0.0600687116,62.299591064,Sandstone
8.890625,2.6103136539,0.090122357,67.255622864,Sandstone
8.890625,2.5850372314,0.1244491041,70.039382935,Sandstone
8.8906049728,2.5662426949,0.1391377151,69.276695251,Sandstone
8.8782196045,2.5683557987,0.1238277927,66.244529724,Sandstone
8.8275737762,2.5945575237,0.0958835632,62.784976959,Sandstone
8.7890958786,2.6322848797,0.0806175619,60.965816498,Sandstone
8.7890634537,2.6620943546,0.0864463374,60.831031799,Sandstone
8.7890634537,2.6775281429,0.0994101092,61.013908386,Sandstone
8.7890634537,2.6852993965,0.1054764614,60.462558746,Sandstone
8.7890634537,2.6944184303,0.1017955542,59.401199341,Sandstone
8.7890634537,2.7040090561,0.0965563729,59.801353455,Sandstone
8.7890586853,2.6983942986,0.1041030213,63.546775818,Sandstone
8.7864599228,2.6685922146,0.1405359656,68.940429688,Sandstone
8.7679634094,2.6172463894,0.1857740879,74.255249023,Sandstone
8.7276973724,2.5543169975,0.2070049345,79.356643677,Sandstone
8.7023057938,2.4868516922,0.194745943,81.672424316,Sandstone
8.6975898743,2.4305751324,0.1741613895,82.17074585,Sandstone
8.6905994415,2.3955852985,0.1668859124,83.079673767,Sandstone
8.6875,2.3778455257,0.1659048647,83.682846069,Sandstone
8.6875038147,2.3675556183,0.1652001888,83.614257813,Sandstone
8.6898479462,2.3618021011,0.165234223,82.210273743,Sandstone
8.7038612366,2.3651230335,0.1659343094,81.280250549,Sandstone
8.7203741074,2.3747668266,0.1678897887,81.698135376,Sandstone
8.7064666748,2.3876605034,0.1728051156,81.886825562,Sandstone
8.6875047684,2.3955435753,0.17399849,82.043518066,Sandstone
8.6875,2.3959128857,0.1715880483,82.638877869,Sandstone
8.6875,2.3902392387,0.1691798866,83.456542969,Sandstone
8.6875,2.3719005585,0.1701987237,84.490104675,Sandstone
8.6875019073,2.3518209457,0.175246343,84.91545105,Sandstone
8.688876152,2.3388643265,0.1798146814,84.514038086,Sandstone
8.6973438263,2.3408329487,0.1813464314,84.421379089,Sandstone
8.7143039703,2.3476281166,0.1792658269,84.327888489,Sandstone
8.7565155029,2.3414804935,0.1741508394,84.15599823,Sandstone
8.789059639,2.3310775757,0.1725046039,83.503379822,Sandstone
8.7953863144,2.3368966579,0.1927679181,82.42590332,Sandstone
8.8443841934,2.3743441105,0.2415680289,81.362960815,Sandstone
8.9397182465,2.4296586514,0.3066667914,78.985939026,Sandstone
8.7817220688,2.5336179733,0.1974624693,80.469200134,Sandstone
8.7339401245,2.4976005554,0.2019193918,83.261932373,Sandstone
8.6906852722,2.4441769123,0.2081828415,84.939941406,Sandstone
8.6551218033,2.4002180099,0.2144465148,85.148719788,Sandstone
8.6020946503,2.3823025227,0.2219993323,85.184906006,Sandstone
8.5797491074,2.37920928,0.2234419286,85.073257446,Sandstone
8.5781259537,2.3760914803,0.2109109461,84.407096863,Sandstone
8.578125,2.3679695129,0.1913037449,83.832000732,Sandstone
8.578125,2.3609907627,0.1782356799,83.468193054,Sandstone
8.578125,2.3568475246,0.176028356,83.126670837,Sandstone
8.578125,2.3546779156,0.175462842,83.517951965,Sandstone
8.578125,2.3581457138,0.1763152182,83.701728821,Sandstone
8.578125,2.3681037426,0.1833370179,83.494895935,Sandstone
8.578125,2.3778629303,0.1933149248,83.69228363,Sandstone
8.578125,2.3814198971,0.1978936642,83.607414246,Sandstone
8.578125,2.3800852299,0.193203941,83.288330078,Sandstone
8.578125,2.3808069229,0.18768619,82.833389282,Sandstone
8.578125,2.3852126598,0.1844218075,80.449440002,Sandstone
8.578125,2.3988745213,0.1746471971,74.24671936,Sandstone
8.578125,2.4334216118,0.1516832709,66.04019928,Sandstone
8.578125,2.4909441471,0.121437721,59.607471466,Sandstone
8.578125,2.5666472912,0.0984040573,56.716529846,Sandstone
8.578125,2.6381688118,0.0913923457,57.603458405,Sandstone
8.578125,2.6801598072,0.0931387544,59.081947327,Sandstone
8.578125,2.6868541241,0.0988630578,60.795272827,Sandstone
8.578125,2.6670322418,0.1080648154,63.27073288,Sandstone
8.578125,2.6275994778,0.1180166975,63.811855316,Sandstone
8.578125,2.5722908974,0.1264988929,63.631401062,Sandstone
8.5781068802,2.5107376575,0.1331334263,64.532485962,Sandstone
8.5680274963,2.4629759789,0.148427397,65.786483765,Sandstone
8.5231924057,2.4422056675,0.1891008466,69.127372742,Sandstone
8.4824771881,2.4438269138,0.2344851792,75.633834839,Sandstone
8.476565361,2.4381747246,0.2494998723,80.936088562,Sandstone
8.4765634537,2.4143660069,0.2259238809,82.638877869,Sandstone
8.4765634537,2.3879904747,0.1966990381,82.786445618,Sandstone
8.4765634537,2.3775634766,0.1898308694,82.675697327,Sandstone
8.4765634537,2.3733379841,0.1932978928,82.160209656,Sandstone
8.4765634537,2.3599457741,0.1902661622,81.880851746,Sandstone
8.4765634537,2.3444151878,0.1782641411,81.791511536,Sandstone
8.4765634537,2.3379569054,0.1678214669,81.781135559,Sandstone
8.4765634537,2.3409721851,0.167986989,82.192443848,Sandstone
8.5054645538,2.3433642387,0.1783293188,82.742599487,Sandstone
8.5533351898,2.3404698372,0.1893636137,83.534172058,Sandstone
8.5752687454,2.3367040157,0.1904497147,84.453056335,Sandstone
8.578125,2.3335080147,0.1870966852,84.571517944,Sandstone
8.578125,2.3371737003,0.1891346574,83.139068604,Sandstone
8.578168869,2.3570711613,0.1916217655,81.042678833,Sandstone
8.6000986099,2.3882060051,0.1883187592,79.267227173,Sandstone
8.6494083405,2.41238451,0.1854212135,78.387107849,Sandstone
8.6820430756,2.413548708,0.191799894,78.849067688,Sandstone
8.6875,2.3973944187,0.2032916844,80.170280457,Sandstone
8.6875,2.3804097176,0.2078074217,82.008590698,Sandstone
8.687502861,2.3684568405,0.2065659612,83.74420929,Sandstone
8.6906738281,2.3663952351,0.2175603658,83.841751099,Sandstone
8.7440376282,2.3976724148,0.2476147115,81.163383484,Sandstone
8.8346710205,2.4694440365,0.2907055914,76.490356445,Sandstone
9.3873806,2.2518992424,0.5209106803,98.536186218,Coal
9.427312851,2.1047480106,0.5716023445,104.23892975,Coal
9.5522985458,1.8928432465,0.6047112942,100.92103577,Coal
9.4612512589,1.7502299547,0.5872024298,91.212287903,Coal
9.3332967758,1.7881215811,0.5220371485,79.992088318,Coal
9.3008012772,2.0399568081,0.4389640093,71.828430176,Coal
9.2983722687,2.376541853,0.3741096556,70.014984131,Coal
9.296875,2.5833024979,0.3438201249,71.716011047,Coal
9.09375,2.8060977459,0.2709662318,61.058609009,SandstoneShale
9.1194629669,2.8851950169,0.2553560436,63.661781311,SandstoneShale
9.1683664322,2.8306384087,0.2400834262,67.946754456,SandstoneShale
9.1935329437,2.6629779339,0.2267918289,73.409217834,SandstoneShale
9.1953134537,2.4611086845,0.2410098016,78.571296692,SandstoneShale
9.195356369,2.2939274311,0.2953586876,80.120674133,SandstoneShale
9.2224960327,2.2154042721,0.3628001809,78.591751099,SandstoneShale
8.9921884537,2.7192397118,0.2570838034,67.298034668,SandstoneShale
8.9921884537,2.7437982559,0.2633413076,67.558372498,SandstoneShale
8.9921884537,2.7380590439,0.2675942779,68.398963928,SandstoneShale
8.9921884537,2.7057392597,0.2584121227,69.210502625,SandstoneShale
8.9921884537,2.6718688011,0.2436109632,69.652816772,SandstoneShale
8.9921884537,2.6485495567,0.1888196617,63.131046295,SandstoneShale
8.9921884537,2.6526703835,0.1460736692,60.866733551,SandstoneShale
8.9921884537,2.6609270573,0.1163683981,60.627147675,SandstoneShale
8.9921884537,2.6130414009,0.2789350152,75.230476379,SandstoneShale
8.9921884537,2.5876076221,0.2574705482,75.817001343,SandstoneShale
8.9921884537,2.5788805485,0.2495158762,75.612678528,SandstoneShale
8.9921884537,2.5902991295,0.2722457051,75.182060242,SandstoneShale
8.9921884537,2.6050581932,0.3156996667,76.059036255,SandstoneShale
8.9921884537,2.5312652588,0.2665424943,81.956848145,Sandstone
8.9921884537,2.5195848942,0.2582387328,86.790161133,Sandstone
8.9921884537,2.4562451839,0.2464038879,90.686195374,Sandstone
9.0015239716,2.319157362,0.2318392843,89.870384216,Sandstone
9.0208501816,2.2100408077,0.2377843559,84.733581543,Sandstone
8.890625,2.493755579,0.2391437888,80.37587738,Sandstone
8.890625,2.4744434357,0.232495144,81.361457825,Sandstone
8.890625,2.4442138672,0.2244827151,82.644821167,Sandstone
8.890625,2.4050481319,0.2137463242,83.006462097,Sandstone
8.890625,2.3727252483,0.2007389963,81.963699341,Sandstone
8.890625,2.3619782925,0.1813031137,80.472885132,Sandstone
8.890625,2.3687160015,0.1588150859,79.954139709,Sandstone
8.890625,2.3824265003,0.1478482932,80.710601807,Sandstone
8.890625,2.3919062614,0.1599009931,82.317466736,Sandstone
8.890625,2.3881211281,0.1878040731,83.373733521,Sandstone
8.890625,2.3784663677,0.2108367532,83.846832275,Sandstone
8.890625,2.3690011501,0.2156127393,84.498458862,Sandstone
8.890625,2.3592512608,0.2057032734,84.68006134,Sandstone
8.890625,2.3465900421,0.1936470866,84.61239624,Sandstone
8.890625,2.3365488052,0.1868831664,84.468803406,Sandstone
8.890625,2.3368961811,0.1847739667,84.347213745,Sandstone
8.890630722,2.3513391018,0.1814272106,83.102119446,Sandstone
8.8994293213,2.3983883858,0.1814740598,78.837539673,Sandstone
9.09375,2.641305685,0.2087713629,75.23841095,Sandstone
9.09375,2.6057224274,0.2273955643,80.209342957,Sandstone
9.09375,2.5544905663,0.2551878095,83.394622803,Sandstone
9.09375,2.4983229637,0.2697126567,84.777114868,Sandstone
9.09375,2.4452080727,0.2640858889,85.343452454,Sandstone
9.0937509537,2.4019691944,0.2447051108,85.213729858,Sandstone
9.0947694778,2.3719286919,0.2261468768,84.228065491,Sandstone
9.1065759659,2.3660013676,0.2215629965,83.248939514,Sandstone
9.1460895538,2.38611269,0.2424733192,83.486419678,Sandstone
9.1849765778,2.4165053368,0.2712128758,85.38458252,Sandstone
9.195306778,2.4315097332,0.2793774009,87.382911682,Sandstone
9.1953134537,2.4141507149,0.2680779099,88.109214783,Sandstone
9.1953134537,2.3768050671,0.2598741055,87.686401367,Sandstone
9.1953134537,2.3446888924,0.2691292763,87.278305054,Sandstone
9.1953134537,2.3373258114,0.2729117274,88.11530304,Sandstone
9.1953134537,2.3543441296,0.2663161755,88.964836121,Sandstone
9.1953134537,2.3557155132,0.2795140147,88.299957275,Sandstone
9.1953134537,2.3257293701,0.3062431216,87.116668701,Sandstone
9.1953134537,2.300141573,0.3178314269,84.378494263,Sandstone
9.1953134537,2.3258292675,0.2902190387,82.759933472,Sandstone
9.1953134537,2.3927679062,0.2455982864,83.732704163,Sandstone
9.1953163147,2.4410030842,0.2246405482,83.672332764,Sandstone
9.1997833252,2.4393942356,0.2273458689,85.529296875,Sandstone
9.2505226135,2.4125146866,0.2386620939,94.211532593,Coal
9.296875,2.3763682842,0.2774076462,104.74261475,Coal
9.296875,2.268102169,0.3677311242,112.12849426,Coal
9.296875,2.0748355389,0.4817922413,110.96874237,Coal
9.296875,1.8816301823,0.5720643997,101.87641907,Coal
9.296875,1.794260025,0.5779291987,92.900909424,Coal
9.296875,1.8660461903,0.4972588718,82.540245056,Coal
9.296875,2.0828378201,0.379612565,71.630851746,Coal
9.296875,2.3682141304,0.2796653211,66.400497437,Coal
9.296875,2.5670788288,0.2209963351,66.334022522,Coal
9.296875,2.619781971,0.1867197007,74.070457458,Coal
9.1953134537,2.6249454021,0.2959072888,85.188995361,Coal
9.1953134537,2.5213518143,0.3212953508,90.768287659,Coal
9.1953134537,2.2734742165,0.3643428385,99.452308655,Coal
9.2029724121,1.9983581305,0.4207532406,110.22450256,Coal
9.2005729675,1.889775753,0.4791994691,113.83135223,Coal
9.197977066,1.9778909683,0.5664009452,107.31427765,Coal
9.1953802109,2.2203278542,0.65531075,98.473373413,Coal
9.1953134537,2.4223036766,0.6381643414,84.721504211,Sandstone
9.1953077316,2.5140914917,0.4878533483,68.732421875,Sandstone
9.191526413,2.6053974628,0.2897817791,60.669311523,Sandstone
9.1914129257,2.6720621586,0.1713721156,60.230098724,Sandstone
9.1951580048,2.7026231289,0.1437298656,62.620109558,Sandstone
9.1953134537,2.7123997211,0.140993759,71.302017212,Sandstone
9.2024879456,1.8303258419,0.5685598254,83.373634338,Coal
9.1888179779,1.8610583544,0.4802219272,75.115409851,Coal
9.1340494156,2.1274638176,0.4081961215,70.076599121,Coal
9.0969104767,2.4717986584,0.3724200428,68.945457458,Coal
9.0937509537,2.6270880699,0.3277110159,71.20262146,Coal
9.09375,2.631291151,0.2625355422,76.280464172,Coal
9.09375,2.5854728222,0.21318914,80.931747437,Coal
9.09375,2.5284209251,0.1972688735,83.488517761,Coal
9.09375,2.4713499546,0.2037464678,84.696388245,Sandstone
9.09375,2.4231405258,0.2082055211,81.687934875,Sandstone
9.09375,2.3971674442,0.2083099782,77.100151062,Sandstone
9.09375,2.4091188908,0.21447514,74.6771698,Sandstone
9.1421222687,2.1199915409,0.3447669446,113.13092804,Coal
9.1855325699,1.9147043228,0.4642514288,118.30361176,Coal
9.1745729446,1.7003157139,0.5437710881,112.4457016,Coal
9.1282405853,1.5779685974,0.5510873795,105.58197784,Coal
9.0977048874,1.5955604315,0.5127076507,104.49028015,Coal
9.0939788818,1.728888154,0.4798998535,104.23595428,Coal
9.2545404434,1.8366622925,0.5151839852,109.11468506,Coal
9.2326927185,1.7847362757,0.5905335546,106.21006012,Coal
9.1738147736,1.6794849634,0.6482316852,92.501281738,Coal
9.1149358749,1.6764272451,0.6279457211,81.755310059,Coal
9.0956506729,1.8442183733,0.5543705225,75.095985413,Coal
9.09375,2.1631653309,0.5000403523,72.449737549,Coal
9.09375,2.4340696335,0.4734126329,72.231895447,Coal
9.09375,2.533885479,0.4358554184,73.238632202,Coal
9.0937652588,2.5408115387,0.3557106256,72.861915588,Sandstone
9.1035423279,2.5344669819,0.2580696046,71.167472839,Sandstone
9.1408958435,2.53652668,0.1927039474,69.294677734,Sandstone
9.1772842407,2.549302578,0.1841425896,67.30128479,Sandstone
9.1943626404,2.6607317924,0.2247851938,62.604579926,Sandstone
9.1923713684,2.6942038536,0.2107143104,63.863624573,Sandstone
9.1884765625,2.7203772068,0.2296038866,65.843971252,Sandstone
9.1904230118,2.7129909992,0.2754995525,68.268722534,Sandstone
9.1943206787,2.679672718,0.3150946498,70.048233032,Sandstone
9.1953134537,2.3223781586,0.4336169064,107.00627899,Coal
9.1953134537,2.0954611301,0.4718631804,111.43589783,Coal
9.2009906769,1.9267566204,0.4773687422,113.27741241,Coal
9.2031230927,1.8647330999,0.4817076027,114.6587677,Coal
9.1974906921,1.8509044647,0.5205489993,117.77327728,Coal
9.195315361,1.8098347187,0.5717199445,120.13750458,Coal
9.1981191635,1.7371389866,0.600396812,119.57827759,Coal
9.2093505859,1.6587240696,0.4890128672,103.91671753,Coal
9.2070379257,1.8013119698,0.4849267602,104.7335968,Coal
9.2234420776,1.9665753841,0.519480288,108.91992188,Coal
9.3013401031,2.020434618,0.5710184574,112.79100037,Coal
9.4350986481,1.8792499304,0.6050261259,107.78805542,Coal
9.4450139999,1.7028414011,0.598518312,97.66633606,Coal
9.3463592529,1.6636478901,0.5332911015,87.533416748,Coal
9.3086299896,1.8320307732,0.4202222228,82.901618958,Coal
9.3006029129,2.1277976036,0.3024655879,91.820205688,SandstoneShale
9.2968759537,2.2826368809,0.2532147169,113.43632507,SandstoneShale
9.296875,2.172236681,0.30538553,133.06242371,SandstoneShale
9.4363555908,1.3913228512,0.6148307323,120.10346985,Coal
9.4635343552,1.4577842951,0.5925815105,103.31453705,Coal
9.4907131195,1.5948190689,0.5401484966,87.383758545,Coal
9.323094368,1.8346493244,0.4718438685,76.826591492,Coal
9.1768732071,2.1637482643,0.4216978848,71.9168396,Coal
9.1153974533,2.4489173889,0.3989785016,70.640182495,Coal
9.09375,2.6657588482,0.2780042291,68.240020752,Sandstone
9.09375,2.6457576752,0.2567096651,68.959213257,Sandstone
9.09375,2.6215560436,0.2434725314,68.542106628,Sandstone
9.09375,2.5990593433,0.2305270284,68.818054199,Sandstone
9.09375,2.5671834946,0.2141532749,70.707168579,Sandstone
9.09375,2.6885733604,0.2801689804,58.125659943,Sandstone
9.09375,2.6888613701,0.2316842377,57.611427307,Sandstone
9.09375,2.6856315136,0.2004595697,58.389923096,Sandstone
9.09375,2.6791112423,0.197955668,58.95967865,Sandstone
9.09375,2.6775827408,0.1981256455,58.374923706,Sandstone
9.09375,2.6899242401,0.1780187786,57.809997559,Sandstone
9.09375,2.7153687477,0.1465465277,57.741394043,Sandstone
9.09375,2.7471101284,0.1250348091,58.482715607,Sandstone
9.09375,2.783036232,0.1275170445,59.90618515,Sandstone
9.09375,2.8243284225,0.1600998491,62.420333862,Sandstone
9.09375,2.8344738483,0.2130853534,64.636360168,Sandstone
9.0958881378,2.7775108814,0.2515879571,65.283607483,Sandstone
9.1210899353,2.6844525337,0.2405409366,68.9426651,Sandstone
9.1660861969,2.5907728672,0.1934866011,77.163261414,Sandstone
9.1917276382,2.4856443405,0.1767732203,84.375335693,Sandstone
9.1953296661,2.3120219707,0.242705524,93.925285339,Sandstone
9.2142248154,2.0222218037,0.3658564091,111.54632568,Sandstone
9.2576875687,1.6977671385,0.4780496955,124.38393402,Coal
9.3210086823,1.4714661837,0.5414524078,123.21062469,Coal
9.3649024963,1.3931927681,0.5669516921,117.44547272,Coal
9.3815965652,1.4506576061,0.5722440481,113.50285339,Coal
9.3982906342,1.6039720774,0.5584130287,112.06738281,Coal
9.3534803391,1.7605755329,0.5380475521,111.47304535,Coal
9.3006801605,1.8073390722,0.5341171026,106.73775482,Coal
9.34532547,1.7768287659,0.5322172046,96.28565979,Coal
9.5088949203,1.8210529089,0.4897277951,82.932853699,Coal
9.5729379654,2.0398097038,0.4050647914,72.078979492,Coal
9.4099683762,2.357973814,0.3284324408,67.217247009,Coal
9.296875,2.5837035179,0.2982608974,66.407089233,Coal
9.296875,2.6673455238,0.3132347465,67.063056946,Coal
9.296875,2.6911866665,0.3456762433,67.749404907,Coal
9.3005886078,2.2740468979,0.4723261595,106.35186005,Coal
9.3286895752,2.0414390564,0.5476753712,113.2589035,Coal
9.4234037399,1.8628305197,0.5812148452,111.83733368,Coal
9.4779911041,1.7846325636,0.5860017538,104.98864746,Coal
9.398434639,1.7991626263,0.5774140954,94.938217163,Coal
9.3431921005,1.894862771,0.5518957376,83.486488342,Coal
9.3354282379,2.0706579685,0.5007892847,74.125511169,Coal
9.3075551987,2.3059608936,0.4280626774,70.418312073,Coal
9.3110570908,2.4833238125,0.369169116,72.342933655,Coal
9.3528146744,2.5109863281,0.3549555838,76.918945313,Coal
9.4285345078,2.1322183609,0.4970163405,114.5389328,Coal
9.45703125,1.9010471106,0.5166938901,127.27497101,Coal
9.4350786209,1.7145885229,0.5135804415,137.37567139,Coal
9.4449119568,1.60135746,0.5172996521,146.42433167,Coal
9.5342798233,1.5112856627,0.5731200576,153.29032898,Coal
9.6233139038,1.4613157511,0.6510161161,149.00935364,Coal
9.7123479843,1.5263713598,0.6714998484,131.27983093,Coal
9.8013820648,1.7494872808,0.6044198275,112.20596313,Coal
9.6372394562,2.008630991,0.4982123375,102.85504913,Coal
9.31965065,2.0943043232,0.4430206418,105.65527344,Coal
9.2968978882,1.9863402843,0.4689877331,110.48459625,Coal
9.2984724045,1.8126950264,0.5356628895,105.02611542,Coal
9.3500270844,1.7266354561,0.57878232,94.322250366,Coal
9.3997583389,1.8240865469,0.5630879998,84.48046875,Coal
9.2982912064,2.1029708385,0.4978460073,76.746810913,Coal
9.1953134537,2.4155843258,0.4271042943,74.760826111,Coal
9.1953134537,2.6415383816,0.3396005929,64.847473145,Sandstone
9.1953134537,2.7081305981,0.2786606252,64.050895691,Sandstone
9.1953134537,2.7901413441,0.2679750621,64.968338013,Sandstone
9.1953134537,2.8411872387,0.2899199426,68.120231628,Sandstone
9.1953134537,2.7959835529,0.3104967475,72.91986084,Sandstone
9.1953134537,2.6807422638,0.3220322728,77.588981628,Sandstone
9.09375,2.4904150963,0.2098097205,78.100608826,Sandstone
9.1029930115,2.4908902645,0.1883298308,72.313056946,Sandstone
9.1399011612,2.5498864651,0.159958154,67.091674805,Sandstone
9.181470871,2.6574411392,0.1446059644,64.832176208,Sandstone
9.1953134537,2.756414175,0.165778324,65.329719543,Sandstone
9.1953134537,2.7803552151,0.2125033736,66.367988586,Sandstone
9.1953134537,2.2892460823,0.3594601452,94.266151428,Coal
9.1953134537,2.0956070423,0.3873605728,104.16498566,Coal
9.1953134537,1.9149423838,0.4676082432,107.29540253,Coal
9.1953125,1.8079361916,0.5778406858,98.710350037,Coal
9.1943635941,1.8302063942,0.6407034397,84.953842163,Coal
9.1794595718,1.9941548109,0.6112371087,74.45539856,Coal
9.1297855377,2.2520008087,0.5136350989,70.143951416,Coal
9.09375,2.7678215504,0.2199689746,64.603096008,Sandstone
9.09375,2.8046991825,0.2208580673,64.769363403,Sandstone
9.09375,2.7736473083,0.2134616971,67.728317261,Sandstone
9.09375,2.7078590393,0.2005106807,70.897544861,Sandstone
9.09375,2.6473636627,0.1928165853,69.687339783,Sandstone
9.09375,2.6085908413,0.1909289807,65.613143921,Sandstone
9.09375,2.5954771042,0.1786539108,62.261833191,Sandstone
9.09375,2.6065881252,0.1514554769,60.962108612,Sandstone
9.09375,2.6270709038,0.1182706878,60.743450165,Sandstone
9.09375,2.6442768574,0.0983207375,60.56199646,Sandstone
9.09375,2.653427124,0.0951996669,60.343280792,Sandstone
9.09375,2.6622486115,0.0926124603,58.867641449,Sandstone
9.09375,2.6734673977,0.0814311579,56.838199615,Sandstone
9.09375,2.6837999821,0.0706648156,56.429649353,Sandstone
9.0943546295,2.6891021729,0.0666225776,56.189857483,Sandstone
9.1006145477,2.6883730888,0.0664192587,56.287319183,Sandstone
9.1242036819,2.6876063347,0.0676600486,58.306903839,Sandstone
9.1687507629,2.6895775795,0.0680714101,62.38533783,Sandstone
9.1953134537,2.6953191757,0.0716878176,67.555221558,Sandstone
9.1953134537,2.692630291,0.0916375518,73.419464111,Sandstone
9.1953134537,2.670976162,0.139134869,80.022285461,Sandstone
9.1953134537,2.6207108498,0.202353552,84.111061096,Sandstone
9.1953134537,2.5468025208,0.2471583635,86.063995361,Sandstone
9.1953134537,2.454719305,0.2497348487,86.129570007,Sandstone
9.1953134537,2.3791191578,0.2222934216,84.980560303,Sandstone
9.1953134537,2.3425543308,0.1948696673,83.736694336,Sandstone
9.1953134537,2.3416421413,0.1862857938,81.787559509,Sandstone
9.1953210831,2.3596506119,0.189528212,80.722732544,Sandstone
9.199473381,2.3784918785,0.1892198473,80.575714111,Sandstone
9.2362537384,2.3974840641,0.1838619113,80.9739151,Sandstone
9.2829780579,2.40427351,0.1791039407,81.510215759,Sandstone
9.2968711853,2.3967125416,0.1825492382,81.638450623,Sandstone
9.296877861,2.382696867,0.1866435111,82.080818176,Sandstone
9.3017902374,2.3746964931,0.188684687,82.730232239,Sandstone
9.3494911194,2.3799350262,0.1872600466,82.487556458,Sandstone
9.3992452621,2.3876316547,0.1842439622,81.776550293,Sandstone
9.406255722,2.3874850273,0.1824583709,81.115592957,Sandstone
9.4088401794,2.3885781765,0.1823162436,80.35887146,Sandstone
9.4381151199,2.4089915752,0.1887284219,79.256500244,Sandstone
9.4864339828,2.4456174374,0.1977877617,78.626739502,Sandstone
9.507809639,2.4789311886,0.2286690176,77.886657715,Sandstone
9.5078134537,2.4954557419,0.2868226469,76.674583435,Sandstone
9.5078134537,2.5023648739,0.3537056446,76.589607239,Sandstone
9.5078134537,2.5063846111,0.4030380845,77.286132813,Sandstone
9.5078134537,2.5009014606,0.4153423011,77.976379395,Sandstone
9.40625,2.620203495,0.2499549091,68.333114624,Sandstone
9.40625,2.6101093292,0.2120893896,68.123748779,Sandstone
9.40625,2.6044542789,0.1952544749,68.105491638,Sandstone
9.40625,2.6016585827,0.1879926324,68.397621155,Sandstone
9.40625,2.6050930023,0.1892436296,69.03338623,Sandstone
9.40625,2.6176838875,0.1982803643,70.879455566,Sandstone
9.40625,2.6304504871,0.2145497054,74.518943787,Sandstone
9.40625,2.6504459381,0.2298408002,77.681678772,Sandstone
9.40625,2.6762812138,0.2480032891,78.407089233,Sandstone
9.4058942795,2.6958856583,0.274679482,78.445297241,Sandstone
9.2320013046,2.3335063457,0.3844850361,75.351730347,Coal
9.6556215286,2.011503458,0.4032859206,77.559234619,Coal
11.026618004,1.7920782566,0.4842762947,81.953903198,Coal
12.597194672,1.7539241314,0.5566383004,83.025657654,Coal
12.445020676,1.8544887304,0.5899198651,80.614356995,Coal
12.283721924,1.985701561,0.5914886594,76.348396301,Coal
12.122422218,2.0471339226,0.524238646,69.75944519,Coal
11.961123466,2.0641362667,0.425488472,65.073532104,Coal
11.799824715,2.1428163052,0.3589574397,65.774223328,Coal
11.638525963,2.254932642,0.3613990247,68.040840149,Coal
9.1953134537,2.628484726,0.2903969586,62.449195862,SandstoneShale
9.1953134537,2.6198384762,0.30225721,59.537921906,SandstoneShale
9.1953134537,2.6241066456,0.3002274334,58.492710114,SandstoneShale
9.1953134537,2.6483793259,0.2531554699,58.477268219,SandstoneShale
9.1953134537,2.682097435,0.1769856364,59.238788605,SandstoneShale
9.1953134537,2.7097473145,0.1166075841,60.321105957,SandstoneShale
9.1953134537,2.7161409855,0.1007947028,61.214847565,SandstoneShale
9.1984825134,2.7137229443,0.1148964688,62.915142059,SandstoneShale
9.296875,2.610455513,0.1754362136,71.502807617,Sandstone
9.296875,2.5593724251,0.1555134952,71.946578979,Sandstone
9.296875,2.5290336609,0.1296931952,72.64730835,Sandstone
9.2968759537,2.5166888237,0.1124843732,73.893463135,Sandstone
9.2999391556,2.5131480694,0.1190531701,74.701309204,Sandstone
9.3038358688,2.511166811,0.1410167515,74.105926514,Sandstone
9.3046970367,2.5060932636,0.1659979671,71.360877991,Sandstone
9.3107814789,2.5003683567,0.1839223653,66.834228516,Sandstone
9.3185434341,2.4990725517,0.1940095872,62.270694733,Sandstone
9.314291954,2.5121119022,0.2017671913,58.867683411,Sandstone
9.3034963608,2.5374510288,0.2048808634,57.748508453,Sandstone
9.3007822037,2.5710365772,0.2003307939,58.103248596,Sandstone
9.3007793427,2.602013588,0.1715590507,58.035705566,Sandstone
9.2978105545,2.6196706295,0.1203735024,58.352497101,Sandstone
9.296875,2.6243541241,0.0790823549,60.516181946,Sandstone
9.296875,2.6213057041,0.0787550658,64.968925476,Sandstone
9.296875,2.6156418324,0.1115708798,69.961128235,Sandstone
9.296875,2.6076421738,0.1409499496,73.909896851,Sandstone
9.296875,2.5958833694,0.1513509899,76.960639954,Sandstone
9.296875,2.5647311211,0.1520794034,78.571784973,Sandstone
9.296875,2.5113019943,0.1526013166,79.060462952,Sandstone
9.296875,2.4550249577,0.1563111544,79.633110046,Sandstone
9.296875,2.4177048206,0.1643605083,79.811233521,Sandstone
9.296875,2.4028935432,0.1794282645,79.722602844,Sandstone
9.296875,2.3953557014,0.1941042989,80.835609436,Sandstone
9.2968406677,2.3878598213,0.202234894,82.55103302,Sandstone
9.2798566818,2.3822174072,0.2048444003,83.893493652,Sandstone
9.2451791763,2.3831059933,0.2058936507,84.806381226,Sandstone
9.2456359863,2.3851108551,0.204738602,84.37827301,Sandstone
9.2724294662,2.3728868961,0.199058041,82.464912415,Sandstone
9.2812480927,2.3499722481,0.1935539842,80.873031616,Sandstone
9.2784566879,2.3310177326,0.1922016591,80.54523468,Sandstone
9.2801475525,2.3306691647,0.1903226525,80.87688446,Sandstone
9.2895917892,2.345959425,0.1819881648,82.732498169,Sandstone
9.3094873428,2.3632965088,0.1729634702,84.298377991,Sandstone
9.3547973633,2.3721060753,0.1741913259,82.988296509,Sandstone
9.39569664,2.3642225266,0.1900913566,80.728286743,Sandstone
9.433473587,2.3522763252,0.2139609009,77.601341248,Sandstone
9.609375,2.6937050819,0.225445956,66.577644348,SandstoneShale
9.609375,2.668145895,0.1900812984,68.430992126,SandstoneShale
9.609375,2.650169611,0.1644217968,70.917350769,SandstoneShale
9.609375,2.6370530128,0.1553087831,72.359916687,SandstoneShale
9.609375,2.6278820038,0.1641123742,72.131416321,SandstoneShale
9.609375,2.6239111423,0.1948116869,70.550811768,SandstoneShale
9.609375,2.6219058037,0.2501668036,68.719711304,SandstoneShale
9.40625,2.6977779865,0.1757808626,60.115406036,Sandstone
9.40625,2.6908509731,0.1485679746,61.421581268,SandstoneShale
9.40625,2.6617002487,0.115208149,63.463539124,SandstoneShale
9.40625,2.6396963596,0.0914001465,65.421356201,SandstoneShale
9.40625,2.6343407631,0.0930636004,67.644248962,SandstoneShale
9.40625,2.6318855286,0.1147043332,68.977241516,SandstoneShale
9.40625,2.6146280766,0.0546318404,60.810958862,Sandstone
9.40625,2.619468689,0.0522888973,60.668926239,Sandstone
9.40625,2.6063170433,0.0532560721,60.229560852,Sandstone
9.40625,2.5900373459,0.0505954958,61.102874756,Sandstone
9.40625,2.5808234215,0.0495878272,63.326839447,Sandstone
9.40625,2.5782277584,0.0568168759,66.130271912,Sandstone
9.40625,2.5694799423,0.0732258707,69.430763245,Sandstone
9.40625,2.5509264469,0.09501452,72.780029297,Sandstone
9.40625,2.523342371,0.1147261336,75.958847046,Sandstone
9.40625,2.4971420765,0.1351068318,79.567481995,Sandstone
9.40625,2.4770343304,0.1679421365,81.451438904,Sandstone
9.40625,2.4520192146,0.2137333751,81.69846344,SandstoneShale
9.40625,2.4229278564,0.2489434481,81.899536133,SandstoneShale
9.40625,2.4019947052,0.2527666092,79.414855957,SandstoneShale
9.40625,2.4059143066,0.234691605,75.034317017,SandstoneShale
9.40625,2.4293484688,0.2053436637,70.65057373,SandstoneShale
9.40625,2.4601545334,0.1592393965,65.243743896,Sandstone
9.40625,2.5019409657,0.0970445201,59.745414734,Sandstone
9.4062643051,2.5513432026,0.0430441909,56.364871979,Sandstone
9.4157676697,2.5997989178,0.0186510719,55.577262878,Sandstone
9.4510393143,2.6249511242,0.0144915776,56.239677429,Sandstone
9.4922885895,2.6285703182,0.0161720421,57.545951843,Sandstone
9.5078029633,2.6295306683,0.0206461418,58.500022888,Sandstone
9.5078134537,2.6262135506,0.0272170547,59.195571899,Sandstone
9.5078134537,2.6161558628,0.0344083682,60.897129059,Sandstone
9.5078134537,2.599301815,0.0430320352,63.57793808,Sandstone
9.5078134537,2.5762662888,0.0594783314,67.189559937,Sandstone
9.5078134537,2.545794487,0.0864937901,72.049484253,Sandstone
9.5078134537,2.5007402897,0.1177305505,77.061317444,Sandstone
9.5078134537,2.4463140965,0.140175119,79.889907837,Sandstone
9.5078134537,2.4056608677,0.1550297737,80.779563904,Sandstone
9.5078134537,2.3901667595,0.1682496816,80.622917175,Sandstone
9.5078163147,2.3976998329,0.1793907434,78.393066406,Sandstone
9.5210371017,2.4221563339,0.2011215985,75.3932724,Sandstone
9.5663080215,2.4821207523,0.2404566854,72.489143372,Sandstone
9.7109384537,2.5557303429,0.1838465184,76.894065857,Sandstone
9.7109384537,2.5270838737,0.1847890466,77.483016968,Sandstone
9.7109384537,2.5175247192,0.1947778314,77.896362305,Sandstone
9.7109365463,2.5179057121,0.202778399,78.202270508,Sandstone
9.7078762054,2.5256910324,0.2043668181,77.814529419,Sandstone
10.159262657,2.4293985367,0.2054128498,79.657112122,Sandstone
10.24564743,2.4105379581,0.16505,73.607444763,Sandstone
10.356526375,2.4437060356,0.13911587,67.143302917,Sandstone
10.422831535,2.5103805065,0.1061654091,61.678585052,Sandstone
10.463330269,2.5717947483,0.0635602474,59.878250122,Sandstone
10.510695457,2.5967304707,0.0354328603,64.479072571,Sandstone
10.535378456,2.5808107853,0.0395629592,72.236083984,Sandstone
10.574122429,2.5301144123,0.0647591725,78.270027161,Sandstone
10.640551567,2.4669754505,0.1004963592,82.28830719,Sandstone
10.711136818,2.4200048447,0.1391379684,84.367218018,Sandstone
10.792484283,2.4023256302,0.1739066988,84.264137268,Sandstone
10.935117722,2.3965346813,0.1991987228,83.87853241,Sandstone
11.049588203,2.3789145947,0.2139767706,84.227897644,Sandstone
11.040921211,2.3629903793,0.2190188915,84.61579895,Sandstone
11.06061554,2.3592245579,0.2099376321,84.818229675,Sandstone
11.075111389,2.3665883541,0.1946296096,84.875419617,Sandstone
11.046880722,2.3671684265,0.1856857538,84.90587616,Sandstone
11.049611092,2.3600380421,0.1861169338,85.296104431,Sandstone
11.08575058,2.3556702137,0.1852868497,86.157913208,Sandstone
11.170183182,2.3583657742,0.1814403087,86.548660278,Sandstone
11.192213058,2.3540651798,0.1819739938,86.766998291,Sandstone
11.155649185,2.3410768509,0.188403666,86.978118896,Sandstone
11.148439407,2.3321259022,0.1919978261,87.064605713,Sandstone
11.148434639,2.3484098911,0.1889512986,86.6042099,Sandstone
11.145693779,2.3748409748,0.1896545887,85.469490051,Sandstone
11.106713295,2.3748397827,0.1941506565,84.627151489,Sandstone
11.063349724,2.3633732796,0.1948210746,84.20349884,Sandstone
10.953513145,2.3648340702,0.192640081,83.99987793,Sandstone
10.836678505,2.3680305481,0.1970407516,84.565032959,Sandstone
10.782754898,2.3519706726,0.2025599182,85.698760986,Sandstone
10.742190361,2.3293144703,0.2029019892,86.484214783,Sandstone
10.742188454,2.3142783642,0.1988852024,87.367973328,Sandstone
10.740854263,2.3096644878,0.1944997311,88.407524109,Sandstone
10.712203979,2.3083941936,0.1970758438,88.365318298,Sandstone
10.657876015,2.3055095673,0.2071893215,87.498786926,Sandstone
10.603450775,2.3015935421,0.2254765928,86.734161377,Sandstone
10.553843498,2.2989289761,0.2367654592,86.332244873,Sandstone
10.53125,2.2996525764,0.2357213795,86.912963867,Sandstone
10.53125,2.2943022251,0.2261792719,88.036010742,Sandstone
10.531490326,2.2797329426,0.21958749,88.155441284,Sandstone
10.537617683,2.2646813393,0.2247662991,87.099639893,Sandstone
10.486621857,2.2653851509,0.2362431139,86.195869446,Sandstone
10.429690361,2.2827608585,0.2378579676,85.266304016,Sandstone
10.431558609,2.3018920422,0.21926862,84.594848633,Sandstone
10.528615952,2.310315609,0.193830207,84.601036072,Sandstone
10.604493141,2.3086006641,0.178855598,82.813735962,Sandstone
10.530946732,2.312977314,0.173545599,77.435676575,Sandstone
10.50454998,2.3417282104,0.1685863286,70.643852234,Sandstone
10.574751854,2.4033081532,0.1566505134,64.88973999,Sandstone
10.629180908,2.4877898693,0.1282604635,62.884235382,Sandstone
10.69166851,2.5443234444,0.0879502669,66.294647217,Sandstone
10.742083549,2.5474028587,0.0641158894,71.582679749,Sandstone
10.742190361,2.5213661194,0.0788152516,75.660186768,Sandstone
10.773223877,2.4875099659,0.1173065677,78.162071228,Sandstone
10.901000977,2.4583828449,0.1468796432,79.268043518,Sandstone
11.033546448,2.4240620136,0.1542241126,80.05178833,Sandstone
11.23535347,2.359821558,0.1514143646,81.325119019,Sandstone
11.388228416,2.2816927433,0.1580631882,81.833084106,Sandstone
11.63658905,2.2309465408,0.1732836664,81.998046875,Sandstone
11.907524109,2.2321264744,0.1847465783,82.273963928,Sandstone
11.803785324,2.2755813599,0.1856208146,82.281242371,Sandstone
11.698322296,2.3207931519,0.1793663502,82.523345947,Sandstone
11.69153595,2.3495414257,0.1771753281,82.682250977,Sandstone
11.695176125,2.3597717285,0.1788824052,82.53666687,Sandstone
11.706624985,2.3632707596,0.1803670973,81.477729797,Sandstone
11.737181664,2.3708031178,0.1801484078,79.121543884,Sandstone
11.704212189,2.3738021851,0.1814154834,77.146743774,Sandstone
11.613436699,2.3673598766,0.1796239763,76.767333984,Sandstone
11.575758934,2.3559904099,0.1719814986,78.242240906,Sandstone
11.522363663,2.3509740829,0.1658708751,81.00994873,Sandstone
11.475095749,2.357196331,0.1684672534,83.134780884,Sandstone
11.457893372,2.365673542,0.180534184,83.957229614,Sandstone
11.453353882,2.3670284748,0.1925948858,84.41166687,Sandstone
11.453129768,2.3569331169,0.1959900707,84.554618835,Sandstone
11.453129768,2.347430706,0.1907182485,84.211708069,Sandstone
11.453110695,2.3467328548,0.1803242862,84.569831848,Sandstone
11.44208622,2.3587841988,0.1792561412,85.876296997,Sandstone
11.394093513,2.3570594788,0.1952454746,86.462181091,Sandstone
11.343559265,2.3227226734,0.2245508283,86.586738586,Sandstone
11.310997963,2.2889666557,0.2500278056,86.651359558,Sandstone
11.333786964,2.2746412754,0.2451877296,85.506713867,Sandstone
11.278422356,2.2900435925,0.2190406471,84.746910095,Sandstone
11.051294327,2.3213970661,0.2075267881,84.743675232,Sandstone
10.870265961,2.354726553,0.2217211127,84.118911743,Sandstone
10.762615204,2.3684568405,0.2335408926,81.410247803,Sandstone
10.647089958,2.35668993,0.2118799537,79.114402771,Sandstone
10.548287392,2.3467102051,0.1712164432,78.313194275,Sandstone
10.472031593,2.3584609032,0.1443214566,76.674659729,Sandstone
10.415634155,2.3902621269,0.1477477551,77.819274902,Sandstone
10.329491615,2.4268820286,0.1831071973,79.369033813,Sandstone
9.609375,2.4027512074,0.213416025,80.037666321,Sandstone
9.609375,2.4319839478,0.2078300416,77.672912598,Sandstone
9.9708871841,2.49858284,0.21405375,79.731040955,Sandstone
10.003791809,2.4555280209,0.2169689983,79.817596436,Sandstone
10.014484406,2.4164626598,0.2110614181,80.086181641,Sandstone
10.015629768,2.3910124302,0.1900752187,79.833381653,Sandstone
10.015629768,2.3835504055,0.1640828699,78.98613739,Sandstone
10.015629768,2.3904790878,0.1445753127,77.749168396,Sandstone
10.015629768,2.4093339443,0.1354394555,75.366439819,Sandstone
10.015629768,2.4364087582,0.1368921846,72.118408203,Sandstone
10.015629768,2.4683046341,0.1472029239,69.832756042,Sandstone
10.015629768,2.5020654202,0.1533153951,70.320785522,Sandstone
10.015629768,2.5375230312,0.1511640102,73.617088318,Sandstone
10.015629768,2.5694234371,0.1555158198,77.002944946,Sandstone
10.015629768,2.5698516369,0.1790619791,79.206214905,Sandstone
10.015629768,2.5295484066,0.213724196,80.438934326,Sandstone
10.015629768,2.4825296402,0.2363749444,81.234298706,Sandstone
10.015629768,2.4609537125,0.2436565161,82.391937256,Sandstone
10.015629768,2.4590642452,0.2445823103,83.366546631,Sandstone
10.015629768,2.4486298561,0.2396619171,83.311767578,Sandstone
10.015629768,2.4304244518,0.2239841968,82.280319214,Sandstone
10.015590668,2.4319658279,0.197710678,80.474502563,Sandstone
9.987154007,2.4662442207,0.1847405732,79.247367859,Sandstone
9.9392318726,2.5109300613,0.2027122378,80.266349792,Sandstone
9.916762352,2.5434992313,0.2446900606,82.696212769,Sandstone
9.896273613,2.5497448444,0.2820870578,84.864547729,Sandstone
9.8538131714,2.5406451225,0.2898245752,84.619621277,Sandstone
9.7109384537,2.5345499516,0.1182412803,64.845718384,Sandstone
9.7109384537,2.5549833775,0.0951178446,62.097499847,Sandstone
9.7109384537,2.5898795128,0.075266704,59.464984894,Sandstone
9.7109384537,2.6240503788,0.0521326251,57.045009613,Sandstone
9.7109384537,2.6476004124,0.032621488,56.804965973,Sandstone
9.7109384537,2.6515126228,0.0260595996,59.744697571,Sandstone
9.7109384537,2.6330635548,0.0339414552,65.585708618,Sandstone
9.7109384537,2.5925581455,0.0543458126,72.834747314,Sandstone
9.7109384537,2.5415093899,0.0853273347,78.574378967,Sandstone
9.7109384537,2.4975583553,0.1206917986,80.57661438,Sandstone
9.7109384537,2.4600045681,0.1479912549,79.356109619,Sandstone
9.7110414505,2.4332575798,0.2397396266,73.217071533,Coal
9.784781456,2.2946643829,0.2850036323,75.552383423,Coal
9.8713254929,2.0889325142,0.3441362977,77.692123413,Coal
9.9248218536,1.944231987,0.4160057902,78.04447937,Coal
9.9783172607,1.9078817368,0.4643904865,76.537239075,Coal
10.031813622,1.9575893879,0.4660057425,74.627563477,Coal
10.085309029,2.0710411072,0.4451498687,73.629180908,Coal
9.9066638947,2.2517857552,0.4267730713,73.33631134,Coal
9.7055702209,2.4525957108,0.4003544748,72.575302124,Coal
9.6394128799,2.5957877636,0.3601080179,71.710998535,Coal
9.8125,2.6464025974,0.218902275,69.482063293,Sandstone
9.8125,2.6413726807,0.2170066386,68.919937134,Sandstone
9.8272571564,2.6310942173,0.2014428228,67.351364136,Sandstone
9.8688602448,2.6256494522,0.1764538586,65.446342468,Sandstone
9.9049301147,2.6250259876,0.1507772654,64.505462646,Sandstone
9.9140644073,2.6237485409,0.127510488,66.692466736,Sandstone
9.9140644073,2.6134917736,0.111988768,71.827598572,Sandstone
9.9140644073,2.5816533566,0.1113365069,77.205444336,Sandstone
9.9140644073,2.5309274197,0.1248834357,80.213752747,Sandstone
9.9156322479,2.4808197021,0.1450973451,80.548751831,Sandstone
9.9381980896,2.4479396343,0.1605139375,80.299980164,Sandstone
9.9873180389,2.4359562397,0.1684881598,80.573158264,Sandstone
10.015629768,2.4353907108,0.1742302924,81.35546875,Sandstone
10.015629768,2.4368975163,0.1798472404,82.522239685,Sandstone
10.015629768,2.4359362125,0.1808525771,83.285057068,Sandstone
10.015629768,2.4285845757,0.1769003421,83.413246155,Sandstone
10.015629768,2.4140558243,0.1745845228,83.349716187,Sandstone
10.015629768,2.3935453892,0.1783584207,82.739509583,Sandstone
10.006767273,2.3686382771,0.1852210611,81.258041382,Sandstone
9.9907302856,2.3492674828,0.1874367148,80.566818237,Sandstone
9.991189003,2.3434007168,0.1825580001,81.380134583,Sandstone
9.9787130356,2.3498055935,0.1762298495,82.379768372,Sandstone
9.9362735748,2.3563330173,0.1739073247,82.743095398,Sandstone
9.9068861008,2.3516674042,0.1754178852,82.510162354,Sandstone
9.8760042191,2.3408894539,0.1758644581,82.16443634,Sandstone
9.8324069977,2.3371434212,0.1730193794,81.860458374,Sandstone
9.8125,2.3409841061,0.1743220985,81.792442322,Sandstone
9.8125,2.3468313217,0.1798700094,81.657791138,Sandstone
9.8125,2.3501615524,0.1842832863,81.243301392,Sandstone
9.8125,2.3492445946,0.1852903962,80.84715271,Sandstone
9.8125,2.3476192951,0.1839168519,80.38860321,Sandstone
9.8125,2.3460352421,0.1818937957,79.943534851,Sandstone
9.8125,2.3515126705,0.1755417585,79.782867432,Sandstone
9.8125123978,2.3636901379,0.1670401394,79.927635193,Sandstone
9.8190860748,2.3696680069,0.1608841866,79.83115387,Sandstone
9.8489456177,2.3677918911,0.159664765,79.594009399,Sandstone
9.8931074142,2.3672425747,0.1624312699,79.862533569,Sandstone
9.9140577316,2.376046896,0.1662683785,80.742347717,Sandstone
9.9140644073,2.3879082203,0.1663596481,81.880744934,Sandstone
9.9140644073,2.3905432224,0.1617516875,81.916511536,Sandstone
9.9140644073,2.3863914013,0.1570103765,80.763427734,Sandstone
9.9140853882,2.3944189548,0.1599728912,79.486907959,Sandstone
10.315742493,2.6172757149,0.3202829957,79.847587585,Sandstone
10.335945129,2.5607874393,0.2909979224,82.023933411,Sandstone
10.381994247,2.4957411289,0.2458235174,82.87613678,Sandstone
10.438407898,2.4388632774,0.2132617831,83.458732605,Sandstone
10.509914398,2.4021139145,0.2027822137,84.34551239,Sandstone
10.609405518,2.3851153851,0.199715361,84.773788452,Sandstone
10.708627701,2.3784291744,0.1939234734,83.743888855,Sandstone
10.781510353,2.3727402687,0.1893491894,82.127540588,Sandstone
10.824356079,2.3712286949,0.1880989373,81.287086487,Sandstone
10.860425949,2.3819918633,0.1845853329,80.732925415,Sandstone
10.908229828,2.4013986588,0.177524671,79.782165527,Sandstone
11.001161575,2.4320192337,0.3853681982,80.922714233,Sandstone
10.964796066,2.4226515293,0.3457720578,80.498252869,Sandstone
11.013749123,2.422260046,0.2618768215,80.216667175,Sandstone
11.046880722,2.4197990894,0.2017218024,80.0987854,Sandstone
11.046880722,2.407738924,0.1846272349,80.465263367,Sandstone
11.056207657,2.3980054855,0.1876495779,80.915161133,Sandstone
11.100745201,2.3904428482,0.1894235462,82.569763184,Sandstone
11.143947601,2.3798530102,0.1844082773,83.689537048,Sandstone
11.166947365,2.3662381172,0.1757510751,82.439483643,Sandstone
11.226501465,2.3551366329,0.1667591035,81.501899719,Sandstone
11.31857872,2.3565161228,0.1603874862,80.727272034,Sandstone
11.39714241,2.3700664043,0.1639014632,79.55531311,Sandstone
11.443037033,2.3799536228,0.1758326888,79.670806885,Sandstone
11.474830627,2.3730633259,0.1822683513,80.261306763,Sandstone
11.527695656,2.3555188179,0.174106732,80.231704712,Sandstone
11.58259964,2.3446695805,0.159237802,78.717277527,Sandstone
11.608963013,2.3542399406,0.1503926814,75.121261597,Sandstone
11.655260086,2.3929035664,0.1442752928,70.934593201,Sandstone
11.726039886,2.4568471909,0.1303746998,67.906478882,Sandstone
11.766373634,2.5218782425,0.1151722223,68.788650513,Sandstone
11.81394577,2.5467739105,0.1140933484,74.264579773,Sandstone
11.856165886,2.523219347,0.1324114501,79.169784546,Sandstone
11.859373093,2.4730370045,0.1613795012,81.716506958,Sandstone
11.868680954,2.4166800976,0.1786340326,83.196685791,Sandstone
11.923233032,2.3730549812,0.1798383594,82.873382568,Sandstone
11.968752861,2.3528347015,0.180863142,81.506591797,Sandstone
11.975164413,2.3559422493,0.1866422296,79.997444153,Sandstone
12.016062737,2.3751935959,0.1950472593,79.475097656,Sandstone
12.060483932,2.391513586,0.1968214214,80.321334839,Sandstone
12.070310593,2.395421505,0.1950027198,81.178672791,Sandstone
12.070310593,2.3811569214,0.1903333515,81.01424408,Sandstone
12.070310593,2.3624608517,0.1847210675,80.299766541,Sandstone
12.070310593,2.3571314812,0.1807347238,79.527397156,Sandstone
12.076516151,2.3611614704,0.1824698001,78.553230286,Sandstone
12.121058464,2.3658533096,0.1854483336,78.414855957,Sandstone
12.169599533,2.3710114956,0.1819671988,79.032165527,Sandstone
12.179690361,2.3760359287,0.175424993,79.013221741,Sandstone
12.179690361,2.3758621216,0.1685813665,78.978691101,Sandstone
12.179690361,2.3676898479,0.1667235047,79.355125427,Sandstone
12.179690361,2.3589646816,0.1716487259,78.547149658,Sandstone
12.179690361,2.3561048508,0.1764027476,76.339981079,Sandstone
12.179690361,2.3634591103,0.1795540601,72.977172852,Sandstone
12.179686546,2.3889892101,0.1768376082,69.226974487,Sandstone
12.17316246,2.429810524,0.1658063233,67.554718018,Sandstone
12.11852932,2.4671010971,0.1455406696,68.530204773,Sandstone
12.070314407,2.4750959873,0.1265779436,71.554275513,Sandstone
12.072078705,2.4459571838,0.1258220822,75.166511536,Sandstone
12.093241692,2.3949418068,0.1401714385,77.913551331,Sandstone
12.164480209,2.3501427174,0.1554270238,79.774589539,Sandstone
12.276238441,2.3277897835,0.1590211987,80.176559448,Sandstone
12.335930824,2.3223867416,0.1572718918,79.478469849,Sandstone
12.335944176,2.3222661018,0.1572266072,79.042709351,Sandstone
12.343050957,2.3226454258,0.1572028846,79.521133423,Sandstone
12.41720295,2.3269672394,0.156955421,80.32787323,Sandstone
12.484371185,2.3347790241,0.156943664,80.437019348,Sandstone
12.479188919,2.3434026241,0.1590451747,80.080619812,Sandstone
12.370656013,2.3559782505,0.1234472319,70.2889328,Sandstone
12.352350235,2.2935302258,0.107816048,66.359344482,Sandstone
12.33404541,2.235984087,0.0930502936,64.073524475,Sandstone
11.919278145,2.233795166,0.0836204961,64.229515076,Sandstone
11.018950462,2.2977073193,0.0804027542,66.849998474,Sandstone
10.219691277,2.3886520863,0.0859991908,70.30342865,Sandstone
9.7804965973,2.4576146603,0.097914286,72.538398743,Sandstone
9.5943613052,2.4838080406,0.1111485884,72.887123108,Sandstone
9.522102356,2.4938721657,0.1221733838,72.041519165,Sandstone
9.4873952866,2.5216696262,0.1291026473,70.234420776,Sandstone
9.4408845901,2.5694029331,0.1334266514,67.356620789,Sandstone
9.410402298,2.6186871529,0.1332519799,64.425086975,Sandstone
9.4062538147,2.6504485607,0.1271845549,61.946804047,Sandstone
9.40625,2.6701521873,0.1210617051,59.272644043,Sandstone
9.40625,2.6905596256,0.1191451922,56.997550964,Sandstone
9.4062538147,2.7051119804,0.1208835691,57.04511261,Sandstone
9.4133787155,2.700745821,0.121370919,59.394359589,Sandstone
9.4449214935,2.6798262596,0.1202705428,61.980552673,Sandstone
9.5079755783,2.658185482,0.1191083044,63.70356369,Sandstone
9.6050348282,2.6414613724,0.1168165654,64.840393066,Sandstone
9.7203607559,2.6245467663,0.1155046001,65.707473755,Sandstone
9.7915143967,2.6073846817,0.1164715216,66.468475342,Sandstone
9.7824392319,2.5988020897,0.1203982309,67.494606018,Sandstone
9.7182130814,2.5991048813,0.1300286949,68.521873474,Sandstone
9.6516304016,2.5939679146,0.1499016285,68.929885864,Sandstone
9.6385784149,2.5741345882,0.1807255596,69.675254822,Sandstone
9.740281105,2.5428774357,0.2186817676,71.584213257,Sandstone
9.9633903503,2.5122661591,0.2588726282,73.952201843,Sandstone
10.169501305,2.4884190559,0.2936807871,75.842124939,Sandstone
9.2096424103,2.5666046143,0.2930148244,76.788124084,Sandstone
9.3130435944,2.5246155262,0.2605555952,79.71295929,Sandstone
9.5331144333,2.4463391304,0.2154966295,81.423522949,Sandstone
9.7778949738,2.374515295,0.174892053,81.171310425,Sandstone
10.054704666,2.3348605633,0.1550002694,80.009155273,Sandstone
10.289325714,2.3284134865,0.1493666917,79.183166504,Sandstone
10.345603943,2.3274421692,0.1438008249,78.382995605,Sandstone
10.373498917,2.3242943287,0.1360932589,77.485221863,Sandstone
10.436548233,2.3355190754,0.1290714145,77.038253784,Sandstone
10.38793087,2.3598890305,0.1285732985,76.810577393,Sandstone
10.245182037,2.3806834221,0.1329339147,76.417930603,Sandstone
10.117716789,2.3811039925,0.1417979747,76.420791626,Sandstone
10.129386902,2.3678176403,0.1562696099,76.760108948,Sandstone
10.37898922,2.359357357,0.1695659012,77.04070282,Sandstone
10.652722359,2.3725759983,0.1743165702,77.332641602,Sandstone
10.74219799,2.3970112801,0.1711552888,77.463302612,Sandstone
13.990718842,1.932806015,0.3759772182,75.856018066,Coal
14.822938919,1.9138725996,0.3461362123,78.052085876,Coal
15.044071198,1.9165774584,0.3267523944,80.818656921,Coal
15.177657127,1.9124727249,0.3578145206,82.504173279,Coal
15.296375275,1.8968545198,0.4063663483,82.419830322,Coal
15.379170418,1.8750239611,0.429574877,80.797164917,Coal
15.307276726,1.8482943773,0.4264762104,79.303901672,Coal
15.235383987,1.820127964,0.42021963,78.392288208,Coal
15.163490295,1.7783054113,0.4126460254,77.851150513,Coal
15.091597557,1.7204037905,0.3975772262,78.50756073,Coal
14.367288589,1.7047587633,0.3920748532,79.342224121,Coal
12.151702881,1.8252302408,0.4085048735,79.028366089,Coal
10.100578308,2.10419631,0.4315098524,77.62437439,Coal
9.2434997559,2.4404325485,0.443993926,75.704978943,Coal
9.3553552628,2.4407401085,0.2086808681,76.167205811,Sandstone
9.1862192154,2.3650760651,0.2024183422,77.668395996,Sandstone
9.2446966171,2.3224055767,0.1930661649,79.577331543,Sandstone
9.3290538788,2.3120718002,0.173579827,80.918685913,Sandstone
9.3119802475,2.3195679188,0.1525033265,81.574371338,Sandstone
9.2420139313,2.3373818398,0.1452192813,82.229072571,Sandstone
9.2158641815,2.3571197987,0.1530874372,82.608955383,Sandstone
9.2821416855,2.3570830822,0.1619996876,82.047950745,Sandstone
9.4499168396,2.339851141,0.1657600403,81.328010559,Sandstone
9.6169481277,2.3351690769,0.1668778509,81.274024963,Sandstone
9.7347726822,2.3506410122,0.1676892936,81.431190491,Sandstone
9.9592599869,2.3592371941,0.1684462279,82.321136475,Sandstone
10.267850876,2.3434057236,0.1634513587,83.276679993,Sandstone
10.535007477,2.3167102337,0.1523298174,82.880462646,Sandstone
10.717510223,2.299724102,0.1395493895,82.274131775,Sandstone
10.685724258,2.2897253036,0.1361905485,82.278465271,Sandstone
10.542541504,2.2814188004,0.1411654651,82.466789246,Sandstone
10.537903786,2.2772467136,0.1426144242,82.844833374,Sandstone
10.510809898,2.2718720436,0.1457198411,83.124893188,Sandstone
10.21622467,2.2666289806,0.1555839032,83.36479187,Sandstone
10.005048752,2.2690300941,0.16917032,83.397064209,Sandstone
10.282168388,2.2786357403,0.1725671589,83.243492126,Sandstone
10.66878891,2.2790632248,0.1660569608,83.107559204,Sandstone
10.692146301,2.2610185146,0.1616159827,82.558914185,Sandstone
10.715504646,2.2493464947,0.1628990918,82.152076721,Sandstone
10.672863007,2.257401228,0.1698857546,82.551734924,Sandstone
10.429692268,2.2766811848,0.1764612794,82.77520752,Sandstone
10.432003975,2.2757406235,0.1833463907,83.385215759,Sandstone
10.439918518,2.2245738506,0.1940430403,86.134857178,Sandstone
10.358422279,2.1511011124,0.2109740824,89.705726624,Sandstone
9.0644168854,2.6512334347,0.2030285448,66.093048096,SandstoneShale
8.9708356857,2.7544229031,0.1947641075,64.311965942,Sandstone
8.9973058701,2.7336134911,0.2013450861,64.724113464,Sandstone
9.0612745285,2.6595776081,0.195641011,65.823760986,Sandstone
9.1927976608,2.5878388882,0.1772770137,66.588821411,Sandstone
9.1075181961,2.3679246902,0.3574238122,99.731948853,Coal
9.8770599365,2.0169563293,0.4094031453,103.85572052,Coal
11.608953476,1.8533482552,0.4359501898,99.080459595,Coal
12.393109322,1.8612017632,0.4401770532,93.919784546,Coal
11.929410934,1.9649947882,0.4296506643,86.457206726,Coal
11.763647079,2.0160768032,0.4235649705,80.078781128,Coal
11.92259407,1.9736009836,0.4066196978,78.254318237,Coal
12.45928669,1.8878974915,0.3586030006,75.808326721,Coal
12.92563343,1.8259421587,0.3271690011,72.36391449,Coal
13.062167168,1.8121352196,0.3340407014,71.107391357,Coal
13.189776421,1.8427475691,0.3322676122,72.64691925,Coal
13.281330109,1.8849118948,0.2903891206,73.517219543,Coal
13.27369976,1.8721123934,0.231579423,72.872741699,Coal
12.690589905,1.9121590853,0.1972446293,71.217292786,Coal
10.65698719,2.0627579689,0.2033221126,68.072463989,Coal
9.1422214508,2.3937911987,0.2111423016,65.261505127,Coal
10.128987312,2.4372975826,0.0943514407,67.495361328,Sandstone
10.228998184,2.337569952,0.0904847309,66.484405518,Sandstone
10.265021324,2.2994699478,0.0885884613,64.195800781,Sandstone
10.464894295,2.3272109032,0.0835668445,61.121284485,Sandstone
10.545100212,2.3943991661,0.0743403733,58.404914856,Sandstone
10.333206177,2.4716129303,0.0715662912,57.276977539,Sandstone
9.5264482498,2.5430240631,0.086941883,56.884773254,Sandstone
8.9533748627,2.5589103699,0.1094241068,57.883327484,Sandstone
9.0100650787,2.4412629604,0.1195559055,60.420055389,Sandstone
9.2621765137,2.2417912483,0.113360025,61.832584381,Coal
9.6457614899,2.0683355331,0.1015123576,64.768135071,Coal
9.9529829025,1.9590982199,0.0950958207,71.202064514,Coal
10.22712326,1.8964642286,0.1265509129,79.147117615,Coal
10.693826675,1.8783898354,0.2132100463,85.552101135,Coal
11.508273125,1.9360535145,0.3474960327,89.354568481,Coal
12.018602371,2.0496306419,0.4580688477,92.175437927,Coal
12.017112732,2.1523692608,0.4892620742,92.217269897,Coal
12.104977608,2.2159910202,0.4485755861,90.090324402,Coal
9.4652404785,2.1778409481,0.215255782,64.756141663,Coal
9.962518692,1.9898387194,0.2628984451,67.674621582,Coal
10.518910408,1.7604154348,0.388890475,70.504211426,Coal
11.123497009,1.6742291451,0.5146604776,71.639862061,Coal
10.587222099,1.7614774704,0.5517685413,71.919342041,Coal
9.8766565323,1.8459550142,0.4771646559,71.623069763,Coal
10.927224159,1.762049675,0.3473241031,67.457946777,Coal
12.474645615,1.5983370543,0.2349997312,67.375091553,Coal
13.149283409,1.5277011395,0.1733173877,64.800140381,Coal
13.288094521,1.5326577425,0.1575396657,67.594497681,Coal
13.296879768,1.5464431047,0.1996318847,76.815162659,Coal
13.296582222,1.5759649277,0.289198041,76.99407196,Coal
13.105532646,1.6409888268,0.3874434233,76.683738708,Coal
12.414627075,1.6851497889,0.4318382442,77.833114624,Coal
12.412746429,1.7117954493,0.4191476405,80.447967529,Coal
11.649267197,1.7622106075,0.4088402092,81.998443604,Coal
9.8907051086,1.9048043489,0.4520513713,81.159500122,Coal
9.3408908844,2.0839321613,0.5143946409,78.876449585,Coal
9.2968997955,2.1786472797,0.5192404985,75.859413147,Coal
10.546185493,1.7785980701,0.3622796237,75.302612305,Coal
11.093357086,1.5769927502,0.4447453022,78.146476746,Coal
11.403183937,1.4849512577,0.4580262601,80.491500854,Coal
11.804343224,1.5050419569,0.395965457,81.046180725,Coal
12.244245529,1.5697966814,0.3384861648,77.452598572,Coal
12.458292007,1.6209307909,0.3170309365,70.379547119,Coal
12.487689972,1.6768889427,0.2834185958,63.878562927,Coal
11.53316021,1.8173648119,0.2198593765,60.377620697,Coal
9.7562332153,2.0623307228,0.1561461538,59.118091583,Coal
8.8006229401,2.3359189034,0.1099905521,59.231311798,Coal
8.7446269989,2.4553995132,0.0835518762,60.486778259,Sandstone
8.888800621,2.4418754578,0.0719867274,61.659946442,Sandstone
9.9290390015,2.5748782158,0.1774352044,74.453033447,Sandstone
10.058916092,2.5297813416,0.1678760797,76.190551758,Sandstone
10.223579407,2.4861264229,0.1648835838,76.974494934,Sandstone
10.488829613,2.445476532,0.1721382141,77.06880188,Sandstone
10.832903862,2.4016888142,0.1775093079,77.43460083,Sandstone
11.076563835,2.3719973564,0.1679319441,77.455528259,Sandstone
10.947097778,2.3656153679,0.1471695453,77.066566467,Sandstone
10.605838776,2.3794062138,0.1263087988,76.375976563,Sandstone
10.395092964,2.3909795284,0.1086709499,75.285842896,Sandstone
10.295221329,2.4030168056,0.0944475681,74.517120361,Sandstone
10.329153061,2.3977415562,0.0853633508,73.864028931,Sandstone
10.504767418,2.3839690685,0.0823945031,73.404029846,Sandstone
10.529587746,2.3859405518,0.0834074691,73.9402771,Sandstone
10.51748848,2.3869063854,0.0873413458,74.678527832,Sandstone
10.726248741,2.3728837967,0.0952171162,74.409675598,Sandstone
10.969264984,2.3512420654,0.1046419218,73.199645996,Sandstone
11.097805023,2.3505716324,0.1136969775,71.320289612,Sandstone
10.803907394,2.3634688854,0.1254767627,69.342262268,Sandstone
10.374734879,2.3275473118,0.1367359757,67.738555908,Sandstone
10.742350578,2.2581989765,0.139069289,67.092323303,Sandstone
11.39244175,2.1217608452,0.1334064454,67.000053406,Sandstone
11.971499443,1.8650779724,0.123654753,67.210845947,Sandstone
13.805938721,1.586353898,0.1186848879,68.543167114,Coal
15.973855019,1.3908243179,0.1821088493,72.099838257,Coal
16.882541656,1.3049168587,0.3255881965,79.340782166,Coal
17.106630325,1.2883605957,0.4624413848,87.046524048,Coal
17.29743576,1.2923526764,0.5198066235,91.513679504,Coal
17.88458252,1.2993404865,0.5233896375,93.736351013,Coal
18.839046478,1.3048182726,0.5329529643,94.104064941,Coal
18.934381485,1.3086498976,0.5461996794,93.493629456,Coal
18.685573578,1.310964942,0.5382689834,92.623413086,Coal
18.436765671,1.3249053955,0.5263350606,91.175437927,Coal
18.187959671,1.361618638,0.516780138,88.388252258,Coal
17.939151764,1.4232330322,0.5207539797,84.235420227,Coal
16.515441895,1.5214960575,0.5399652123,79.669570923,Coal
14.243721008,1.6906285286,0.5616742969,75.270767212,Coal
11.560201645,1.9541349411,0.5592463017,72.143928528,Coal
9.7872276306,2.2612941265,0.4916018248,70.271217346,Coal
9.4321632385,2.4507567883,0.3720218539,68.910255432,Coal
9.5729608536,2.4794812202,0.2539048493,68.421615601,Coal
9.7620782852,2.4680161476,0.1820740402,68.549110413,Coal
9.9048938751,2.4703915119,0.1540647298,68.033996582,Sandstone
9.8507843018,2.4949119091,0.1477282643,67.237213135,Sandstone
9.5021820068,2.5407311916,0.1495410651,66.65221405,Sandstone
9.1267538071,2.5897967815,0.1514642686,66.025886536,Sandstone
8.9766321182,2.6057989597,0.1526999623,65.212028503,Sandstone
10.224202156,1.881639719,0.2002168894,71.254547119,Coal
11.670701027,1.6775368452,0.2789488137,75.015525818,Coal
12.50359726,1.61181283,0.372787714,77.252479553,Coal
12.807362556,1.6477154493,0.4339323938,77.20111084,Coal
12.969537735,1.7370325327,0.4658112526,76.173706055,Coal
13.204530716,1.8287165165,0.490901947,75.854110718,Coal
13.346087456,1.8858891726,0.512702167,75.004692078,Coal
12.980212212,1.9565633535,0.4755084515,72.768325806,Coal
12.2194767,2.0757467747,0.3557811975,69.748214722,Coal
10.908148766,2.2314527035,0.219989866,66.424377441,Coal
9.4826726913,2.3555827141,0.1387398839,64.640632629,Coal
9.157781601,2.3876445293,0.1201981381,65.18787384,Coal
9.4478158951,2.3623378277,0.121712178,65.858673096,Coal
9.5346431732,2.3532850742,0.1248775572,65.928871155,Sandstone
9.4465761185,2.372187376,0.127595067,66.167228699,Sandstone
9.3912506104,2.39757514,0.128413558,66.651649475,Sandstone
9.3404340744,2.427531004,0.1323958337,67.161689758,Sandstone
9.2072505951,2.4187180996,0.155346334,67.264289856,Sandstone
9.2889728546,2.2392096519,0.1854572743,66.565086365,Sandstone
10.707940102,1.8924232721,0.18554537,64.627159119,Sandstone
13.299013138,1.5683712959,0.1581481397,62.209316254,Sandstone
15.234127998,1.3736976385,0.167095691,62.122493744,Sandstone
15.969172478,1.2931052446,0.2597741187,66.923286438,Coal
16.329030991,1.2780866623,0.3932710886,75.858253479,Coal
