,LITHOLOGY
4917,SandstoneShale
9287,Limestone
1483,Chalk
5598,Sandstone
12339,Sandstone
10234,Tuff
11036,Sandstone
5107,SandstoneShale
1061,Limestone
11542,Limestone
10403,Tuff
2512,Limestone
1172,Chalk
492,Limestone
7598,Sandstone
1258,Chalk
4534,SandstoneShale
327,Sandstone
5421,Sandstone
6211,Sandstone
7071,SandstoneShale
4300,Sandstone
10397,Tuff
6701,Sandstone
12585,Sandstone
3431,SandstoneShale
7793,Sandstone
3797,SandstoneShale
3106,Sandstone
9728,Sandstone
7206,SandstoneShale
5515,Sandstone
13860,Sandstone
3265,Sandstone
10653,Sandstone
9333,Limestone
3455,SandstoneShale
8913,Sandstone
2057,Chalk
1074,Limestone
9322,Limestone
2959,SandstoneShale
5523,Sandstone
1183,Chalk
12449,Coal
10613,Sandstone
1094,Limestone
1607,Chalk
8765,Sandstone
9209,Limestone
9030,Sandstone
10293,Tuff
8932,Sandstone
361,Sandstone
2096,Chalk
5176,Sandstone
8761,Limestone
8754,SandstoneShale
7619,Sandstone
3579,Sandstone
5625,Sandstone
4318,Sandstone
11282,Limestone
12100,SandstoneShale
11017,Sandstone
9597,Limestone
3326,Sandstone
3067,SandstoneShale
13171,Coal
7621,Sandstone
4581,Sandstone
8956,Sandstone
5597,Sandstone
13365,Sandstone
2234,Limestone
28,Sandstone
4915,SandstoneShale
13316,Sandstone
7783,Sandstone
5944,Sandstone
11915,Limestone
3522,SandstoneShale
11083,Limestone
9452,Limestone
10324,Tuff
8412,Sandstone
10929,Sandstone
4320,Sandstone
5886,SandstoneShale
2639,Marl
4268,Sandstone
13311,Coal
4575,Sandstone
3626,SandstoneShale
3233,Limestone
626,Tuff
2473,Limestone
1047,Limestone
4840,SandstoneShale
3509,Sandstone
4795,SandstoneShale
6153,Sandstone
10282,Tuff
13685,Sandstone
7817,Sandstone
6197,Sandstone
5979,Coal
4292,SandstoneShale
10505,Sandstone
1385,Chalk
2642,Limestone
2625,Marl
10587,Sandstone
12078,SandstoneShale
12738,Coal
9807,Sandstone
6840,Sandstone
2780,Marl
12465,Sandstone
230,SandstoneShale
5247,Sandstone
807,SandstoneShale
12952,Sandstone
4517,SandstoneShale
1381,Chalk
7207,SandstoneShale
2273,Limestone
7253,SandstoneShale
7034,Limestone
5380,Sandstone
12076,SandstoneShale
2288,Limestone
11614,Limestone
625,Tuff
2256,Limestone
11658,Limestone
4988,SandstoneShale
2071,Chalk
9102,Sandstone
9199,Limestone
3747,SandstoneShale
4327,Sandstone
10468,SandstoneShale
1613,Chalk
8087,Tuff
3103,Sandstone
11955,Limestone
2854,Marl
6321,Sandstone
13358,Sandstone
13907,Sandstone
11292,Limestone
12848,SandstoneShale
2328,Limestone
1678,Chalk
11059,Sandstone
13698,Sandstone
10358,Tuff
4651,Sandstone
3480,SandstoneShale
11669,Limestone
10288,Tuff
9541,Marl
3994,SandstoneShale
13067,Sandstone
8607,Sandstone
8501,Sandstone
11097,Limestone
2602,Limestone
12441,Coal
1410,Chalk
6721,Sandstone
2972,SandstoneShale
2878,Sandstone
4627,Sandstone
9919,Sandstone
6589,Coal
2155,Limestone
3033,SandstoneShale
4096,SandstoneShale
865,SandstoneShale
10880,Sandstone
11418,Limestone
13733,Sandstone
6532,Sandstone
6939,Sandstone
2518,Marl
12257,Sandstone
9085,Sandstone
6552,Sandstone
3777,Sandstone
5769,Coal
1653,Chalk
4393,SandstoneShale
9796,Sandstone
13517,Sandstone
12358,Sandstone
7675,Sandstone
10738,Sandstone
13280,Coal
6263,Sandstone
4347,Sandstone
7408,SandstoneShale
4835,SandstoneShale
8493,Sandstone
683,Tuff
7477,Sandstone
2157,Marl
10707,Sandstone
7945,Tuff
12559,Sandstone
12443,Coal
1060,Limestone
10199,Tuff
7682,Sandstone
7432,SandstoneShale
4911,SandstoneShale
2756,SandstoneShale
7988,Tuff
11859,Limestone
2960,SandstoneShale
4104,SandstoneShale
11139,Limestone
12073,SandstoneShale
10416,Tuff
12704,Limestone
1063,Limestone
4895,SandstoneShale
11604,Limestone
11688,Limestone
1364,Chalk
6681,Sandstone
7147,SandstoneShale
11279,Limestone
4466,Sandstone
12216,Sandstone
3912,Sandstone
7086,SandstoneShale
9760,Limestone
13236,Coal
1970,Chalk
6292,Sandstone
12914,Sandstone
1261,Chalk
4441,SandstoneShale
10463,SandstoneShale
7794,Sandstone
7517,Sandstone
6672,Sandstone
4535,SandstoneShale
12008,Limestone
10254,Tuff
4281,Sandstone
4552,Sandstone
9955,Sandstone
6368,Coal
2254,Limestone
6985,SandstoneShale
6446,Coal
7315,SandstoneShale
10020,Sandstone
1350,Chalk
13516,Sandstone
1927,Chalk
4071,Sandstone
7358,SandstoneShale
2493,Marl
163,Limestone
3414,SandstoneShale
12383,Sandstone
7301,SandstoneShale
652,Tuff
10955,Sandstone
640,Tuff
13,SandstoneShale
10863,Sandstone
5394,Sandstone
12946,Sandstone
9267,Limestone
3660,Sandstone
4708,Sandstone
11383,Limestone
12260,Sandstone
5883,SandstoneShale
11913,Limestone
5477,Sandstone
635,Tuff
8566,Sandstone
8955,Sandstone
12574,Sandstone
9574,Limestone
5364,Sandstone
5715,Sandstone
2349,Limestone
84,Sandstone
4376,Sandstone
8572,Limestone
9152,Limestone
6760,Sandstone
2031,Chalk
4570,Sandstone
3175,Sandstone
7383,SandstoneShale
5814,Limestone
9375,Limestone
11305,Limestone
6291,Sandstone
10634,Sandstone
12759,SandstoneShale
13901,Sandstone
4591,SandstoneShale
5807,Marl
7395,SandstoneShale
3507,SandstoneShale
11703,Limestone
4524,Sandstone
11526,Limestone
2198,Limestone
7352,Sandstone
1033,Limestone
12631,Coal
11768,Limestone
4680,SandstoneShale
13640,Sandstone
10060,Sandstone
11412,Limestone
4367,Sandstone
131,Limestone
12451,Coal
662,Tuff
1079,Limestone
1489,Chalk
11440,Limestone
7327,SandstoneShale
6650,Sandstone
6150,Sandstone
957,Limestone
13460,Sandstone
5273,SandstoneShale
956,Limestone
8330,Sandstone
10362,Tuff
6996,SandstoneShale
13018,Sandstone
540,Limestone
3460,Sandstone
8849,Sandstone
5138,Sandstone
8267,Sandstone
8482,Sandstone
4850,SandstoneShale
849,SandstoneShale
7925,Tuff
4767,SandstoneShale
11750,Limestone
5819,Marl
12628,Coal
3897,Sandstone
12907,Sandstone
7876,Sandstone
5894,SandstoneShale
10289,Tuff
5809,Marl
9883,Sandstone
8359,Sandstone
6857,Sandstone
584,Tuff
7721,Sandstone
8146,Tuff
4142,SandstoneShale
2367,Limestone
13679,Sandstone
9956,Sandstone
12095,SandstoneShale
6818,Sandstone
7319,SandstoneShale
644,Tuff
3894,Sandstone
10845,Sandstone
6317,SandstoneShale
4362,Sandstone
11200,Limestone
2712,Marl
12556,Sandstone
3519,SandstoneShale
11398,Limestone
3187,Sandstone
9271,Limestone
12164,Sandstone
2788,Marl
7670,Sandstone
12313,Sandstone
9829,Sandstone
1621,Chalk
10944,Sandstone
6871,Sandstone
7095,SandstoneShale
9693,Sandstone
7520,Sandstone
10958,Sandstone
1962,Chalk
6784,Sandstone
6343,Sandstone
7888,Sandstone
4270,Sandstone
2608,Marl
2274,Limestone
2379,Limestone
1999,Chalk
11596,Limestone
169,Limestone
4978,SandstoneShale
1163,Chalk
13252,Sandstone
2843,Marl
468,Sandstone
1284,Marl
3246,Limestone
7606,Sandstone
9907,Sandstone
7081,SandstoneShale
13825,Sandstone
13638,Sandstone
8192,Tuff
10862,Sandstone
5080,SandstoneShale
5521,Sandstone
12919,Sandstone
10981,Sandstone
12722,Coal
2164,Limestone
1780,Chalk
155,Limestone
8811,Limestone
13866,Coal
5302,Sandstone
214,SandstoneShale
9969,Sandstone
12238,Sandstone
2880,Sandstone
3230,Limestone
7462,Sandstone
778,SandstoneShale
12081,SandstoneShale
2700,Marl
1537,Chalk
434,Sandstone
11582,Limestone
8415,Sandstone
9200,Limestone
10585,Sandstone
6972,SandstoneShale
3513,Sandstone
4255,Sandstone
8603,Sandstone
1112,Limestone
7663,Sandstone
9122,Sandstone
5393,Sandstone
10906,Sandstone
10593,Sandstone
8670,Sandstone
4110,SandstoneShale
2206,Limestone
7407,SandstoneShale
637,Tuff
7289,SandstoneShale
13407,Sandstone
5294,Sandstone
10264,Tuff
3372,SandstoneShale
2724,SandstoneShale
6483,Sandstone
922,Limestone
8202,Limestone
3807,SandstoneShale
2704,Marl
11931,Limestone
7508,Sandstone
2904,Limestone
12926,Sandstone
12541,Sandstone
1009,Limestone
11340,Limestone
5528,Sandstone
1141,Chalk
3009,SandstoneShale
8409,Sandstone
10764,Sandstone
2242,Limestone
2638,Marl
5177,Sandstone
13810,Sandstone
10678,Sandstone
2746,SandstoneShale
13387,Coal
8552,Sandstone
2526,Marl
8076,Tuff
10560,Sandstone
7428,SandstoneShale
7690,Sandstone
1342,Chalk
1688,Chalk
7707,Sandstone
2632,Limestone
11107,Limestone
2066,Chalk
11188,Limestone
3167,Sandstone
12206,Sandstone
13842,Coal
8641,Sandstone
10096,Sandstone
1958,Chalk
972,Limestone
8362,Sandstone
2382,Limestone
6413,Sandstone
3696,SandstoneShale
3654,Sandstone
9588,Limestone
9312,Limestone
6581,Sandstone
8118,Tuff
2090,Chalk
4183,SandstoneShale
13876,Coal
7655,Sandstone
409,Sandstone
8187,Tuff
8257,Sandstone
1296,Chalk
9909,Sandstone
11491,Limestone
428,Sandstone
7653,Sandstone
3850,Sandstone
6981,SandstoneShale
7716,Sandstone
7734,Sandstone
11803,Limestone
8647,Sandstone
13276,Coal
13572,Sandstone
6451,Coal
12350,Sandstone
3603,SandstoneShale
4344,Sandstone
12615,Coal
2300,Limestone
8079,Tuff
9262,Limestone
9856,Sandstone
1985,Chalk
4006,SandstoneShale
12199,Sandstone
11463,Limestone
5601,Sandstone
1471,Chalk
4481,Sandstone
8290,Sandstone
9680,Limestone
13574,Sandstone
3851,SandstoneShale
9263,Limestone
5681,Sandstone
11031,Sandstone
8141,Tuff
12852,SandstoneShale
11288,Limestone
11242,Limestone
10250,Tuff
4649,Sandstone
5172,Sandstone
7039,SandstoneShale
925,Limestone
3348,SandstoneShale
8963,Sandstone
8495,Sandstone
2764,SandstoneShale
100,Limestone
7696,Sandstone
7381,SandstoneShale
6751,Sandstone
9972,Sandstone
13645,Sandstone
1266,Chalk
12797,Sandstone
6330,Sandstone
8419,Sandstone
3061,SandstoneShale
5381,Sandstone
127,Limestone
11168,Limestone
1142,Chalk
5264,SandstoneShale
443,Sandstone
12253,Sandstone
181,Limestone
592,Tuff
9947,Sandstone
5321,Sandstone
5299,Sandstone
7895,Sandstone
1981,Chalk
12483,Sandstone
7468,Sandstone
648,Tuff
3815,SandstoneShale
11785,Limestone
10372,Tuff
12552,Sandstone
509,Limestone
2879,Sandstone
12724,Coal
3222,Sandstone
5988,Sandstone
9689,Limestone
844,SandstoneShale
2922,Marl
11512,Limestone
4454,Sandstone
1916,Chalk
6259,Sandstone
3401,Limestone
13535,Sandstone
6025,SandstoneShale
6088,Sandstone
5005,SandstoneShale
2570,Marl
10380,Tuff
11887,Limestone
5789,Marl
736,SandstoneShale
4408,Sandstone
88,SandstoneShale
6385,Sandstone
13863,Coal
1087,Limestone
10721,Sandstone
10137,Dolomite
7946,Tuff
2151,Limestone
11252,Limestone
11359,Limestone
4749,SandstoneShale
8820,Limestone
10148,Dolomite
2726,SandstoneShale
13710,Sandstone
5047,SandstoneShale
3141,Sandstone
12743,Coal
7631,Sandstone
11984,Limestone
10510,Sandstone
13831,Sandstone
12770,SandstoneShale
8690,Sandstone
5368,Sandstone
404,Sandstone
9535,Marl
4525,SandstoneShale
5824,Marl
3680,Sandstone
9317,Limestone
4560,Sandstone
190,Limestone
11027,Sandstone
10404,Tuff
13227,Coal
13556,Sandstone
8617,Sandstone
7257,SandstoneShale
5913,Limestone
9615,Limestone
341,Sandstone
1991,Chalk
803,SandstoneShale
4103,SandstoneShale
10935,Sandstone
13970,Coal
2008,Chalk
9542,Limestone
7625,Sandstone
5025,SandstoneShale
13960,Coal
1519,Chalk
8140,Tuff
6126,Sandstone
6234,Sandstone
2782,Marl
13404,SandstoneShale
5647,Sandstone
4604,Sandstone
12849,SandstoneShale
9987,Sandstone
1707,Chalk
2390,Limestone
9324,Limestone
289,Sandstone
12418,Coal
4553,Sandstone
8598,Sandstone
2930,Marl
8002,Tuff
8788,Sandstone
6166,Sandstone
13228,Coal
2589,Marl
7400,SandstoneShale
12647,Sandstone
6545,Sandstone
6821,Sandstone
2063,Chalk
9853,Sandstone
12652,Sandstone
9031,Sandstone
12622,Coal
13790,Coal
10769,Sandstone
1683,Chalk
10124,Sandstone
6,SandstoneShale
6544,Sandstone
623,Tuff
9715,Sandstone
9421,Limestone
6030,Sandstone
7244,SandstoneShale
641,Tuff
3520,SandstoneShale
3970,SandstoneShale
3735,SandstoneShale
2887,Sandstone
12858,SandstoneShale
12289,Sandstone
11558,Limestone
307,SandstoneShale
3391,SandstoneShale
4360,Sandstone
12065,SandstoneShale
10147,Dolomite
3817,SandstoneShale
1099,Limestone
13461,Sandstone
10683,Sandstone
4489,Sandstone
2693,Marl
13379,Sandstone
5117,SandstoneShale
9772,Sandstone
2529,Marl
12462,Sandstone
12959,Sandstone
6360,SandstoneShale
4540,Sandstone
3853,SandstoneShale
10290,Tuff
13753,Sandstone
8748,Sandstone
5068,SandstoneShale
5411,Sandstone
3825,Sandstone
485,Sandstone
6357,SandstoneShale
2109,Limestone
9083,Sandstone
8402,Sandstone
10491,Sandstone
13805,Sandstone
3835,Sandstone
189,Limestone
12195,Sandstone
2513,Limestone
7815,Sandstone
397,Sandstone
8241,Sandstone
5948,Sandstone
3635,SandstoneShale
1188,Marl
2903,Limestone
8777,Sandstone
5398,Sandstone
7971,Tuff
10706,Sandstone
1753,Chalk
4946,SandstoneShale
5400,Sandstone
5115,SandstoneShale
13566,Sandstone
3913,Sandstone
9374,Limestone
13081,Sandstone
8048,Tuff
10993,Sandstone
12810,SandstoneShale
7387,SandstoneShale
9371,Limestone
8737,Sandstone
5252,Sandstone
7394,SandstoneShale
1570,Chalk
3069,SandstoneShale
8316,Sandstone
12432,Sandstone
3572,Sandstone
7313,SandstoneShale
4780,SandstoneShale
2881,Sandstone
10366,Tuff
367,Sandstone
6272,Sandstone
6800,Sandstone
9983,Sandstone
8676,Sandstone
8122,Tuff
7900,Sandstone
8215,Limestone
6487,Sandstone
13871,Coal
5736,Sandstone
8233,Sandstone
7150,SandstoneShale
1384,Chalk
6592,Coal
3392,SandstoneShale
4782,SandstoneShale
7393,SandstoneShale
6216,Sandstone
11865,Limestone
6475,Sandstone
1525,Chalk
5635,Sandstone
7418,SandstoneShale
8986,Sandstone
12187,Sandstone
7463,Sandstone
8356,Sandstone
11248,Limestone
160,Limestone
1418,Chalk
4490,Sandstone
6944,SandstoneShale
3555,SandstoneShale
10518,Sandstone
9887,Sandstone
7856,Sandstone
11299,Limestone
12582,Sandstone
2921,Marl
5751,Sandstone
12594,Sandstone
1018,Limestone
9628,Limestone
1390,Chalk
8846,Sandstone
3538,Sandstone
11006,Sandstone
7588,Sandstone
12651,Sandstone
8124,Tuff
9788,Sandstone
1433,Chalk
12712,Coal
8866,Sandstone
4805,SandstoneShale
8911,Sandstone
3062,SandstoneShale
9888,Sandstone
6480,Sandstone
3344,SandstoneShale
9077,Sandstone
4938,SandstoneShale
10021,Sandstone
5895,SandstoneShale
6125,Sandstone
2119,Limestone
6347,Sandstone
7290,SandstoneShale
1240,Chalk
1593,Chalk
8323,Sandstone
2722,SandstoneShale
320,Sandstone
12285,Sandstone
2717,Marl
10161,Limestone
603,Tuff
4703,Sandstone
10480,Sandstone
3026,SandstoneShale
191,Limestone
9644,Limestone
13719,Sandstone
6344,Sandstone
2738,SandstoneShale
9160,Limestone
9933,Sandstone
7708,Sandstone
11025,Sandstone
976,Limestone
9549,Limestone
5526,Sandstone
613,Tuff
9440,Limestone
3616,Sandstone
9776,Sandstone
802,SandstoneShale
5192,Sandstone
10745,Sandstone
184,Limestone
6556,Sandstone
3199,Sandstone
4757,SandstoneShale
11495,Limestone
6075,Sandstone
4762,SandstoneShale
4290,Sandstone
7918,Tuff
9544,Limestone
10953,Sandstone
2377,Limestone
1507,Chalk
13628,Coal
224,SandstoneShale
581,Tuff
304,SandstoneShale
1493,Chalk
3707,SandstoneShale
5757,Sandstone
13000,Sandstone
6753,Sandstone
4787,SandstoneShale
1947,Chalk
12630,Coal
4597,Sandstone
4833,SandstoneShale
11847,Limestone
6404,Sandstone
5495,Sandstone
6406,Sandstone
5677,Sandstone
2178,Limestone
10558,Sandstone
6407,Sandstone
12057,SandstoneShale
8865,Sandstone
5743,Sandstone
10672,Sandstone
3586,Sandstone
4323,Sandstone
4217,Sandstone
1900,Chalk
4331,Sandstone
13890,Coal
7546,Sandstone
6706,Sandstone
6312,SandstoneShale
13128,Sandstone
13458,Sandstone
7454,Sandstone
4676,SandstoneShale
7554,Sandstone
3123,Sandstone
3110,Sandstone
4807,SandstoneShale
5675,Sandstone
9613,Limestone
3787,Sandstone
8954,Sandstone
4966,SandstoneShale
4090,SandstoneShale
11798,Limestone
11987,Limestone
11066,Sandstone
1456,Chalk
2686,Limestone
3064,SandstoneShale
11607,Limestone
4238,Sandstone
8696,Sandstone
9204,Limestone
3162,Sandstone
5434,Sandstone
6225,Sandstone
7300,SandstoneShale
5124,Sandstone
83,Sandstone
4271,Sandstone
3529,Sandstone
4509,Sandstone
12635,Coal
4316,Sandstone
1133,Chalk
1774,Chalk
1140,Chalk
5326,Sandstone
5610,Sandstone
7743,Sandstone
12452,Coal
7361,SandstoneShale
2761,SandstoneShale
8626,Sandstone
795,SandstoneShale
704,Tuff
3005,SandstoneShale
10280,Tuff
1777,Chalk
4236,Sandstone
4176,SandstoneShale
6201,Sandstone
3000,SandstoneShale
11650,Limestone
7391,SandstoneShale
6550,Sandstone
13486,Sandstone
6813,Sandstone
2091,Chalk
13734,Sandstone
11938,Limestone
3515,SandstoneShale
4920,SandstoneShale
7005,SandstoneShale
1336,Chalk
7414,SandstoneShale
12771,Sandstone
12613,Coal
5922,Sandstone
494,Limestone
3537,Sandstone
1961,Chalk
13706,Sandstone
3293,Sandstone
11629,Limestone
3474,SandstoneShale
4636,SandstoneShale
7031,Limestone
1594,Chalk
6543,Sandstone
9737,Sandstone
10212,Tuff
8977,Sandstone
5129,SandstoneShale
2115,Marl
9845,Sandstone
6880,SandstoneShale
293,Sandstone
8287,Sandstone
7277,SandstoneShale
10562,Sandstone
2620,Limestone
5589,Sandstone
1466,Chalk
8268,Sandstone
6902,SandstoneShale
9302,Limestone
11801,Limestone
3900,Sandstone
13829,Sandstone
5612,Sandstone
10364,Tuff
8275,Sandstone
6156,Sandstone
5554,Sandstone
9049,Sandstone
13573,Sandstone
11679,Limestone
13198,Coal
13711,Sandstone
8773,Sandstone
2504,Marl
3911,Sandstone
11065,Sandstone
10658,Sandstone
12991,Sandstone
1041,Limestone
11695,Limestone
7812,Sandstone
8295,Sandstone
3759,Sandstone
4804,Sandstone
8693,Sandstone
2312,Limestone
11736,Limestone
6950,Sandstone
7594,Sandstone
3623,SandstoneShale
474,Sandstone
11834,Limestone
6643,Sandstone
1530,Chalk
10473,SandstoneShale
8905,Sandstone
11011,Sandstone
4670,SandstoneShale
8583,Sandstone
6761,Sandstone
2884,Sandstone
11098,Limestone
12360,Sandstone
5616,Sandstone
2174,Limestone
3308,Sandstone
772,SandstoneShale
3632,SandstoneShale
9550,Limestone
13043,Sandstone
7392,SandstoneShale
11196,Limestone
9970,Sandstone
4662,SandstoneShale
6128,Sandstone
11211,Limestone
7841,Sandstone
9339,Limestone
628,Tuff
11722,Limestone
2770,Sandstone
13859,Sandstone
7860,Sandstone
1969,Chalk
7203,SandstoneShale
1567,Chalk
13872,Coal
4854,SandstoneShale
12640,Coal
6945,SandstoneShale
4852,SandstoneShale
9240,Limestone
3442,Sandstone
6313,SandstoneShale
4997,SandstoneShale
6445,Coal
6898,SandstoneShale
10810,Sandstone
211,SandstoneShale
11128,Limestone
8444,Sandstone
1399,Chalk
11753,Limestone
2175,Limestone
6440,Sandstone
10878,Sandstone
11431,Limestone
2517,Limestone
13701,Sandstone
5793,Marl
5685,Sandstone
5448,Sandstone
4952,SandstoneShale
5771,Marl
3453,SandstoneShale
435,Sandstone
4405,Sandstone
9651,Limestone
6274,Sandstone
4982,Sandstone
12929,Sandstone
5028,SandstoneShale
7117,SandstoneShale
3999,SandstoneShale
1421,Chalk
11759,Limestone
4646,Sandstone
10543,Sandstone
13470,SandstoneShale
1624,Chalk
11555,Limestone
3906,Sandstone
13473,Sandstone
2268,Limestone
7025,SandstoneShale
9370,Limestone
899,Limestone
10739,Sandstone
13273,Coal
6031,Sandstone
4366,Sandstone
1732,Chalk
8725,Sandstone
167,Limestone
4406,Sandstone
4880,SandstoneShale
9103,Sandstone
5976,Coal
406,Sandstone
3760,Sandstone
3178,Sandstone
11972,Limestone
7880,Sandstone
12433,Sandstone
1439,Chalk
969,Limestone
725,SandstoneShale
1011,Limestone
11023,Sandstone
10592,Sandstone
11451,Limestone
6210,Sandstone
13622,Sandstone
11546,Limestone
5650,Sandstone
6393,Sandstone
1824,Chalk
7627,Sandstone
12524,Sandstone
298,SandstoneShale
4774,SandstoneShale
7283,SandstoneShale
2465,Limestone
2489,Marl
16,SandstoneShale
2320,Limestone
13804,Sandstone
4665,SandstoneShale
11577,Limestone
13806,Sandstone
12725,Coal
13042,Sandstone
13359,Sandstone
13238,Coal
4744,SandstoneShale
11610,Limestone
11627,Limestone
9405,Limestone
1512,Chalk
13787,Sandstone
2915,Marl
11904,Limestone
5046,SandstoneShale
13406,Sandstone
1556,Marl
2571,Limestone
13735,Sandstone
5958,Sandstone
10220,Tuff
2525,Marl
7060,SandstoneShale
1054,Limestone
3019,SandstoneShale
12193,Sandstone
8029,Tuff
1677,Chalk
10816,Sandstone
2544,Marl
238,SandstoneShale
3397,SandstoneShale
7897,Sandstone
11697,Limestone
5197,Sandstone
6389,Sandstone
10375,Tuff
4888,SandstoneShale
7141,SandstoneShale
13324,Sandstone
6013,Sandstone
5550,Sandstone
40,Sandstone
7923,Tuff
11274,Limestone
10433,Tuff
11177,Limestone
6604,Coal
7055,SandstoneShale
13179,Coal
1558,Marl
13931,Coal
10600,Sandstone
8281,Sandstone
9663,Limestone
7078,SandstoneShale
2974,SandstoneShale
8363,Sandstone
8535,Sandstone
2800,Marl
10231,Tuff
6689,Sandstone
12780,Coal
6938,Sandstone
2045,Chalk
6469,Coal
11869,Limestone
2007,Chalk
6574,Sandstone
10037,Sandstone
11976,Limestone
11297,Limestone
7718,Sandstone
11462,Limestone
6104,Sandstone
10373,Tuff
1128,Chalk
8189,Tuff
2728,SandstoneShale
8020,Tuff
11800,Limestone
4000,SandstoneShale
6276,Sandstone
6024,SandstoneShale
11874,Limestone
1810,Chalk
4305,Sandstone
8616,Sandstone
10029,Sandstone
10275,Tuff
3578,Sandstone
10408,Tuff
10610,Sandstone
8208,Limestone
13346,Sandstone
3762,Sandstone
11967,Limestone
11223,Limestone
3887,SandstoneShale
6249,Sandstone
11436,Limestone
11857,Limestone
13039,Sandstone
2613,Marl
6149,Sandstone
8901,Sandstone
3541,Sandstone
3477,SandstoneShale
3742,Sandstone
263,Limestone
2596,Limestone
12272,Sandstone
8158,Tuff
1652,Marl
442,Sandstone
12474,Sandstone
6222,Sandstone
585,Tuff
10233,Tuff
5178,Sandstone
9499,Limestone
10241,Tuff
10377,Tuff
2351,Limestone
7768,Sandstone
3720,SandstoneShale
13399,SandstoneShale
4583,Sandstone
4132,SandstoneShale
4657,SandstoneShale
10162,Limestone
11227,Limestone
4612,SandstoneShale
3296,Sandstone
3649,Sandstone
13026,Sandstone
4012,SandstoneShale
8512,Sandstone
11603,Limestone
4875,SandstoneShale
10676,Sandstone
2035,Chalk
5817,Marl
2252,Limestone
6995,SandstoneShale
2923,Marl
1388,Chalk
13649,Sandstone
7101,SandstoneShale
3708,SandstoneShale
3266,Sandstone
4758,SandstoneShale
5443,Sandstone
9769,Sandstone
8006,Tuff
6473,Sandstone
2664,Marl
10709,Sandstone
7374,SandstoneShale
4843,SandstoneShale
10502,Sandstone
11622,Limestone
2624,Marl
9953,Sandstone
10343,Tuff
580,Tuff
11505,Limestone
8457,Sandstone
6264,Sandstone
6352,SandstoneShale
4351,Sandstone
60,Sandstone
13105,SandstoneShale
13012,Sandstone
10129,Sandstone
3924,SandstoneShale
1976,Chalk
13024,Sandstone
532,Limestone
1369,Chalk
5096,Sandstone
8806,Limestone
10253,Tuff
11820,Limestone
9531,Marl
418,Sandstone
10581,Sandstone
6105,Sandstone
1015,Limestone
3248,Sandstone
4054,SandstoneShale
11245,Limestone
8694,Sandstone
11178,Limestone
9314,Limestone
7740,Sandstone
2423,Limestone
2939,Marl
1966,Chalk
7311,SandstoneShale
3722,SandstoneShale
9941,Sandstone
9014,Sandstone
12546,Sandstone
12656,Sandstone
6486,Sandstone
10916,Sandstone
13376,Sandstone
8133,Tuff
9457,Limestone
4645,Sandstone
3661,Sandstone
4476,Sandstone
6054,Sandstone
5590,Sandstone
8959,Sandstone
12217,Sandstone
186,Limestone
38,Sandstone
9299,Limestone
6252,Sandstone
9239,Limestone
2679,Marl
4072,SandstoneShale
12252,Sandstone
7936,Tuff
1156,Chalk
1403,Chalk
4874,SandstoneShale
1563,Chalk
11363,Limestone
7388,SandstoneShale
10759,Sandstone
6900,SandstoneShale
8531,Sandstone
10801,Sandstone
8272,Sandstone
11751,Limestone
8837,Sandstone
11476,Limestone
9496,Limestone
8828,Sandstone
3050,SandstoneShale
7837,Sandstone
5132,SandstoneShale
2170,Limestone
4334,Sandstone
5544,Sandstone
10790,Sandstone
5662,Sandstone
2246,Limestone
12024,Coal
12030,Coal
12093,SandstoneShale
3284,Sandstone
121,Limestone
5943,Sandstone
2851,Marl
8221,SandstoneShale
3220,Sandstone
5433,Sandstone
2995,SandstoneShale
2160,Marl
9666,Limestone
8759,Limestone
372,Sandstone
5680,Sandstone
12666,Sandstone
7704,Sandstone
6593,Coal
5816,Limestone
7226,SandstoneShale
4668,SandstoneShale
1495,Chalk
7328,SandstoneShale
9441,Limestone
611,Tuff
12878,Coal
6715,Sandstone
13768,Sandstone
1508,Chalk
205,SandstoneShale
14,SandstoneShale
10389,Tuff
414,Sandstone
7672,Sandstone
9595,Limestone
7162,SandstoneShale
5759,Sandstone
3059,SandstoneShale
4395,SandstoneShale
8790,Sandstone
2799,Marl
4469,SandstoneShale
7911,Tuff
1409,Chalk
5833,Marl
2124,Limestone
12338,Sandstone
11932,Limestone
5800,Marl
786,Limestone
7485,Sandstone
9147,Limestone
11951,Limestone
9362,Limestone
8732,Sandstone
13002,Sandstone
11818,Limestone
12296,Sandstone
2999,SandstoneShale
955,Limestone
10357,Tuff
13927,Coal
9555,Limestone
7629,Sandstone
481,Sandstone
912,Limestone
8763,Limestone
4523,Sandstone
7164,SandstoneShale
9252,Limestone
2743,SandstoneShale
383,Sandstone
10371,Tuff
11249,Limestone
12419,Coal
213,SandstoneShale
12998,Sandstone
5643,Sandstone
3977,SandstoneShale
13413,Sandstone
2682,Marl
4913,SandstoneShale
2023,Chalk
5786,Marl
5512,Sandstone
12653,Sandstone
5867,SandstoneShale
6517,Sandstone
1105,Limestone
9401,Limestone
50,Sandstone
12764,SandstoneShale
3426,Sandstone
12728,Coal
13116,SandstoneShale
13169,Coal
13041,Sandstone
355,Sandstone
11860,Limestone
4818,SandstoneShale
1787,Chalk
11385,Limestone
7687,Sandstone
13136,Sandstone
13809,Sandstone
63,Sandstone
13374,Sandstone
7351,Sandstone
7600,Sandstone
8251,Sandstone
900,Limestone
12202,Sandstone
11756,Limestone
11708,Limestone
505,Limestone
8511,Sandstone
13686,Sandstone
3303,Sandstone
6107,Sandstone
1144,Chalk
6041,Sandstone
3070,SandstoneShale
2944,SandstoneShale
13672,Sandstone
12748,SandstoneShale
1289,Marl
4093,SandstoneShale
13078,Sandstone
2600,Limestone
5287,Sandstone
2950,SandstoneShale
10471,SandstoneShale
10098,Sandstone
2152,Limestone
12941,Sandstone
12495,Sandstone
7572,Sandstone
2218,Limestone
2280,Limestone
685,Tuff
6436,Sandstone
12170,Sandstone
10913,Sandstone
796,SandstoneShale
2953,SandstoneShale
1929,Chalk
9552,Limestone
9724,Sandstone
13554,Sandstone
13643,Sandstone
12062,SandstoneShale
1751,Chalk
7826,Sandstone
11549,Limestone
8780,Sandstone
6679,Sandstone
11638,Limestone
13783,Sandstone
7875,Sandstone
7494,Sandstone
4218,Sandstone
7805,Sandstone
2430,Limestone
13763,Sandstone
4857,Sandstone
13417,Sandstone
4877,Sandstone
8368,Sandstone
8565,Sandstone
8012,Tuff
10004,Sandstone
8392,Sandstone
5653,Sandstone
6983,SandstoneShale
9409,Limestone
13714,Sandstone
3957,Sandstone
8488,Sandstone
1843,Chalk
5796,Marl
6262,Sandstone
11267,Limestone
1764,Chalk
2566,Marl
7952,Tuff
6045,Sandstone
9714,Sandstone
2993,SandstoneShale
8075,Tuff
1008,Limestone
12899,Sandstone
13314,Sandstone
10635,Sandstone
502,Limestone
676,Limestone
7519,Sandstone
4025,SandstoneShale
12027,Coal
13168,Coal
7957,Tuff
11642,Limestone
3038,SandstoneShale
2861,Marl
3995,SandstoneShale
13725,Sandstone
7098,SandstoneShale
10314,Tuff
7091,SandstoneShale
7006,SandstoneShale
1948,Chalk
5336,Sandstone
10394,Tuff
1686,Chalk
1840,Chalk
6524,Sandstone
8329,Sandstone
3918,Sandstone
7100,SandstoneShale
5644,Sandstone
8485,Sandstone
2997,SandstoneShale
571,Tuff
7980,Tuff
12890,Coal
7469,Sandstone
386,Sandstone
10761,Sandstone
11175,Limestone
8484,Sandstone
7668,Sandstone
8530,Sandstone
8099,Tuff
303,SandstoneShale
11185,Limestone
9652,Limestone
5133,SandstoneShale
4353,Sandstone
5970,Sandstone
12575,Sandstone
6453,Coal
13687,Sandstone
11404,Limestone
555,Limestone
9828,Sandstone
6349,SandstoneShale
5015,SandstoneShale
4018,SandstoneShale
6626,Coal
8380,Sandstone
2907,Marl
13793,Coal
10155,Dolomite
6666,Sandstone
1295,Chalk
6121,Sandstone
2731,SandstoneShale
8801,Limestone
5460,Sandstone
3313,Limestone
1801,Chalk
12469,Sandstone
11009,Sandstone
13675,Sandstone
7961,Tuff
10904,Sandstone
10252,Tuff
9327,Limestone
7065,SandstoneShale
5716,Sandstone
10547,Sandstone
4844,SandstoneShale
3955,Sandstone
13216,Coal
9043,Sandstone
1756,Chalk
4470,SandstoneShale
9044,Sandstone
12767,SandstoneShale
6056,Sandstone
6206,Sandstone
7764,Sandstone
5513,Sandstone
10725,Sandstone
3840,Sandstone
6693,Sandstone
6161,Sandstone
950,Limestone
11382,Limestone
9593,Limestone
4391,SandstoneShale
1609,Chalk
4851,SandstoneShale
12347,Sandstone
2484,Marl
8749,SandstoneShale
13834,Sandstone
3147,Sandstone
1973,Chalk
9383,Limestone
6872,Sandstone
2578,Marl
13230,Coal
11872,Limestone
11554,Limestone
941,Limestone
1669,Chalk
9143,Limestone
3099,Sandstone
271,Limestone
4924,SandstoneShale
10023,Sandstone
11912,Limestone
5707,Sandstone
7259,SandstoneShale
7926,Tuff
12581,Sandstone
855,SandstoneShale
13161,Sandstone
10143,Dolomite
12416,Sandstone
9219,Limestone
13138,Sandstone
9743,Sandstone
4786,SandstoneShale
13229,Coal
8000,Tuff
6092,Sandstone
7402,SandstoneShale
9073,Sandstone
8862,Sandstone
8764,Limestone
419,Sandstone
7551,Sandstone
13484,Sandstone
3492,SandstoneShale
3461,Sandstone
3781,Sandstone
11563,Limestone
1971,Chalk
2305,Limestone
13355,Sandstone
4647,Sandstone
10493,Sandstone
4297,Sandstone
10207,Tuff
8248,Sandstone
3845,Sandstone
11643,Limestone
10712,Sandstone
9631,Limestone
9795,Sandstone
1788,Chalk
2132,Limestone
12734,Coal
13295,Coal
272,Limestone
5737,Sandstone
5396,Sandstone
2336,Limestone
280,Sandstone
4752,SandstoneShale
8741,Sandstone
1989,Chalk
521,Limestone
7624,Sandstone
1265,Chalk
5253,Sandstone
11964,Limestone
2636,Marl
12911,Sandstone
4810,SandstoneShale
1104,Limestone
12538,Sandstone
9843,Sandstone
8072,Tuff
4158,Sandstone
2067,Chalk
1331,Chalk
3669,Sandstone
7818,Sandstone
4212,Sandstone
12650,Sandstone
5386,Sandstone
5350,Sandstone
6101,Sandstone
5237,Sandstone
6551,Sandstone
4719,Sandstone
1657,Chalk
4063,SandstoneShale
12463,Sandstone
7781,Sandstone
6928,SandstoneShale
11190,Limestone
12166,Sandstone
6224,Sandstone
9489,Limestone
9180,Limestone
3130,Sandstone
10670,Sandstone
9958,Sandstone
1776,Chalk
8041,Tuff
13436,Sandstone
5557,Sandstone
2413,Limestone
8894,Sandstone
10262,Tuff
4735,SandstoneShale
12372,Sandstone
13938,Coal
2181,Limestone
6351,SandstoneShale
8007,Tuff
7819,Sandstone
2391,Limestone
4288,Sandstone
7288,SandstoneShale
5104,SandstoneShale
6091,Sandstone
10967,Sandstone
7507,Sandstone
306,SandstoneShale
5342,Sandstone
9276,Limestone
3605,SandstoneShale
6961,SandstoneShale
2617,Marl
4725,SandstoneShale
12726,Coal
7185,SandstoneShale
3490,SandstoneShale
4928,SandstoneShale
2583,Marl
7757,Sandstone
4932,SandstoneShale
6452,Coal
11983,Limestone
117,Limestone
2954,SandstoneShale
4139,SandstoneShale
876,SandstoneShale
12508,Sandstone
11330,Limestone
41,Sandstone
13565,Sandstone
2838,Marl
7286,SandstoneShale
11509,Limestone
12342,Sandstone
12584,Sandstone
4023,SandstoneShale
3954,SandstoneShale
6062,Sandstone
5413,Sandstone
10956,Sandstone
3373,SandstoneShale
9072,Sandstone
8269,Sandstone
12022,Coal
5420,Sandstone
2848,Marl
8494,Sandstone
13932,Coal
10512,Sandstone
2424,Limestone
10054,Sandstone
2004,Chalk
12221,Sandstone
9225,Limestone
10675,Sandstone
5430,Sandstone
5832,Marl
4754,SandstoneShale
9466,Limestone
7129,SandstoneShale
11533,Limestone
13279,Coal
5960,Sandstone
3974,SandstoneShale
1225,Chalk
4768,SandstoneShale
3737,SandstoneShale
1906,Chalk
10479,Sandstone
3253,Sandstone
1252,Chalk
13683,Sandstone
6834,Sandstone
3727,Sandstone
8931,Sandstone
1152,Chalk
11652,Limestone
13729,Sandstone
13807,Sandstone
8483,Sandstone
5540,Sandstone
663,Tuff
11855,Limestone
7088,SandstoneShale
7189,SandstoneShale
4007,SandstoneShale
2581,Marl
938,Limestone
12080,SandstoneShale
7264,SandstoneShale
1675,Chalk
7105,SandstoneShale
11415,Limestone
12189,Sandstone
6501,Sandstone
9165,Limestone
13771,Sandstone
2622,Limestone
6925,SandstoneShale
8538,Sandstone
9584,Limestone
6535,Sandstone
4064,Sandstone
4867,SandstoneShale
10848,Sandstone
6270,Sandstone
10609,Sandstone
13895,Coal
5255,Sandstone
2316,Limestone
7886,Sandstone
6242,Sandstone
1674,Chalk
2128,Limestone
7097,SandstoneShale
882,Limestone
9012,Sandstone
6923,Sandstone
13489,Sandstone
9556,Limestone
3090,Sandstone
4974,SandstoneShale
8581,Sandstone
4402,Sandstone
13784,Sandstone
13841,Coal
2802,Marl
2285,Limestone
8212,Limestone
9347,Limestone
12539,Sandstone
8247,Sandstone
7491,Sandstone
10456,SandstoneShale
901,Limestone
13761,Sandstone
6151,Sandstone
2353,Limestone
12139,Sandstone
8656,Sandstone
11224,Limestone
4548,Sandstone
13312,Coal
6072,Sandstone
8102,Tuff
1939,Chalk
6043,Sandstone
3763,SandstoneShale
1871,Chalk
1043,Limestone
3915,Sandstone
7878,Sandstone
3240,Sandstone
8033,Tuff
3821,Sandstone
7431,SandstoneShale
2162,Marl
6441,Coal
8613,Sandstone
12364,Sandstone
13858,Sandstone
13449,SandstoneShale
3790,Sandstone
6014,Sandstone
7041,SandstoneShale
1629,Chalk
13197,Coal
3914,Sandstone
6111,Sandstone
2180,Limestone
6478,Sandstone
7785,Sandstone
8842,Sandstone
5720,Sandstone
3398,SandstoneShale
3743,Sandstone
6332,Sandstone
10297,Tuff
1665,Chalk
8283,Sandstone
6726,Sandstone
12337,Sandstone
8090,Tuff
1655,Chalk
8067,Tuff
12215,Sandstone
11767,Limestone
12620,Coal
3405,SandstoneShale
3489,SandstoneShale
10265,Tuff
2321,Limestone
5468,Sandstone
1069,Limestone
8844,Sandstone
547,Tuff
12621,Coal
5566,Sandstone
8974,Sandstone
366,Sandstone
4561,Sandstone
5839,Marl
6564,Sandstone
10589,Sandstone
11494,Limestone
1429,Chalk
6932,SandstoneShale
12567,Sandstone
9673,Limestone
11943,Limestone
6074,Sandstone
10012,Sandstone
6109,Sandstone
4450,Sandstone
5419,Sandstone
10482,Sandstone
11606,Limestone
8709,Sandstone
1175,Chalk
10618,Sandstone
11518,Limestone
10058,Sandstone
6917,Sandstone
8459,Sandstone
7659,Sandstone
5671,Sandstone
3085,SandstoneShale
10406,Tuff
3731,SandstoneShale
11399,Limestone
4802,Sandstone
507,Limestone
5488,Sandstone
10965,Sandstone
9467,Limestone
6646,Sandstone
2786,Marl
6820,Sandstone
2829,Marl
6794,Sandstone
2352,Limestone
476,Sandstone
10151,Dolomite
10352,Tuff
2548,Marl
600,Tuff
4977,SandstoneShale
10344,Tuff
819,SandstoneShale
11232,Limestone
2219,Limestone
10674,Sandstone
3544,SandstoneShale
8850,Sandstone
12876,Coal
2941,SandstoneShale
4377,Sandstone
6756,Sandstone
5476,Sandstone
3377,Sandstone
12282,Sandstone
11345,Limestone
12939,Sandstone
6744,Sandstone
12032,Coal
7212,SandstoneShale
8861,Sandstone
13883,Coal
1120,Chalk
12535,Sandstone
1500,Chalk
3229,Sandstone
9722,Sandstone
4587,Sandstone
12969,Sandstone
2317,Limestone
2486,Marl
10092,Sandstone
8734,Sandstone
9336,Limestone
1308,Chalk
2927,Marl
8042,Tuff
6873,Sandstone
2621,Limestone
3512,Sandstone
4075,SandstoneShale
10717,Sandstone
12425,Sandstone
10877,Sandstone
2354,Limestone
2660,Marl
3666,Sandstone
1127,Chalk
10426,Tuff
11396,Limestone
11916,Limestone
5993,Sandstone
10119,Sandstone
11947,Limestone
12422,Sandstone
1023,Limestone
12499,Sandstone
4793,Sandstone
9059,Sandstone
2996,SandstoneShale
9910,Sandstone
6969,SandstoneShale
5412,Sandstone
328,Sandstone
120,Limestone
8049,Tuff
789,SandstoneShale
9389,Limestone
7299,SandstoneShale
5738,Sandstone
10170,Dolomite
10211,Tuff
6131,Sandstone
694,Limestone
7611,Sandstone
10606,Sandstone
6707,Sandstone
12437,Sandstone
9637,Limestone
5447,Sandstone
358,Sandstone
3036,SandstoneShale
7152,SandstoneShale
877,SandstoneShale
1422,Chalk
7266,SandstoneShale
113,Limestone
12488,Sandstone
5897,SandstoneShale
11119,Limestone
5567,Sandstone
2569,Marl
3008,SandstoneShale
5542,Sandstone
10652,Sandstone
6563,Sandstone
533,Limestone
5920,Sandstone
3926,SandstoneShale
7916,Tuff
4598,Sandstone
6083,Sandstone
13259,Sandstone
6546,Sandstone
10196,Tuff
6778,Sandstone
6358,SandstoneShale
5343,Sandstone
4101,SandstoneShale
7042,SandstoneShale
4244,Sandstone
11903,Limestone
8979,Sandstone
4969,SandstoneShale
1278,Chalk
33,Sandstone
12597,Sandstone
10295,Tuff
6497,Sandstone
8518,Sandstone
12512,Sandstone
6941,Sandstone
3748,SandstoneShale
2081,Chalk
6435,Sandstone
2438,Limestone
6901,SandstoneShale
3383,Sandstone
228,SandstoneShale
8883,Sandstone
8691,Sandstone
10957,Sandstone
7796,Sandstone
4399,Sandstone
9241,Limestone
6405,Sandstone
3643,SandstoneShale
9931,Sandstone
10868,Sandstone
7525,Sandstone
5211,Sandstone
11240,Limestone
1863,Marl
3784,Sandstone
5130,SandstoneShale
3758,Sandstone
5426,Sandstone
12239,Sandstone
863,SandstoneShale
10633,Sandstone
7532,Sandstone
3306,SandstoneShale
5186,Sandstone
13176,Coal
8770,Sandstone
4688,SandstoneShale
10513,Sandstone
9575,Limestone
3154,Sandstone
13212,Coal
9985,Sandstone
7628,Sandstone
1129,Chalk
6174,SandstoneShale
6141,Sandstone
1608,Chalk
11680,Limestone
13743,Sandstone
6411,Sandstone
12881,Coal
4480,Sandstone
4114,SandstoneShale
3160,Sandstone
2929,Marl
7479,Sandstone
5721,Sandstone
8716,Sandstone
7221,SandstoneShale
441,Sandstone
4257,Sandstone
1582,Chalk
469,Sandstone
4642,Sandstone
6936,Sandstone
8332,Sandstone
9859,Sandstone
7140,SandstoneShale
4134,SandstoneShale
1115,Chalk
5484,Sandstone
1299,Chalk
4277,SandstoneShale
2347,Limestone
9982,Sandstone
3686,Sandstone
11433,Limestone
12820,Sandstone
10552,Sandstone
472,Sandstone
6712,Sandstone
13740,Sandstone
6876,Sandstone
12900,Sandstone
1587,Chalk
5397,Sandstone
8138,Tuff
9278,Limestone
4891,SandstoneShale
13529,Sandstone
2303,Limestone
1762,Chalk
7982,Tuff
9515,Limestone
13491,Sandstone
8445,Sandstone
2785,Marl
6298,Sandstone
11849,Limestone
3655,Sandstone
13601,Sandstone
11403,Limestone
6766,Sandstone
13644,Sandstone
3718,SandstoneShale
11718,Limestone
7023,SandstoneShale
9331,Limestone
6746,Sandstone
10927,Sandstone
4748,SandstoneShale
7680,Sandstone
10615,Sandstone
2212,Limestone
6720,Sandstone
8475,Sandstone
4243,Sandstone
10846,Sandstone
12091,SandstoneShale
9045,Sandstone
3295,Sandstone
2584,Marl
5563,Sandstone
9218,Limestone
6596,Coal
5494,Sandstone
2816,Marl
9216,Limestone
4506,Sandstone
12533,Sandstone
1496,Chalk
6300,SandstoneShale
7592,Sandstone
4954,Sandstone
6061,Sandstone
3523,SandstoneShale
10247,Tuff
4321,Sandstone
7337,SandstoneShale
8750,SandstoneShale
8343,Sandstone
3852,SandstoneShale
2401,Limestone
8028,Tuff
6937,Sandstone
1596,Chalk
12092,SandstoneShale
2005,Chalk
13728,Sandstone
4185,SandstoneShale
10335,Tuff
5507,Sandstone
6824,Sandstone
346,Sandstone
12264,Sandstone
9428,Limestone
5561,Sandstone
13141,Sandstone
9784,Sandstone
9193,Limestone
13758,Sandstone
122,Limestone
6782,Sandstone
4414,Sandstone
5075,SandstoneShale
13426,Sandstone
10440,SandstoneShale
12298,Sandstone
13214,Coal
10938,Sandstone
10833,Sandstone
5964,Sandstone
6491,Sandstone
9536,Marl
2775,SandstoneShale
8065,Tuff
4136,SandstoneShale
7466,Sandstone
12853,SandstoneShale
8163,Tuff
9605,Limestone
6711,Sandstone
2656,Marl
2733,SandstoneShale
12280,Sandstone
12180,Sandstone
6694,Sandstone
10273,Tuff
6699,Sandstone
2623,Limestone
10133,Sandstone
10792,Sandstone
6561,Sandstone
9513,Limestone
13304,Coal
10632,Sandstone
6037,Sandstone
491,Limestone
9120,Sandstone
5125,SandstoneShale
4706,Sandstone
3836,Sandstone
2520,Marl
10057,Sandstone
9879,Sandstone
1631,Chalk
10428,Tuff
5776,Marl
9437,Limestone
12627,Coal
7080,SandstoneShale
4800,SandstoneShale
12682,Limestone
9039,Sandstone
9231,Limestone
202,SandstoneShale
4799,SandstoneShale
9846,Sandstone
13840,Coal
9739,Sandstone
4771,SandstoneShale
6948,Sandstone
11724,Limestone
10999,Sandstone
6243,Sandstone
6635,Sandstone
3161,Sandstone
2769,Sandstone
6102,Sandstone
11795,Limestone
13746,Sandstone
11133,Limestone
11789,Limestone
8039,Tuff
7705,Sandstone
913,Limestone
13076,Sandstone
10390,Tuff
7717,Sandstone
8872,Sandstone
1430,Chalk
847,SandstoneShale
1700,Marl
2308,Limestone
12659,Sandstone
4559,Sandstone
13475,Sandstone
7701,Sandstone
10580,Sandstone
12274,Sandstone
995,Limestone
8721,Sandstone
4741,SandstoneShale
12467,Sandstone
1841,Chalk
10164,Limestone
5498,Sandstone
12729,Coal
5067,SandstoneShale
197,SandstoneShale
5320,Sandstone
7989,Tuff
13445,SandstoneShale
7096,SandstoneShale
5052,Sandstone
10694,Sandstone
10994,Sandstone
11183,Limestone
1628,Chalk
12120,Sandstone
3406,SandstoneShale
233,SandstoneShale
1515,Chalk
3668,Sandstone
4712,Sandstone
8031,Tuff
7509,Sandstone
2522,Marl
349,Sandstone
9773,Sandstone
13922,Sandstone
3858,Sandstone
7167,SandstoneShale
1562,Chalk
642,Tuff
5306,Sandstone
10546,Sandstone
11814,Limestone
11895,Limestone
11853,Limestone
542,Limestone
11748,Limestone
9075,Sandstone
2418,Limestone
6548,Sandstone
7790,Sandstone
11608,Limestone
1334,Chalk
141,Limestone
11632,Limestone
8276,Sandstone
13285,Coal
7915,Tuff
6854,Sandstone
13909,Sandstone
4717,Sandstone
6398,Sandstone
12197,Sandstone
3003,SandstoneShale
2658,Marl
8671,Sandstone
9247,Limestone
13718,Sandstone
2437,Limestone
13620,Sandstone
5471,Sandstone
11337,Limestone
1673,Chalk
4803,Sandstone
8599,Sandstone
6258,Sandstone
3427,Sandstone
5150,SandstoneShale
2068,Chalk
12267,Sandstone
12067,SandstoneShale
13803,Sandstone
6046,Sandstone
13196,Coal
3592,SandstoneShale
11314,Limestone
1818,Chalk
11541,Limestone
5850,SandstoneShale
11351,Limestone
10031,Sandstone
1798,Chalk
7536,Sandstone
13242,SandstoneShale
4364,Sandstone
3037,SandstoneShale
712,Tuff
6146,SandstoneShale
8510,Sandstone
12021,Coal
10684,Sandstone
3783,Sandstone
10509,Sandstone
2056,Chalk
6454,Coal
5847,SandstoneShale
10667,Sandstone
8116,Tuff
20,SandstoneShale
8569,Limestone
12918,Sandstone
3181,Sandstone
7914,Tuff
12158,Sandstone
7178,SandstoneShale
12648,Sandstone
10188,Tuff
6208,Sandstone
2501,Marl
11962,Limestone
3801,Sandstone
7996,Tuff
1404,Chalk
6806,Sandstone
895,Marl
348,Sandstone
10631,Sandstone
967,Limestone
3879,Sandstone
2508,Marl
7478,Sandstone
2357,Limestone
9548,Limestone
8423,Sandstone
4715,Sandstone
12614,Coal
3628,SandstoneShale
6678,Sandstone
2958,SandstoneShale
13779,Sandstone
775,SandstoneShale
12558,Sandstone
11408,Limestone
1635,Marl
212,SandstoneShale
9304,Limestone
12299,Sandstone
5422,Sandstone
10756,Sandstone
5406,Sandstone
11616,Limestone
3751,SandstoneShale
9385,Limestone
10001,Sandstone
12481,Sandstone
9382,Limestone
6780,Sandstone
1977,Chalk
767,SandstoneShale
1427,Chalk
6346,Sandstone
9022,Sandstone
3739,SandstoneShale
9904,Sandstone
4563,Sandstone
5508,Sandstone
11391,Limestone
4153,Sandstone
1386,Chalk
3195,Sandstone
11511,Limestone
4194,Sandstone
5783,Marl
3376,SandstoneShale
12109,SandstoneShale
2129,Limestone
11372,Limestone
769,SandstoneShale
9506,Limestone
2640,Marl
2080,Chalk
226,SandstoneShale
9896,Sandstone
10470,SandstoneShale
11499,Limestone
10803,Sandstone
1111,Limestone
5224,Sandstone
3241,Sandstone
9242,Limestone
262,Limestone
5281,Sandstone
426,Sandstone
7397,SandstoneShale
12964,Sandstone
6538,Sandstone
1736,Chalk
9516,Limestone
136,Limestone
3016,SandstoneShale
10708,Sandstone
2697,Marl
8964,Sandstone
13726,Sandstone
5196,Sandstone
1561,Chalk
8175,Tuff
10529,Sandstone
3025,SandstoneShale
7282,SandstoneShale
1723,Chalk
9992,Sandstone
10417,Tuff
3335,Sandstone
6580,Sandstone
9657,Limestone
13300,Coal
8554,Sandstone
3228,Sandstone
9779,Sandstone
13832,SandstoneShale
12270,Sandstone
10228,Tuff
13349,Sandstone
7855,Sandstone
10762,Sandstone
1881,Chalk
3416,SandstoneShale
13038,Sandstone
6184,Sandstone
11226,Limestone
4361,Sandstone
2088,Chalk
5831,Marl
1572,Chalk
8822,Limestone
550,Tuff
9094,Sandstone
3713,SandstoneShale
13677,Sandstone
5725,Sandstone
13963,Sandstone
1743,Chalk
11298,Limestone
1599,Chalk
6614,Coal
3278,Sandstone
13069,Sandstone
4311,Sandstone
12994,Sandstone
10077,Sandstone
13004,Sandstone
4600,Sandstone
10795,Sandstone
7180,SandstoneShale
9989,Sandstone
5873,SandstoneShale
13941,Coal
805,SandstoneShale
10666,Sandstone
376,Sandstone
9813,Sandstone
1211,Chalk
6591,Coal
6431,Sandstone
7243,SandstoneShale
5401,Sandstone
11812,Limestone
9420,Limestone
12528,Sandstone
12786,SandstoneShale
10736,Sandstone
7483,Sandstone
7377,SandstoneShale
12472,Sandstone
10934,Sandstone
1010,Limestone
3226,Sandstone
5053,Sandstone
10637,Sandstone
11946,Limestone
3869,Sandstone
2794,Marl
3387,SandstoneShale
13571,Sandstone
5826,Marl
11684,Limestone
2287,Limestone
5469,Sandstone
12011,Limestone
9244,Limestone
7939,Tuff
10201,Tuff
11072,Sandstone
3982,SandstoneShale
7298,SandstoneShale
10429,Tuff
8410,Sandstone
13898,Coal
5463,Sandstone
13258,Sandstone
11424,Limestone
13830,Sandstone
8438,Sandstone
5144,SandstoneShale
10359,Tuff
12857,SandstoneShale
3272,Sandstone
9569,Limestone
10995,Sandstone
10629,Sandstone
10826,Sandstone
9699,Sandstone
1180,Chalk
1271,Chalk
7106,SandstoneShale
2967,SandstoneShale
1396,Chalk
8304,Sandstone
2419,Limestone
13786,Sandstone
9524,Marl
3255,Sandstone
2378,Limestone
11420,Limestone
6155,Sandstone
9434,Limestone
8004,Tuff
3989,Sandstone
2244,Limestone
12332,Sandstone
1168,Chalk
4113,SandstoneShale
3558,SandstoneShale
7610,Sandstone
6896,SandstoneShale
2227,Marl
8810,Limestone
3975,SandstoneShale
10835,Sandstone
2325,Limestone
5713,Sandstone
7602,Sandstone
13634,Sandstone
1053,Limestone
8105,Tuff
2823,Marl
292,Sandstone
1224,Chalk
7190,SandstoneShale
915,Limestone
6308,SandstoneShale
12934,Sandstone
1714,Chalk
9878,Sandstone
6741,Sandstone
9315,Limestone
10453,SandstoneShale
9395,Limestone
13813,Sandstone
5571,Sandstone
3560,SandstoneShale
7582,Sandstone
3212,Sandstone
4863,SandstoneShale
841,SandstoneShale
11394,Limestone
12159,Sandstone
11761,Limestone
1671,Chalk
2505,Marl
3048,SandstoneShale
4545,Sandstone
12619,Coal
3400,Limestone
9782,Sandstone
4400,Sandstone
1956,Chalk
11136,Limestone
10445,SandstoneShale
2707,Sandstone
9171,Limestone
11043,Sandstone
1975,Chalk
8916,SandstoneShale
5657,Sandstone
9460,Limestone
3468,SandstoneShale
989,Limestone
9630,Limestone
9393,Limestone
6271,Sandstone
1454,Chalk
3969,SandstoneShale
10130,Sandstone
1283,Marl
11058,Sandstone
1191,Chalk
2990,SandstoneShale
3001,SandstoneShale
7585,Sandstone
8499,Sandstone
4995,SandstoneShale
5593,Sandstone
8472,Sandstone
8011,Tuff
1722,Chalk
8912,Sandstone
12123,Sandstone
12291,Sandstone
10242,Tuff
8194,Tuff
12327,Sandstone
12152,Sandstone
11030,Sandstone
4498,Sandstone
1835,Chalk
4348,Sandstone
8481,Sandstone
10038,Sandstone
4458,Sandstone
9744,Sandstone
7809,Sandstone
7887,Sandstone
12633,Coal
9503,Limestone
5114,SandstoneShale
11115,Limestone
6533,Sandstone
11758,Limestone
10267,Tuff
12192,Sandstone
12251,Sandstone
5770,Marl
1357,Chalk
8270,Sandstone
12933,Sandstone
11564,Limestone
8606,Sandstone
13435,Sandstone
6999,SandstoneShale
7827,Sandstone
4157,Sandstone
11191,Limestone
2083,Chalk
5346,Sandstone
13112,SandstoneShale
374,Sandstone
6511,Sandstone
13951,Coal
3769,Sandstone
4227,Sandstone
6554,Sandstone
11999,Limestone
6345,Sandstone
3987,Sandstone
11467,Limestone
1595,Chalk
4203,SandstoneShale
4177,SandstoneShale
2552,Marl
2485,Marl
1623,Chalk
10317,Tuff
4764,SandstoneShale
13389,Coal
8328,Sandstone
8776,Sandstone
6793,Sandstone
26,SandstoneShale
5750,Sandstone
12314,Sandstone
8600,Sandstone
10369,Tuff
13765,Sandstone
5002,SandstoneShale
4191,SandstoneShale
11754,Limestone
47,Sandstone
570,Tuff
5501,Sandstone
7741,Sandstone
6175,SandstoneShale
1093,Limestone
334,Sandstone
4696,SandstoneShale
9212,Limestone
11920,Limestone
258,Limestone
10000,Sandstone
11905,Limestone
12519,Sandstone
5470,Sandstone
10772,Sandstone
13531,Sandstone
7522,Sandstone
5606,Sandstone
5506,Sandstone
8945,Sandstone
9253,Limestone
6047,Sandstone
13262,Sandstone
8143,Tuff
10009,Sandstone
11106,Limestone
2202,Limestone
12142,Sandstone
5717,Sandstone
8980,Sandstone
6525,Sandstone
11725,Limestone
12428,Sandstone
7547,Sandstone
5785,Marl
4062,SandstoneShale
9547,Limestone
10383,Tuff
11910,Limestone
2917,Marl
10427,Tuff
1293,Chalk
9068,Limestone
6977,SandstoneShale
8571,Limestone
13047,Sandstone
8288,Sandstone
10159,Dolomite
9996,Sandstone
12688,Limestone
11792,Limestone
7457,Sandstone
3024,SandstoneShale
10567,Sandstone
10187,Tuff
12396,Sandstone
11878,Limestone
2940,Marl
2689,Limestone
1602,Chalk
7932,Tuff
7544,Sandstone
9736,Sandstone
10420,Limestone
1219,Chalk
5663,Sandstone
5983,Sandstone
5888,SandstoneShale
4460,Sandstone
7284,SandstoneShale
7652,Sandstone
7168,SandstoneShale
10363,Tuff
6467,Coal
2681,Marl
6632,Coal
10499,Sandstone
2886,Sandstone
225,SandstoneShale
2821,Marl
999,Limestone
9586,Limestone
1462,Chalk
10379,Tuff
7861,Sandstone
4026,SandstoneShale
9838,Sandstone
4507,Sandstone
1742,Chalk
11002,Sandstone
3868,Sandstone
11470,Limestone
8152,Tuff
4783,SandstoneShale
9294,Limestone
9048,Sandstone
10726,Sandstone
3951,Sandstone
10541,Sandstone
5472,Sandstone
4824,SandstoneShale
13607,Sandstone
1639,Chalk
13585,Sandstone
4198,Sandstone
4306,Sandstone
11605,Limestone
13816,Sandstone
7850,Sandstone
5648,Sandstone
8909,Sandstone
23,SandstoneShale
7219,SandstoneShale
1320,Chalk
1477,Chalk
6687,Sandstone
13115,SandstoneShale
11148,Limestone
8103,Tuff
9321,Limestone
11001,Sandstone
6286,Sandstone
3013,SandstoneShale
1656,Chalk
6670,Sandstone
12821,SandstoneShale
4208,Sandstone
6437,Sandstone
6905,SandstoneShale
10748,Sandstone
9662,Limestone
7401,SandstoneShale
11018,Sandstone
13220,Sandstone
8692,Sandstone
2758,SandstoneShale
13924,Coal
13442,Sandstone
4541,Sandstone
2011,Chalk
9164,Limestone
6827,Sandstone
10936,Sandstone
4596,SandstoneShale
9785,Sandstone
256,Limestone
248,SandstoneShale
3505,SandstoneShale
5645,Sandstone
5352,Sandstone
3182,Sandstone
1114,Chalk
4855,Sandstone
3898,Sandstone
1893,Chalk
1347,Chalk
208,SandstoneShale
11318,Limestone
1237,Chalk
5205,Sandstone
5628,Sandstone
979,Limestone
656,Tuff
6255,Sandstone
11882,Limestone
13441,Sandstone
7896,Sandstone
7043,SandstoneShale
8896,Sandstone
1259,Chalk
2263,Limestone
13029,Sandstone
6690,Sandstone
5706,Sandstone
236,SandstoneShale
10400,Tuff
4714,Sandstone
2931,Marl
1255,Marl
3589,SandstoneShale
7318,SandstoneShale
8653,Sandstone
10490,Sandstone
1627,Chalk
7638,Sandstone
4245,Sandstone
5310,Sandstone
12105,SandstoneShale
13497,Sandstone
11693,Limestone
2429,Limestone
10441,SandstoneShale
9731,Sandstone
6748,Sandstone
392,Sandstone
3179,Sandstone
10244,Tuff
5845,Marl
4721,Sandstone
12003,Limestone
7973,Tuff
11430,Limestone
7732,Sandstone
3608,SandstoneShale
8803,Limestone
3907,Sandstone
11517,Limestone
11468,Limestone
7049,SandstoneShale
2574,Limestone
3337,Sandstone
73,Sandstone
8327,Sandstone
314,Sandstone
4979,SandstoneShale
3652,Sandstone
13658,Sandstone
10527,Sandstone
13334,Sandstone
11941,Limestone
3043,SandstoneShale
4058,SandstoneShale
3374,SandstoneShale
930,Limestone
2906,Marl
9598,Limestone
11005,Sandstone
149,Limestone
12497,Sandstone
2876,Sandstone
12654,Sandstone
2543,Marl
4745,SandstoneShale
10662,Sandstone
5405,Sandstone
5156,Sandstone
1072,Limestone
5709,Sandstone
5418,Sandstone
12740,Coal
9298,Limestone
10639,Sandstone
5547,Sandstone
1559,Marl
2614,Marl
3733,SandstoneShale
12426,Sandstone
7755,Sandstone
2,SandstoneShale
10278,Tuff
3482,Sandstone
5183,Sandstone
8542,Sandstone
10410,Tuff
9151,Limestone
2322,Limestone
9812,Sandstone
1229,Chalk
5050,SandstoneShale
4619,SandstoneShale
11536,Limestone
9465,Limestone
2714,Marl
8590,Sandstone
253,SandstoneShale
1861,Marl
4312,Sandstone
11534,Limestone
49,Sandstone
6055,Sandstone
7403,SandstoneShale
4839,Sandstone
6463,Coal
11689,Limestone
1849,Chalk
9423,Limestone
2500,Limestone
4808,SandstoneShale
722,SandstoneShale
2186,Limestone
5499,Sandstone
9167,Limestone
3885,SandstoneShale
1070,Limestone
438,Sandstone
11804,Limestone
1807,Chalk
5649,Sandstone
3197,Sandstone
5149,SandstoneShale
13254,Sandstone
3856,SandstoneShale
8659,Sandstone
1754,Chalk
13140,Sandstone
12310,Sandstone
3899,Sandstone
3299,Limestone
7113,SandstoneShale
6097,Sandstone
10069,Sandstone
4419,Sandstone
2470,Limestone
6032,Sandstone
3144,Sandstone
3938,Sandstone
8156,Tuff
13581,Sandstone
2038,Chalk
13440,Sandstone
8305,Sandstone
646,Tuff
10167,Dolomite
102,Limestone
12831,SandstoneShale
8120,Tuff
10436,Tuff
152,Limestone
2890,Sandstone
1007,Limestone
5504,Sandstone
12114,Sandstone
3245,Limestone
12464,Sandstone
7540,Sandstone
10857,Sandstone
5661,Sandstone
3597,Sandstone
2971,SandstoneShale
8434,Sandstone
4847,SandstoneShale
36,Sandstone
4013,SandstoneShale
12074,SandstoneShale
4225,Sandstone
1658,Chalk
10214,Tuff
846,SandstoneShale
13377,Sandstone
359,Sandstone
2850,Marl
7795,Sandstone
1952,Chalk
9023,Sandstone
9553,Limestone
7761,Sandstone
7893,Sandstone
1580,Chalk
654,Tuff
8505,Sandstone
11521,Limestone
6682,Sandstone
5282,Sandstone
6848,Sandstone
471,Sandstone
12816,Sandstone
10545,Sandstone
10584,Sandstone
724,SandstoneShale
6973,SandstoneShale
12774,Coal
12785,SandstoneShale
3242,Limestone
4048,SandstoneShale
7865,Sandstone
8425,Sandstone
8232,Sandstone
6669,Sandstone
13194,Coal
7866,Sandstone
13051,Sandstone
10099,Sandstone
1588,Chalk
13335,Sandstone
5500,Sandstone
9577,Limestone
5135,SandstoneShale
1150,Chalk
4428,Sandstone
13646,Sandstone
6947,SandstoneShale
10534,Sandstone
12355,Sandstone
3498,SandstoneShale
7978,Tuff
7269,SandstoneShale
1699,Marl
7974,Tuff
299,SandstoneShale
8211,Limestone
6823,Sandstone
2524,Marl
5688,Sandstone
13446,SandstoneShale
12975,Coal
6119,Sandstone
9710,Sandstone
5765,Coal
1752,Chalk
4484,Sandstone
13929,Coal
7776,Sandstone
5568,Sandstone
4689,SandstoneShale
719,Limestone
3304,SandstoneShale
5375,Sandstone
1598,Chalk
12596,Sandstone
199,SandstoneShale
7684,Sandstone
1001,Limestone
5934,Sandstone
12553,Sandstone
845,SandstoneShale
9877,Sandstone
4383,Sandstone
6443,Coal
923,Limestone
11868,Limestone
5792,Marl
2281,Limestone
9786,Sandstone
8213,Limestone
10690,Sandstone
2290,Marl
7268,SandstoneShale
13308,Coal
5428,Sandstone
3947,Sandstone
12509,Sandstone
7772,Sandstone
3227,Sandstone
9472,Limestone
11038,Sandstone
1459,Chalk
13467,SandstoneShale
2261,Limestone
11375,Limestone
12799,Sandstone
6530,Sandstone
10157,Dolomite
11930,Limestone
2201,Limestone
6172,SandstoneShale
11696,Limestone
13713,Sandstone
1711,Chalk
10753,Sandstone
3910,Sandstone
7379,SandstoneShale
2421,Limestone
4478,Sandstone
3171,Sandstone
11358,Limestone
177,Limestone
1661,Chalk
11746,Limestone
5328,Sandstone
6843,Sandstone
10046,Sandstone
7698,Sandstone
6842,Sandstone
12979,Coal
1717,Chalk
10976,Sandstone
13241,Coal
2648,Marl
5210,Sandstone
12832,SandstoneShale
10853,Sandstone
12629,Coal
1573,Chalk
10174,Tuff
13527,Sandstone
5502,Sandstone
3562,SandstoneShale
2797,Marl
3261,Sandstone
13364,Sandstone
4392,SandstoneShale
13336,Sandstone
4094,SandstoneShale
5324,Sandstone
10536,Sandstone
364,Sandstone
13010,Sandstone
3985,Sandstone
11117,Limestone
7979,Tuff
3557,SandstoneShale
824,SandstoneShale
4429,Sandstone
7590,Sandstone
9325,Limestone
4226,Sandstone
5349,Sandstone
727,Limestone
607,Tuff
2977,SandstoneShale
4760,SandstoneShale
13086,Sandstone
6555,Sandstone
6488,Sandstone
5533,Sandstone
1709,Chalk
12413,Sandstone
8301,Sandstone
5239,Sandstone
2968,SandstoneShale
12352,Sandstone
7929,Tuff
4648,Sandstone
13400,SandstoneShale
11821,Limestone
11010,Sandstone
4798,SandstoneShale
9020,Sandstone
6733,Sandstone
176,Limestone
5322,Sandstone
13330,Coal
9125,Sandstone
2106,Limestone
8523,Sandstone
7529,Sandstone
4516,SandstoneShale
10928,Sandstone
6124,Sandstone
3149,Sandstone
7970,Tuff
3880,Sandstone
13488,Sandstone
2337,Limestone
3364,Sandstone
11719,Limestone
4308,Sandstone
6971,SandstoneShale
13788,Coal
11817,Limestone
7270,SandstoneShale
3875,Sandstone
12250,Sandstone
5961,Sandstone
13885,Coal
8903,Sandstone
6319,SandstoneShale
9478,Limestone
9594,Limestone
3183,Sandstone
11727,Limestone
8522,Sandstone
12200,Sandstone
8230,SandstoneShale
6742,Sandstone
13569,Sandstone
13274,Coal
2043,Chalk
7213,SandstoneShale
1790,Chalk
134,Limestone
5708,Sandstone
8397,Sandstone
1201,Chalk
10668,Sandstone
1805,Chalk
4108,SandstoneShale
336,Sandstone
2762,SandstoneShale
12874,Coal
8162,Tuff
5576,Sandstone
1359,Chalk
2727,SandstoneShale
10103,Sandstone
9633,Limestone
5565,Sandstone
11456,Limestone
11588,Limestone
2678,Marl
7813,Sandstone
8317,Sandstone
8752,SandstoneShale
3806,SandstoneShale
13893,Coal
11051,Limestone
609,Tuff
12424,Sandstone
10827,Sandstone
12768,SandstoneShale
2612,Marl
9232,Limestone
323,Sandstone
6382,Sandstone
6028,Sandstone
11528,Limestone
5875,SandstoneShale
6305,Sandstone
5369,Sandstone
4543,Sandstone
1870,Chalk
12931,Sandstone
7385,SandstoneShale
1189,Marl
13836,Sandstone
8556,Sandstone
12943,Sandstone
12683,Limestone
6027,Sandstone
11686,Limestone
6949,Sandstone
6542,Sandstone
1448,Chalk
11243,Limestone
153,Limestone
2891,Sandstone
6033,Sandstone
6704,Sandstone
7533,Sandstone
1062,Limestone
7671,Sandstone
8545,Sandstone
2966,SandstoneShale
4004,SandstoneShale
946,Limestone
6495,Sandstone
1782,Chalk
13925,Coal
261,Limestone
2910,Marl
2615,Marl
5438,Sandstone
3252,Sandstone
1854,Chalk
11740,Limestone
13366,Sandstone
6369,Coal
13452,SandstoneShale
8352,Sandstone
8951,Sandstone
13396,Coal
1202,Chalk
11716,Limestone
7434,SandstoneShale
7241,SandstoneShale
11924,Limestone
11881,Limestone
5333,Sandstone
12844,Sandstone
11783,Limestone
12223,Sandstone
3039,SandstoneShale
13504,Sandstone
1574,Chalk
10673,Sandstone
4130,SandstoneShale
1946,Chalk
2054,Chalk
5673,Sandstone
13862,Coal
743,SandstoneShale
11959,Limestone
12328,Sandstone
1084,Limestone
1268,Marl
7555,Sandstone
9707,Sandstone
1710,Chalk
1145,Chalk
8296,Sandstone
3133,Sandstone
11392,Limestone
8209,Limestone
4607,SandstoneShale
6433,Sandstone
5838,Marl
11503,Limestone
1366,Chalk
8997,Limestone
4625,Sandstone
9866,Sandstone
13357,Sandstone
1091,Limestone
12401,Sandstone
5345,Sandstone
8927,SandstoneShale
8981,Sandstone
2114,Marl
2017,Chalk
9540,Marl
1085,Limestone
9095,Sandstone
10111,Sandstone
13512,Sandstone
330,Sandstone
6714,Sandstone
13599,Sandstone
11942,Limestone
9648,Limestone
12923,Sandstone
3744,Sandstone
12174,Sandstone
2479,Limestone
8774,Sandstone
6010,Sandstone
3843,Sandstone
3837,Sandstone
5007,SandstoneShale
1692,Chalk
12970,Sandstone
1918,Chalk
3412,SandstoneShale
9585,Limestone
86,Sandstone
6489,Sandstone
1945,Chalk
12414,Sandstone
10688,Sandstone
12502,Sandstone
9168,Limestone
3890,Sandstone
1575,Chalk
5206,Sandstone
5676,Sandstone
9406,Limestone
1797,Chalk
10911,Sandstone
12194,Sandstone
5091,Sandstone
7204,SandstoneShale
7160,SandstoneShale
1821,Chalk
2643,Limestone
9974,Sandstone
674,Limestone
11095,Limestone
2238,Limestone
13593,Sandstone
13209,Coal
10227,Tuff
11733,Limestone
13483,Sandstone
7292,SandstoneShale
4675,SandstoneShale
4467,Sandstone
461,Sandstone
56,Sandstone
12835,Sandstone
3653,Sandstone
8917,SandstoneShale
2030,Chalk
6677,Sandstone
5490,Sandstone
12436,Sandstone
4341,Sandstone
7894,Sandstone
8684,Sandstone
8949,Sandstone
12807,SandstoneShale
13403,SandstoneShale
9876,Sandstone
5271,SandstoneShale
639,Tuff
7376,SandstoneShale
10685,Sandstone
7953,Tuff
13915,Sandstone
10747,Sandstone
12879,Coal
7831,Sandstone
12992,Sandstone
13175,Coal
2539,Marl
10272,Tuff
5442,Sandstone
787,Limestone
5574,Sandstone
8243,Sandstone
6615,Coal
11151,Limestone
7436,SandstoneShale
13383,Sandstone
9097,Sandstone
12940,Sandstone
6160,Sandstone
2343,Limestone
10594,Sandstone
10859,Sandstone
13016,Sandstone
12385,Sandstone
11250,Limestone
7511,Sandstone
8379,Sandstone
4935,SandstoneShale
8724,Sandstone
2943,SandstoneShale
11637,Limestone
672,Limestone
4961,Sandstone
12892,SandstoneShale
13811,Sandstone
3325,Sandstone
8612,Sandstone
7138,SandstoneShale
7136,SandstoneShale
11988,Limestone
12466,Sandstone
12752,SandstoneShale
7306,SandstoneShale
11522,Limestone
4282,Sandstone
7110,SandstoneShale
10729,Sandstone
4868,SandstoneShale
8933,Sandstone
408,Sandstone
811,SandstoneShale
6860,Sandstone
1326,Chalk
5791,Marl
13559,Sandstone
11262,Limestone
11799,Limestone
2492,Marl
5732,Sandstone
10962,Sandstone
9844,Sandstone
3358,SandstoneShale
529,Limestone
1160,Chalk
3642,SandstoneShale
1444,Chalk
12077,SandstoneShale
7503,Sandstone
12112,SandstoneShale
6569,Sandstone
6887,SandstoneShale
9484,Limestone
9234,Limestone
12721,Coal
8153,Tuff
7470,Sandstone
12861,Sandstone
11707,Limestone
11809,Limestone
4046,SandstoneShale
5702,Sandstone
776,SandstoneShale
1637,Chalk
9713,Sandstone
3929,SandstoneShale
8354,Sandstone
11492,Limestone
7862,Sandstone
11229,Limestone
3664,Sandstone
13284,Coal
2243,Limestone
2810,Marl
51,Sandstone
13156,Sandstone
4214,Sandstone
11591,Limestone
2230,Limestone
5164,Sandstone
5167,Sandstone
11235,Limestone
10472,SandstoneShale
7002,SandstoneShale
11067,Sandstone
6808,Sandstone
13412,Sandstone
11444,Limestone
6282,Sandstone
8555,Sandstone
12776,Coal
11387,Limestone
3027,SandstoneShale
10399,Tuff
6058,Sandstone
7514,Sandstone
518,Limestone
2184,Limestone
9612,Limestone
12198,Sandstone
697,Tuff
2335,Limestone
10625,Sandstone
3685,Sandstone
6008,Sandstone
4883,SandstoneShale
10550,Sandstone
1405,Chalk
10120,Sandstone
8391,Sandstone
11480,Limestone
4485,SandstoneShale
7678,Sandstone
7644,Sandstone
3799,SandstoneShale
2709,Sandstone
5003,SandstoneShale
7677,Sandstone
7786,Sandstone
9675,Limestone
2154,Limestone
5166,Sandstone
4285,Sandstone
8705,Sandstone
3620,SandstoneShale
8155,Tuff
9741,Sandstone
8492,Sandstone
10930,Sandstone
4078,SandstoneShale
1522,Chalk
4955,Sandstone
9493,Limestone
4083,SandstoneShale
8703,Sandstone
659,Tuff
12389,Sandstone
11186,Limestone
7499,Sandstone
3795,SandstoneShale
1853,Chalk
12503,Sandstone
10277,Tuff
3164,Sandstone
11556,Limestone
4412,Sandstone
7456,Sandstone
5581,Sandstone
2113,Marl
5220,Sandstone
7512,Sandstone
2460,Limestone
6260,Sandstone
10307,Tuff
12958,Sandstone
8526,Sandstone
8496,Sandstone
8350,Sandstone
10784,Sandstone
1354,Chalk
8640,Sandstone
13325,Coal
4750,SandstoneShale
1712,Chalk
728,SandstoneShale
3792,SandstoneShale
8990,Sandstone
2472,Limestone
8958,Sandstone
9272,Limestone
10302,Tuff
10011,Sandstone
3215,Sandstone
12020,Coal
1720,Chalk
277,Sandstone
7231,SandstoneShale
1216,Chalk
8682,Sandstone
2547,Marl
7949,Tuff
661,Tuff
970,Limestone
5358,Sandstone
12922,Sandstone
4743,SandstoneShale
3992,Sandstone
8278,Sandstone
7251,SandstoneShale
6285,Sandstone
5982,Coal
2393,Limestone
8228,SandstoneShale
561,Limestone
556,Tuff
7495,Sandstone
2383,Limestone
6822,Sandstone
12406,Sandstone
12634,Coal
4640,SandstoneShale
10218,Tuff
10679,Sandstone
2562,Marl
7422,SandstoneShale
3615,Sandstone
10980,Sandstone
8786,Sandstone
12220,Sandstone
6890,SandstoneShale
3749,SandstoneShale
2078,Chalk
9855,Sandstone
5212,Sandstone
13545,Sandstone
5971,Sandstone
6597,Coal
8539,Sandstone
10627,Sandstone
7047,SandstoneShale
8589,Sandstone
12608,Sandstone
1716,Chalk
11410,Limestone
2742,SandstoneShale
12965,Sandstone
7639,Sandstone
1560,Chalk
5148,SandstoneShale
10219,Tuff
8942,Sandstone
8893,Sandstone
5825,Marl
608,Tuff
5981,Coal
747,SandstoneShale
12561,Sandstone
5088,Sandstone
10515,Sandstone
8083,Tuff
377,Sandstone
8244,Sandstone
4079,SandstoneShale
10257,Tuff
5385,Sandstone
2841,Marl
9310,Limestone
12705,Limestone
3264,Sandstone
2406,Limestone
11007,Sandstone
296,Sandstone
10008,Sandstone
4637,SandstoneShale
2865,SandstoneShale
9881,Sandstone
179,Limestone
11667,Limestone
6594,Coal
10182,Tuff
8935,Sandstone
6094,Sandstone
11675,Limestone
13055,Sandstone
8717,Sandstone
439,Sandstone
2245,Limestone
4069,Sandstone
2266,Limestone
3944,SandstoneShale
4814,Sandstone
6325,SandstoneShale
1804,Chalk
6560,Sandstone
3986,Sandstone
7446,SandstoneShale
3631,SandstoneShale
9528,Marl
13544,Sandstone
9518,Limestone
1894,Chalk
4355,Sandstone
8460,Sandstone
2033,Chalk
4418,Sandstone
7615,Sandstone
3238,Sandstone
1597,Chalk
2713,Marl
12146,Sandstone
5387,Sandstone
7840,Sandstone
11612,Limestone
10306,Tuff
7154,SandstoneShale
2333,Limestone
12040,Coal
5893,SandstoneShale
11900,Limestone
34,Sandstone
2176,Limestone
13104,SandstoneShale
1270,Chalk
9459,Limestone
1739,Chalk
13582,Sandstone
12295,Sandstone
12351,Sandstone
5189,Sandstone
1650,Marl
3324,Sandstone
371,Sandstone
399,Sandstone
1532,Chalk
5064,Sandstone
8160,Tuff
13591,Sandstone
10821,Sandstone
517,Limestone
4145,Sandstone
11890,Limestone
13940,Coal
7912,Tuff
7405,SandstoneShale
4031,SandstoneShale
4520,Sandstone
9126,Sandstone
8361,Sandstone
9104,Sandstone
2834,Marl
12990,Sandstone
5864,SandstoneShale
5272,SandstoneShale
13936,Coal
12373,Sandstone
13888,Coal
13776,Sandstone
6621,Coal
8443,Sandstone
11692,Limestone
13428,Sandstone
9184,Limestone
8838,Sandstone
13084,Sandstone
545,Tuff
7460,Sandstone
870,SandstoneShale
2768,Sandstone
12733,Coal
12231,Sandstone
1301,Chalk
1839,Chalk
2306,Limestone
11723,Limestone
2586,Marl
10269,Tuff
6310,SandstoneShale
5904,SandstoneShale
551,Tuff
391,Sandstone
5674,Sandstone
7082,SandstoneShale
1306,Chalk
3208,Sandstone
5608,Sandstone
6656,Sandstone
764,SandstoneShale
3327,Sandstone
12896,SandstoneShale
8728,Sandstone
10402,Tuff
2009,Chalk
11364,Limestone
1502,Chalk
3593,SandstoneShale
6812,Sandstone
118,Limestone
8044,Tuff
590,Tuff
4140,SandstoneShale
4315,Sandstone
11231,Limestone
4381,Sandstone
2818,Marl
10754,Sandstone
1965,Chalk
13605,Sandstone
13508,Sandstone
12480,Sandstone
13419,Sandstone
853,SandstoneShale
13518,Sandstone
8400,Sandstone
3638,SandstoneShale
4853,SandstoneShale
606,Tuff
13275,Coal
10259,Tuff
10532,Sandstone
5348,Sandstone
8798,Limestone
13030,Sandstone
8678,Sandstone
13756,Sandstone
8611,Sandstone
9454,Limestone
4431,Sandstone
9425,Limestone
12368,Sandstone
13347,Sandstone
8298,Sandstone
13224,Sandstone
10154,Dolomite
13609,Sandstone
11822,Limestone
987,Limestone
11609,Limestone
9520,Marl
11251,Limestone
7622,Sandstone
5580,Sandstone
8508,Sandstone
4654,SandstoneShale
12662,Sandstone
11730,Limestone
3788,Sandstone
10937,Sandstone
4684,SandstoneShale
11026,Sandstone
4356,Sandstone
3113,Sandstone
11876,Limestone
11069,Sandstone
1676,Chalk
9861,Sandstone
5887,SandstoneShale
4746,SandstoneShale
8229,SandstoneShale
12719,Coal
9245,Limestone
7548,Sandstone
1083,Limestone
9649,Limestone
2425,Limestone
9965,Sandstone
5600,Sandstone
1998,Chalk
1772,Chalk
8915,SandstoneShale
13633,Coal
4792,Sandstone
834,SandstoneShale
9413,Limestone
9626,Limestone
564,Limestone
7089,SandstoneShale
7864,Sandstone
4871,SandstoneShale
3583,Sandstone
11573,Limestone
10866,Sandstone
10448,SandstoneShale
3341,SandstoneShale
4707,Sandstone
4199,Sandstone
10939,Sandstone
4040,SandstoneShale
12124,Sandstone
2863,SandstoneShale
3408,SandstoneShale
5534,Sandstone
5728,Sandstone
823,SandstoneShale
3902,SandstoneShale
752,SandstoneShale
5493,Sandstone
11960,Limestone
4272,Sandstone
12924,Sandstone
3571,Sandstone
12963,Sandstone
4769,SandstoneShale
6204,Sandstone
718,Limestone
8381,Sandstone
9937,Sandstone
6668,Sandstone
10332,Tuff
4885,SandstoneShale
7811,Sandstone
171,Limestone
12961,Sandstone
8587,Sandstone
8961,Sandstone
7063,SandstoneShale
5456,Sandstone
6590,Coal
8068,Tuff
10452,SandstoneShale
3919,Sandstone
6676,Sandstone
791,SandstoneShale
3863,Sandstone
2666,Marl
6727,Sandstone
8427,Sandstone
4150,Sandstone
11486,Limestone
9498,Limestone
5984,Sandstone
4588,Sandstone
2073,Chalk
8559,Sandstone
10588,Sandstone
2912,Marl
3435,SandstoneShale
13920,Sandstone
9494,Limestone
2248,Limestone
8299,Sandstone
1498,Chalk
6612,Coal
8210,Limestone
1889,Chalk
2790,Marl
2744,SandstoneShale
10917,Sandstone
9640,Limestone
3704,SandstoneShale
12208,Sandstone
918,Limestone
69,Sandstone
12540,Sandstone
8886,Sandstone
12953,Sandstone
10590,Sandstone
13064,Sandstone
7937,Tuff
11281,Limestone
5268,SandstoneShale
13028,Sandstone
3153,Sandstone
5230,Sandstone
5919,Sandstone
9638,Limestone
5372,Sandstone
10087,Sandstone
5745,Sandstone
10312,Tuff
3917,Sandstone
5227,Sandstone
11885,Limestone
4926,SandstoneShale
7255,SandstoneShale
6930,SandstoneShale
4370,SandstoneShale
10824,Sandstone
12887,Coal
220,SandstoneShale
11034,Sandstone
5181,Sandstone
1850,Chalk
9858,Sandstone
2247,Limestone
13305,Coal
7033,Limestone
5198,Sandstone
4286,Sandstone
11216,Limestone
982,Limestone
6891,SandstoneShale
8019,Tuff
2711,Marl
8793,Sandstone
13291,Coal
1492,Chalk
9805,Sandstone
5168,Sandstone
12986,Sandstone
8264,Sandstone
2814,Marl
13796,Coal
10720,Sandstone
11071,Sandstone
8081,Tuff
7287,SandstoneShale
276,Sandstone
8145,Tuff
516,Limestone
1238,Chalk
8314,Sandstone
2649,Marl
5686,Sandstone
3761,Sandstone
4279,SandstoneShale
4215,Sandstone
1171,Chalk
12897,SandstoneShale
9166,Limestone
6722,Sandstone
975,Limestone
6968,SandstoneShale
1697,Marl
2187,Limestone
6250,Sandstone
7737,Sandstone
12182,Sandstone
7697,Sandstone
5711,Sandstone
12132,Sandstone
10135,Dolomite
7068,SandstoneShale
614,Tuff
8224,SandstoneShale
1703,Chalk
892,Marl
1103,Limestone
8038,Tuff
2871,Sandstone
3137,Sandstone
8341,Sandstone
3766,SandstoneShale
2684,Marl
6955,SandstoneShale
10192,Tuff
13522,Sandstone
12017,Coal
7324,SandstoneShale
11306,Limestone
6539,Sandstone
294,Sandstone
10276,Tuff
3129,Sandstone
4436,Sandstone
10112,Sandstone
12988,Sandstone
13125,Sandstone
6553,Sandstone
8216,Limestone
8169,Tuff
4594,SandstoneShale
10411,Tuff
12233,Sandstone
3819,Sandstone
5090,Sandstone
13188,Sandstone
565,Limestone
6662,Sandstone
8447,Sandstone
4488,SandstoneShale
4179,SandstoneShale
7001,SandstoneShale
3770,Sandstone
6378,Sandstone
7135,SandstoneShale
11367,Limestone
10796,Sandstone
5234,Sandstone
8342,Sandstone
6570,Sandstone
10330,Tuff
7892,Sandstone
8515,Sandstone
13431,Sandstone
7146,SandstoneShale
5949,Sandstone
4753,SandstoneShale
12371,Sandstone
686,Limestone
4461,Sandstone
10082,Sandstone
12454,Coal
4672,SandstoneShale
4967,SandstoneShale
12417,Coal
6376,Sandstone
7109,SandstoneShale
9650,Limestone
13087,Sandstone
7474,Sandstone
7968,Tuff
5772,Marl
7567,Sandstone
4328,Sandstone
1535,Chalk
10424,Limestone
2855,Marl
13123,Sandstone
6341,Sandstone
7007,SandstoneShale
11619,Limestone
7863,Sandstone
4957,Sandstone
1307,Chalk
3984,Sandstone
5014,SandstoneShale
2416,Limestone
3493,SandstoneShale
10719,Sandstone
13660,Sandstone
13930,Coal
2828,Marl
1524,Chalk
8677,Sandstone
13671,Sandstone
10963,Sandstone
13956,Coal
4861,SandstoneShale
13550,Sandstone
1082,Limestone
4958,Sandstone
9070,Sandstone
2567,Marl
2462,Limestone
11664,Limestone
4742,SandstoneShale
4551,Sandstone
4986,Sandstone
3959,SandstoneShale
2376,Limestone
3542,Sandstone
11646,Limestone
6787,Sandstone
5240,Sandstone
10894,Sandstone
9113,Sandstone
1513,Chalk
12141,Sandstone
12430,Sandstone
9578,Limestone
8620,Sandstone
11238,Limestone
13111,SandstoneShale
4948,SandstoneShale
7004,SandstoneShale
12751,SandstoneShale
5900,SandstoneShale
11449,Limestone
4941,SandstoneShale
5868,SandstoneShale
4009,SandstoneShale
8345,Sandstone
12108,SandstoneShale
5085,SandstoneShale
11625,Limestone
2304,Limestone
1373,Chalk
3563,SandstoneShale
6710,Sandstone
8943,Sandstone
5622,Sandstone
12400,Sandstone
6302,SandstoneShale
5802,Marl
10574,Sandstone
4324,Sandstone
11939,Limestone
7933,Tuff
11685,Limestone
2725,SandstoneShale
7852,Sandstone
2145,Limestone
3473,SandstoneShale
5700,Sandstone
13751,Sandstone
2249,Limestone
1108,Limestone
11656,Limestone
11621,Limestone
12097,SandstoneShale
13091,Sandstone
7749,Sandstone
3395,SandstoneShale
6187,Sandstone
8335,Sandstone
5074,SandstoneShale
13217,Coal
3943,Sandstone
2530,Marl
3054,SandstoneShale
10893,Sandstone
8576,Sandstone
6277,Sandstone
12423,Sandstone
13534,Sandstone
8608,Sandstone
11901,Limestone
13555,Sandstone
8254,Sandstone
6322,SandstoneShale
1529,Chalk
1340,Chalk
415,Sandstone
7455,Sandstone
10524,Sandstone
10326,Tuff
9978,Sandstone
3148,Sandstone
8326,Sandstone
3888,Sandstone
13059,Sandstone
6084,Sandstone
5603,Sandstone
10413,Tuff
7913,Tuff
8458,Sandstone
3273,Sandstone
11015,Sandstone
7901,Sandstone
1950,Chalk
13003,Sandstone
7700,Sandstone
9999,Sandstone
13663,Sandstone
12369,Sandstone
13617,Sandstone
8470,Sandstone
7429,SandstoneShale
2348,Limestone
13372,Sandstone
2229,Limestone
7960,Tuff
10989,Sandstone
10043,Sandstone
11700,Limestone
12129,Sandstone
2404,Limestone
860,SandstoneShale
1504,Chalk
4940,SandstoneShale
11332,Limestone
10966,Sandstone
6750,Sandstone
13313,Sandstone
2715,Marl
11092,Limestone
1330,Chalk
8663,Sandstone
6355,SandstoneShale
11673,Limestone
10892,Sandstone
667,Tuff
274,Limestone
842,SandstoneShale
255,SandstoneShale
11788,Limestone
2832,Marl
12513,Sandstone
5215,Sandstone
9230,Limestone
3091,Sandstone
9951,Sandstone
11365,Limestone
2862,Marl
1775,Chalk
5223,Sandstone
13118,SandstoneShale
2771,Sandstone
5630,Sandstone
4595,SandstoneShale
1769,Chalk
708,Limestone
11864,Limestone
11672,Limestone
1940,Chalk
10040,Sandstone
12825,SandstoneShale
10498,Sandstone
2750,Sandstone
4152,Sandstone
5954,Sandstone
8453,Sandstone
7183,SandstoneShale
5950,Sandstone
11427,Limestone
12496,Sandstone
2663,Marl
12444,Coal
2946,SandstoneShale
11381,Limestone
10943,Sandstone
9351,Limestone
11699,Limestone
9894,Sandstone
9505,Limestone
9674,Limestone
4070,Sandstone
3349,SandstoneShale
4904,SandstoneShale
1634,Marl
4424,Sandstone
12209,Sandstone
9600,Limestone
3087,Sandstone
7170,SandstoneShale
470,Sandstone
12686,Limestone
7882,Sandstone
8277,Sandstone
9559,Limestone
3506,SandstoneShale
2214,Limestone
6186,Sandstone
8236,Sandstone
9283,Limestone
2914,Marl
4936,SandstoneShale
4473,Sandstone
8524,Sandstone
1158,Chalk
9185,Limestone
10032,Sandstone
1864,Chalk
4565,Sandstone
10704,Sandstone
4788,Sandstone
7767,Sandstone
1382,Chalk
11728,Limestone
2984,Limestone
8376,Sandstone
5907,SandstoneShale
7642,Sandstone
10699,Sandstone
10701,Sandstone
342,Sandstone
8596,Sandstone
6781,Sandstone
5595,Sandstone
13845,Coal
10019,Sandstone
2042,Chalk
13716,Sandstone
8781,Sandstone
8771,Sandstone
9727,Sandstone
554,Limestone
531,Limestone
3599,Sandstone
8755,SandstoneShale
8201,Limestone
8785,Sandstone
13151,Sandstone
6401,Sandstone
10885,Sandstone
13298,Coal
11104,Limestone
329,Sandstone
221,SandstoneShale
5048,SandstoneShale
10398,Tuff
4390,SandstoneShale
4173,Sandstone
4547,Sandstone
520,Limestone
12947,Sandstone
2787,Marl
11317,Limestone
2634,Marl
578,Tuff
2110,Limestone
11448,Limestone
6562,Sandstone
5480,Sandstone
11411,Limestone
1501,Chalk
4729,SandstoneShale
7425,SandstoneShale
12577,Sandstone
8622,Sandstone
4817,SandstoneShale
5517,Sandstone
444,Sandstone
3667,Sandstone
3092,Sandstone
4942,SandstoneShale
11482,Limestone
12883,Coal
4239,Sandstone
10703,Sandstone
6218,Sandstone
10794,Sandstone
5799,Marl
9162,Limestone
10783,Sandstone
7789,Sandstone
4432,Sandstone
10455,SandstoneShale
2555,Marl
55,Sandstone
12348,Sandstone
3459,Sandstone
3352,SandstoneShale
6649,Sandstone
6114,Sandstone
6658,Sandstone
2467,Limestone
13651,Sandstone
11264,Limestone
11710,Limestone
3556,SandstoneShale
1428,Chalk
3457,SandstoneShale
3581,Sandstone
4021,SandstoneShale
1109,Limestone
7115,SandstoneShale
5994,Sandstone
10700,Sandstone
6964,SandstoneShale
8636,Sandstone
6459,Coal
13934,Coal
11308,Limestone
7030,SandstoneShale
4992,SandstoneShale
7751,Sandstone
12875,Coal
10285,Tuff
5908,Limestone
12007,Limestone
10198,Tuff
6647,Sandstone
6016,Sandstone
7262,SandstoneShale
7307,SandstoneShale
12306,Sandstone
3075,SandstoneShale
12936,Sandstone
7753,Sandstone
11246,Limestone
9809,Sandstone
8940,Sandstone
5136,Sandstone
8852,Sandstone
11908,Limestone
6484,Sandstone
13602,Sandstone
6085,Sandstone
6732,Sandstone
12937,Sandstone
9756,Limestone
553,Limestone
8697,Sandstone
3908,Sandstone
2519,Marl
6777,Sandstone
11647,Limestone
12300,Sandstone
9764,Coal
8,SandstoneShale
2955,SandstoneShale
3829,Sandstone
9945,Sandstone
1701,Chalk
4705,Sandstone
9538,Marl
6883,SandstoneShale
12711,Limestone
8227,SandstoneShale
4372,SandstoneShale
3719,SandstoneShale
12161,Sandstone
12685,Limestone
5154,Sandstone
6844,Sandstone
2852,Marl
10236,Tuff
13851,Coal
3824,Sandstone
12898,SandstoneShale
4499,Sandstone
11745,Limestone
7927,Tuff
2932,Marl
2902,Limestone
2837,Marl
11348,Limestone
13500,Sandstone
8797,Limestone
11146,Limestone
10291,Tuff
12353,Sandstone
11651,Limestone
8543,Sandstone
4067,Sandstone
3351,SandstoneShale
10780,Sandstone
8200,Limestone
5414,Sandstone
10566,Sandstone
5331,Sandstone
13287,Coal
2844,Marl
6638,Sandstone
13101,Coal
12297,Sandstone
8346,Sandstone
5065,Sandstone
5525,Sandstone
3827,Sandstone
11698,Limestone
6771,Sandstone
1783,Chalk
5668,SandstoneShale
12672,Sandstone
11985,Limestone
2100,Limestone
9606,Limestone
3551,SandstoneShale
8311,Sandstone
10186,Tuff
9033,Sandstone
9101,Sandstone
2446,Limestone
10548,Sandstone
577,Tuff
12408,Sandstone
13823,Sandstone
10907,Sandstone
10152,Dolomite
12362,Sandstone
9849,Sandstone
447,Sandstone
2276,Limestone
9526,Marl
5078,SandstoneShale
8185,Tuff
9837,Sandstone
10954,Sandstone
8223,SandstoneShale
5639,Sandstone
800,SandstoneShale
10908,Sandstone
2309,Limestone
3189,Sandstone
10487,Sandstone
5203,Sandstone
9086,Sandstone
8681,Sandstone
8388,Sandstone
10564,Sandstone
7845,Sandstone
4354,Sandstone
2597,Limestone
10064,Sandstone
3673,Sandstone
2593,Marl
8364,Sandstone
6685,Sandstone
6420,Sandstone
3323,Sandstone
4283,Sandstone
4325,Sandstone
19,SandstoneShale
1890,Chalk
4898,SandstoneShale
4248,Sandstone
8045,Tuff
2893,Sandstone
11474,Limestone
523,Limestone
3448,Sandstone
10973,Sandstone
1914,Chalk
11918,Limestone
1458,Chalk
871,SandstoneShale
8869,Sandstone
1526,Chalk
10407,Tuff
8114,Tuff
3217,Sandstone
10255,Tuff
12903,Sandstone
1090,Limestone
1891,Chalk
952,Limestone
1223,Chalk
2920,Marl
5229,Sandstone
11508,Limestone
3532,Sandstone
5953,Sandstone
6642,Sandstone
8744,Sandstone
6253,Sandstone
2661,Marl
7562,Sandstone
431,Sandstone
11773,Limestone
12788,SandstoneShale
12599,Sandstone
13933,Coal
6671,Sandstone
370,Sandstone
7294,SandstoneShale
12262,Sandstone
1017,Limestone
11935,Limestone
12800,Sandstone
1942,Chalk
1536,Chalk
1389,Chalk
10438,Tuff
8059,Tuff
3705,SandstoneShale
2334,Limestone
12363,Sandstone
13900,Sandstone
2535,Marl
5585,Sandstone
3343,SandstoneShale
8431,Sandstone
6512,Sandstone
6198,Sandstone
12435,Sandstone
78,Sandstone
3536,Sandstone
7775,Sandstone
2694,Marl
10204,Tuff
5651,Sandstone
4211,Sandstone
9188,Limestone
7090,SandstoneShale
13959,Coal
10528,Sandstone
5233,Sandstone
4401,Sandstone
5851,SandstoneShale
4518,Sandstone
1096,Limestone
2153,Limestone
1695,Chalk
9474,Limestone
9735,Sandstone
13919,Sandstone
12113,SandstoneShale
7127,SandstoneShale
245,SandstoneShale
1302,Chalk
11230,Limestone
5784,Marl
940,Limestone
1338,Chalk
4629,SandstoneShale
7274,SandstoneShale
13887,Coal
10179,Tuff
9201,Limestone
7020,SandstoneShale
10327,Tuff
668,Tuff
1758,Chalk
9835,Sandstone
2122,Limestone
7263,SandstoneShale
6080,Sandstone
10640,Sandstone
8847,Sandstone
2885,Sandstone
589,Tuff
3494,SandstoneShale
12742,Coal
8056,Tuff
8074,Tuff
10789,Sandstone
840,SandstoneShale
959,Limestone
5874,SandstoneShale
7553,Sandstone
9205,Limestone
7108,SandstoneShale
1660,Chalk
9065,Limestone
10879,Sandstone
13515,Sandstone
6990,SandstoneShale
4660,SandstoneShale
6219,Sandstone
7421,SandstoneShale
2361,Limestone
10844,Sandstone
13414,Sandstone
7782,Sandstone
11154,Limestone
8313,Sandstone
8906,Sandstone
13223,Sandstone
10076,Sandstone
9928,Sandstone
3102,Sandstone
10239,Tuff
5337,Sandstone
11407,Limestone
9485,Limestone
10996,Sandstone
9793,Sandstone
1919,Chalk
5712,Sandstone
12956,Sandstone
10619,Sandstone
5536,Sandstone
5599,Sandstone
5519,Sandstone
9025,Sandstone
12901,Sandstone
8144,Tuff
5739,Sandstone
9712,Sandstone
13206,Coal
6434,Sandstone
10232,Tuff
6637,Sandstone
620,Tuff
2029,Chalk
4065,Sandstone
7447,SandstoneShale
6015,Sandstone
11344,Limestone
5194,Sandstone
10901,Sandstone
5103,SandstoneShale
3936,Sandstone
3682,Sandstone
27,Sandstone
3832,Sandstone
5884,SandstoneShale
7965,Tuff
3675,Sandstone
12127,Sandstone
462,Sandstone
10802,Sandstone
1746,Chalk
10923,Sandstone
7556,Sandstone
8040,Tuff
3449,SandstoneShale
5338,Sandstone
4695,SandstoneShale
6449,Coal
2118,Limestone
715,Limestone
13095,Coal
6508,Sandstone
3553,SandstoneShale
3464,Sandstone
9895,Sandstone
8280,Sandstone
3203,Sandstone
1184,Chalk
479,Sandstone
10696,Sandstone
5830,Marl
13868,Coal
10680,Sandstone
8766,Sandstone
13391,Coal
5179,Sandstone
2637,Marl
1208,Chalk
11538,Limestone
13678,Sandstone
5478,Sandstone
1187,Marl
4204,SandstoneShale
11035,Sandstone
7054,SandstoneShale
6450,Coal
13423,Sandstone
10484,Sandstone
8527,Sandstone
1606,Chalk
1455,Chalk
429,Sandstone
5171,Sandstone
6048,Sandstone
5641,Sandstone
13037,Sandstone
4586,Sandstone
2282,Limestone
11109,Limestone
13650,Sandstone
3791,Sandstone
13541,Sandstone
9508,Limestone
9359,Limestone
9510,Limestone
8435,Sandstone
5109,SandstoneShale
4628,Sandstone
2225,Marl
3895,Sandstone
13654,Sandstone
10840,Sandstone
1135,Chalk
7304,SandstoneShale
10432,Tuff
2560,Marl
1877,Chalk
2546,Marl
9186,Limestone
12434,Sandstone
7667,Sandstone
4985,Sandstone
13745,Sandstone
12813,Sandstone
1837,Chalk
3389,SandstoneShale
7143,SandstoneShale
7977,Tuff
7440,SandstoneShale
6019,SandstoneShale
9313,Limestone
9380,Limestone
13187,Sandstone
6245,Sandstone
10224,Tuff
3402,Limestone
12061,SandstoneShale
12431,Sandstone
7410,SandstoneShale
13820,Sandstone
762,SandstoneShale
3419,SandstoneShale
3922,SandstoneShale
6630,Coal
4019,SandstoneShale
13969,Sandstone
3131,Sandstone
1868,Chalk
2812,Marl
244,SandstoneShale
6505,Sandstone
10919,Sandstone
9296,Limestone
9137,Sandstone
7710,Sandstone
9732,Sandstone
7000,SandstoneShale
11353,Limestone
3497,SandstoneShale
13882,Coal
3692,SandstoneShale
11417,Limestone
6006,Sandstone
1443,Chalk
2149,Limestone
13327,Coal
11765,Limestone
9259,Limestone
1641,Chalk
4234,Sandstone
11671,Limestone
9670,Limestone
11489,Limestone
11122,Limestone
1282,Marl
4313,Sandstone
6318,SandstoneShale
4615,SandstoneShale
12572,Sandstone
539,Limestone
12548,Sandstone
4897,SandstoneShale
7216,SandstoneShale
1254,Marl
13134,Sandstone
5655,Sandstone
8593,Sandstone
13923,Sandstone
7634,Sandstone
7131,SandstoneShale
3834,Sandstone
5731,Sandstone
10251,Tuff
6908,SandstoneShale
3886,SandstoneShale
1436,Chalk
5030,SandstoneShale
12588,Sandstone
9802,Sandstone
4464,Sandstone
627,Tuff
6817,Sandstone
7345,SandstoneShale
6775,Sandstone
8308,Sandstone
7997,Tuff
13949,Coal
7341,SandstoneShale
1990,Chalk
12822,SandstoneShale
968,Limestone
9149,Limestone
745,SandstoneShale
5057,Sandstone
12781,Coal
11428,Limestone
726,Limestone
12154,Sandstone
2979,SandstoneShale
6866,Sandstone
5820,Marl
9251,Limestone
10067,Sandstone
2477,Limestone
5402,Sandstone
11194,Limestone
4765,SandstoneShale
4001,SandstoneShale
2296,Limestone
9208,Limestone
12833,SandstoneShale
2628,Marl
11922,Limestone
3362,Sandstone
188,Limestone
5990,Sandstone
9817,Sandstone
893,Marl
12754,SandstoneShale
7295,SandstoneShale
12568,Sandstone
3711,SandstoneShale
3415,SandstoneShale
13694,Sandstone
12236,Sandstone
9415,Limestone
7373,SandstoneShale
7526,Sandstone
4704,Sandstone
2001,Chalk
267,Limestone
7643,Sandstone
11389,Limestone
4417,Sandstone
112,Limestone
8129,Tuff
1052,Limestone
7151,SandstoneShale
5699,Sandstone
6152,Sandstone
13723,Sandstone
7774,Sandstone
10153,Dolomite
4713,Sandstone
13739,Sandstone
7211,SandstoneShale
11085,Limestone
9601,Limestone
9729,Sandstone
6163,Sandstone
11255,Limestone
8013,Tuff
9852,Sandstone
1687,Chalk
3590,SandstoneShale
9036,Sandstone
365,Sandstone
6731,Sandstone
4237,Sandstone
4175,Sandstone
13676,Sandstone
977,Limestone
6380,Sandstone
12269,Sandstone
4010,SandstoneShale
7550,Sandstone
13510,Sandstone
7371,SandstoneShale
6567,Sandstone
810,SandstoneShale
10968,Sandstone
13631,Coal
749,SandstoneShale
10065,Sandstone
10423,Limestone
2380,Limestone
13231,Coal
10176,Tuff
8713,Sandstone
6852,Sandstone
4492,Sandstone
2211,Limestone
10245,Tuff
11880,Limestone
13439,Sandstone
9197,Limestone
1784,Chalk
13139,Sandstone
12031,Coal
390,Sandstone
9830,Sandstone
4698,SandstoneShale
9647,Limestone
8921,SandstoneShale
3080,SandstoneShale
13918,Sandstone
11514,Limestone
4310,Sandstone
1830,Chalk
9749,Sandstone
2952,SandstoneShale
2111,Limestone
3231,Limestone
1668,Chalk
4151,Sandstone
7938,Tuff
4102,SandstoneShale
3674,Sandstone
11184,Limestone
4333,Sandstone
1413,Chalk
963,Limestone
10444,SandstoneShale
9502,Limestone
13619,Sandstone
9394,Limestone
8592,Sandstone
12173,Sandstone
11835,Limestone
3214,Sandstone
7586,Sandstone
8293,Sandstone
3170,Sandstone
6588,Coal
8758,Limestone
5551,Sandstone
6579,Sandstone
351,Sandstone
6157,Sandstone
10140,Dolomite
908,Limestone
13578,Sandstone
11794,Limestone
2371,Limestone
6913,Sandstone
2475,Limestone
7504,Sandstone
9319,Limestone
13657,Sandstone
310,Sandstone
1936,Chalk
11570,Limestone
3202,Sandstone
7580,Sandstone
12207,Sandstone
13853,Sandstone
4702,Sandstone
11825,Limestone
12866,Sandstone
10578,Sandstone
1616,Chalk
11839,Limestone
6067,Sandstone
13548,Sandstone
4124,SandstoneShale
12550,Sandstone
13778,Sandstone
9596,Limestone
11580,Limestone
11645,Limestone
4602,Sandstone
12365,Sandstone
94,SandstoneShale
947,Limestone
11926,Limestone
9483,Limestone
5173,Sandstone
8253,Sandstone
8128,Tuff
1886,Chalk
12179,Sandstone
9797,Sandstone
11934,Limestone
6674,Sandstone
13271,Sandstone
3004,SandstoneShale
2326,Limestone
2074,Chalk
4445,Sandstone
2459,Limestone
12394,Sandstone
13263,Sandstone
4482,Sandstone
5879,SandstoneShale
12085,SandstoneShale
2606,Marl
6566,Sandstone
10127,Sandstone
5939,Sandstone
6839,Sandstone
4826,SandstoneShale
8217,Limestone
12059,SandstoneShale
3420,SandstoneShale
1547,Chalk
10695,Sandstone
5000,SandstoneShale
5901,SandstoneShale
5787,Marl
5056,Sandstone
7758,Sandstone
4899,Sandstone
10271,Tuff
4691,SandstoneShale
1288,Marl
13833,Sandstone
6910,SandstoneShale
5243,Sandstone
4564,Sandstone
11078,Limestone
6460,Coal
5127,SandstoneShale
3139,Sandstone
11137,Limestone
13647,Sandstone
5082,SandstoneShale
10563,Sandstone
1847,Chalk
12312,Sandstone
12324,Sandstone
10121,Sandstone
302,SandstoneShale
12673,Sandstone
1000,Limestone
6919,Sandstone
9032,Sandstone
7633,Sandstone
8922,SandstoneShale
6240,Sandstone
10741,Sandstone
7346,SandstoneShale
5940,Sandstone
13707,Sandstone
10328,Tuff
6217,Sandstone
8097,Tuff
13523,Sandstone
10931,Sandstone
3892,Sandstone
6988,SandstoneShale
8804,Limestone
2327,Limestone
5274,SandstoneShale
11041,Sandstone
8735,Sandstone
4521,Sandstone
8274,Sandstone
3298,Sandstone
107,Limestone
8171,Tuff
3838,Sandstone
11165,Limestone
12842,Sandstone
7461,Sandstone
10246,Tuff
5023,SandstoneShale
7784,Sandstone
13110,SandstoneShale
6762,Sandstone
10825,Sandstone
10522,Sandstone
4502,Sandstone
6622,Coal
9458,Limestone
5008,Sandstone
5249,Sandstone
5033,SandstoneShale
9952,Sandstone
9522,Marl
8664,Sandstone
8871,Sandstone
11709,Limestone
241,SandstoneShale
6572,Sandstone
4643,Sandstone
4273,Sandstone
4196,Sandstone
6531,Sandstone
3121,Sandstone
12397,Sandstone
9368,Limestone
9667,Limestone
11241,Limestone
3385,SandstoneShale
3436,SandstoneShale
8286,Sandstone
799,SandstoneShale
13184,Coal
1442,Chalk
3768,SandstoneShale
649,Limestone
13329,Coal
5946,Sandstone
8701,Sandstone
3942,Sandstone
2916,Marl
13339,Sandstone
13584,Sandstone
633,Tuff
8507,Sandstone
13928,Coal
4222,Sandstone
12564,Sandstone
11836,Limestone
12098,SandstoneShale
11393,Limestone
9006,Sandstone
512,Limestone
11747,Limestone
13025,Sandstone
5199,Sandstone
9340,Limestone
12303,Sandstone
12087,SandstoneShale
12706,Limestone
5760,Sandstone
11851,Limestone
11485,Limestone
8336,Sandstone
7053,SandstoneShale
2585,Marl
11980,Limestone
11257,Limestone
5959,Sandstone
10093,Sandstone
8046,Tuff
6702,Sandstone
3809,SandstoneShale
4902,SandstoneShale
9685,Limestone
9532,Marl
10419,Tuff
1327,Chalk
8864,Sandstone
109,Limestone
13186,Sandstone
13283,Coal
13465,Sandstone
1242,Chalk
4105,SandstoneShale
2440,Limestone
5238,Sandstone
1044,Limestone
6494,Sandstone
9678,Limestone
1465,Chalk
6684,Sandstone
11435,Limestone
4690,SandstoneShale
4437,SandstoneShale
3587,Sandstone
13360,Sandstone
3882,Sandstone
2269,Limestone
6257,Sandstone
909,Limestone
9864,Sandstone
5303,Sandstone
11501,Limestone
2980,Limestone
10321,Tuff
6299,SandstoneShale
11206,Limestone
11525,Marl
10258,Tuff
759,SandstoneShale
7157,SandstoneShale
10316,Tuff
13109,SandstoneShale
12830,SandstoneShale
8500,Sandstone
9398,Limestone
753,SandstoneShale
148,Limestone
3014,SandstoneShale
1408,Chalk
10018,Sandstone
1226,Chalk
5305,Sandstone
13127,Sandstone
9194,Limestone
706,Tuff
7686,Sandstone
9557,Limestone
11958,Limestone
4352,Sandstone
3582,Sandstone
264,Limestone
3219,Sandstone
5778,Marl
5683,Sandstone
164,Limestone
11791,Limestone
6967,SandstoneShale
1875,Chalk
7223,SandstoneShale
6757,Sandstone
2318,Limestone
1073,Limestone
7439,SandstoneShale
9791,Sandstone
4073,SandstoneShale
2408,Limestone
1310,Chalk
5355,Sandstone
10693,Sandstone
11405,Limestone
4692,SandstoneShale
1808,Chalk
11120,Limestone
3382,Sandstone
12850,SandstoneShale
8834,Sandstone
4247,Sandstone
7357,SandstoneShale
91,SandstoneShale
3289,Sandstone
5996,Sandstone
4644,Sandstone
6692,Sandstone
11289,Limestone
7846,Sandstone
7087,SandstoneShale
9632,Limestone
13163,Sandstone
10722,Sandstone
8882,Sandstone
1667,Chalk
10972,Sandstone
4862,SandstoneShale
2236,Limestone
13589,Sandstone
12230,Sandstone
9623,Limestone
3921,SandstoneShale
1453,Chalk
79,Sandstone
9110,Sandstone
8479,Sandstone
10948,Sandstone
6792,Sandstone
9672,Limestone
11875,Limestone
10418,Tuff
9034,Sandstone
9634,Limestone
11290,Limestone
10319,Tuff
11832,Limestone
8183,Tuff
2395,Limestone
9035,Sandstone
13532,Sandstone
1931,Chalk
9700,Sandstone
10010,Sandstone
9826,Sandstone
9758,Limestone
12713,Coal
5531,Sandstone
454,Sandstone
9614,Limestone
2619,Limestone
12745,SandstoneShale
13760,Sandstone
10249,Tuff
5278,Sandstone
64,Sandstone
5588,Sandstone
1207,Chalk
13375,Sandstone
1571,Chalk
2528,Marl
13869,Coal
2271,Limestone
7854,Sandstone
9179,Limestone
9898,Sandstone
7472,Sandstone
1435,Chalk
3294,Sandstone
7003,SandstoneShale
12060,SandstoneShale
13035,Sandstone
2685,Limestone
10048,Sandstone
10883,Sandstone
9617,Limestone
1895,Chalk
7133,SandstoneShale
12427,Sandstone
10047,Sandstone
10630,Sandstone
7372,SandstoneShale
8814,Limestone
10559,Sandstone
11776,Limestone
2469,Limestone
9539,Marl
5216,Sandstone
489,Sandstone
1089,Limestone
12261,Sandstone
11126,Limestone
5696,Sandstone
12212,Sandstone
8779,Sandstone
629,Tuff
12304,Sandstone
13079,Sandstone
4420,Sandstone
3191,Sandstone
6743,Sandstone
4256,Sandstone
13695,Sandstone
6132,Sandstone
3072,SandstoneShale
3953,Sandstone
10454,SandstoneShale
2468,Limestone
13021,Sandstone
2086,Chalk
10628,Sandstone
5378,Sandstone
10507,Sandstone
6652,Sandstone
4956,Sandstone
5226,Sandstone
12025,Coal
12479,Sandstone
8389,Sandstone
5844,Marl
11140,Limestone
2439,Limestone
12811,SandstoneShale
3018,SandstoneShale
5407,Sandstone
11640,Limestone
1218,Chalk
10775,Sandstone
7999,Tuff
13269,Sandstone
8198,Tuff
2053,Chalk
11940,Limestone
9746,Sandstone
12036,Coal
7024,SandstoneShale
5479,Sandstone
1873,Chalk
495,Limestone
4487,SandstoneShale
526,Tuff
5532,Sandstone
8966,Sandstone
10591,Sandstone
12307,Sandstone
2809,Marl
11416,Limestone
7890,Sandstone
13099,Coal
2049,Chalk
5735,Sandstone
7983,Tuff
2601,Limestone
10655,Sandstone
7415,SandstoneShale
3736,SandstoneShale
2466,Limestone
6869,Sandstone
610,Tuff
9908,Sandstone
11842,Limestone
1132,Chalk
2022,Chalk
5190,Sandstone
2193,Limestone
6396,Sandstone
9000,Limestone
4201,SandstoneShale
290,Sandstone
7320,SandstoneShale
4775,SandstoneShale
4572,Sandstone
1077,Limestone
9213,Limestone
13630,Coal
2356,Limestone
7281,SandstoneShale
2016,Chalk
6667,Sandstone
7599,Sandstone
3552,SandstoneShale
315,Sandstone
1478,Chalk
6772,Sandstone
4592,SandstoneShale
7367,SandstoneShale
11189,Limestone
1203,Chalk
5977,Coal
993,Limestone
6565,Sandstone
9214,Limestone
4042,SandstoneShale
9619,Limestone
10770,Sandstone
3712,SandstoneShale
436,Sandstone
1118,Chalk
5134,SandstoneShale
13368,Sandstone
4250,Sandstone
2901,SandstoneShale
1151,Chalk
7636,Sandstone
6966,SandstoneShale
10933,Sandstone
2675,Marl
10195,Tuff
2488,Marl
3630,SandstoneShale
13666,Sandstone
2257,Limestone
5998,Sandstone
5083,SandstoneShale
6796,Sandstone
9507,Limestone
7802,Sandstone
9783,Sandstone
13682,Sandstone
5073,SandstoneShale
10334,Tuff
12644,Sandstone
11215,Limestone
9742,Sandstone
11100,Limestone
4260,SandstoneShale
4622,SandstoneShale
13721,Sandstone
5723,Sandstone
4887,SandstoneShale
12736,Coal
2647,Marl
510,Limestone
9551,Limestone
3251,Sandstone
11527,Limestone
6087,Sandstone
6353,SandstoneShale
7228,SandstoneShale
9558,Limestone
12234,Sandstone
9177,Limestone
7505,Sandstone
9139,Limestone
270,Limestone
12395,Sandstone
13082,Sandstone
5871,SandstoneShale
6479,Sandstone
8924,SandstoneShale
6418,Sandstone
3741,SandstoneShale
3034,SandstoneShale
6500,Sandstone
11990,Limestone
7560,Sandstone
2223,Limestone
11049,Limestone
6066,Sandstone
6129,Sandstone
1039,Limestone
2055,Chalk
10347,Tuff
9295,Limestone
4295,Sandstone
10213,Tuff
5139,SandstoneShale
11135,Limestone
11954,Limestone
7453,Sandstone
13587,Sandstone
8645,Sandstone
10651,Sandstone
3514,SandstoneShale
5522,Sandstone
5829,Marl
3047,SandstoneShale
1190,Marl
6326,SandstoneShale
3267,Sandstone
6740,Sandstone
4998,SandstoneShale
13552,Sandstone
13822,Sandstone
12388,Sandstone
12066,SandstoneShale
3350,SandstoneShale
8461,Sandstone
2644,Marl
10485,Sandstone
8561,Sandstone
13902,Sandstone
9486,Limestone
8947,Sandstone
8399,Sandstone
1161,Chalk
11209,Limestone
2331,Limestone
6238,Sandstone
3773,Sandstone
9037,Sandstone
13857,Sandstone
12155,Sandstone
6110,Sandstone
11827,Limestone
3135,Sandstone
10500,Sandstone
9131,Sandstone
1514,Chalk
10514,Sandstone
5659,Sandstone
10268,Tuff
12336,Sandstone
2668,Marl
6631,Coal
8971,Sandstone
8219,SandstoneShale
624,Tuff
2532,Marl
12128,Sandstone
12783,SandstoneShale
1116,Chalk
4055,SandstoneShale
1059,Limestone
690,Limestone
6970,SandstoneShale
2374,Limestone
11626,Limestone
3450,SandstoneShale
2963,SandstoneShale
6193,Sandstone
4342,Sandstone
7107,SandstoneShale
2495,Marl
12367,Sandstone
13065,Sandstone
9090,Sandstone
11124,Limestone
8863,Sandstone
5642,Sandstone
8792,Sandstone
9311,Limestone
10664,Sandstone
12980,Coal
2188,Limestone
2108,Limestone
8367,Sandstone
1748,Chalk
3196,Sandstone
13189,Sandstone
4416,Sandstone
3962,Sandstone
260,Limestone
1393,Chalk
5410,Sandstone
13162,Sandstone
3057,SandstoneShale
7858,Sandstone
1294,Chalk
8408,Sandstone
13424,Sandstone
12521,Sandstone
12213,Sandstone
12670,Sandstone
5392,Sandstone
11356,Limestone
3434,SandstoneShale
1143,Chalk
2509,Marl
4809,SandstoneShale
4512,Sandstone
11275,Limestone
12468,Sandstone
6832,Sandstone
11884,Limestone
9751,Sandstone
7163,SandstoneShale
180,Limestone
12978,Coal
2655,Marl
3,SandstoneShale
10266,Tuff
6537,Sandstone
2659,Marl
7449,SandstoneShale
4057,SandstoneShale
9350,Limestone
10104,Sandstone
12566,Sandstone
9264,Limestone
4,SandstoneShale
9005,Sandstone
13299,Coal
5455,Sandstone
4718,Sandstone
2985,Limestone
13962,Sandstone
7992,Tuff
13942,Coal
6509,Sandstone
755,SandstoneShale
11029,Sandstone
6739,Sandstone
7766,Sandstone
2789,Marl
5195,Sandstone
9580,Limestone
5409,Sandstone
353,Sandstone
8322,Sandstone
3424,Sandstone
8053,Tuff
13509,Sandstone
5865,SandstoneShale
3150,Sandstone
282,Sandstone
3375,SandstoneShale
1126,Chalk
905,Limestone
9738,Sandstone
2840,Marl
13971,Coal
8414,Sandstone
10200,Tuff
3710,SandstoneShale
9902,Sandstone
13200,Sandstone
4710,Sandstone
10569,Sandstone
9711,Sandstone
7832,Sandstone
3614,Sandstone
4015,SandstoneShale
631,Tuff
6384,Sandstone
1260,Chalk
11362,Limestone
3607,SandstoneShale
12671,Sandstone
8159,Tuff
7648,Sandstone
9942,Sandstone
13353,Sandstone
5945,Sandstone
7797,Sandstone
2604,Marl
3469,SandstoneShale
7693,Sandstone
11644,Limestone
8009,Tuff
5562,Sandstone
1365,Chalk
10861,Sandstone
459,Sandstone
10647,Sandstone
12145,Sandstone
8839,Sandstone
6785,Sandstone
10457,SandstoneShale
11572,Limestone
12569,Sandstone
7539,Sandstone
3481,Sandstone
9721,Sandstone
12440,Coal
5289,Sandstone
1136,Chalk
4949,SandstoneShale
8578,Sandstone
2014,Chalk
3381,Sandstone
11315,Limestone
12343,Sandstone
4027,SandstoneShale
3789,Sandstone
8010,Tuff
9217,Limestone
8860,Sandstone
12617,Coal
1215,Chalk
5569,Sandstone
116,Limestone
632,Tuff
12766,SandstoneShale
6472,Coal
7735,Sandstone
132,Limestone
6297,Sandstone
2006,Chalk
11682,Limestone
7810,Sandstone
10248,Tuff
12190,Sandstone
8919,SandstoneShale
8050,Tuff
6424,Sandstone
9376,Limestone
5872,SandstoneShale
7254,SandstoneShale
3108,Sandstone
8642,Sandstone
12801,Sandstone
4510,Sandstone
9694,Sandstone
5076,SandstoneShale
10601,Sandstone
13153,Sandstone
7712,Sandstone
1923,Chalk
5624,Sandstone
4346,Sandstone
11677,Limestone
4886,SandstoneShale
11084,Limestone
1619,Chalk
2651,Marl
11386,Limestone
9777,Sandstone
12968,Sandstone
12301,Sandstone
10975,Sandstone
9159,Limestone
10851,Sandstone
1249,Chalk
2633,Marl
9076,Sandstone
9066,Limestone
6296,Sandstone
10986,Sandstone
13362,Sandstone
7702,Sandstone
453,Sandstone
17,SandstoneShale
1332,Chalk
7236,SandstoneShale
12283,Sandstone
11654,Limestone
5794,Marl
8486,Sandstone
8904,Sandstone
829,SandstoneShale
10365,Tuff
4422,Sandstone
13846,Coal
12429,Sandstone
8225,SandstoneShale
4661,SandstoneShale
9568,Limestone
10066,Sandstone
3997,SandstoneShale
5123,Sandstone
12935,Sandstone
7574,Sandstone
7838,Sandstone
9789,Sandstone
3687,Sandstone
291,Sandstone
4407,Sandstone
10274,Tuff
114,Limestone
7849,Sandstone
11796,Limestone
4329,Sandstone
8992,Sandstone
2729,SandstoneShale
3978,SandstoneShale
1323,Chalk
8688,Sandstone
12205,Sandstone
4925,SandstoneShale
12438,Coal
13070,Sandstone
2010,Chalk
13794,Coal
7733,Sandstone
97,Limestone
10768,Sandstone
6754,Sandstone
9971,Sandstone
8182,Tuff
4032,SandstoneShale
5695,Sandstone
11634,Limestone
8918,SandstoneShale
13422,Sandstone
5,SandstoneShale
9275,Limestone
1170,Chalk
6541,Sandstone
6850,Sandstone
2453,Limestone
11870,Limestone
8517,Sandstone
942,Limestone
8506,Sandstone
13093,Sandstone
65,Sandstone
11236,Limestone
3846,Sandstone
8698,Sandstone
7778,Sandstone
5687,Sandstone
5520,Sandstone
2192,Limestone
10163,Limestone
8637,Sandstone
851,SandstoneShale
7963,Tuff
6294,Sandstone
13421,Sandstone
11266,Limestone
6183,Sandstone
1019,Limestone
3176,Sandstone
8638,Sandstone
5035,SandstoneShale
7347,SandstoneShale
166,Limestone
12570,Sandstone
12491,Sandstone
5815,Limestone
13670,Sandstone
1383,Chalk
2397,Limestone
6862,Sandstone
8126,Tuff
8579,Sandstone
7549,Sandstone
5029,SandstoneShale
9997,Sandstone
1473,Chalk
902,Limestone
4999,SandstoneShale
5155,Sandstone
12258,Sandstone
4610,SandstoneShale
5131,SandstoneShale
10521,Sandstone
1689,Chalk
4873,SandstoneShale
10755,Sandstone
7664,Sandstone
7360,SandstoneShale
7724,Sandstone
1205,Chalk
4989,SandstoneShale
1245,Chalk
10086,Sandstone
12804,SandstoneShale
3269,Sandstone
7276,SandstoneShale
7869,Sandstone
12518,Sandstone
3404,Limestone
13680,Sandstone
7280,SandstoneShale
601,Tuff
11296,Limestone
2926,Marl
1887,Chalk
8823,Limestone
11273,Limestone
10714,Sandstone
3074,SandstoneShale
1533,Chalk
2558,Marl
10225,Tuff
2779,Marl
4693,SandstoneShale
5503,Sandstone
9482,Limestone
6334,Sandstone
340,Sandstone
1182,Chalk
6957,SandstoneShale
4165,SandstoneShale
7037,Limestone
5752,Sandstone
8920,SandstoneShale
11738,Limestone
12522,Sandstone
13847,Coal
1611,Chalk
8833,Sandstone
9301,Limestone
6001,Sandstone
11694,Limestone
8292,Sandstone
11892,Limestone
2626,Marl
6026,Sandstone
9029,Sandstone
7905,Dolomite
13454,SandstoneShale
7326,SandstoneShale
2842,Marl
10350,Tuff
5258,Sandstone
1528,Chalk
612,Tuff
7538,Sandstone
3565,SandstoneShale
6909,SandstoneShale
2949,SandstoneShale
7045,SandstoneShale
12460,Sandstone
9300,Limestone
8069,Tuff
832,SandstoneShale
7552,Sandstone
12851,SandstoneShale
7104,SandstoneShale
5734,Sandstone
9976,Sandstone
5942,Sandstone
8261,Sandstone
6703,Sandstone
8830,Sandstone
12275,Sandstone
3811,SandstoneShale
362,Sandstone
985,Limestone
10822,Sandstone
10924,Sandstone
6980,SandstoneShale
8668,Sandstone
9228,Limestone
6427,Sandstone
5221,Sandstone
3116,Sandstone
12392,Sandstone
11828,Limestone
3336,Sandstone
5120,SandstoneShale
5788,Marl
7674,Sandstone
137,Limestone
10583,Sandstone
3805,Sandstone
3124,Sandstone
12186,Sandstone
5019,SandstoneShale
10920,Sandstone
4433,Sandstone
742,SandstoneShale
11354,Limestone
13482,Sandstone
5081,SandstoneShale
7736,Sandstone
13150,Sandstone
1214,Chalk
8845,Sandstone
873,SandstoneShale
3923,SandstoneShale
5431,Sandstone
978,Limestone
5727,Sandstone
6575,Sandstone
7857,Sandstone
4623,Sandstone
11666,Limestone
11933,Limestone
3254,Sandstone
2398,Limestone
7613,Sandstone
9123,Sandstone
373,Sandstone
433,Sandstone
324,Sandstone
354,Sandstone
9824,Sandstone
12847,SandstoneShale
4131,SandstoneShale
8577,Sandstone
6096,Sandstone
3678,Sandstone
3928,SandstoneShale
6648,Sandstone
2561,Marl
6007,Sandstone
219,SandstoneShale
4937,SandstoneShale
8306,Sandstone
9074,Sandstone
11302,Limestone
4415,Sandstone
12700,Limestone
6335,Sandstone
4682,SandstoneShale
815,SandstoneShale
10286,Tuff
10238,Tuff
7561,Sandstone
13724,Sandstone
1996,Chalk
2258,Limestone
3002,SandstoneShale
12134,Sandstone
996,Limestone
13616,Sandstone
5185,Sandstone
13659,Sandstone
8222,SandstoneShale
774,SandstoneShale
10466,SandstoneShale
875,SandstoneShale
3503,SandstoneShale
4620,SandstoneShale
4379,Sandstone
8568,Limestone
7227,SandstoneShale
8536,Sandstone
1964,Chalk
3213,Sandstone
3671,Sandstone
229,SandstoneShale
2687,Limestone
8312,Sandstone
7607,Sandstone
8516,Sandstone
11923,Limestone
3368,Sandstone
1867,Chalk
9669,Limestone
1763,Chalk
8036,Tuff
3933,SandstoneShale
7378,SandstoneShale
9645,Limestone
3950,Sandstone
8513,Sandstone
10671,Sandstone
793,SandstoneShale
7589,Sandstone
4666,SandstoneShale
6034,Sandstone
8096,Tuff
4116,SandstoneShale
13958,Coal
8805,Limestone
12103,SandstoneShale
475,Sandstone
10171,Dolomite
2536,Marl
7126,SandstoneShale
9127,Sandstone
12792,SandstoneShale
3028,SandstoneShale
8405,Sandstone
13674,Sandstone
5217,Sandstone
4396,SandstoneShale
13732,Sandstone
671,Limestone
2956,SandstoneShale
5318,Sandstone
7354,Sandstone
10044,Sandstone
3079,SandstoneShale
1121,Chalk
13844,Coal
10177,Tuff
9747,Sandstone
8454,Sandstone
9565,Limestone
6654,Sandstone
692,Limestone
992,Limestone
8150,Tuff
10342,Tuff
6394,Sandstone
12010,Limestone
11843,Limestone
9591,Limestone
62,Sandstone
11192,Limestone
7623,Sandstone
7058,SandstoneShale
6786,Sandstone
6833,Sandstone
8255,Sandstone
8634,Sandstone
8125,Tuff
8654,Sandstone
1345,Chalk
10481,Sandstone
6723,Sandstone
782,SandstoneShale
5162,Sandstone
12279,Sandstone
7998,Tuff
12168,Sandstone
11635,Limestone
10281,Tuff
12687,Limestone
935,Limestone
6381,Sandstone
9342,Limestone
6879,SandstoneShale
4980,SandstoneShale
10125,Sandstone
9490,Limestone
10806,Sandstone
103,Limestone
1967,Chalk
9268,Limestone
4740,SandstoneShale
6142,Sandstone
6933,SandstoneShale
1811,Chalk
9682,Limestone
6327,SandstoneShale
384,Sandstone
10075,Sandstone
737,SandstoneShale
13681,Sandstone
3499,SandstoneShale
12798,Sandstone
2346,Limestone
9195,Limestone
11641,Limestone
9576,Limestone
3117,Sandstone
3700,SandstoneShale
6009,Sandstone
7482,Sandstone
7396,SandstoneShale
6095,Sandstone
3877,Sandstone
4820,SandstoneShale
10715,Sandstone
9701,Sandstone
13048,Sandstone
9183,Limestone
3111,Sandstone
1516,Chalk
3484,Sandstone
5262,SandstoneShale
1951,Chalk
8246,Sandstone
8669,Sandstone
13427,Sandstone
6573,Sandstone
3734,SandstoneShale
4119,SandstoneShale
12218,Sandstone
12731,Coal
5524,Sandstone
5935,Sandstone
92,SandstoneShale
12226,Sandstone
8633,Sandstone
9924,Sandstone
11726,Limestone
12913,Sandstone
12623,Coal
3610,SandstoneShale
6402,Sandstone
1879,Chalk
2085,Chalk
8588,Sandstone
638,Tuff
6867,Sandstone
9255,Limestone
10818,Sandstone
932,Limestone
13954,Coal
9587,Limestone
1728,Chalk
11201,Limestone
7046,SandstoneShale
7035,Limestone
2777,Sandstone
11360,Limestone
3594,SandstoneShale
653,Tuff
1766,Chalk
12691,Limestone
9419,Limestone
13696,Sandstone
1113,Chalk
254,SandstoneShale
10900,Sandstone
2036,Chalk
6954,SandstoneShale
9372,Limestone
4479,Sandstone
9688,Limestone
4733,SandstoneShale
2003,Chalk
6918,Sandstone
10385,Tuff
4638,SandstoneShale
11145,Limestone
1236,Chalk
11000,Sandstone
594,Tuff
2503,Marl
933,Limestone
7099,SandstoneShale
7448,SandstoneShale
8375,Sandstone
3320,Sandstone
9545,Limestone
9847,Sandstone
4569,Sandstone
1221,Chalk
7233,SandstoneShale
12611,Sandstone
4275,SandstoneShale
966,Limestone
4664,SandstoneShale
13762,Sandstone
9411,Limestone
13448,SandstoneShale
4522,Sandstone
1241,Chalk
6659,Sandstone
6717,Sandstone
12184,Sandstone
4368,Sandstone
5077,SandstoneShale
11437,Limestone
13160,Sandstone
8432,Sandstone
10437,Tuff
5036,SandstoneShale
13474,Sandstone
4513,Sandstone
13457,Sandstone
7834,Sandstone
4254,Sandstone
1013,Limestone
9925,Sandstone
9430,Limestone
3531,Sandstone
3715,SandstoneShale
825,SandstoneShale
215,SandstoneShale
6858,Sandstone
6851,Sandstone
2531,Marl
11866,Limestone
13496,Sandstone
3606,SandstoneShale
4156,Sandstone
885,Limestone
11441,Limestone
5105,SandstoneShale
9697,Sandstone
773,SandstoneShale
12790,SandstoneShale
13668,Sandstone
10415,Tuff
4298,Sandstone
11014,Sandstone
1585,Chalk
477,Sandstone
7258,SandstoneShale
13750,Sandstone
6960,SandstoneShale
519,Limestone
7593,Sandstone
10036,Sandstone
12277,Sandstone
104,Limestone
5099,SandstoneShale
6577,Sandstone
10189,Tuff
1449,Chalk
6004,Sandstone
7513,Sandstone
13343,Sandstone
3794,SandstoneShale
173,Limestone
6164,Sandstone
2102,Limestone
8743,Sandstone
13218,Sandstone
13896,Coal
9050,Sandstone
9170,Limestone
1993,Chalk
3174,Sandstone
5297,Sandstone
5740,Sandstone
7660,Sandstone
6140,Sandstone
4427,Sandstone
10604,Sandstone
9836,Sandstone
7145,SandstoneShale
11219,Limestone
2928,Marl
2869,Sandstone
3670,Sandstone
12082,SandstoneShale
8487,Sandstone
4127,SandstoneShale
6619,Coal
9250,Limestone
682,Tuff
7760,Sandstone
2730,SandstoneShale
1146,Chalk
2452,Limestone
2137,Limestone
13429,Sandstone
8095,Tuff
7954,Tuff
13881,Coal
9356,Limestone
2827,Marl
11368,Limestone
3068,SandstoneShale
13894,Coal
11278,Limestone
13808,Sandstone
7566,Sandstone
4797,SandstoneShale
850,SandstoneShale
9529,Marl
182,Limestone
11793,Limestone
10654,Sandstone
5027,SandstoneShale
10304,Tuff
6853,Sandstone
8101,Tuff
4135,SandstoneShale
345,Sandstone
3883,Sandstone
4080,SandstoneShale
3570,Sandstone
4770,SandstoneShale
13159,Sandstone
13730,Sandstone
11743,Limestone
3533,Sandstone
10643,Sandstone
6514,Sandstone
8104,Tuff
13905,Sandstone
5357,Sandstone
13492,Sandstone
12873,Coal
3169,Sandstone
11598,Limestone
11663,Limestone
4389,SandstoneShale
8989,Sandstone
4050,SandstoneShale
11977,Limestone
4107,SandstoneShale
10750,Sandstone
7048,SandstoneShale
543,Limestone
6471,Coal
13370,Sandstone
6356,SandstoneShale
12459,Sandstone
5758,Sandstone
3699,SandstoneShale
1633,Marl
9114,Sandstone
11657,Limestone
2494,Marl
2734,SandstoneShale
5548,Sandstone
9354,Limestone
13097,Coal
12033,Coal
1317,Chalk
2139,Limestone
8649,Sandstone
10687,Sandstone
8742,Sandstone
7094,SandstoneShale
7014,SandstoneShale
10080,Sandstone
8895,Sandstone
11144,Limestone
4403,Sandstone
12591,Sandstone
9703,Sandstone
3893,Sandstone
4576,Sandstone
2533,Marl
7730,Sandstone
9277,Limestone
739,SandstoneShale
11401,Limestone
3684,Sandstone
11732,Limestone
9403,Limestone
9161,Limestone
7803,Sandstone
2752,SandstoneShale
12695,Limestone
9753,Sandstone
7807,Sandstone
6123,Sandstone
1250,Chalk
12680,Limestone
4299,Sandstone
5749,Sandstone
12071,SandstoneShale
4095,SandstoneShale
11891,Limestone
2753,SandstoneShale
3771,Sandstone
5207,Sandstone
13875,Coal
3543,Sandstone
6513,Sandstone
13507,Sandstone
10728,Sandstone
7685,Sandstone
4908,SandstoneShale
5436,Sandstone
6466,Coal
15,SandstoneShale
6490,Sandstone
4605,SandstoneShale
6374,Coal
5072,SandstoneShale
4825,SandstoneShale
11204,Limestone
1933,Chalk
1036,Limestone
10743,Sandstone
4020,SandstoneShale
4373,Sandstone
9427,Limestone
6624,Coal
11544,Limestone
12340,Sandstone
11806,Limestone
7981,Tuff
11013,Sandstone
5658,Sandstone
9410,Limestone
2311,Limestone
3774,Sandstone
10434,Tuff
8302,Sandstone
535,Limestone
337,Sandstone
11498,Limestone
13722,Sandstone
1731,Chalk
7506,Sandstone
4848,SandstoneShale
1902,Chalk
5692,Sandstone
13044,Sandstone
12658,Sandstone
3423,SandstoneShale
11089,Limestone
8880,Sandstone
11504,Limestone
5119,SandstoneShale
10622,Sandstone
3022,SandstoneShale
2708,Sandstone
4397,SandstoneShale
6397,Sandstone
1333,Chalk
11254,Limestone
11300,Limestone
13180,Coal
12156,Sandstone
9618,Limestone
10812,Limestone
283,Sandstone
5694,Sandstone
195,SandstoneShale
13397,SandstoneShale
8848,Sandstone
1795,Chalk
1491,Chalk
9656,Limestone
4828,Sandstone
12997,Sandstone
11271,Limestone
13361,Sandstone
11829,Limestone
6180,Sandstone
1134,Chalk
3646,Sandstone
12018,Coal
6929,SandstoneShale
4276,SandstoneShale
13045,Sandstone
12547,Sandstone
9001,Limestone
11357,Limestone
8950,Sandstone
2702,Marl
9238,Limestone
9581,Limestone
13459,Sandstone
7368,SandstoneShale
2072,Chalk
4468,SandstoneShale
13766,Sandstone
13487,Sandstone
5764,Coal
123,Limestone
326,Sandstone
10384,Tuff
2075,Chalk
6770,Sandstone
1292,Chalk
1651,Marl
6362,SandstoneShale
1789,Chalk
13402,SandstoneShale
8541,Sandstone
10222,Tuff
6529,Sandstone
6227,Sandstone
11760,Limestone
10884,Sandstone
9112,Sandstone
1029,Limestone
981,Limestone
8897,Sandstone
4723,SandstoneShale
1876,Chalk
1907,Chalk
9560,Limestone
8528,Sandstone
3960,SandstoneShale
1564,Chalk
6946,SandstoneShale
2572,Limestone
6442,Coal
2736,SandstoneShale
4302,Sandstone
3848,Sandstone
2222,Limestone
7777,Sandstone
6641,Sandstone
9930,Sandstone
8929,SandstoneShale
2553,Marl
6044,Sandstone
3658,Sandstone
13430,Sandstone
6118,Sandstone
2579,Marl
6688,Sandstone
5821,Marl
4184,SandstoneShale
13506,Sandstone
8066,Tuff
1983,Chalk
11077,Limestone
1685,Chalk
2436,Limestone
8062,Tuff
13437,Sandstone
6237,Sandstone
10511,Sandstone
11676,Limestone
12457,Sandstone
1554,Chalk
66,Sandstone
1482,Chalk
5835,Marl
9770,Sandstone
12916,Sandstone
5518,Sandstone
446,Sandstone
5319,Sandstone
11507,Limestone
7194,SandstoneShale
11585,Limestone
8760,Limestone
9140,Limestone
7349,Sandstone
11384,Limestone
9,SandstoneShale
666,Tuff
10313,Tuff
3429,Sandstone
2672,Marl
5538,Sandstone
9156,Limestone
12421,Coal
7161,SandstoneShale
5667,SandstoneShale
10354,Tuff
3363,Sandstone
5877,SandstoneShale
11323,Limestone
9198,Limestone
5860,SandstoneShale
2872,Sandstone
12882,Coal
1794,Chalk
2203,Limestone
3218,Sandstone
4751,SandstoneShale
3488,SandstoneShale
1721,Chalk
677,Limestone
2450,Limestone
252,SandstoneShale
6093,Sandstone
3694,SandstoneShale
13837,Coal
9998,Sandstone
4235,Sandstone
8686,Sandstone
12579,Sandstone
658,Tuff
2605,Marl
363,Sandstone
400,Sandstone
4232,Sandstone
7828,Sandstone
7492,Sandstone
8753,SandstoneShale
8939,Sandstone
4960,Sandstone
5415,Sandstone
13950,Coal
872,SandstoneShale
6081,Sandstone
1227,Chalk
3591,SandstoneShale
1865,Chalk
10132,Sandstone
6974,SandstoneShale
3290,Sandstone
12927,Sandstone
4611,SandstoneShale
3798,SandstoneShale
5527,Sandstone
2824,Marl
5457,Sandstone
4779,SandstoneShale
8371,Sandstone
3524,SandstoneShale
3802,Sandstone
13331,Coal
13071,Sandstone
5843,Marl
2200,Limestone
10887,Sandstone
8429,Sandstone
12375,Sandstone
1851,Chalk
8174,Tuff
6042,Sandstone
9959,Sandstone
9226,Limestone
12587,Sandstone
548,Tuff
4701,Sandstone
6388,Sandstone
9105,Sandstone
12268,Sandstone
11024,Sandstone
9136,Sandstone
10858,Sandstone
2364,Limestone
12737,Coal
13608,Sandstone
9237,Limestone
5933,Sandstone
9282,Limestone
5516,Sandstone
1550,Chalk
13251,Sandstone
8498,Sandstone
9752,Sandstone
3937,Sandstone
13557,Sandstone
10616,Sandstone
9392,Limestone
5340,Sandstone
3688,Sandstone
11349,Limestone
12117,Sandstone
10530,Sandstone
3765,SandstoneShale
1884,Chalk
2126,Limestone
8490,Sandstone
9664,Limestone
1819,Chalk
13577,Sandstone
13395,Coal
6797,Sandstone
1445,Chalk
13367,Sandstone
6922,Sandstone
13878,Coal
9665,Limestone
6247,Sandstone
3259,Sandstone
10068,Sandstone
7722,Sandstone
6432,Sandstone
9620,Limestone
1527,Chalk
8491,Sandstone
3030,SandstoneShale
7137,SandstoneShale
12335,Sandstone
4189,SandstoneShale
6455,Coal
1264,Chalk
1642,Chalk
528,Limestone
8796,Limestone
3527,SandstoneShale
3857,Sandstone
6147,SandstoneShale
2698,Marl
1424,Chalk
10749,Sandstone
12489,Sandstone
12322,Sandstone
8791,Sandstone
13600,Sandstone
10841,Sandstone
7158,SandstoneShale
12486,Sandstone
9527,Marl
1042,Limestone
8260,Sandstone
2609,Marl
12225,Sandstone
13588,Sandstone
852,SandstoneShale
11487,Limestone
4685,SandstoneShale
11212,Limestone
11164,Limestone
10525,Sandstone
1834,Chalk
13791,Coal
7713,Sandstone
10964,Sandstone
838,SandstoneShale
2015,Chalk
1796,Chalk
4246,Sandstone
1827,Chalk
13351,Sandstone
12492,Sandstone
7792,Sandstone
12834,SandstoneShale
10598,Sandstone
1761,Chalk
6162,Sandstone
9134,Sandstone
11769,Limestone
2778,Sandstone
530,Limestone
9862,Sandstone
2677,Marl
6519,Sandstone
12222,Sandstone
2409,Limestone
2860,Marl
13301,Coal
6336,Sandstone
12955,Sandstone
2499,Limestone
7036,Limestone
8372,Sandstone
10612,Sandstone
9130,Sandstone
13478,Sandstone
4608,SandstoneShale
417,Sandstone
5846,Marl
9444,Limestone
8853,Sandstone
5202,Sandstone
5985,Sandstone
7438,SandstoneShale
5483,Sandstone
13013,Sandstone
12245,Sandstone
13052,Sandstone
2463,Limestone
8005,Tuff
4141,SandstoneShale
7679,Sandstone
13268,Sandstone
13937,Coal
8061,Tuff
7184,SandstoneShale
808,SandstoneShale
10301,Tuff
766,SandstoneShale
4869,Sandstone
13665,Sandstone
1553,Chalk
10942,Sandstone
10811,Sandstone
6428,Sandstone
1605,Chalk
8022,Tuff
424,Sandstone
7312,SandstoneShale
9709,Sandstone
9169,Limestone
10839,Sandstone
9816,Sandstone
3239,Sandstone
2706,Marl
2784,Marl
4180,SandstoneShale
12029,Coal
11594,Limestone
6159,Sandstone
1820,Chalk
4258,Sandstone
2237,Limestone
2657,Marl
5614,Sandstone
13914,Sandstone
10852,Sandstone
5246,Sandstone
1589,Chalk
4411,Sandstone
13226,Sandstone
7995,Tuff
4959,Sandstone
3309,Sandstone
2241,Limestone
1119,Chalk
4603,Sandstone
279,Sandstone
13848,Coal
4962,SandstoneShale
13297,Coal
11711,Limestone
10847,Sandstone
2289,Limestone
6695,Sandstone
4274,SandstoneShale
10035,Sandstone
9514,Limestone
11620,Limestone
4195,Sandstone
5779,Marl
13181,Coal
13232,Coal
7814,Sandstone
621,Tuff
8369,Sandstone
733,SandstoneShale
9235,Limestone
1799,Chalk
8996,Limestone
4994,SandstoneShale
7769,Sandstone
5086,SandstoneShale
8476,Sandstone
9865,Sandstone
2275,Limestone
11568,Limestone
4550,Sandstone
8418,Sandstone
8843,Sandstone
12096,SandstoneShale
4126,SandstoneShale
13503,Sandstone
12981,Sandstone
4641,SandstoneShale
3621,SandstoneShale
8289,Sandstone
158,Limestone
4943,SandstoneShale
7018,SandstoneShale
13317,Sandstone
7931,Tuff
7779,Sandstone
10752,Sandstone
11712,Limestone
12537,Sandstone
13146,Sandstone
3808,SandstoneShale
12714,Coal
12247,Sandstone
1058,Limestone
12266,Sandstone
6295,Sandstone
6135,Sandstone
9316,Limestone
9890,Sandstone
7542,Sandstone
12043,Coal
9820,Sandstone
9730,Sandstone
8315,Sandstone
3076,SandstoneShale
8858,Sandstone
5607,Sandstone
10346,Tuff
13203,Sandstone
200,SandstoneShale
12070,SandstoneShale
9913,Sandstone
859,SandstoneShale
2763,SandstoneShale
3413,SandstoneShale
11400,Limestone
8757,SandstoneShale
11033,Sandstone
10932,Sandstone
5445,Sandstone
1416,Chalk
8464,Sandstone
4981,SandstoneShale
7770,Sandstone
13528,Sandstone
6392,Sandstone
393,Sandstone
7487,Sandstone
8170,Tuff
5560,Sandstone
1520,Chalk
10677,Sandstone
7962,Tuff
10767,Sandstone
13204,Coal
13861,Sandstone
6337,Sandstone
5637,Sandstone
5453,Sandstone
12636,Coal
8086,Tuff
10088,Sandstone
7516,Sandstone
9108,Sandstone
6000,Sandstone
11210,Limestone
13476,Sandstone
5704,Sandstone
13244,SandstoneShale
4394,SandstoneShale
6139,Sandstone
3903,SandstoneShale
9702,Sandstone
4475,Sandstone
11953,Limestone
8987,Sandstone
7692,Sandstone
4186,SandstoneShale
4128,SandstoneShale
862,SandstoneShale
6719,Sandstone
3754,SandstoneShale
7928,Tuff
1474,Chalk
5128,SandstoneShale
2065,Chalk
2445,Limestone
4149,Sandstone
4453,Sandstone
6903,SandstoneShale
9579,Limestone
11782,Limestone
13462,Sandstone
13558,Sandstone
5312,Sandstone
9192,Limestone
13469,SandstoneShale
5632,Sandstone
1438,Chalk
10659,Sandstone
12690,Limestone
779,SandstoneShale
4830,Sandstone
10596,Sandstone
2900,SandstoneShale
3386,SandstoneShale
11247,Limestone
5555,Sandstone
4589,Sandstone
4413,Sandstone
11048,Limestone
8060,Tuff
13798,Coal
6482,Sandstone
450,Sandstone
1812,Chalk
1992,Chalk
8110,Tuff
2405,Limestone
5432,Sandstone
4266,Sandstone
10526,Sandstone
9607,Limestone
11898,Limestone
1314,Chalk
382,Sandstone
3334,Sandstone
6644,Sandstone
13736,Sandstone
12110,SandstoneShale
8382,Sandstone
6520,Sandstone
11496,Limestone
1579,Chalk
6293,Sandstone
1446,Chalk
3236,Sandstone
3410,SandstoneShale
2765,SandstoneShale
1802,Chalk
3322,Sandstone
2131,Limestone
10217,Tuff
9397,Limestone
12888,Coal
13133,Sandstone
7195,SandstoneShale
10820,Sandstone
8808,Limestone
9348,Limestone
8926,SandstoneShale
6350,SandstoneShale
2895,SandstoneShale
5208,Sandstone
10149,Dolomite
2433,Limestone
1672,Chalk
13193,Coal
3956,Sandstone
4409,Sandstone
2580,Marl
854,SandstoneShale
10059,Sandstone
2199,Limestone
5347,Sandstone
4047,SandstoneShale
3146,Sandstone
6415,Sandstone
10393,Tuff
6956,SandstoneShale
10191,Tuff
3399,Limestone
7851,Sandstone
4384,Sandstone
4049,SandstoneShale
9476,Limestone
13755,Sandstone
11599,Limestone
2197,Limestone
1679,Chalk
12056,SandstoneShale
13131,Sandstone
6116,Sandstone
527,Tuff
5486,Sandstone
5902,SandstoneShale
12415,Sandstone
6309,SandstoneShale
21,SandstoneShale
4580,Sandstone
1880,Chalk
8819,Limestone
7518,Sandstone
920,Limestone
24,SandstoneShale
11269,Limestone
1267,Chalk
983,Limestone
2012,Chalk
6718,Sandstone
4100,SandstoneShale
2537,Marl
5489,Sandstone
2998,SandstoneShale
12160,Sandstone
2099,Limestone
3701,SandstoneShale
3380,Sandstone
3847,Sandstone
12755,SandstoneShale
8240,Sandstone
3695,SandstoneShale
5079,SandstoneShale
4922,SandstoneShale
9293,Limestone
2680,Marl
2166,Limestone
4382,Sandstone
6409,Sandstone
4842,SandstoneShale
13290,Coal
4532,Sandstone
13320,Sandstone
8407,Sandstone
12409,Sandstone
2194,Limestone
12819,Sandstone
944,Limestone
4892,SandstoneShale
12485,Sandstone
4827,Sandstone
7729,Sandstone
10988,Sandstone
9892,Sandstone
7791,Sandstone
4864,SandstoneShale
11970,Limestone
878,SandstoneShale
10727,Sandstone
3437,SandstoneShale
6963,SandstoneShale
9495,Limestone
929,Limestone
9787,Sandstone
8112,Tuff
7465,Sandstone
1212,Chalk
3755,SandstoneShale
2594,Marl
12808,SandstoneShale
7609,Sandstone
10128,Sandstone
9084,Sandstone
10139,Dolomite
1005,Limestone
6864,Sandstone
29,Sandstone
8078,Tuff
10210,Tuff
5951,Sandstone
2342,Limestone
5174,Sandstone
10842,Sandstone
11956,Limestone
11779,Limestone
11971,Limestone
13702,Sandstone
357,Sandstone
10459,SandstoneShale
11324,Limestone
8740,Sandstone
12088,SandstoneShale
9148,Limestone
1904,Chalk
5004,SandstoneShale
1901,Chalk
378,Sandstone
5263,SandstoneShale
11132,Limestone
3451,SandstoneShale
12099,SandstoneShale
3403,Limestone
12987,Sandstone
4287,Sandstone
11159,Limestone
3872,Sandstone
10300,Tuff
13611,Sandstone
3818,Sandstone
2654,Marl
818,SandstoneShale
9089,Sandstone
3945,SandstoneShale
2226,Marl
12974,Coal
11341,Limestone
13341,Sandstone
8178,Tuff
1647,Chalk
3567,SandstoneShale
6633,Coal
2185,Limestone
9604,Limestone
1078,Limestone
12090,SandstoneShale
9872,Sandstone
5754,Sandstone
3585,Sandstone
10832,Sandstone
8546,Sandstone
3083,SandstoneShale
4326,Sandstone
5367,Sandstone
582,Tuff
10960,Sandstone
9408,Limestone
8477,Sandstone
5043,Sandstone
746,SandstoneShale
10006,Sandstone
9582,Limestone
13629,Coal
5031,SandstoneShale
10555,Sandstone
5140,SandstoneShale
3311,Sandstone
1938,Chalk
4970,SandstoneShale
11909,Limestone
11280,Limestone
13828,Sandstone
10788,Sandstone
9357,Limestone
4363,Sandstone
1186,Marl
9138,Limestone
4907,SandstoneShale
11316,Limestone
9517,Limestone
8707,Sandstone
9432,Limestone
12555,Sandstone
11008,Sandstone
2136,Limestone
3525,SandstoneShale
12501,Sandstone
13264,Sandstone
670,Limestone
12735,Coal
1569,Chalk
4785,SandstoneShale
9010,Sandstone
9827,Sandstone
6599,Coal
13463,Sandstone
10351,Tuff
2716,Marl
4043,SandstoneShale
1014,Limestone
5301,Sandstone
8807,Limestone
744,SandstoneShale
5038,SandstoneShale
11220,Limestone
5382,Sandstone
9002,Sandstone
8604,Sandstone
7955,Tuff
3941,Sandstone
11304,Limestone
13594,Sandstone
2662,Marl
11584,Limestone
9436,Limestone
3690,Sandstone
4172,Sandstone
11579,Limestone
7139,SandstoneShale
6875,Sandstone
12320,Sandstone
703,Tuff
11343,Limestone
2772,SandstoneShale
6485,Sandstone
669,Tuff
7314,SandstoneShale
185,Limestone
4584,Sandstone
13546,Sandstone
8188,Tuff
10318,Tuff
12840,Sandstone
12016,Coal
7581,Sandstone
9745,Sandstone
8151,Tuff
2934,Marl
9470,Limestone
77,Sandstone
7714,Sandstone
10392,Tuff
12104,SandstoneShale
8377,Sandstone
10549,Sandstone
9061,Limestone
11321,Limestone
1066,Limestone
6103,Sandstone
10391,Tuff
12560,Sandstone
6803,Sandstone
154,Limestone
3517,SandstoneShale
4224,Sandstone
10765,Sandstone
9464,Limestone
12042,Coal
3645,Sandstone
2385,Limestone
7657,Sandstone
7703,Sandstone
3672,Sandstone
1693,Chalk
12171,Sandstone
3904,SandstoneShale
7009,SandstoneShale
3142,Sandstone
12064,SandstoneShale
8558,Sandstone
596,Tuff
3312,Limestone
11138,Limestone
12945,Sandstone
13480,Sandstone
4178,SandstoneShale
170,Limestone
3948,Sandstone
11802,Limestone
7877,Sandstone
10216,Tuff
2190,Limestone
7008,SandstoneShale
6841,Sandstone
10146,Dolomite
6444,Coal
8652,Sandstone
6598,Coal
11173,Limestone
12254,Sandstone
5932,Sandstone
7336,SandstoneShale
5102,SandstoneShale
5689,Sandstone
7083,SandstoneShale
1546,Chalk
9018,Sandstone
891,Limestone
10682,Sandstone
9361,Limestone
6837,Sandstone
9429,Limestone
1167,Chalk
11155,Limestone
5242,Sandstone
13117,SandstoneShale
6660,Sandstone
7256,SandstoneShale
269,Limestone
7322,SandstoneShale
8393,Sandstone
5921,Sandstone
13519,Sandstone
12241,Sandstone
11166,Limestone
1899,Chalk
6176,SandstoneShale
951,Limestone
3729,Sandstone
13050,Sandstone
1925,Chalk
7344,SandstoneShale
12377,Sandstone
12015,Limestone
939,Limestone
7570,Sandstone
2026,Chalk
11181,Limestone
12286,Sandstone
12525,Sandstone
1222,Chalk
9610,Limestone
8503,Sandstone
11937,Limestone
2759,SandstoneShale
11566,Limestone
8324,Sandstone
858,SandstoneShale
924,Limestone
12442,Coal
10425,Limestone
11352,Limestone
10572,Sandstone
9173,Limestone
6811,Sandstone
3993,Sandstone
332,Sandstone
13744,Sandstone
9916,Sandstone
12318,Sandstone
5795,Marl
11704,Limestone
10311,Tuff
13903,Sandstone
13135,Sandstone
3066,SandstoneShale
868,SandstoneShale
13595,Sandstone
8878,Sandstone
5660,Sandstone
720,Limestone
2313,Limestone
12446,Coal
587,Tuff
1518,Chalk
4426,Sandstone
9349,Limestone
265,Limestone
3873,Sandstone
9367,Limestone
10579,Sandstone
5298,Sandstone
8657,Sandstone
437,Sandstone
3285,Sandstone
463,Sandstone
1487,Chalk
3467,SandstoneShale
5425,Sandstone
11361,Limestone
7464,Sandstone
11649,Limestone
4879,SandstoneShale
2307,Limestone
9027,Sandstone
10070,Sandstone
8960,Sandstone
4621,SandstoneShale
1368,Chalk
9733,Sandstone
10422,Limestone
7459,Sandstone
583,Tuff
10947,Sandstone
7752,Sandstone
1577,Chalk
12757,SandstoneShale
6924,SandstoneShale
6371,Coal
10460,SandstoneShale
5753,Sandstone
5718,Sandstone
8689,Sandstone
11339,Limestone
2302,Limestone
5359,Sandstone
13913,Sandstone
5187,Sandstone
5481,Sandstone
465,Sandstone
3871,Sandstone
1557,Marl
4728,SandstoneShale
8021,Tuff
1565,Chalk
5853,SandstoneShale
3440,Sandstone
12506,Sandstone
3177,Sandstone
11655,Limestone
3644,Sandstone
12455,Coal
713,Limestone
8829,Sandstone
6769,Sandstone
10469,SandstoneShale
1666,Chalk
6536,Sandstone
11500,Limestone
5729,Sandstone
9833,Sandstone
6935,Sandstone
12523,Sandstone
13800,Coal
10607,Sandstone
10138,Dolomite
3359,Sandstone
2431,Limestone
8718,Sandstone
3866,Sandstone
9984,Sandstone
2629,Limestone
8468,Sandstone
5808,Marl
4801,Sandstone
994,Limestone
1228,Chalk
5330,Sandstone
6288,Sandstone
4052,SandstoneShale
11854,Limestone
3428,Sandstone
4008,SandstoneShale
3049,SandstoneShale
10542,Sandstone
13801,Coal
651,Tuff
9346,Limestone
7591,Sandstone
973,Limestone
11735,Limestone
10766,Sandstone
9564,Limestone
12055,SandstoneShale
12058,SandstoneShale
11969,Limestone
9868,Sandstone
1490,Chalk
7067,SandstoneShale
2751,Sandstone
9622,Limestone
4635,SandstoneShale
1618,Chalk
7587,Sandstone
4435,Sandstone
11037,Sandstone
9961,Sandstone
1741,Chalk
2444,Limestone
7575,Sandstone
10024,Sandstone
2082,Chalk
511,Limestone
10896,Sandstone
1285,Marl
2127,Limestone
13120,SandstoneShale
11543,Limestone
6709,Sandstone
6783,Sandstone
11548,Limestone
7879,Sandstone
8540,Sandstone
13592,Sandstone
1505,Chalk
12288,Sandstone
74,Sandstone
10665,Sandstone
1358,Chalk
3516,SandstoneShale
11886,Limestone
1654,Chalk
6507,Sandstone
3540,Sandstone
9768,Coal
1800,Chalk
58,Sandstone
4309,Sandstone
13303,Coal
616,Tuff
4811,SandstoneShale
13538,Sandstone
734,SandstoneShale
5039,Sandstone
3366,Sandstone
13277,Coal
8433,Sandstone
4385,Sandstone
9939,Sandstone
1117,Chalk
1955,Chalk
1030,Limestone
6256,Sandstone
12603,Sandstone
11871,Limestone
515,Limestone
6266,Sandstone
10305,Tuff
11911,Limestone
13057,Sandstone
10051,Sandstone
9624,Limestone
12744,Coal
12471,Sandstone
8331,Sandstone
11293,Limestone
11355,Limestone
5575,Sandstone
2491,Marl
9099,Sandstone
10611,Sandstone
1690,Chalk
11833,Limestone
8394,Sandstone
9400,Limestone
30,Sandstone
8055,Tuff
3441,Sandstone
9780,Sandstone
13092,Sandstone
6515,Sandstone
311,Sandstone
1035,Limestone
5157,Sandstone
3946,SandstoneShale
12138,Sandstone
3157,Sandstone
13100,Coal
5546,Sandstone
5840,Marl
10551,Sandstone
9266,Limestone
10603,Sandstone
12859,Sandstone
9058,Sandstone
8387,Sandstone
2705,Marl
943,Limestone
1400,Chalk
11894,Limestone
2989,SandstoneShale
7859,Sandstone
12930,Sandstone
7541,Sandstone
7309,SandstoneShale
10183,Tuff
8420,Sandstone
10185,Tuff
8504,Sandstone
2650,Marl
7302,SandstoneShale
3714,SandstoneShale
8164,Tuff
3114,Sandstone
3831,Sandstone
5678,Sandstone
13074,Sandstone
9248,Limestone
11674,Limestone
13170,Coal
13098,Coal
11600,Limestone
8859,Sandstone
7417,SandstoneShale
9592,Limestone
10308,Tuff
4794,SandstoneShale
5510,Sandstone
9422,Limestone
3776,Sandstone
11618,Limestone
11490,Limestone
4051,SandstoneShale
13513,Sandstone
12263,Sandstone
3282,Sandstone
13090,Sandstone
4538,Sandstone
9187,Limestone
13088,Sandstone
4573,Sandstone
281,Sandstone
8378,Sandstone
13948,Coal
3826,Sandstone
6661,Sandstone
11311,Limestone
12014,Limestone
273,Limestone
6825,Sandstone
2510,Limestone
5627,Sandstone
10869,Sandstone
3980,SandstoneShale
10723,Sandstone
10467,SandstoneShale
5537,Sandstone
7975,Tuff
11263,Limestone
13792,Coal
953,Limestone
7224,SandstoneShale
11966,Limestone
13354,Sandstone
10912,Sandstone
5926,Sandstone
2909,Marl
2754,SandstoneShale
3274,Sandstone
5582,Sandstone
3612,Sandstone
12450,Coal
11397,Limestone
1773,Chalk
9117,Sandstone
11837,Limestone
4486,SandstoneShale
695,Tuff
2933,Marl
11530,Limestone
10007,Sandstone
2889,Sandstone
1107,Limestone
12761,SandstoneShale
2103,Limestone
232,SandstoneShale
5623,Sandstone
1932,Chalk
9017,Sandstone
13211,Coal
12773,Sandstone
6804,Sandstone
12379,Sandstone
1281,Chalk
12886,Coal
6651,Sandstone
559,Tuff
11213,Limestone
356,Sandstone
8340,Sandstone
5805,Marl
3318,Sandstone
7435,SandstoneShale
11624,Limestone
11994,Limestone
1866,Chalk
9781,Sandstone
5859,SandstoneShale
10160,Dolomite
12920,Sandstone
3651,Sandstone
3384,Sandstone
10041,Sandstone
8190,Tuff
2739,SandstoneShale
11218,Limestone
13416,Sandstone
10763,Sandstone
2699,Marl
5955,Sandstone
6629,Coal
13085,Sandstone
7015,SandstoneShale
8024,Tuff
10828,Sandstone
5613,Sandstone
8395,Sandstone
12126,Sandstone
1726,Chalk
2019,Chalk
3764,SandstoneShale
13854,Sandstone
1592,Chalk
12054,SandstoneShale
4125,SandstoneShale
7756,Sandstone
10478,Sandstone
11225,Limestone
13524,Sandstone
6877,Sandstone
5351,Sandstone
11432,Limestone
9963,Sandstone
2807,Marl
72,Sandstone
9345,Limestone
10949,Sandstone
6774,Sandstone
6470,Coal
3020,SandstoneShale
268,Limestone
5666,SandstoneShale
7816,Sandstone
10203,Tuff
1139,Chalk
8184,Tuff
826,SandstoneShale
7240,SandstoneShale
12749,SandstoneShale
7200,SandstoneShale
2434,Limestone
11702,Limestone
1057,Limestone
3785,Sandstone
3822,Sandstone
12175,Sandstone
8621,Sandstone
7488,Sandstone
2482,Marl
8052,Tuff
5549,Sandstone
2646,Marl
12034,Coal
8899,Sandstone
490,Sandstone
12536,Sandstone
12717,Coal
1968,Chalk
4121,SandstoneShale
13201,Sandstone
12605,Sandstone
6502,Sandstone
9008,Sandstone
6814,Sandstone
5307,Sandstone
1392,Chalk
12019,Coal
10263,Tuff
4562,Sandstone
1682,Chalk
9900,Sandstone
12344,Sandstone
9957,Sandstone
10849,Sandstone
13040,Sandstone
984,Limestone
3333,Sandstone
80,Sandstone
7362,SandstoneShale
3657,Sandstone
9364,Limestone
10376,Tuff
6438,Sandstone
7750,Sandstone
6138,Sandstone
12609,Sandstone
7323,SandstoneShale
839,SandstoneShale
6568,Sandstone
13177,Coal
13288,Coal
11453,Limestone
10705,Sandstone
8679,Sandstone
11848,Limestone
5638,Sandstone
7230,SandstoneShale
10867,Sandstone
13433,Sandstone
4734,SandstoneShale
6914,Sandstone
617,Tuff
5966,Sandstone
12183,Sandstone
11595,Limestone
13477,Sandstone
87,Sandstone
1610,Chalk
3180,Sandstone
11602,Limestone
11056,Sandstone
6888,SandstoneShale
10184,Tuff
4345,Sandstone
4677,SandstoneShale
5371,Sandstone
11046,Sandstone
13521,Sandstone
9988,Sandstone
3276,Sandstone
3604,SandstoneShale
7075,SandstoneShale
8091,Tuff
12778,Coal
3618,SandstoneShale
10492,Sandstone
3689,Sandstone
13438,Sandstone
7620,Sandstone
7531,Sandstone
9243,Limestone
10773,Sandstone
4511,Sandstone
9004,Sandstone
1166,Chalk
12576,Sandstone
10382,Tuff
3257,Sandstone
10002,Sandstone
2667,Marl
13561,Sandstone
8851,Sandstone
1124,Chalk
11198,Limestone
10039,Sandstone
7661,Sandstone
7332,SandstoneShale
1986,Chalk
9790,Sandstone
11520,Limestone
6426,Sandstone
8480,Sandstone
6071,Sandstone
3329,Sandstone
1248,Chalk
7985,Tuff
12000,Limestone
7991,Tuff
5143,SandstoneShale
9386,Limestone
1075,Limestone
9224,Limestone
6616,Coal
6279,Sandstone
5391,Sandstone
8358,Sandstone
3949,Sandstone
6090,Sandstone
7051,SandstoneShale
964,Limestone
4501,Sandstone
1464,Chalk
1231,Chalk
7823,Sandstone
11701,Limestone
5059,Sandstone
10519,Sandstone
13692,Sandstone
9533,Marl
7564,Sandstone
3288,Sandstone
783,SandstoneShale
3988,Sandstone
2221,Limestone
1770,Chalk
11623,Limestone
3550,SandstoneShale
8567,Sandstone
1680,Chalk
11074,Sandstone
13865,Coal
11807,Limestone
1355,Chalk
4732,SandstoneShale
10156,Dolomite
13639,Sandstone
2165,Limestone
460,Sandstone
8881,Sandstone
827,SandstoneShale
7646,Sandstone
13814,Sandstone
7941,Tuff
5404,Sandstone
1006,Limestone
2360,Limestone
5703,Sandstone
7016,SandstoneShale
7579,Sandstone
9899,Sandstone
8148,Tuff
1874,Chalk
8424,Sandstone
6170,Sandstone
7386,SandstoneShale
11309,Limestone
2899,SandstoneShale
5374,Sandstone
11531,Limestone
5437,Sandstone
3576,Sandstone
11662,Limestone
8339,Sandstone
466,Sandstone
5539,Sandstone
514,Limestone
7275,SandstoneShale
11950,Limestone
11569,Limestone
3045,SandstoneShale
7077,SandstoneShale
6696,Sandstone
7568,Sandstone
6060,Sandstone
3438,SandstoneShale
11830,Limestone
2233,Limestone
3487,SandstoneShale
5697,Sandstone
2372,Limestone
12237,Sandstone
13260,Sandstone
974,Limestone
3740,SandstoneShale
8836,Sandstone
7822,Sandstone
11617,Limestone
12287,Sandstone
5862,SandstoneShale
7658,Sandstone
7641,Sandstone
10971,Sandstone
3844,Sandstone
11497,Limestone
3421,SandstoneShale
9481,Limestone
9203,Limestone
3188,Sandstone
6510,Sandstone
10864,Sandstone
12009,Limestone
5267,SandstoneShale
8888,Sandstone
368,Sandstone
688,Limestone
12529,Sandstone
6195,Sandstone
1995,Chalk
3279,Sandstone
7340,SandstoneShale
4558,Sandstone
4284,Sandstone
6076,Sandstone
798,SandstoneShale
9968,Sandstone
10331,Tuff
5978,Coal
7076,SandstoneShale
11129,Limestone
13017,Sandstone
4022,SandstoneShale
8816,Limestone
8680,Sandstone
1329,Chalk
9078,Sandstone
5975,Sandstone
693,Limestone
4836,SandstoneShale
9360,Limestone
3485,SandstoneShale
9041,Sandstone
2676,Marl
2564,Marl
9178,Limestone
2093,Chalk
8978,Sandstone
9175,Limestone
3683,Sandstone
3411,SandstoneShale
1147,Chalk
13632,Coal
389,Sandstone
8719,Sandstone
5188,Sandstone
9414,Limestone
11141,Limestone
4447,SandstoneShale
13802,Sandstone
7614,Sandstone
9391,Limestone
6189,Sandstone
12915,Sandstone
2025,Chalk
10626,Sandstone
9051,Sandstone
11050,Limestone
8714,Sandstone
2603,Marl
3878,Sandstone
11553,Limestone
5145,SandstoneShale
5910,Limestone
496,Limestone
5152,Sandstone
6290,Sandstone
4568,Sandstone
2087,Chalk
7092,SandstoneShale
13781,Sandstone
8857,Sandstone
4578,Sandstone
6230,SandstoneShale
6416,Sandstone
13061,Sandstone
10718,Sandstone
13590,Sandstone
6845,Sandstone
2182,Limestone
101,Limestone
6527,Sandstone
4030,SandstoneShale
7022,SandstoneShale
5775,Marl
13754,Sandstone
11597,Limestone
11113,Limestone
2299,Limestone
11576,Limestone
13166,Sandstone
3055,SandstoneShale
5679,Sandstone
6425,Sandstone
5006,SandstoneShale
3619,SandstoneShale
284,Sandstone
6943,SandstoneShale
6457,Coal
3521,SandstoneShale
7829,Sandstone
11079,Limestone
10131,Sandstone
4763,SandstoneShale
1417,Chalk
3258,Sandstone
7662,Sandstone
960,Limestone
7380,SandstoneShale
13472,Sandstone
562,Limestone
7699,Sandstone
1425,Chalk
11233,Limestone
6847,Sandstone
9129,Sandstone
9479,Limestone
6284,Sandstone
10100,Sandstone
9687,Limestone
13780,Sandstone
8602,Sandstone
12143,Sandstone
8938,Sandstone
2375,Limestone
866,SandstoneShale
235,SandstoneShale
8179,Tuff
12411,Sandstone
5429,Sandstone
11076,Limestone
11172,Limestone
9480,Limestone
4374,Sandstone
12102,SandstoneShale
5611,Sandstone
8993,Sandstone
10504,Sandstone
2412,Limestone
5451,Sandstone
2745,SandstoneShale
412,Sandstone
2116,Marl
8767,Sandstone
7595,Sandstone
10395,Tuff
13536,Sandstone
13624,Coal
430,Sandstone
9196,Limestone
4230,Sandstone
3884,Sandstone
2514,Limestone
10106,Sandstone
13219,Sandstone
12047,Sandstone
8706,Sandstone
3613,Sandstone
9860,Sandstone
3331,Sandstone
5363,Sandstone
1543,Chalk
13547,Sandstone
13267,Sandstone
5626,Sandstone
4889,SandstoneShale
81,Sandstone
3979,SandstoneShale
10202,Tuff
4455,Sandstone
1738,Chalk
8197,Tuff
13286,Coal
13243,SandstoneShale
6367,Coal
9521,Marl
11965,Limestone
1038,Limestone
6611,Coal
2277,Limestone
5811,Limestone
7993,Tuff
10577,Sandstone
12458,Sandstone
1371,Chalk
13652,Sandstone
9504,Limestone
5089,Sandstone
12894,SandstoneShale
11114,Limestone
13031,Sandstone
9912,Sandstone
2825,Marl
11752,Limestone
10977,Sandstone
9038,Sandstone
3128,Sandstone
1531,Chalk
6212,Sandstone
13249,Coal
7210,SandstoneShale
242,SandstoneShale
12118,Sandstone
1729,Chalk
6892,SandstoneShale
7056,SandstoneShale
6838,Sandstone
11395,Limestone
12863,Sandstone
6281,Sandstone
1341,Chalk
9944,Sandstone
8723,Sandstone
9118,Sandstone
10442,SandstoneShale
9028,Sandstone
3053,SandstoneShale
6251,Sandstone
5142,SandstoneShale
12475,Sandstone
4205,SandstoneShale
11419,Limestone
10475,Sandstone
7948,Tuff
59,Sandstone
6018,SandstoneShale
5529,Sandstone
3927,SandstoneShale
12150,Sandstone
680,Limestone
12871,SandstoneShale
4039,SandstoneShale
10540,Sandstone
3158,Sandstone
9893,Sandstone
9602,Limestone
13036,Sandstone
6789,Sandstone
8875,Sandstone
7987,Tuff
108,Limestone
541,Limestone
1813,Chalk
5259,Sandstone
7510,Sandstone
10109,Sandstone
1452,Chalk
13635,Sandstone
1298,Chalk
4968,SandstoneShale
3874,Sandstone
7339,SandstoneShale
3249,Sandstone
7940,Tuff
3786,Sandstone
11406,Limestone
9567,Limestone
12094,SandstoneShale
2286,Limestone
8436,Sandstone
5222,Sandstone
11134,Limestone
8824,Limestone
13693,Sandstone
8695,Sandstone
13614,Sandstone
3292,Sandstone
4730,SandstoneShale
5923,Sandstone
8016,Tuff
7765,Sandstone
7208,SandstoneShale
9676,Limestone
48,Sandstone
11285,Limestone
3732,SandstoneShale
7725,Sandstone
11968,Limestone
11169,Limestone
5024,SandstoneShale
11488,Limestone
3280,Sandstone
6752,Sandstone
10134,Sandstone
4474,Sandstone
3973,SandstoneShale
3209,Sandstone
1838,Chalk
3475,SandstoneShale
11147,Limestone
1978,Chalk
3596,Sandstone
13598,Sandstone
11717,Limestone
7413,SandstoneShale
10061,Sandstone
4884,SandstoneShale
2196,Limestone
1434,Chalk
10831,Sandstone
9063,Limestone
10649,Sandstone
2041,Chalk
10055,Sandstone
10461,SandstoneShale
6171,Sandstone
12133,Sandstone
1178,Chalk
11771,Limestone
12855,SandstoneShale
7906,Dolomite
12162,Sandstone
597,Tuff
13210,Coal
10531,Sandstone
12645,Sandstone
9698,Sandstone
416,Sandstone
4973,SandstoneShale
10226,Tuff
110,Limestone
5314,Sandstone
5020,SandstoneShale
12068,SandstoneShale
7017,SandstoneShale
8877,Sandstone
11565,Limestone
8533,Sandstone
13897,Coal
12542,Sandstone
12391,Sandstone
11080,Limestone
7120,SandstoneShale
6283,Sandstone
12046,Coal
12038,Coal
3963,Sandstone
4903,SandstoneShale
591,Tuff
13432,Sandstone
9761,Limestone
3225,Sandstone
6523,Sandstone
7316,SandstoneShale
9320,Limestone
4711,Sandstone
8892,Sandstone
3746,SandstoneShale
7273,SandstoneShale
10114,Sandstone
13777,Sandstone
7984,Tuff
8672,Sandstone
12276,Sandstone
665,Tuff
12661,Sandstone
3622,SandstoneShale
138,Limestone
8630,Sandstone
12398,Sandstone
11899,Limestone
239,SandstoneShale
1765,Chalk
4914,SandstoneShale
7771,Sandstone
4813,SandstoneShale
4359,Sandstone
8300,Sandstone
4261,Sandstone
5570,Sandstone
1494,Chalk
7419,SandstoneShale
10870,Sandstone
5962,Sandstone
10922,Sandstone
11755,Limestone
2992,SandstoneShale
9052,Sandstone
7064,SandstoneShale
2370,Limestone
12302,Sandstone
7057,SandstoneShale
11369,Limestone
6506,Sandstone
13326,Coal
10116,Sandstone
5475,Sandstone
4164,Sandstone
10998,Sandstone
12157,Sandstone
13132,Sandstone
9755,Sandstone
5762,Sandstone
5361,Sandstone
13684,Sandstone
8271,Sandstone
2040,Chalk
10287,Tuff
8199,Tuff
3031,SandstoneShale
12632,Coal
2538,Marl
828,SandstoneShale
2167,Limestone
251,SandstoneShale
12116,Sandstone
3549,SandstoneShale
10786,Sandstone
11472,Limestone
1974,Chalk
10465,SandstoneShale
12256,Sandstone
2577,Marl
9202,Limestone
8413,Sandstone
13060,Sandstone
124,Limestone
1472,Chalk
11207,Limestone
3726,SandstoneShale
6600,Coal
10945,Sandstone
9450,Limestone
313,Sandstone
1944,Chalk
11063,Sandstone
13662,Sandstone
6807,Sandstone
558,Tuff
605,Tuff
13386,Sandstone
833,SandstoneShale
6855,Sandstone
2618,Marl
1949,Chalk
8252,Sandstone
8463,Sandstone
8030,Tuff
9107,Sandstone
5497,Sandstone
13873,Coal
9873,Sandstone
10230,Tuff
9543,Limestone
675,Limestone
5863,SandstoneShale
1909,Chalk
144,Limestone
8995,Limestone
10608,Sandstone
9608,Limestone
10279,Tuff
12308,Sandstone
5295,Sandstone
172,Limestone
12006,Limestone
1021,Limestone
2384,Limestone
6133,Sandstone
7,SandstoneShale
11328,Limestone
10370,Tuff
13717,Sandstone
11217,Limestone
8885,Sandstone
945,Limestone
1431,Chalk
5777,Marl
3422,SandstoneShale
401,Sandstone
1176,Chalk
11053,Limestone
9918,Sandstone
13641,Sandstone
2836,Marl
5854,SandstoneShale
5304,Sandstone
10809,Sandstone
8898,Sandstone
12530,Sandstone
10260,Tuff
9684,Limestone
1004,Limestone
5818,Marl
3753,SandstoneShale
3510,Sandstone
12549,Sandstone
11425,Limestone
1437,Chalk
6686,Sandstone
5060,Sandstone
5308,Sandstone
11301,Limestone
12219,Sandstone
8975,Sandstone
325,Sandstone
8855,Sandstone
7608,Sandstone
2490,Marl
12664,Sandstone
5881,SandstoneShale
2205,Limestone
2208,Limestone
7947,Tuff
339,Sandstone
6911,Sandstone
6447,Coal
6106,Sandstone
3104,Sandstone
3041,SandstoneShale
5040,Sandstone
7267,SandstoneShale
8873,Sandstone
11020,Sandstone
9562,Limestone
4219,Sandstone
8702,Sandstone
2721,SandstoneShale
8973,Sandstone
8193,Tuff
6953,SandstoneShale
11889,Limestone
2340,Limestone
6975,SandstoneShale
13968,Sandstone
2496,Marl
13296,Coal
1181,Chalk
4859,SandstoneShale
11162,Limestone
13579,Sandstone
4900,Sandstone
4953,SandstoneShale
13190,Sandstone
6287,Sandstone
157,Limestone
247,SandstoneShale
12493,Sandstone
794,SandstoneShale
301,SandstoneShale
1542,Chalk
8809,Limestone
3097,Sandstone
3932,SandstoneShale
6021,SandstoneShale
12624,Coal
4314,Sandstone
6979,SandstoneShale
5427,Sandstone
2143,Limestone
5965,Sandstone
9936,Sandstone
11473,Limestone
8398,Sandstone
1300,Chalk
1194,Chalk
7481,Sandstone
7232,SandstoneShale
10711,Sandstone
10856,Sandstone
4448,SandstoneShale
5973,Sandstone
12590,Sandstone
8667,Sandstone
2556,Marl
765,SandstoneShale
7011,SandstoneShale
1792,Chalk
3204,Sandstone
8784,Sandstone
756,SandstoneShale
9054,Sandstone
11460,Limestone
7709,Sandstone
5279,Sandstone
5353,Sandstone
8687,Sandstone
2020,Chalk
7889,Sandstone
13107,SandstoneShale
12668,Sandstone
3071,SandstoneShale
135,Limestone
4241,Sandstone
193,Limestone
4659,SandstoneShale
8092,Tuff
11131,Limestone
1935,Chalk
7130,SandstoneShale
8321,Sandstone
5903,SandstoneShale
2410,Limestone
8357,Sandstone
914,Limestone
12595,Sandstone
12453,Coal
9590,Limestone
1809,Chalk
9258,Limestone
162,Limestone
2216,Limestone
12,SandstoneShale
10261,Tuff
427,Sandstone
9297,Limestone
5928,Sandstone
4963,SandstoneShale
6779,Sandstone
9691,Sandstone
3861,Sandstone
13058,Sandstone
10617,Sandstone
3051,SandstoneShale
4117,SandstoneShale
9124,Sandstone
12144,Sandstone
2365,Limestone
11714,Limestone
10083,Sandstone
1836,Chalk
11479,Limestone
2251,Limestone
10296,Tuff
936,Limestone
11438,Limestone
10886,Sandstone
9986,Sandstone
12971,Sandstone
7260,SandstoneShale
10501,Sandstone
7142,SandstoneShale
10118,Sandstone
3637,SandstoneShale
10026,Sandstone
11370,Limestone
7935,Tuff
8027,Tuff
2559,Marl
1235,Chalk
9246,Limestone
8177,Tuff
9948,Sandstone
2250,Limestone
3120,Sandstone
586,Tuff
5656,Sandstone
9625,Limestone
2599,Limestone
13533,Sandstone
3909,Sandstone
2874,Sandstone
13345,Sandstone
6584,Sandstone
3702,SandstoneShale
498,Limestone
6417,Sandstone
5037,SandstoneShale
730,SandstoneShale
9497,Limestone
13799,Coal
8910,Sandstone
3609,SandstoneShale
3042,SandstoneShale
1510,Chalk
3409,SandstoneShale
3600,Sandstone
11179,Limestone
10850,Sandstone
13542,Sandstone
12294,Sandstone
6169,Sandstone
11963,Limestone
2147,Limestone
7197,SandstoneShale
350,Sandstone
9003,Sandstone
3342,SandstoneShale
3958,SandstoneShale
11239,Limestone
8751,SandstoneShale
13748,Sandstone
4791,Sandstone
2046,Chalk
13155,Sandstone
10804,Sandstone
5620,Sandstone
1727,Chalk
8624,Sandstone
5837,Marl
4369,SandstoneShale
13466,Sandstone
4091,SandstoneShale
147,Limestone
3200,Sandstone
10648,Sandstone
10017,Sandstone
916,Limestone
3021,SandstoneShale
12600,Sandstone
421,Sandstone
8428,Sandstone
3627,SandstoneShale
7830,Sandstone
6663,Sandstone
4533,SandstoneShale
1361,Chalk
4163,Sandstone
13289,Coal
7524,Sandstone
2947,SandstoneShale
7124,SandstoneShale
11276,Limestone
2159,Marl
11633,Limestone
8273,Sandstone
2224,Limestone
9573,Limestone
11502,Limestone
822,SandstoneShale
513,Limestone
9308,Limestone
3281,Sandstone
9719,Sandstone
11561,Limestone
2148,Limestone
3390,SandstoneShale
9469,Limestone
12697,Limestone
11032,Sandstone
2905,Limestone
13767,Sandstone
6154,Sandstone
9337,Limestone
13315,Sandstone
9949,Sandstone
12772,Sandstone
1930,Chalk
13425,Sandstone
13054,Sandstone
10336,Tuff
11205,Limestone
11447,Limestone
2975,SandstoneShale
11631,Limestone
9940,Sandstone
1049,Limestone
10830,Sandstone
10860,Sandstone
13248,Coal
7990,Tuff
8550,Sandstone
6799,Sandstone
4777,SandstoneShale
12868,SandstoneShale
6735,Sandstone
4423,Sandstone
8574,Limestone
3346,SandstoneShale
12598,Sandstone
5256,Sandstone
10144,Dolomite
9922,Sandstone
837,SandstoneShale
3456,SandstoneShale
13049,Sandstone
3134,Sandstone
7214,SandstoneShale
4088,SandstoneShale
3859,Sandstone
1828,Chalk
2156,Limestone
9343,Limestone
5579,Sandstone
11574,Limestone
1848,Chalk
2411,Limestone
5604,Sandstone
7245,SandstoneShale
2144,Limestone
7500,Sandstone
6846,Sandstone
4112,SandstoneShale
7111,SandstoneShale
6354,SandstoneShale
4143,SandstoneShale
4544,Sandstone
7070,SandstoneShale
13053,Sandstone
12681,Limestone
7515,Sandstone
5231,Sandstone
9932,Sandstone
2951,SandstoneShale
13195,Coal
8426,Sandstone
3237,Sandstone
9292,Limestone
6578,Sandstone
4593,SandstoneShale
4929,SandstoneShale
9570,Limestone
8948,Sandstone
11125,Limestone
4766,SandstoneShale
11816,Limestone
12675,Sandstone
7902,Sandstone
2515,Limestone
3365,Sandstone
10339,Tuff
8946,Sandstone
11313,Limestone
9509,Limestone
1246,Chalk
8318,Sandstone
12075,SandstoneShale
12827,SandstoneShale
8874,Sandstone
12271,Sandstone
6241,Sandstone
1192,Chalk
8001,Tuff
497,Limestone
7112,SandstoneShale
5669,SandstoneShale
2983,Limestone
216,SandstoneShale
7252,SandstoneShale
305,SandstoneShale
6370,Coal
2454,Limestone
8489,Sandstone
12345,Sandstone
8154,Tuff
9875,Sandstone
4650,Sandstone
9181,Limestone
7780,Sandstone
4909,SandstoneShale
3463,Sandstone
3629,SandstoneShale
12407,Sandstone
5790,Marl
10141,Dolomite
12445,Coal
5066,SandstoneShale
2757,SandstoneShale
8519,Sandstone
11578,Limestone
2120,Limestone
4634,SandstoneShale
2386,Limestone
9446,Limestone
7843,Sandstone
5165,Sandstone
4289,Sandstone
12246,Sandstone
11187,Limestone
9635,Limestone
9477,Limestone
8390,Sandstone
7272,SandstoneShale
10760,Sandstone
9871,Sandstone
1451,Chalk
549,Tuff
3867,Sandstone
8237,Sandstone
12982,Sandstone
10951,Sandstone
4737,SandstoneShale
11902,Limestone
10623,Sandstone
12532,Sandstone
8662,Sandstone
12823,SandstoneShale
8646,Sandstone
2896,SandstoneShale
1407,Chalk
12602,Sandstone
13247,Coal
7601,Sandstone
1591,Chalk
1367,Chalk
3478,SandstoneShale
6547,Sandstone
1287,Marl
3371,Sandstone
2355,Limestone
13464,Sandstone
5244,Sandstone
5941,Sandstone
11957,Limestone
321,Sandstone
12448,Coal
11927,Limestone
13398,SandstoneShale
11042,Sandstone
6403,Sandstone
990,Limestone
5219,Sandstone
10229,Tuff
13164,Sandstone
13253,Sandstone
6144,SandstoneShale
4724,SandstoneShale
9636,Limestone
7423,SandstoneShale
8976,Sandstone
6522,Sandstone
8594,Sandstone
8439,Sandstone
11060,Sandstone
7237,SandstoneShale
6899,SandstoneShale
8214,Limestone
5855,SandstoneShale
5906,SandstoneShale
5594,Sandstone
12121,Sandstone
9660,Limestone
3163,Sandstone
13926,Coal
897,Marl
6005,Sandstone
13094,Coal
4772,SandstoneShale
12526,Sandstone
4923,SandstoneShale
11459,Limestone
10621,Sandstone
8722,Sandstone
12107,SandstoneShale
788,Limestone
12511,Sandstone
4340,Sandstone
6465,Coal
12854,SandstoneShale
8473,Sandstone
13342,Sandstone
12210,Sandstone
5063,Sandstone
12747,SandstoneShale
1475,Chalk
8870,Sandstone
9221,Limestone
13032,Sandstone
1860,Marl
9369,Limestone
10078,Sandstone
13270,Sandstone
4930,SandstoneShale
797,SandstoneShale
7296,SandstoneShale
843,SandstoneShale
13551,Sandstone
67,Sandstone
13596,Sandstone
757,SandstoneShale
9093,Sandstone
10890,Sandstone
3650,Sandstone
9765,Coal
986,Limestone
11475,Limestone
1273,Chalk
12793,SandstoneShale
25,SandstoneShale
12860,Sandstone
1600,Chalk
5891,SandstoneShale
1630,Chalk
5849,SandstoneShale
12580,Sandstone
1539,Chalk
11193,Limestone
5509,Sandstone
5989,Sandstone
13656,Sandstone
11945,Limestone
2595,Marl
10150,Dolomite
817,SandstoneShale
2458,Limestone
4242,Sandstone
331,Sandstone
10381,Tuff
9189,Limestone
13576,Sandstone
13843,Coal
9341,Limestone
10641,Sandstone
3310,Sandstone
12515,Sandstone
2798,Marl
11813,Limestone
1086,Limestone
2774,SandstoneShale
12699,Limestone
3078,SandstoneShale
143,Limestone
9056,Sandstone
4837,Sandstone
3679,Sandstone
13235,Coal
2749,Sandstone
10340,Tuff
10837,Sandstone
687,Limestone
10107,Sandstone
9079,Sandstone
12870,SandstoneShale
11587,Limestone
8147,Tuff
10062,Sandstone
6991,SandstoneShale
3244,Limestone
2582,Marl
2062,Chalk
5137,Sandstone
740,SandstoneShale
10873,Sandstone
1725,Chalk
7297,SandstoneShale
3247,Limestone
6315,SandstoneShale
13749,Sandstone
2024,Chalk
8279,Sandstone
2069,Chalk
1469,Chalk
1032,Limestone
1256,Chalk
5956,Sandstone
4319,Sandstone
13382,Sandstone
3032,SandstoneShale
8166,Tuff
10952,Sandstone
5916,Sandstone
567,Limestone
6585,Sandstone
3319,Sandstone
12908,Sandstone
4697,SandstoneShale
4099,SandstoneShale
6229,SandstoneShale
5665,Sandstone
10190,Tuff
9991,Sandstone
9915,Sandstone
11260,Limestone
8502,Sandstone
13222,Sandstone
7486,Sandstone
11452,Limestone
10378,Tuff
12484,Sandstone
6040,Sandstone
6134,Sandstone
4546,Sandstone
2773,SandstoneShale
13221,Sandstone
13418,Sandstone
5341,Sandstone
5530,Sandstone
7565,Sandstone
335,Sandstone
12309,Sandstone
6158,Sandstone
10642,Sandstone
2641,Limestone
12051,Sandstone
13855,Sandstone
1696,Marl
9053,Sandstone
13498,Sandstone
4098,SandstoneShale
12151,Sandstone
5885,SandstoneShale
9889,Sandstone
2671,Marl
1290,Marl
2474,Limestone
9254,Limestone
4171,Sandstone
11143,Limestone
32,Sandstone
4307,Sandstone
5842,Marl
2158,Marl
7156,SandstoneShale
486,Sandstone
7375,SandstoneShale
13700,Sandstone
2461,Limestone
13910,Sandstone
1852,Chalk
11811,Limestone
3125,Sandstone
735,SandstoneShale
7986,Tuff
1486,Chalk
3173,Sandstone
3216,Sandstone
6992,SandstoneShale
1829,Chalk
403,Sandstone
4456,Sandstone
8815,Limestone
801,SandstoneShale
8117,Tuff
12678,Sandstone
1468,Chalk
9326,Limestone
5461,Sandstone
1730,Chalk
12517,Sandstone
9671,Limestone
7348,Sandstone
6725,Sandstone
9158,Limestone
11510,Limestone
425,Sandstone
3379,Sandstone
7573,Sandstone
8396,Sandstone
593,Tuff
11721,Limestone
9692,Sandstone
6192,Sandstone
4821,SandstoneShale
7908,Tuff
9695,Sandstone
10197,Tuff
1344,Chalk
7171,SandstoneShale
13256,Sandstone
6994,SandstoneShale
3458,SandstoneShale
5690,Sandstone
8789,Sandstone
12966,Sandstone
6897,SandstoneShale
10897,Sandstone
10576,Sandstone
7898,Sandstone
13237,Coal
10497,Sandstone
880,SandstoneShale
647,Tuff
9435,Limestone
7196,SandstoneShale
13261,Sandstone
5389,Sandstone
8411,Sandstone
8018,Tuff
12679,Limestone
11706,Limestone
3184,Sandstone
11228,Limestone
12565,Sandstone
1713,Chalk
6697,Sandstone
7013,SandstoneShale
9561,Limestone
1100,Limestone
12995,Sandstone
4233,Sandstone
7719,Sandstone
9009,Sandstone
13827,Sandstone
12593,Sandstone
630,Tuff
6122,Sandstone
10298,Tuff
6419,Sandstone
10730,Sandstone
4462,Sandstone
9511,Limestone
13479,Sandstone
3939,Sandstone
2598,Limestone
4133,SandstoneShale
6400,Sandstone
4053,SandstoneShale
12571,Sandstone
1831,Chalk
12201,Sandstone
1262,Chalk
10449,SandstoneShale
10123,Sandstone
9962,Sandstone
2481,Limestone
12044,Coal
9815,Sandstone
4358,Sandstone
7032,Limestone
4303,Sandstone
10834,Sandstone
8037,Tuff
12125,Sandstone
1034,Limestone
4822,Sandstone
7666,Sandstone
12039,Coal
7471,Sandstone
4905,SandstoneShale
3547,SandstoneShale
7523,Sandstone
467,Sandstone
8795,Limestone
13892,Coal
3830,Sandstone
3232,Limestone
1733,Chalk
5141,SandstoneShale
2002,Chalk
1888,Chalk
7744,Sandstone
7806,Sandstone
2864,SandstoneShale
13626,Coal
6829,Sandstone
8085,Tuff
9157,Limestone
3283,Sandstone
5605,Sandstone
5417,Sandstone
9537,Marl
6559,Sandstone
8351,Sandstone
1581,Chalk
7867,Sandstone
2545,Marl
9901,Sandstone
8818,Limestone
11259,Limestone
8957,Sandstone
1691,Chalk
6050,Sandstone
385,Sandstone
7382,SandstoneShale
10097,Sandstone
13490,Sandstone
1534,Chalk
6306,Sandstone
9677,Limestone
11234,Limestone
395,Sandstone
10991,Sandstone
259,Limestone
11160,Limestone
7773,Sandstone
12746,SandstoneShale
5870,SandstoneShale
10899,Sandstone
12023,Coal
2427,Limestone
12191,Sandstone
5755,Sandstone
2607,Marl
12814,Sandstone
11586,Limestone
9799,Sandstone
13143,Sandstone
2652,Marl
8115,Tuff
6962,SandstoneShale
6168,Sandstone
11156,Limestone
4155,Sandstone
2803,Marl
13282,Coal
46,Sandstone
13122,Sandstone
12618,Coal
13627,Coal
5992,Sandstone
11439,Limestone
1348,Chalk
6340,Sandstone
13410,Sandstone
12684,Limestone
1002,Limestone
3100,Sandstone
13130,Sandstone
3221,Sandstone
6199,Sandstone
8998,Limestone
10516,Sandstone
9438,Limestone
13530,Sandstone
7922,Tuff
2204,Limestone
681,Tuff
1055,Limestone
5408,Sandstone
10813,Sandstone
11434,Limestone
7153,SandstoneShale
9443,Limestone
4497,Sandstone
12119,Sandstone
12692,Limestone
7134,SandstoneShale
1276,Chalk
4451,Sandstone
234,SandstoneShale
6759,Sandstone
1943,Chalk
8054,Tuff
2059,Chalk
2161,Marl
5767,Coal
503,Limestone
9081,Sandstone
4496,Sandstone
6809,Sandstone
11161,Limestone
11174,Limestone
1027,Limestone
3757,Sandstone
980,Limestone
11091,Limestone
911,Limestone
12334,Sandstone
1305,Chalk
2945,SandstoneShale
7305,SandstoneShale
10660,Sandstone
8334,Sandstone
8685,Sandstone
6540,Sandstone
3315,Limestone
1343,Chalk
11429,Limestone
222,SandstoneShale
5652,Sandstone
4138,SandstoneShale
770,SandstoneShale
11841,Limestone
1051,Limestone
161,Limestone
5682,Sandstone
4759,SandstoneShale
13369,Sandstone
6958,SandstoneShale
9870,Sandstone
3369,Sandstone
9993,Sandstone
820,SandstoneShale
9882,Sandstone
2611,Marl
13393,Coal
6997,SandstoneShale
6098,Sandstone
1645,Chalk
6003,Sandstone
5339,Sandstone
13121,SandstoneShale
5869,SandstoneShale
10517,Sandstone
10940,Sandstone
11118,Limestone
6474,Sandstone
7835,Sandstone
9923,Sandstone
7738,Sandstone
12292,Sandstone
10462,SandstoneShale
3483,Sandstone
1279,Chalk
4166,SandstoneShale
4912,SandstoneShale
5701,Sandstone
2177,Limestone
2443,Limestone
2253,Limestone
11413,Limestone
9329,Limestone
8631,Sandstone
12665,Sandstone
645,Tuff
1157,Chalk
12674,Sandstone
10702,Sandstone
9455,Limestone
10085,Sandstone
218,SandstoneShale
10757,Sandstone
12928,Sandstone
7026,SandstoneShale
4726,SandstoneShale
991,Limestone
4223,Sandstone
9223,Limestone
5276,SandstoneShale
3991,Sandstone
11845,Limestone
3081,SandstoneShale
8466,Sandstone
2278,Limestone
7144,SandstoneShale
1706,Chalk
2961,SandstoneShale
2542,Marl
10221,Tuff
13957,Coal
7490,Sandstone
11170,Limestone
6179,Sandstone
1232,Chalk
6064,Sandstone
8469,Sandstone
12204,Sandstone
9404,Limestone
266,Limestone
2534,Marl
4975,SandstoneShale
3721,SandstoneShale
11547,Limestone
95,SandstoneShale
11390,Limestone
6395,Sandstone
13453,SandstoneShale
13056,Sandstone
2471,Limestone
3243,Limestone
6226,Sandstone
1253,Chalk
297,SandstoneShale
6978,SandstoneShale
5021,SandstoneShale
4264,Sandstone
5968,Sandstone
4508,Sandstone
13356,Sandstone
7443,SandstoneShale
13621,Sandstone
10740,Sandstone
13096,Coal
12490,Sandstone
96,Limestone
12642,Coal
3155,Sandstone
139,Limestone
12921,Sandstone
13129,Sandstone
8605,Sandstone
3504,SandstoneShale
8969,Sandstone
13604,Sandstone
3058,SandstoneShale
6136,Sandstone
6191,Sandstone
10237,Tuff
4210,Sandstone
790,SandstoneShale
2590,Marl
3210,Sandstone
3017,SandstoneShale
3094,Sandstone
696,Tuff
4192,Sandstone
6233,Sandstone
6289,Sandstone
8132,Tuff
4209,Sandstone
1859,Marl
11093,Limestone
10539,Sandstone
2051,Chalk
861,SandstoneShale
9867,Sandstone
2897,SandstoneShale
7132,SandstoneShale
864,SandstoneShale
12329,Sandstone
13637,Sandstone
4663,SandstoneShale
8442,Sandstone
4945,SandstoneShale
8204,Limestone
9306,Limestone
7899,Sandstone
4806,SandstoneShale
5435,Sandstone
6931,SandstoneShale
10776,Sandstone
4983,Sandstone
7924,Tuff
11068,Sandstone
6099,Sandstone
10172,Dolomite
3105,Sandstone
12412,Sandstone
4896,SandstoneShale
11590,Limestone
830,SandstoneShale
3842,Sandstone
13764,Sandstone
413,Sandstone
4529,Sandstone
4240,Sandstone
9706,Sandstone
8384,Sandstone
6073,Sandstone
7994,Tuff
5691,Sandstone
6220,Sandstone
11454,Limestone
13239,Coal
1649,Marl
9461,Limestone
10854,Sandstone
3502,SandstoneShale
13703,Sandstone
7746,Sandstone
2549,Marl
1910,Chalk
5957,Sandstone
9269,Limestone
13380,Sandstone
7881,Sandstone
5250,Sandstone
2853,Marl
12281,Sandstone
1463,Chalk
7669,Sandstone
4519,Sandstone
12498,Sandstone
7370,SandstoneShale
709,Limestone
4349,Sandstone
3965,Sandstone
2457,Limestone
13738,Sandstone
8984,Sandstone
7934,Tuff
3782,Sandstone
2820,Marl
6022,SandstoneShale
4137,SandstoneShale
1026,Limestone
4681,SandstoneShale
1972,Chalk
4582,Sandstone
12562,Sandstone
5356,Sandstone
7616,Sandstone
285,Sandstone
1162,Chalk
13586,Sandstone
5746,Sandstone
3839,Sandstone
9087,Sandstone
1076,Limestone
10073,Sandstone
8700,Sandstone
12769,SandstoneShale
5915,Sandstone
3096,Sandstone
4438,SandstoneShale
1272,Chalk
10797,Sandstone
8014,Tuff
8149,Tuff
9445,Limestone
10387,Tuff
9609,Limestone
1845,Chalk
12063,SandstoneShale
8930,Sandstone
4452,Sandstone
7199,SandstoneShale
11559,Limestone
8206,Limestone
9603,Limestone
8474,Sandstone
12052,SandstoneShale
12028,Coal
9774,Sandstone
13072,Sandstone
1031,Limestone
13152,Sandstone
9265,Limestone
3849,Sandstone
3314,Limestone
9328,Limestone
13157,Sandstone
1681,Chalk
6504,Sandstone
3920,SandstoneShale
1244,Chalk
10494,Sandstone
4343,Sandstone
3118,Sandstone
2294,Limestone
452,Sandstone
11094,Limestone
4197,Sandstone
3584,Sandstone
1130,Chalk
761,SandstoneShale
8058,Tuff
6965,SandstoneShale
1174,Chalk
2924,Marl
1092,Limestone
11064,Sandstone
3745,Sandstone
13192,Coal
12750,SandstoneShale
504,Limestone
2112,Limestone
12944,Sandstone
7665,Sandstone
1941,Chalk
8168,Tuff
12461,Sandstone
12669,Sandstone
2422,Limestone
11575,Limestone
2981,Limestone
3098,Sandstone
7804,Sandstone
11628,Limestone
9994,Sandstone
655,Tuff
13747,Sandstone
6148,Sandstone
13661,Sandstone
6221,Sandstone
1280,Chalk
11402,Limestone
7450,SandstoneShale
6414,Sandstone
2541,Marl
714,Limestone
3901,Sandstone
10181,Tuff
12657,Sandstone
4231,Sandstone
6528,Sandstone
2973,SandstoneShale
8266,Sandstone
1959,Chalk
3624,SandstoneShale
10698,Sandstone
3287,Sandstone
7116,SandstoneShale
6906,SandstoneShale
5153,Sandstone
12048,Sandstone
3772,Sandstone
5108,SandstoneShale
2084,Chalk
6117,Sandstone
4493,Sandstone
4263,Sandstone
7956,Tuff
9206,Limestone
7242,SandstoneShale
1351,Chalk
6213,Sandstone
12758,SandstoneShale
6805,Sandstone
4865,SandstoneShale
9442,Limestone
295,Sandstone
4876,Sandstone
11996,Limestone
11557,Limestone
4816,Sandstone
7467,Sandstone
9274,Limestone
9174,Limestone
684,Tuff
11691,Limestone
12829,SandstoneShale
10537,Sandstone
2298,Limestone
5296,Sandstone
13567,Sandstone
9967,Sandstone
10910,Sandstone
2215,Limestone
4041,SandstoneShale
1734,Chalk
6716,Sandstone
8430,Sandstone
13009,Sandstone
4566,Sandstone
11777,Limestone
700,Tuff
2830,Marl
105,Limestone
1206,Chalk
11105,Limestone
3925,SandstoneShale
2804,Marl
11121,Limestone
7338,SandstoneShale
10095,Sandstone
3445,Sandstone
8648,Sandstone
2497,Limestone
9831,Sandstone
3063,SandstoneShale
7433,SandstoneShale
1648,Chalk
4216,Sandstone
10570,Sandstone
1869,Chalk
375,Sandstone
3159,Sandstone
2965,SandstoneShale
12993,Sandstone
207,SandstoneShale
9905,Sandstone
13471,SandstoneShale
387,Sandstone
9007,Sandstone
12586,Sandstone
4076,SandstoneShale
576,Tuff
10624,Sandstone
2239,Limestone
1822,Chalk
5184,Sandstone
3250,Sandstone
10045,Sandstone
10206,Tuff
5069,SandstoneShale
1632,Chalk
5403,Sandstone
2859,Marl
13715,Sandstone
13080,Sandstone
12380,Sandstone
538,Limestone
7630,Sandstone
2480,Limestone
5584,Sandstone
11519,Limestone
4494,Sandstone
4812,SandstoneShale
9257,Limestone
10865,Sandstone
11826,Limestone
11979,Limestone
1846,Chalk
11152,Limestone
11823,Limestone
9111,Sandstone
12765,SandstoneShale
8259,Sandstone
13306,Coal
7571,Sandstone
3800,Sandstone
4944,SandstoneShale
6348,Sandstone
5803,Marl
9132,Sandstone
4159,Sandstone
5991,Sandstone
7363,SandstoneShale
10451,SandstoneShale
1065,Limestone
407,Sandstone
9759,Limestone
9534,Marl
12805,SandstoneShale
2255,Limestone
5892,SandstoneShale
12516,Sandstone
5848,SandstoneShale
12957,Sandstone
2516,Limestone
9690,Sandstone
4687,SandstoneShale
7198,SandstoneShale
4617,SandstoneShale
7903,Dolomite
10089,Sandstone
4386,Sandstone
2441,Limestone
12942,Sandstone
2645,Marl
5291,Sandstone
2845,Marl
11244,Limestone
322,Sandstone
10535,Sandstone
2735,SandstoneShale
1447,Chalk
8937,Sandstone
8406,Sandstone
5609,Sandstone
4181,SandstoneShale
4990,SandstoneShale
5999,Sandstone
9433,Limestone
3466,SandstoneShale
12784,SandstoneShale
1749,Chalk
5936,Sandstone
9305,Limestone
1926,Chalk
8294,Sandstone
7329,SandstoneShale
4120,SandstoneShale
12836,Sandstone
1735,Chalk
6188,Sandstone
286,Sandstone
8782,Sandstone
3132,Sandstone
3697,SandstoneShale
13673,Sandstone
8462,Sandstone
12649,Sandstone
8291,Sandstone
11073,Sandstone
13563,Sandstone
5924,Sandstone
8856,Sandstone
10838,Sandstone
6182,Sandstone
12824,SandstoneShale
8034,Tuff
7650,Sandstone
8628,Sandstone
5098,Sandstone
7788,Sandstone
12232,Sandstone
3569,Sandstone
3065,SandstoneShale
1708,Chalk
12782,SandstoneShale
1953,Chalk
11099,Limestone
5106,SandstoneShale
3465,Sandstone
2833,Marl
11150,Limestone
10315,Tuff
4002,SandstoneShale
223,SandstoneShale
5452,Sandstone
4776,SandstoneShale
6951,SandstoneShale
5890,SandstoneShale
1050,Limestone
13281,Coal
9810,Sandstone
7723,Sandstone
3967,Sandstone
140,Limestone
710,Tuff
8137,Tuff
7904,Dolomite
5218,Sandstone
7577,Sandstone
13908,Sandstone
10108,Sandstone
1081,Limestone
9270,Limestone
1759,Chalk
287,Sandstone
3388,SandstoneShale
4571,Sandstone
11338,Limestone
1098,Limestone
12131,Sandstone
12255,Sandstone
9980,Sandstone
13606,Sandstone
7193,SandstoneShale
1604,Chalk
8544,Sandstone
11539,Limestone
8564,Sandstone
7330,SandstoneShale
8348,Sandstone
7072,SandstoneShale
8111,Tuff
11896,Limestone
3625,SandstoneShale
11961,Limestone
9655,Limestone
9256,Limestone
1319,Chalk
2688,Limestone
7475,Sandstone
8509,Sandstone
6423,Sandstone
2396,Limestone
5621,Sandstone
7521,Sandstone
13257,Sandstone
2037,Chalk
7103,SandstoneShale
7278,SandstoneShale
948,Limestone
3706,SandstoneShale
8084,Tuff
1154,Chalk
11850,Limestone
1718,Chalk
6921,Sandstone
7404,SandstoneShale
9818,Sandstone
792,SandstoneShale
1303,Chalk
1481,Chalk
9284,Limestone
12228,Sandstone
7872,Sandstone
1360,Chalk
13033,Sandstone
4387,Sandstone
13124,Sandstone
7247,SandstoneShale
12677,Sandstone
10283,Tuff
13005,Sandstone
524,Limestone
11636,Limestone
10110,Sandstone
5698,Sandstone
3905,Sandstone
10959,Sandstone
12710,Limestone
3930,SandstoneShale
237,SandstoneShale
4931,SandstoneShale
5365,Sandstone
4056,SandstoneShale
8557,Sandstone
8711,Sandstone
6498,Sandstone
11087,Limestone
6269,Sandstone
5587,Sandstone
10538,Sandstone
3778,Sandstone
3595,SandstoneShale
5633,Sandstone
4169,Sandstone
2805,Marl
3568,Sandstone
11995,Limestone
6391,Sandstone
13912,Sandstone
3580,Sandstone
3006,SandstoneShale
5763,Sandstone
8632,Sandstone
2557,Marl
8756,SandstoneShale
13904,Sandstone
12137,Sandstone
8417,Sandstone
1467,Chalk
2767,SandstoneShale
618,Tuff
8609,Sandstone
5741,Sandstone
5169,Sandstone
12305,Sandstone
11044,Sandstone
949,Limestone
11852,Limestone
10800,Sandstone
917,Limestone
9396,Limestone
7430,SandstoneShale
2339,Limestone
9654,Limestone
5377,Sandstone
11784,Limestone
13394,Coal
12135,Sandstone
8840,Sandstone
7369,SandstoneShale
1204,Chalk
5092,Sandstone
8738,Sandstone
11739,Limestone
7074,SandstoneShale
9388,Limestone
12181,Sandstone
10921,Sandstone
9975,Sandstone
9696,Sandstone
2523,Marl
3779,Sandstone
4993,SandstoneShale
5618,Sandstone
7279,SandstoneShale
13205,Coal
174,Limestone
2426,Limestone
927,Limestone
8451,Sandstone
10168,Dolomite
7356,SandstoneShale
5111,SandstoneShale
1374,Chalk
2718,Marl
751,SandstoneShale
6861,Sandstone
6236,Sandstone
5733,Sandstone
6881,SandstoneShale
5116,SandstoneShale
12895,SandstoneShale
3891,Sandstone
6904,SandstoneShale
5300,Sandstone
7121,SandstoneShale
3976,SandstoneShale
6057,Sandstone
12756,SandstoneShale
8130,Tuff
1994,Chalk
4252,Sandstone
7576,Sandstone
11523,Marl
6819,Sandstone
9611,Limestone
7451,SandstoneShale
8047,Tuff
3728,Sandstone
2172,Limestone
6493,Sandstone
11222,Limestone
6439,Sandstone
4251,Sandstone
3662,Sandstone
8521,Sandstone
318,Sandstone
522,Limestone
6448,Coal
10105,Sandstone
13401,SandstoneShale
1903,Chalk
8884,Sandstone
5026,SandstoneShale
6657,Sandstone
11749,Limestone
3634,SandstoneShale
2060,Chalk
1586,Chalk
7833,Sandstone
6831,Sandstone
8585,Sandstone
10620,Sandstone
6273,Sandstone
4465,Sandstone
1349,Chalk
4014,SandstoneShale
12809,SandstoneShale
6165,Sandstone
4951,SandstoneShale
12951,Sandstone
2760,SandstoneShale
2130,Limestone
8073,Tuff
68,Sandstone
8195,Tuff
6810,Sandstone
9946,Sandstone
11815,Limestone
11506,Limestone
6223,Sandstone
7605,Sandstone
5782,Marl
1767,Chalk
1791,Chalk
8614,Sandstone
8928,SandstoneShale
8238,Sandstone
5126,SandstoneShale
2362,Limestone
3534,Sandstone
9399,Limestone
1548,Chalk
958,Limestone
7062,SandstoneShale
8440,Sandstone
3339,SandstoneShale
13568,Sandstone
12718,Coal
4841,SandstoneShale
5097,Sandstone
3115,Sandstone
5044,Sandstone
9407,Limestone
11936,Limestone
13014,Sandstone
9720,Sandstone
1921,Chalk
8720,Sandstone
9839,Sandstone
2420,Limestone
13852,Coal
2732,SandstoneShale
7618,Sandstone
2870,Sandstone
2235,Limestone
6884,SandstoneShale
6595,Coal
6307,SandstoneShale
7201,SandstoneShale
12716,Coal
8231,Sandstone
2350,Limestone
333,Sandstone
126,Limestone
3151,Sandstone
10270,Tuff
5204,Sandstone
501,Limestone
907,Limestone
440,Sandstone
9906,Sandstone
6303,Sandstone
5175,Sandstone
971,Limestone
2295,Limestone
6086,Sandstone
2169,Limestone
4336,Sandstone
12667,Sandstone
6203,Sandstone
3060,SandstoneShale
5995,Sandstone
10435,Tuff
8108,Tuff
1131,Chalk
3756,Sandstone
10843,Sandstone
2898,SandstoneShale
1269,Marl
3564,SandstoneShale
11928,Limestone
13108,SandstoneShale
7745,Sandstone
6215,Sandstone
4987,Sandstone
8366,Sandstone
569,Tuff
3029,SandstoneShale
3636,SandstoneShale
6982,SandstoneShale
11551,Limestone
3496,SandstoneShale
11421,Limestone
8107,Tuff
575,Tuff
5573,Sandstone
536,Limestone
0,SandstoneShale
7202,SandstoneShale
2783,Marl
12242,Sandstone
8867,Sandstone
10781,Sandstone
4253,Sandstone
13773,Sandstone
7635,Sandstone
7176,SandstoneShale
3855,SandstoneShale
11199,Limestone
5797,Marl
8026,Tuff
12789,SandstoneShale
12893,SandstoneShale
9163,Limestone
13371,Sandstone
13388,Coal
5012,Sandstone
7871,Sandstone
111,Limestone
848,SandstoneShale
3750,SandstoneShale
698,Tuff
3823,Sandstone
5889,SandstoneShale
4601,Sandstone
8618,Sandstone
9801,Sandstone
5464,Sandstone
12638,Coal
7742,Sandstone
6137,Sandstone
10443,SandstoneShale
5146,SandstoneShale
4614,SandstoneShale
1233,Chalk
4773,SandstoneShale
3717,SandstoneShale
12487,Sandstone
11265,Limestone
5161,Sandstone
5360,Sandstone
12795,Sandstone
4463,Sandstone
6798,Sandstone
12904,Sandstone
13408,Sandstone
1460,Chalk
3648,Sandstone
2138,Limestone
1020,Limestone
3010,SandstoneShale
3476,SandstoneShale
2610,Marl
5947,Sandstone
3140,Sandstone
9914,Sandstone
1169,Chalk
3588,SandstoneShale
12041,Coal
3738,SandstoneShale
12399,Sandstone
1016,Limestone
13022,Sandstone
8307,Sandstone
4339,Sandstone
11327,Limestone
7907,Tuff
5315,Sandstone
3812,SandstoneShale
13867,Coal
5311,Sandstone
12906,Sandstone
7235,SandstoneShale
6518,Sandstone
7166,SandstoneShale
12111,SandstoneShale
2781,Marl
13019,Sandstone
6377,Sandstone
1555,Chalk
10902,Sandstone
6765,Sandstone
12035,Coal
316,Sandstone
3663,Sandstone
7205,SandstoneShale
3367,Sandstone
1885,Chalk
12361,Sandstone
3165,Sandstone
8965,Sandstone
6705,Sandstone
9384,Limestone
1659,Chalk
10458,SandstoneShale
13502,Sandstone
8655,Sandstone
760,SandstoneShale
9211,Limestone
11705,Limestone
7411,SandstoneShale
11336,Limestone
5858,SandstoneShale
4111,SandstoneShale
926,Limestone
11678,Limestone
6462,Coal
1088,Limestone
145,Limestone
455,Sandstone
11347,Limestone
4477,Sandstone
4984,Sandstone
1356,Chalk
13720,Sandstone
11116,Limestone
6801,Sandstone
9142,Limestone
9943,Sandstone
2189,Limestone
12985,Sandstone
142,Limestone
10978,Sandstone
6893,SandstoneShale
7399,SandstoneShale
8625,Sandstone
6239,Sandstone
11858,Limestone
5257,Sandstone
11615,Limestone
43,Sandstone
6601,Coal
7234,SandstoneShale
8575,Sandstone
7066,SandstoneShale
2766,SandstoneShale
4991,SandstoneShale
12376,Sandstone
13642,Sandstone
9067,Limestone
7335,SandstoneShale
483,Sandstone
1842,Chalk
1617,Chalk
13451,SandstoneShale
9046,Sandstone
8570,Limestone
10889,Sandstone
10737,Sandstone
7165,SandstoneShale
3407,SandstoneShale
13373,Sandstone
13302,Coal
10094,Sandstone
8220,SandstoneShale
9718,Sandstone
2217,Limestone
1897,Chalk
7050,SandstoneShale
2018,Chalk
6130,Sandstone
10872,Sandstone
5225,Sandstone
11683,Limestone
3107,Sandstone
13390,Coal
1740,Chalk
3223,Sandstone
6655,Sandstone
12976,Coal
10169,Dolomite
12862,Sandstone
5018,SandstoneShale
7603,Sandstone
11670,Limestone
13001,Sandstone
7248,SandstoneShale
1391,Chalk
12494,Sandstone
5100,SandstoneShale
2635,Marl
10573,Sandstone
3260,Sandstone
5388,Sandstone
12188,Sandstone
8196,Tuff
7747,Sandstone
5450,Sandstone
7825,Sandstone
13669,Sandstone
10605,Sandstone
8080,Tuff
11130,Limestone
4505,Sandstone
10074,Sandstone
11824,Limestone
5118,SandstoneShale
10056,Sandstone
13265,Sandstone
7484,Sandstone
2121,Limestone
11307,Limestone
4537,Sandstone
10946,Sandstone
3611,SandstoneShale
11103,Limestone
2815,Marl
12845,Sandstone
3396,SandstoneShale
3931,SandstoneShale
7534,Sandstone
809,SandstoneShale
13789,Coal
8421,Sandstone
6399,Sandstone
11003,Sandstone
11019,Sandstone
9456,Limestone
11550,Limestone
10439,Tuff
4066,Sandstone
10016,Sandstone
12545,Sandstone
6606,Coal
13142,Sandstone
2240,Limestone
7069,SandstoneShale
5423,Sandstone
11763,Limestone
12837,Sandstone
8173,Tuff
9874,Sandstone
8731,Sandstone
9176,Limestone
9448,Limestone
11101,Limestone
5201,Sandstone
11757,Limestone
9092,Sandstone
11461,Limestone
12543,Sandstone
6185,Sandstone
9381,Limestone
3545,SandstoneShale
6664,Sandstone
7114,SandstoneShale
2195,Limestone
12026,Coal
8320,Sandstone
1101,Limestone
602,Tuff
5151,SandstoneShale
13006,Sandstone
7583,Sandstone
12551,Sandstone
8900,Sandstone
10013,Sandstone
7359,SandstoneShale
231,SandstoneShale
5236,Sandstone
13158,Sandstone
5756,Sandstone
9146,Limestone
187,Limestone
2991,SandstoneShale
831,SandstoneShale
3301,Limestone
1704,Chalk
7883,Sandstone
13106,SandstoneShale
2013,Chalk
12796,Sandstone
11303,Limestone
7364,SandstoneShale
12902,Sandstone
6456,Coal
8972,Sandstone
1411,Chalk
750,SandstoneShale
2435,Limestone
2387,Limestone
10142,Dolomite
9024,Sandstone
13520,Sandstone
9096,Sandstone
5354,Sandstone
4129,SandstoneShale
93,SandstoneShale
9191,Limestone
4515,Sandstone
1511,Chalk
9771,Sandstone
6196,Sandstone
8098,Tuff
11182,Limestone
1024,Limestone
13772,Sandstone
6464,Coal
2141,Limestone
1506,Chalk
1499,Chalk
7239,SandstoneShale
11320,Limestone
11016,Sandstone
4207,Sandstone
11335,Limestone
7029,SandstoneShale
11258,Limestone
1028,Limestone
12243,Sandstone
8794,Limestone
1872,Chalk
7409,SandstoneShale
12753,SandstoneShale
1337,Chalk
2097,Chalk
13835,Sandstone
12148,Sandstone
1321,Chalk
379,Sandstone
7557,Sandstone
10175,Tuff
9249,Limestone
1670,Chalk
5034,SandstoneShale
10090,Sandstone
2209,Limestone
2407,Limestone
11455,Limestone
13953,Coal
405,Sandstone
3546,SandstoneShale
5017,SandstoneShale
5836,Marl
12249,Sandstone
8450,Sandstone
1370,Chalk
2291,Marl
9491,Limestone
9318,Limestone
5051,Sandstone
1322,Chalk
6390,Sandstone
7217,SandstoneShale
4555,Sandstone
573,Tuff
9705,Sandstone
5766,Coal
1568,Chalk
4188,SandstoneShale
1614,Chalk
1755,Chalk
8983,Sandstone
9501,Limestone
13664,Sandstone
13742,Sandstone
3633,SandstoneShale
4656,SandstoneShale
12762,SandstoneShale
5931,Sandstone
4459,SandstoneShale
6207,Sandstone
11944,Limestone
6608,Coal
9261,Limestone
4037,SandstoneShale
402,Sandstone
12802,SandstoneShale
9775,Sandstone
7186,SandstoneShale
4606,SandstoneShale
7159,SandstoneShale
11478,Limestone
12122,Sandstone
9091,Sandstone
5379,Sandstone
13874,Coal
10997,Sandstone
7215,SandstoneShale
4440,SandstoneShale
10785,Sandstone
8999,Limestone
1566,Chalk
10430,Tuff
7728,Sandstone
10409,Tuff
12646,Sandstone
13293,Coal
12229,Sandstone
8941,Sandstone
4667,SandstoneShale
781,SandstoneShale
3361,Sandstone
11737,Limestone
10881,Sandstone
4919,SandstoneShale
352,Sandstone
6758,Sandstone
8136,Tuff
4425,Sandstone
12715,Coal
6280,Sandstone
1540,Chalk
1068,Limestone
8994,Sandstone
572,Tuff
98,Limestone
4674,SandstoneShale
3052,SandstoneShale
748,SandstoneShale
5578,Sandstone
12477,Sandstone
6889,SandstoneShale
398,Sandstone
2723,SandstoneShale
3089,Sandstone
484,Sandstone
12001,Limestone
867,SandstoneShale
449,Sandstone
10158,Dolomite
2653,Marl
874,SandstoneShale
6333,Sandstone
9210,Limestone
8127,Tuff
6952,SandstoneShale
7261,SandstoneShale
1538,Chalk
5332,Sandstone
7169,SandstoneShale
11630,Limestone
8675,Sandstone
3145,Sandstone
5121,Sandstone
1882,Chalk
6675,Sandstone
13612,Sandstone
39,Sandstone
8142,Tuff
5615,Sandstone
13485,Sandstone
13266,Sandstone
12240,Sandstone
11948,Limestone
7473,Sandstone
7079,SandstoneShale
2978,SandstoneShale
7175,SandstoneShale
12639,Coal
6849,Sandstone
921,Limestone
2791,Marl
8730,Sandstone
6012,Sandstone
12557,Sandstone
5283,Sandstone
7958,Tuff
2279,Limestone
12115,Sandstone
6729,Sandstone
1263,Chalk
3472,SandstoneShale
5122,Sandstone
2332,Limestone
3548,SandstoneShale
3425,Sandstone
3996,SandstoneShale
5822,Marl
6275,Sandstone
11665,Limestone
3268,Sandstone
12227,Sandstone
8139,Tuff
5013,Sandstone
2540,Marl
1149,Chalk
388,Sandstone
312,Sandstone
12325,Sandstone
2301,Limestone
7222,SandstoneShale
10925,Sandstone
9222,Limestone
11734,Limestone
2171,Limestone
9798,Sandstone
4530,Sandstone
5182,Sandstone
12709,Limestone
7844,Sandstone
12760,SandstoneShale
2776,Sandstone
1339,Chalk
8582,Sandstone
741,SandstoneShale
2123,Limestone
8890,Sandstone
10987,Sandstone
11157,Limestone
1920,Chalk
9431,Limestone
9869,Sandstone
209,SandstoneShale
9822,Sandstone
9121,Sandstone
8165,Tuff
723,SandstoneShale
1177,Chalk
12147,Sandstone
1521,Chalk
4350,Sandstone
8404,Sandstone
4221,Sandstone
1046,Limestone
6375,Coal
3526,SandstoneShale
8661,Sandstone
2701,Marl
2888,Sandstone
3693,SandstoneShale
3166,Sandstone
10871,Sandstone
6011,Sandstone
10431,Tuff
5726,Sandstone
2811,Marl
6920,Sandstone
12163,Sandstone
2882,Sandstone
5572,Sandstone
10731,Sandstone
2432,Limestone
8586,Sandstone
11373,Limestone
2911,Marl
9763,Coal
4059,SandstoneShale
702,Tuff
5087,SandstoneShale
13821,Sandstone
10961,Sandstone
2591,Marl
2631,Limestone
13539,Sandstone
689,Limestone
